,xA,yA,zA,xC,yC,zC,rA,rB,rC,TF,predicted
0,0.0,0.0,1.0,0.0,0.0,1.0,2.53,1.19,2.2,0.9866121165228228,1.5375558879060578
1,0.0,0.0,1.0,0.0,0.05,0.95,2.53,1.19,2.188,0.987605030680323,1.5383224788151486
2,0.0,0.0,1.0,0.0,0.1,0.9,2.53,1.19,2.176,0.9886050244396588,1.5383224788151486
3,0.0,0.0,1.0,0.0,0.15,0.85,2.53,1.19,2.164,0.989612173789402,1.5383224788151486
4,0.0,0.0,1.0,0.0,0.2,0.8,2.53,1.19,2.152,0.99062655580952,1.5383224788151486
5,0.0,0.0,1.0,0.0,0.25,0.75,2.53,1.19,2.14,0.991648248691044,1.5798255374365702
6,0.0,0.0,1.0,0.0,0.3,0.7,2.53,1.19,2.128,0.9926773317561596,1.6608437155705769
20,0.0,0.0,1.0,0.05,0.0,0.95,2.53,1.19,2.1805,0.9882291923391876,1.5383224788151486
21,0.0,0.0,1.0,0.05,0.05,0.9,2.53,1.19,2.1685000000000003,0.9892336493687638,1.5383224788151486
22,0.0,0.0,1.0,0.05,0.1,0.85,2.53,1.19,2.1565000000000003,0.99024531003459,1.5383224788151486
23,0.0,0.0,1.0,0.05,0.15,0.8,2.53,1.19,2.1445000000000003,0.9912642521087168,1.5443980353609994
24,0.0,0.0,1.0,0.05,0.2,0.75,2.53,1.19,2.1325000000000003,0.9922905544867652,1.6103876097269605
25,0.0,0.0,1.0,0.05,0.25,0.7,2.53,1.19,2.1205,0.9933242972082884,1.683086780400435
39,0.0,0.0,1.0,0.1,0.0,0.9,2.53,1.19,2.161,0.9898650881963874,1.5383224788151486
40,0.0,0.0,1.0,0.1,0.05,0.85,2.53,1.19,2.149,0.9908812905576088,1.5383224788151486
41,0.0,0.0,1.0,0.1,0.1,0.8,2.53,1.19,2.1370000000000005,0.9919048235039424,1.5726837743180564
42,0.0,0.0,1.0,0.1,0.15,0.75,2.53,1.19,2.125,0.992935766643553,1.647756398192358
57,0.0,0.0,1.0,0.15,0.0,0.85,2.53,1.19,2.1415,0.9915201345678992,1.5443980353609994
58,0.0,0.0,1.0,0.15,0.05,0.8,2.53,1.19,2.1295,0.9925482894829696,1.6078857394563746
59,0.0,0.0,1.0,0.15,0.1,0.75,2.53,1.19,2.1175,0.9935839049325712,1.67284396407607
74,0.0,0.0,1.0,0.2,0.0,0.8,2.53,1.19,2.1220000000000003,0.9931946697100902,1.6310641376195665
75,0.0,0.0,1.0,0.2,0.05,0.75,2.53,1.19,2.1100000000000003,0.9942349893047214,1.697983164341342
90,0.0,0.0,1.0,0.25,0.0,0.75,2.53,1.19,2.1025,0.9948890398926898,1.697983164341342
210,0.0,0.05,0.95,0.0,0.0,1.0,2.5115,1.19,2.2,0.9827532742066132,1.5375558879060578
211,0.0,0.05,0.95,0.0,0.05,0.95,2.5115,1.19,2.188,0.983732480220894,1.5383224788151486
212,0.0,0.05,0.95,0.0,0.1,0.9,2.5115,1.19,2.176,0.9847186680962392,1.5383224788151486
213,0.0,0.05,0.95,0.0,0.15,0.85,2.5115,1.19,2.164,0.9857119127721236,1.5383224788151486
214,0.0,0.05,0.95,0.0,0.2,0.8,2.5115,1.19,2.152,0.986712290264352,1.5383224788151486
215,0.0,0.05,0.95,0.0,0.25,0.75,2.5115,1.19,2.14,0.9877198776844522,1.5798255374365702
216,0.0,0.05,0.95,0.0,0.3,0.7,2.5115,1.19,2.128,0.9887347532594898,1.6608437155705769
230,0.0,0.05,0.95,0.05,0.0,0.95,2.5115,1.19,2.1805,0.984348024722528,1.5383224788151486
231,0.0,0.05,0.95,0.05,0.05,0.9,2.5115,1.19,2.1685000000000003,0.9853386142483376,1.5383224788151486
232,0.0,0.05,0.95,0.05,0.1,0.85,2.5115,1.19,2.1565000000000003,0.98633630795721,1.5383224788151486
233,0.0,0.05,0.95,0.05,0.15,0.8,2.5115,1.19,2.1445000000000003,0.987341182547478,1.5443980353609994
234,0.0,0.05,0.95,0.05,0.2,0.75,2.5115,1.19,2.1325000000000003,0.9883533158255308,1.6103876097269605
235,0.0,0.05,0.95,0.05,0.25,0.7,2.5115,1.19,2.1205,0.9893727867258988,1.683086780400435
249,0.0,0.05,0.95,0.1,0.0,0.9,2.5115,1.19,2.161,0.985961335450356,1.5383224788151486
250,0.0,0.05,0.95,0.1,0.05,0.85,2.5115,1.19,2.149,0.9869635081521128,1.5383224788151486
251,0.0,0.05,0.95,0.1,0.1,0.8,2.5115,1.19,2.1370000000000005,0.9879729102331426,1.5726837743180564
252,0.0,0.05,0.95,0.1,0.15,0.75,2.5115,1.19,2.125,0.988989620202542,1.647756398192358
267,0.0,0.05,0.95,0.15,0.0,0.85,2.5115,1.19,2.1415,0.9875935323010672,1.5443980353609994
268,0.0,0.05,0.95,0.15,0.05,0.8,2.5115,1.19,2.1295,0.9886074925400712,1.6078857394563746
269,0.0,0.05,0.95,0.15,0.1,0.75,2.5115,1.19,2.1175,0.9896288103136894,1.67284396407607
284,0.0,0.05,0.95,0.2,0.0,0.8,2.5115,1.19,2.1220000000000003,0.9892449488610712,1.6310641376195665
285,0.0,0.05,0.95,0.2,0.05,0.75,2.5115,1.19,2.1100000000000003,0.990270905834433,1.697983164341342
300,0.0,0.05,0.95,0.25,0.0,0.75,2.5115,1.19,2.1025,0.990915926619508,1.697983164341342
420,0.0,0.1,0.9,0.0,0.0,1.0,2.493,1.19,2.2,0.9788944318904031,1.5375558879060578
421,0.0,0.1,0.9,0.0,0.05,0.95,2.493,1.19,2.188,0.9798599297614649,1.5383224788151486
422,0.0,0.1,0.9,0.0,0.1,0.9,2.493,1.19,2.176,0.9808323117528196,1.5383224788151486
423,0.0,0.1,0.9,0.0,0.15,0.85,2.493,1.19,2.164,0.9818116517548454,1.5383224788151486
424,0.0,0.1,0.9,0.0,0.2,0.8,2.493,1.19,2.152,0.982798024719184,1.5383224788151486
425,0.0,0.1,0.9,0.0,0.25,0.75,2.493,1.19,2.14,0.9837915066778602,1.5798255374365702
426,0.0,0.1,0.9,0.0,0.3,0.7,2.493,1.19,2.128,0.9847921747628198,1.6608437155705769
440,0.0,0.1,0.9,0.05,0.0,0.95,2.493,1.19,2.1805,0.9804668571058685,1.5383224788151486
441,0.0,0.1,0.9,0.05,0.05,0.9,2.493,1.19,2.1685000000000003,0.9814435791279116,1.5383224788151486
442,0.0,0.1,0.9,0.05,0.1,0.85,2.493,1.19,2.1565000000000003,0.9824273058798304,1.5383224788151486
443,0.0,0.1,0.9,0.05,0.15,0.8,2.493,1.19,2.1445000000000003,0.9834181129862388,1.5443980353609994
444,0.0,0.1,0.9,0.05,0.2,0.75,2.493,1.19,2.1325000000000003,0.9844160771642968,1.6103876097269605
445,0.0,0.1,0.9,0.05,0.25,0.7,2.493,1.19,2.1205,0.9854212762435092,1.683086780400435
459,0.0,0.1,0.9,0.1,0.0,0.9,2.493,1.19,2.161,0.9820575827043246,1.5383224788151486
460,0.0,0.1,0.9,0.1,0.05,0.85,2.493,1.19,2.149,0.9830457257466167,1.5383224788151486
461,0.0,0.1,0.9,0.1,0.1,0.8,2.493,1.19,2.1370000000000005,0.9840409969623428,1.5726837743180564
462,0.0,0.1,0.9,0.1,0.15,0.75,2.493,1.19,2.125,0.9850434737615312,1.647756398192358
477,0.0,0.1,0.9,0.15,0.0,0.85,2.493,1.19,2.1415,0.9836669300342352,1.5443980353609994
478,0.0,0.1,0.9,0.15,0.05,0.8,2.493,1.19,2.1295,0.984666695597173,1.6078857394563746
479,0.0,0.1,0.9,0.15,0.1,0.75,2.493,1.19,2.1175,0.985673715694808,1.67284396407607
494,0.0,0.1,0.9,0.2,0.0,0.8,2.493,1.19,2.1220000000000003,0.985295228012052,1.6310641376195665
495,0.0,0.1,0.9,0.2,0.05,0.75,2.493,1.19,2.1100000000000003,0.9863068223641448,1.697983164341342
510,0.0,0.1,0.9,0.25,0.0,0.75,2.493,1.19,2.1025,0.9869428133463262,1.697983164341342
630,0.0,0.15,0.85,0.0,0.0,1.0,2.4744999999999995,1.19,2.2,0.9750355895741936,1.5375558879060578
631,0.0,0.15,0.85,0.0,0.05,0.95,2.4744999999999995,1.19,2.188,0.975987379302036,1.5383224788151486
632,0.0,0.15,0.85,0.0,0.1,0.9,2.4744999999999995,1.19,2.176,0.9769459554093994,1.5383224788151486
633,0.0,0.15,0.85,0.0,0.15,0.85,2.4744999999999995,1.19,2.164,0.9779113907375672,1.5383224788151486
634,0.0,0.15,0.85,0.0,0.2,0.8,2.4744999999999995,1.19,2.152,0.978883759174016,1.5383224788151486
635,0.0,0.15,0.85,0.0,0.25,0.75,2.4744999999999995,1.19,2.14,0.979863135671268,1.5798255374365702
636,0.0,0.15,0.85,0.0,0.3,0.7,2.4744999999999995,1.19,2.128,0.9808495962661496,1.6608437155705769
650,0.0,0.15,0.85,0.05,0.0,0.95,2.4744999999999995,1.19,2.1805,0.9765856894892088,1.5383224788151486
651,0.0,0.15,0.85,0.05,0.05,0.9,2.4744999999999995,1.19,2.1685000000000003,0.9775485440074854,1.5383224788151486
652,0.0,0.15,0.85,0.05,0.1,0.85,2.4744999999999995,1.19,2.1565000000000003,0.9785183038024508,1.5383224788151486
653,0.0,0.15,0.85,0.05,0.15,0.8,2.4744999999999995,1.19,2.1445000000000003,0.979495043425,1.5443980353609994
654,0.0,0.15,0.85,0.05,0.2,0.75,2.4744999999999995,1.19,2.1325000000000003,0.980478838503062,1.6103876097269605
655,0.0,0.15,0.85,0.05,0.25,0.7,2.4744999999999995,1.19,2.1205,0.9814697657611192,1.683086780400435
669,0.0,0.15,0.85,0.1,0.0,0.9,2.4744999999999995,1.19,2.161,0.9781538299582933,1.5383224788151486
670,0.0,0.15,0.85,0.1,0.05,0.85,2.4744999999999995,1.19,2.149,0.9791279433411209,1.5383224788151486
671,0.0,0.15,0.85,0.1,0.1,0.8,2.4744999999999995,1.19,2.1370000000000005,0.9801090836915428,1.5726837743180564
672,0.0,0.15,0.85,0.1,0.15,0.75,2.4744999999999995,1.19,2.125,0.9810973273205202,1.647756398192358
687,0.0,0.15,0.85,0.15,0.0,0.85,2.4744999999999995,1.19,2.1415,0.9797403277674028,1.5443980353609994
688,0.0,0.15,0.85,0.15,0.05,0.8,2.4744999999999995,1.19,2.1295,0.9807258986542744,1.6078857394563746
689,0.0,0.15,0.85,0.15,0.1,0.75,2.4744999999999995,1.19,2.1175,0.981718621075926,1.67284396407607
704,0.0,0.15,0.85,0.2,0.0,0.8,2.4744999999999995,1.19,2.1220000000000003,0.981345507163033,1.6310641376195665
705,0.0,0.15,0.85,0.2,0.05,0.75,2.4744999999999995,1.19,2.1100000000000003,0.9823427388938566,1.697983164341342
720,0.0,0.15,0.85,0.25,0.0,0.75,2.4744999999999995,1.19,2.1025,0.9829697000731444,1.697983164341342
840,0.0,0.2,0.8,0.0,0.0,1.0,2.456,1.19,2.2,0.971176747257984,1.5375558879060578
841,0.0,0.2,0.8,0.0,0.05,0.95,2.456,1.19,2.188,0.9721148288426072,1.5383224788151486
842,0.0,0.2,0.8,0.0,0.1,0.9,2.456,1.19,2.176,0.9730595990659796,1.5383224788151486
843,0.0,0.2,0.8,0.0,0.15,0.85,2.456,1.19,2.164,0.974011129720289,1.5383224788151486
844,0.0,0.2,0.8,0.0,0.2,0.8,2.456,1.19,2.152,0.9749694936288482,1.5383224788151486
845,0.0,0.2,0.8,0.0,0.25,0.75,2.456,1.19,2.14,0.9759347646646764,1.5798255374365702
846,0.0,0.2,0.8,0.0,0.3,0.7,2.456,1.19,2.128,0.9769070177694796,1.6608437155705769
860,0.0,0.2,0.8,0.05,0.0,0.95,2.456,1.19,2.1805,0.9727045218725492,1.5383224788151486
861,0.0,0.2,0.8,0.05,0.05,0.9,2.456,1.19,2.1685000000000003,0.9736535088870594,1.5383224788151486
862,0.0,0.2,0.8,0.05,0.1,0.85,2.456,1.19,2.1565000000000003,0.9746093017250712,1.5383224788151486
863,0.0,0.2,0.8,0.05,0.15,0.8,2.456,1.19,2.1445000000000003,0.9755719738637612,1.5443980353609994
864,0.0,0.2,0.8,0.05,0.2,0.75,2.456,1.19,2.1325000000000003,0.9765415998418278,1.6103876097269605
865,0.0,0.2,0.8,0.05,0.25,0.7,2.456,1.19,2.1205,0.9775182552787296,1.683086780400435
879,0.0,0.2,0.8,0.1,0.0,0.9,2.456,1.19,2.161,0.974250077212262,1.5383224788151486
880,0.0,0.2,0.8,0.1,0.05,0.85,2.456,1.19,2.149,0.9752101609356248,1.5383224788151486
881,0.0,0.2,0.8,0.1,0.1,0.8,2.456,1.19,2.1370000000000005,0.976177170420743,1.5726837743180564
882,0.0,0.2,0.8,0.1,0.15,0.75,2.456,1.19,2.125,0.9771511808795096,1.647756398192358
897,0.0,0.2,0.8,0.15,0.0,0.85,2.456,1.19,2.1415,0.975813725500571,1.5443980353609994
898,0.0,0.2,0.8,0.15,0.05,0.8,2.456,1.19,2.1295,0.9767851017113762,1.6078857394563746
899,0.0,0.2,0.8,0.15,0.1,0.75,2.456,1.19,2.1175,0.9777635264570446,1.67284396407607
914,0.0,0.2,0.8,0.2,0.0,0.8,2.456,1.19,2.1220000000000003,0.977395786314014,1.6310641376195665
915,0.0,0.2,0.8,0.2,0.05,0.75,2.456,1.19,2.1100000000000003,0.9783786554235684,1.697983164341342
930,0.0,0.2,0.8,0.25,0.0,0.75,2.456,1.19,2.1025,0.9789965867999628,1.697983164341342
1050,0.0,0.25,0.75,0.0,0.0,1.0,2.4375,1.19,2.2,0.967317904941774,1.5375558879060578
1051,0.0,0.25,0.75,0.0,0.05,0.95,2.4375,1.19,2.188,0.968242278383178,1.5383224788151486
1052,0.0,0.25,0.75,0.0,0.1,0.9,2.4375,1.19,2.176,0.96917324272256,1.5383224788151486
1053,0.0,0.25,0.75,0.0,0.15,0.85,2.4375,1.19,2.164,0.9701108687030108,1.5383224788151486
1054,0.0,0.25,0.75,0.0,0.2,0.8,2.4375,1.19,2.152,0.9710552280836804,1.5383224788151486
1055,0.0,0.25,0.75,0.0,0.25,0.75,2.4375,1.19,2.14,0.9720063936580844,1.5798255374365702
1056,0.0,0.25,0.75,0.0,0.3,0.7,2.4375,1.19,2.128,0.9729644392728096,1.6608437155705769
1070,0.0,0.25,0.75,0.05,0.0,0.95,2.4375,1.19,2.1805,0.9688233542558896,1.5383224788151486
1071,0.0,0.25,0.75,0.05,0.05,0.9,2.4375,1.19,2.1685000000000003,0.969758473766633,1.5383224788151486
1072,0.0,0.25,0.75,0.05,0.1,0.85,2.4375,1.19,2.1565000000000003,0.9707002996476912,1.5383224788151486
1073,0.0,0.25,0.75,0.05,0.15,0.8,2.4375,1.19,2.1445000000000003,0.9716489043025224,1.5443980353609994
1074,0.0,0.25,0.75,0.05,0.2,0.75,2.4375,1.19,2.1325000000000003,0.9726043611805936,1.6103876097269605
1075,0.0,0.25,0.75,0.05,0.25,0.7,2.4375,1.19,2.1205,0.97356674479634,1.683086780400435
1089,0.0,0.25,0.75,0.1,0.0,0.9,2.4375,1.19,2.161,0.9703463244662304,1.5383224788151486
1090,0.0,0.25,0.75,0.1,0.05,0.85,2.4375,1.19,2.149,0.9712923785301288,1.5383224788151486
1091,0.0,0.25,0.75,0.1,0.1,0.8,2.4375,1.19,2.1370000000000005,0.9722452571499434,1.5726837743180564
1092,0.0,0.25,0.75,0.1,0.15,0.75,2.4375,1.19,2.125,0.9732050344384986,1.647756398192358
1107,0.0,0.25,0.75,0.15,0.0,0.85,2.4375,1.19,2.1415,0.9718871232337388,1.5443980353609994
1108,0.0,0.25,0.75,0.15,0.05,0.8,2.4375,1.19,2.1295,0.972844304768478,1.6078857394563746
1109,0.0,0.25,0.75,0.15,0.1,0.75,2.4375,1.19,2.1175,0.9738084318381628,1.67284396407607
1124,0.0,0.25,0.75,0.2,0.0,0.8,2.4375,1.19,2.1220000000000003,0.9734460654649948,1.6310641376195665
1125,0.0,0.25,0.75,0.2,0.05,0.75,2.4375,1.19,2.1100000000000003,0.9744145719532802,1.697983164341342
1140,0.0,0.25,0.75,0.25,0.0,0.75,2.4375,1.19,2.1025,0.9750234735267806,1.697983164341342
1260,0.0,0.3,0.7,0.0,0.0,1.0,2.419,1.19,2.2,0.963459062625564,1.5375558879060578
1261,0.0,0.3,0.7,0.0,0.05,0.95,2.419,1.19,2.188,0.964369727923749,1.5383224788151486
1262,0.0,0.3,0.7,0.0,0.1,0.9,2.419,1.19,2.176,0.96528688637914,1.5383224788151486
1263,0.0,0.3,0.7,0.0,0.15,0.85,2.419,1.19,2.164,0.9662106076857326,1.5383224788151486
1264,0.0,0.3,0.7,0.0,0.2,0.8,2.419,1.19,2.152,0.9671409625385124,1.5383224788151486
1265,0.0,0.3,0.7,0.0,0.25,0.75,2.419,1.19,2.14,0.9680780226514925,1.5798255374365702
1266,0.0,0.3,0.7,0.0,0.3,0.7,2.419,1.19,2.128,0.9690218607761396,1.6608437155705769
1280,0.0,0.3,0.7,0.05,0.0,0.95,2.419,1.19,2.1805,0.96494218663923,1.5383224788151486
1281,0.0,0.3,0.7,0.05,0.05,0.9,2.419,1.19,2.1685000000000003,0.965863438646207,1.5383224788151486
1282,0.0,0.3,0.7,0.05,0.1,0.85,2.419,1.19,2.1565000000000003,0.9667912975703116,1.5383224788151486
1283,0.0,0.3,0.7,0.05,0.15,0.8,2.419,1.19,2.1445000000000003,0.9677258347412832,1.5443980353609994
1284,0.0,0.3,0.7,0.05,0.2,0.75,2.419,1.19,2.1325000000000003,0.9686671225193592,1.6103876097269605
1285,0.0,0.3,0.7,0.05,0.25,0.7,2.419,1.19,2.1205,0.9696152343139502,1.683086780400435
1299,0.0,0.3,0.7,0.1,0.0,0.9,2.419,1.19,2.161,0.9664425717201992,1.5383224788151486
1300,0.0,0.3,0.7,0.1,0.05,0.85,2.419,1.19,2.149,0.9673745961246328,1.5383224788151486
1301,0.0,0.3,0.7,0.1,0.1,0.8,2.419,1.19,2.1370000000000005,0.9683133438791436,1.5726837743180564
1302,0.0,0.3,0.7,0.1,0.15,0.75,2.419,1.19,2.125,0.9692588879974876,1.647756398192358
1317,0.0,0.3,0.7,0.15,0.0,0.85,2.419,1.19,2.1415,0.9679605209669064,1.5443980353609994
1318,0.0,0.3,0.7,0.15,0.05,0.8,2.419,1.19,2.1295,0.9689035078255794,1.6078857394563746
1319,0.0,0.3,0.7,0.15,0.1,0.75,2.419,1.19,2.1175,0.9698533372192812,1.67284396407607
1334,0.0,0.3,0.7,0.2,0.0,0.8,2.419,1.19,2.1220000000000003,0.9694963446159758,1.6310641376195665
1335,0.0,0.3,0.7,0.2,0.05,0.75,2.419,1.19,2.1100000000000003,0.970450488482992,1.697983164341342
1350,0.0,0.3,0.7,0.25,0.0,0.75,2.419,1.19,2.1025,0.9710503602535988,1.697983164341342
1470,0.0,0.35,0.65,0.0,0.0,1.0,2.4005,1.19,2.2,0.9596002203093544,1.5375558879060578
1471,0.0,0.35,0.65,0.0,0.05,0.95,2.4005,1.19,2.188,0.96049717746432,1.5383224788151486
1472,0.0,0.35,0.65,0.0,0.1,0.9,2.4005,1.19,2.176,0.9614005300357202,1.5383224788151486
1473,0.0,0.35,0.65,0.0,0.15,0.85,2.4005,1.19,2.164,0.9623103466684544,1.5383224788151486
1474,0.0,0.35,0.65,0.0,0.2,0.8,2.4005,1.19,2.152,0.9632266969933446,1.5383224788151486
1475,0.0,0.35,0.65,0.0,0.25,0.75,2.4005,1.19,2.14,0.9641496516449004,1.5798255374365702
1476,0.0,0.35,0.65,0.0,0.3,0.7,2.4005,1.19,2.128,0.9650792822794696,1.6608437155705769
1490,0.0,0.35,0.65,0.05,0.0,0.95,2.4005,1.19,2.1805,0.9610610190225704,1.5383224788151486
1491,0.0,0.35,0.65,0.05,0.05,0.9,2.4005,1.19,2.1685000000000003,0.9619684035257812,1.5383224788151486
1492,0.0,0.35,0.65,0.05,0.1,0.85,2.4005,1.19,2.1565000000000003,0.962882295492932,1.5383224788151486
1493,0.0,0.35,0.65,0.05,0.15,0.8,2.4005,1.19,2.1445000000000003,0.9638027651800444,1.5443980353609994
1494,0.0,0.35,0.65,0.05,0.2,0.75,2.4005,1.19,2.1325000000000003,0.9647298838581247,1.6103876097269605
1495,0.0,0.35,0.65,0.05,0.25,0.7,2.4005,1.19,2.1205,0.9656637238315606,1.683086780400435
1509,0.0,0.35,0.65,0.1,0.0,0.9,2.4005,1.19,2.161,0.962538818974168,1.5383224788151486
1510,0.0,0.35,0.65,0.1,0.05,0.85,2.4005,1.19,2.149,0.9634568137191368,1.5383224788151486
1511,0.0,0.35,0.65,0.1,0.1,0.8,2.4005,1.19,2.1370000000000005,0.9643814306083436,1.5726837743180564
1512,0.0,0.35,0.65,0.1,0.15,0.75,2.4005,1.19,2.125,0.9653127415564768,1.647756398192358
1527,0.0,0.35,0.65,0.15,0.0,0.85,2.4005,1.19,2.1415,0.9640339187000746,1.5443980353609994
1528,0.0,0.35,0.65,0.15,0.05,0.8,2.4005,1.19,2.1295,0.9649627108826812,1.6078857394563746
1529,0.0,0.35,0.65,0.15,0.1,0.75,2.4005,1.19,2.1175,0.9658982426003996,1.67284396407607
1544,0.0,0.35,0.65,0.2,0.0,0.8,2.4005,1.19,2.1220000000000003,0.9655466237669568,1.6310641376195665
1545,0.0,0.35,0.65,0.2,0.05,0.75,2.4005,1.19,2.1100000000000003,0.9664864050127036,1.697983164341342
1560,0.0,0.35,0.65,0.25,0.0,0.75,2.4005,1.19,2.1025,0.9670772469804172,1.697983164341342
1680,0.0,0.4,0.6,0.0,0.0,1.0,2.382,1.19,2.2,0.9557413779931446,1.5375558879060578
1681,0.0,0.4,0.6,0.0,0.05,0.95,2.382,1.19,2.188,0.956624627004891,1.5383224788151486
1682,0.0,0.4,0.6,0.0,0.1,0.9,2.382,1.19,2.176,0.9575141736923004,1.5383224788151486
1683,0.0,0.4,0.6,0.0,0.15,0.85,2.382,1.19,2.164,0.958410085651176,1.5383224788151486
1684,0.0,0.4,0.6,0.0,0.2,0.8,2.382,1.19,2.152,0.9593124314481764,1.5383224788151486
1685,0.0,0.4,0.6,0.0,0.25,0.75,2.382,1.19,2.14,0.9602212806383088,1.5798255374365702
1686,0.0,0.4,0.6,0.0,0.3,0.7,2.382,1.19,2.128,0.9611367037827996,1.6608437155705769
1700,0.0,0.4,0.6,0.05,0.0,0.95,2.382,1.19,2.1805,0.957179851405911,1.5383224788151486
1701,0.0,0.4,0.6,0.05,0.05,0.9,2.382,1.19,2.1685000000000003,0.9580733684053548,1.5383224788151486
1702,0.0,0.4,0.6,0.05,0.1,0.85,2.382,1.19,2.1565000000000003,0.9589732934155522,1.5383224788151486
1703,0.0,0.4,0.6,0.05,0.15,0.8,2.382,1.19,2.1445000000000003,0.9598796956188056,1.5443980353609994
1704,0.0,0.4,0.6,0.05,0.2,0.75,2.382,1.19,2.1325000000000003,0.9607926451968904,1.6103876097269605
1705,0.0,0.4,0.6,0.05,0.25,0.7,2.382,1.19,2.1205,0.9617122133491708,1.683086780400435
1719,0.0,0.4,0.6,0.1,0.0,0.9,2.382,1.19,2.161,0.9586350662281364,1.5383224788151486
1720,0.0,0.4,0.6,0.1,0.05,0.85,2.382,1.19,2.149,0.9595390313136408,1.5383224788151486
1721,0.0,0.4,0.6,0.1,0.1,0.8,2.382,1.19,2.1370000000000005,0.9604495173375436,1.5726837743180564
1722,0.0,0.4,0.6,0.1,0.15,0.75,2.382,1.19,2.125,0.9613665951154658,1.647756398192358
1737,0.0,0.4,0.6,0.15,0.0,0.85,2.382,1.19,2.1415,0.9601073164332424,1.5443980353609994
1738,0.0,0.4,0.6,0.15,0.05,0.8,2.382,1.19,2.1295,0.9610219139397828,1.6078857394563746
1739,0.0,0.4,0.6,0.15,0.1,0.75,2.382,1.19,2.1175,0.9619431479815176,1.67284396407607
1754,0.0,0.4,0.6,0.2,0.0,0.8,2.382,1.19,2.1220000000000003,0.9615969029179376,1.6310641376195665
1755,0.0,0.4,0.6,0.2,0.05,0.75,2.382,1.19,2.1100000000000003,0.9625223215424156,1.697983164341342
1770,0.0,0.4,0.6,0.25,0.0,0.75,2.382,1.19,2.1025,0.9631041337072352,1.697983164341342
1890,0.0,0.45,0.55,0.0,0.0,1.0,2.3635,1.19,2.2,0.951882535676935,1.5375558879060578
1891,0.0,0.45,0.55,0.0,0.05,0.95,2.3635,1.19,2.188,0.952752076545462,1.5383224788151486
1892,0.0,0.45,0.55,0.0,0.1,0.9,2.3635,1.19,2.176,0.9536278173488808,1.5383224788151486
1893,0.0,0.45,0.55,0.0,0.15,0.85,2.3635,1.19,2.164,0.954509824633898,1.5383224788151486
1894,0.0,0.45,0.55,0.0,0.2,0.8,2.3635,1.19,2.152,0.9553981659030087,1.5383224788151486
1895,0.0,0.45,0.55,0.0,0.25,0.75,2.3635,1.19,2.14,0.9562929096317168,1.5798255374365702
1896,0.0,0.45,0.55,0.0,0.3,0.7,2.3635,1.19,2.128,0.9571941252861296,1.6608437155705769
1910,0.0,0.45,0.55,0.05,0.0,0.95,2.3635,1.19,2.1805,0.9532986837892516,1.5383224788151486
1911,0.0,0.45,0.55,0.05,0.05,0.9,2.3635,1.19,2.1685000000000003,0.9541783332849288,1.5383224788151486
1912,0.0,0.45,0.55,0.05,0.1,0.85,2.3635,1.19,2.1565000000000003,0.9550642913381726,1.5383224788151486
1913,0.0,0.45,0.55,0.05,0.15,0.8,2.3635,1.19,2.1445000000000003,0.9559566260575668,1.5443980353609994
1914,0.0,0.45,0.55,0.05,0.2,0.75,2.3635,1.19,2.1325000000000003,0.956855406535656,1.6103876097269605
1915,0.0,0.45,0.55,0.05,0.25,0.7,2.3635,1.19,2.1205,0.9577607028667812,1.683086780400435
1929,0.0,0.45,0.55,0.1,0.0,0.9,2.3635,1.19,2.161,0.954731313482105,1.5383224788151486
1930,0.0,0.45,0.55,0.1,0.05,0.85,2.3635,1.19,2.149,0.9556212489081448,1.5383224788151486
1931,0.0,0.45,0.55,0.1,0.1,0.8,2.3635,1.19,2.1370000000000005,0.956517604066744,1.5726837743180564
1932,0.0,0.45,0.55,0.1,0.15,0.75,2.3635,1.19,2.125,0.957420448674455,1.647756398192358
1947,0.0,0.45,0.55,0.15,0.0,0.85,2.3635,1.19,2.1415,0.9561807141664106,1.5443980353609994
1948,0.0,0.45,0.55,0.15,0.05,0.8,2.3635,1.19,2.1295,0.9570811169968844,1.6078857394563746
1949,0.0,0.45,0.55,0.15,0.1,0.75,2.3635,1.19,2.1175,0.957988053362636,1.67284396407607
1964,0.0,0.45,0.55,0.2,0.0,0.8,2.3635,1.19,2.1220000000000003,0.9576471820689186,1.6310641376195665
1965,0.0,0.45,0.55,0.2,0.05,0.75,2.3635,1.19,2.1100000000000003,0.9585582380721274,1.697983164341342
1980,0.0,0.45,0.55,0.25,0.0,0.75,2.3635,1.19,2.1025,0.9591310204340536,1.697983164341342
2100,0.0,0.5,0.5,0.0,0.0,1.0,2.345,1.19,2.2,0.948023693360725,1.5375558879060578
2101,0.0,0.5,0.5,0.0,0.05,0.95,2.345,1.19,2.188,0.948879526086033,1.5383224788151486
2102,0.0,0.5,0.5,0.0,0.1,0.9,2.345,1.19,2.176,0.9497414610054608,1.5383224788151486
2103,0.0,0.5,0.5,0.0,0.15,0.85,2.345,1.19,2.164,0.9506095636166196,1.5383224788151486
2104,0.0,0.5,0.5,0.0,0.2,0.8,2.345,1.19,2.152,0.9514839003578408,1.5383224788151486
2105,0.0,0.5,0.5,0.0,0.25,0.75,2.345,1.19,2.14,0.9523645386251246,1.5798255374365702
2106,0.0,0.5,0.5,0.0,0.3,0.7,2.345,1.19,2.128,0.9532515467894594,1.6608437155705769
2120,0.0,0.5,0.5,0.05,0.0,0.95,2.345,1.19,2.1805,0.9494175161725916,1.5383224788151486
2121,0.0,0.5,0.5,0.05,0.05,0.9,2.345,1.19,2.1685000000000003,0.9502832981645026,1.5383224788151486
2122,0.0,0.5,0.5,0.05,0.1,0.85,2.345,1.19,2.1565000000000003,0.9511552892607928,1.5383224788151486
2123,0.0,0.5,0.5,0.05,0.15,0.8,2.345,1.19,2.1445000000000003,0.9520335564963276,1.5443980353609994
2124,0.0,0.5,0.5,0.05,0.2,0.75,2.345,1.19,2.1325000000000003,0.9529181678744216,1.6103876097269605
2125,0.0,0.5,0.5,0.05,0.25,0.7,2.345,1.19,2.1205,0.9538091923843912,1.683086780400435
2139,0.0,0.5,0.5,0.1,0.0,0.9,2.345,1.19,2.161,0.9508275607360738,1.5383224788151486
2140,0.0,0.5,0.5,0.1,0.05,0.85,2.345,1.19,2.149,0.9517034665026488,1.5383224788151486
2141,0.0,0.5,0.5,0.1,0.1,0.8,2.345,1.19,2.1370000000000005,0.952585690795944,1.5726837743180564
2142,0.0,0.5,0.5,0.1,0.15,0.75,2.345,1.19,2.125,0.953474302233444,1.647756398192358
2157,0.0,0.5,0.5,0.15,0.0,0.85,2.345,1.19,2.1415,0.9522541118995782,1.5443980353609994
2158,0.0,0.5,0.5,0.15,0.05,0.8,2.345,1.19,2.1295,0.953140320053986,1.6078857394563746
2159,0.0,0.5,0.5,0.15,0.1,0.75,2.345,1.19,2.1175,0.9540329587437546,1.67284396407607
2174,0.0,0.5,0.5,0.2,0.0,0.8,2.345,1.19,2.1220000000000003,0.9536974612198996,1.6310641376195665
2175,0.0,0.5,0.5,0.2,0.05,0.75,2.345,1.19,2.1100000000000003,0.954594154601839,1.697983164341342
2190,0.0,0.5,0.5,0.25,0.0,0.75,2.345,1.19,2.1025,0.9551579071608716,1.697983164341342
2310,0.0,0.55,0.45,0.0,0.0,1.0,2.3265,1.19,2.2,0.9441648510445156,1.5375558879060578
2311,0.0,0.55,0.45,0.0,0.05,0.95,2.3265,1.19,2.188,0.9450069756266042,1.5383224788151486
2312,0.0,0.55,0.45,0.0,0.1,0.9,2.3265,1.19,2.176,0.945855104662041,1.5383224788151486
2313,0.0,0.55,0.45,0.0,0.15,0.85,2.3265,1.19,2.164,0.9467093025993416,1.5383224788151486
2314,0.0,0.55,0.45,0.0,0.2,0.8,2.3265,1.19,2.152,0.947569634812673,1.5383224788151486
2315,0.0,0.55,0.45,0.0,0.25,0.75,2.3265,1.19,2.14,0.9484361676185328,1.5798255374365702
2316,0.0,0.55,0.45,0.0,0.3,0.7,2.3265,1.19,2.128,0.9493089682927895,1.6608437155705769
2330,0.0,0.55,0.45,0.05,0.0,0.95,2.3265,1.19,2.1805,0.9455363485559322,1.5383224788151486
2331,0.0,0.55,0.45,0.05,0.05,0.9,2.3265,1.19,2.1685000000000003,0.9463882630440766,1.5383224788151486
2332,0.0,0.55,0.45,0.05,0.1,0.85,2.3265,1.19,2.1565000000000003,0.9472462871834132,1.5383224788151486
2333,0.0,0.55,0.45,0.05,0.15,0.8,2.3265,1.19,2.1445000000000003,0.9481104869350888,1.5443980353609994
2334,0.0,0.55,0.45,0.05,0.2,0.75,2.3265,1.19,2.1325000000000003,0.9489809292131874,1.6103876097269605
2335,0.0,0.55,0.45,0.05,0.25,0.7,2.3265,1.19,2.1205,0.9498576819020016,1.683086780400435
2349,0.0,0.55,0.45,0.1,0.0,0.9,2.3265,1.19,2.161,0.9469238079900424,1.5383224788151486
2350,0.0,0.55,0.45,0.1,0.05,0.85,2.3265,1.19,2.149,0.9477856840971528,1.5383224788151486
2351,0.0,0.55,0.45,0.1,0.1,0.8,2.3265,1.19,2.1370000000000005,0.9486537775251442,1.5726837743180564
2352,0.0,0.55,0.45,0.1,0.15,0.75,2.3265,1.19,2.125,0.9495281557924332,1.647756398192358
2367,0.0,0.55,0.45,0.15,0.0,0.85,2.3265,1.19,2.1415,0.948327509632746,1.5443980353609994
2368,0.0,0.55,0.45,0.15,0.05,0.8,2.3265,1.19,2.1295,0.9491995231110878,1.6078857394563746
2369,0.0,0.55,0.45,0.15,0.1,0.75,2.3265,1.19,2.1175,0.9500778641248728,1.67284396407607
2384,0.0,0.55,0.45,0.2,0.0,0.8,2.3265,1.19,2.1220000000000003,0.9497477403708808,1.6310641376195665
2385,0.0,0.55,0.45,0.2,0.05,0.75,2.3265,1.19,2.1100000000000003,0.950630071131551,1.697983164341342
2400,0.0,0.55,0.45,0.25,0.0,0.75,2.3265,1.19,2.1025,0.95118479388769,1.697983164341342
2520,0.0,0.6,0.4,0.0,0.0,1.0,2.308,1.19,2.2,0.9403060087283056,1.5375558879060578
2521,0.0,0.6,0.4,0.0,0.05,0.95,2.308,1.19,2.188,0.941134425167175,1.5383224788151486
2522,0.0,0.6,0.4,0.0,0.1,0.9,2.308,1.19,2.176,0.9419687483186212,1.5383224788151486
2523,0.0,0.6,0.4,0.0,0.15,0.85,2.308,1.19,2.164,0.9428090415820632,1.5383224788151486
2524,0.0,0.6,0.4,0.0,0.2,0.8,2.308,1.19,2.152,0.943655369267505,1.5383224788151486
2525,0.0,0.6,0.4,0.0,0.25,0.75,2.308,1.19,2.14,0.944507796611941,1.5798255374365702
2526,0.0,0.6,0.4,0.0,0.3,0.7,2.308,1.19,2.128,0.9453663897961194,1.6608437155705769
2540,0.0,0.6,0.4,0.05,0.0,0.95,2.308,1.19,2.1805,0.9416551809392728,1.5383224788151486
2541,0.0,0.6,0.4,0.05,0.05,0.9,2.308,1.19,2.1685000000000003,0.9424932279236502,1.5383224788151486
2542,0.0,0.6,0.4,0.05,0.1,0.85,2.308,1.19,2.1565000000000003,0.9433372851060337,1.5383224788151486
2543,0.0,0.6,0.4,0.05,0.15,0.8,2.308,1.19,2.1445000000000003,0.94418741737385,1.5443980353609994
2544,0.0,0.6,0.4,0.05,0.2,0.75,2.308,1.19,2.1325000000000003,0.945043690551953,1.6103876097269605
2545,0.0,0.6,0.4,0.05,0.25,0.7,2.308,1.19,2.1205,0.945906171419612,1.683086780400435
2559,0.0,0.6,0.4,0.1,0.0,0.9,2.308,1.19,2.161,0.9430200552440108,1.5383224788151486
2560,0.0,0.6,0.4,0.1,0.05,0.85,2.308,1.19,2.149,0.9438679016916568,1.5383224788151486
2561,0.0,0.6,0.4,0.1,0.1,0.8,2.308,1.19,2.1370000000000005,0.9447218642543443,1.5726837743180564
2562,0.0,0.6,0.4,0.1,0.15,0.75,2.308,1.19,2.125,0.9455820093514224,1.647756398192358
2577,0.0,0.6,0.4,0.15,0.0,0.85,2.308,1.19,2.1415,0.9444009073659142,1.5443980353609994
2578,0.0,0.6,0.4,0.15,0.05,0.8,2.308,1.19,2.1295,0.9452587261681892,1.6078857394563746
2579,0.0,0.6,0.4,0.15,0.1,0.75,2.308,1.19,2.1175,0.9461227695059912,1.67284396407607
2594,0.0,0.6,0.4,0.2,0.0,0.8,2.308,1.19,2.1220000000000003,0.9457980195218614,1.6310641376195665
2595,0.0,0.6,0.4,0.2,0.05,0.75,2.308,1.19,2.1100000000000003,0.9466659876612626,1.697983164341342
2610,0.0,0.6,0.4,0.25,0.0,0.75,2.308,1.19,2.1025,0.947211680614508,1.697983164341342
2730,0.0,0.65,0.35,0.0,0.0,1.0,2.2895,1.19,2.2,0.9364471664120956,1.538398061819101
2731,0.0,0.65,0.35,0.0,0.05,0.95,2.2895,1.19,2.188,0.937261874707746,1.5383224788151486
2732,0.0,0.65,0.35,0.0,0.1,0.9,2.2895,1.19,2.176,0.9380823919752016,1.5383224788151486
2733,0.0,0.65,0.35,0.0,0.15,0.85,2.2895,1.19,2.164,0.9389087805647852,1.5383224788151486
2734,0.0,0.65,0.35,0.0,0.2,0.8,2.2895,1.19,2.152,0.9397411037223372,1.5383224788151486
2735,0.0,0.65,0.35,0.0,0.25,0.75,2.2895,1.19,2.14,0.9405794256053488,1.5798255374365702
2736,0.0,0.65,0.35,0.0,0.3,0.7,2.2895,1.19,2.128,0.9414238112994496,1.6608437155705769
2750,0.0,0.65,0.35,0.05,0.0,0.95,2.2895,1.19,2.1805,0.937774013322613,1.5383224788151486
2751,0.0,0.65,0.35,0.05,0.05,0.9,2.2895,1.19,2.1685000000000003,0.9385981928032242,1.5383224788151486
2752,0.0,0.65,0.35,0.05,0.1,0.85,2.2895,1.19,2.1565000000000003,0.9394282830286536,1.5383224788151486
2753,0.0,0.65,0.35,0.05,0.15,0.8,2.2895,1.19,2.1445000000000003,0.940264347812611,1.5443980353609994
2754,0.0,0.65,0.35,0.05,0.2,0.75,2.2895,1.19,2.1325000000000003,0.9411064518907188,1.6103876097269605
2755,0.0,0.65,0.35,0.05,0.25,0.7,2.2895,1.19,2.1205,0.9419546609372224,1.683086780400435
2769,0.0,0.65,0.35,0.1,0.0,0.9,2.2895,1.19,2.161,0.9391163024979796,1.5383224788151486
2770,0.0,0.65,0.35,0.1,0.05,0.85,2.2895,1.19,2.149,0.9399501192861608,1.5383224788151486
2771,0.0,0.65,0.35,0.1,0.1,0.8,2.2895,1.19,2.1370000000000005,0.9407899509835446,1.5726837743180564
2772,0.0,0.65,0.35,0.1,0.15,0.75,2.2895,1.19,2.125,0.9416358629104116,1.647756398192358
2787,0.0,0.65,0.35,0.15,0.0,0.85,2.2895,1.19,2.1415,0.940474305099082,1.5443980353609994
2788,0.0,0.65,0.35,0.15,0.05,0.8,2.2895,1.19,2.1295,0.9413179292252912,1.6078857394563746
2789,0.0,0.65,0.35,0.15,0.1,0.75,2.2895,1.19,2.1175,0.9421676748871094,1.67284396407607
2804,0.0,0.65,0.35,0.2,0.0,0.8,2.2895,1.19,2.1220000000000003,0.9418482986728424,1.6310641376195665
2805,0.0,0.65,0.35,0.2,0.05,0.75,2.2895,1.19,2.1100000000000003,0.9427019041909742,1.697983164341342
2820,0.0,0.65,0.35,0.25,0.0,0.75,2.2895,1.19,2.1025,0.943238567341326,1.697983164341342
2940,0.0,0.7,0.3,0.0,0.0,1.0,2.271,1.19,2.2,0.932588324095886,1.538398061819101
2941,0.0,0.7,0.3,0.0,0.05,0.95,2.271,1.19,2.188,0.9333893242483172,1.5391646527281921
2942,0.0,0.7,0.3,0.0,0.1,0.9,2.271,1.19,2.176,0.9341960356317814,1.5391646527281921
2943,0.0,0.7,0.3,0.0,0.15,0.85,2.271,1.19,2.164,0.935008519547507,1.5391646527281921
2944,0.0,0.7,0.3,0.0,0.2,0.8,2.271,1.19,2.152,0.9358268381771692,1.5391646527281921
2945,0.0,0.7,0.3,0.0,0.25,0.75,2.271,1.19,2.14,0.936651054598757,1.5798255374365702
2946,0.0,0.7,0.3,0.0,0.3,0.7,2.271,1.19,2.128,0.9374812328027796,1.6608437155705769
2960,0.0,0.7,0.3,0.05,0.0,0.95,2.271,1.19,2.1805,0.9338928457059534,1.5391646527281921
2961,0.0,0.7,0.3,0.05,0.05,0.9,2.271,1.19,2.1685000000000003,0.934703157682798,1.5391646527281921
2962,0.0,0.7,0.3,0.05,0.1,0.85,2.271,1.19,2.1565000000000003,0.935519280951274,1.5391646527281921
2963,0.0,0.7,0.3,0.05,0.15,0.8,2.271,1.19,2.1445000000000003,0.936341278251372,1.5452402092740427
2964,0.0,0.7,0.3,0.05,0.2,0.75,2.271,1.19,2.1325000000000003,0.9371692132294844,1.6103876097269605
2965,0.0,0.7,0.3,0.05,0.25,0.7,2.271,1.19,2.1205,0.9380031504548326,1.683086780400435
2979,0.0,0.7,0.3,0.1,0.0,0.9,2.271,1.19,2.161,0.9352125497519482,1.5391646527281921
2980,0.0,0.7,0.3,0.1,0.05,0.85,2.271,1.19,2.149,0.9360323368806648,1.5391646527281921
2981,0.0,0.7,0.3,0.1,0.1,0.8,2.271,1.19,2.1370000000000005,0.9368580377127445,1.5726837743180564
2982,0.0,0.7,0.3,0.1,0.15,0.75,2.271,1.19,2.125,0.9376897164694004,1.647756398192358
2997,0.0,0.7,0.3,0.15,0.0,0.85,2.271,1.19,2.1415,0.93654770283225,1.5452402092740427
2998,0.0,0.7,0.3,0.15,0.05,0.8,2.271,1.19,2.1295,0.9373771322823924,1.6078857394563746
2999,0.0,0.7,0.3,0.15,0.1,0.75,2.271,1.19,2.1175,0.938212580268228,1.67284396407607
3014,0.0,0.7,0.3,0.2,0.0,0.8,2.271,1.19,2.1220000000000003,0.9378985778238236,1.6310641376195665
3015,0.0,0.7,0.3,0.2,0.05,0.75,2.271,1.19,2.1100000000000003,0.938737820720686,1.697983164341342
3030,0.0,0.7,0.3,0.25,0.0,0.75,2.271,1.19,2.1025,0.9392654540681444,1.697983164341342
3150,0.0,0.75,0.25,0.0,0.0,1.0,2.2525,1.19,2.2,0.9287294817796764,1.538398061819101
3151,0.0,0.75,0.25,0.0,0.05,0.95,2.2525,1.19,2.188,0.9295167737888882,1.5391646527281921
3152,0.0,0.75,0.25,0.0,0.1,0.9,2.2525,1.19,2.176,0.9303096792883616,1.5391646527281921
3153,0.0,0.75,0.25,0.0,0.15,0.85,2.2525,1.19,2.164,0.9311082585302286,1.5391646527281921
3154,0.0,0.75,0.25,0.0,0.2,0.8,2.2525,1.19,2.152,0.9319125726320014,1.5391646527281921
3155,0.0,0.75,0.25,0.0,0.25,0.75,2.2525,1.19,2.14,0.9327226835921651,1.5806677113496135
3156,0.0,0.75,0.25,0.0,0.3,0.7,2.2525,1.19,2.128,0.9335386543061094,1.6608437155705769
3170,0.0,0.75,0.25,0.05,0.0,0.95,2.2525,1.19,2.1805,0.930011678089294,1.5391646527281921
3171,0.0,0.75,0.25,0.05,0.05,0.9,2.2525,1.19,2.1685000000000003,0.930808122562372,1.5391646527281921
3172,0.0,0.75,0.25,0.05,0.1,0.85,2.2525,1.19,2.1565000000000003,0.9316102788738944,1.5391646527281921
3173,0.0,0.75,0.25,0.05,0.15,0.8,2.2525,1.19,2.1445000000000003,0.9324182086901333,1.5452402092740427
3174,0.0,0.75,0.25,0.05,0.2,0.75,2.2525,1.19,2.1325000000000003,0.93323197456825,1.611229783640004
3175,0.0,0.75,0.25,0.05,0.25,0.7,2.2525,1.19,2.1205,0.9340516399724428,1.683086780400435
3189,0.0,0.75,0.25,0.1,0.0,0.9,2.2525,1.19,2.161,0.9313087970059168,1.5391646527281921
3190,0.0,0.75,0.25,0.1,0.05,0.85,2.2525,1.19,2.149,0.9321145544751688,1.5391646527281921
3191,0.0,0.75,0.25,0.1,0.1,0.8,2.2525,1.19,2.1370000000000005,0.9329261244419446,1.5735259482311
3192,0.0,0.75,0.25,0.1,0.15,0.75,2.2525,1.19,2.125,0.9337435700283896,1.647756398192358
3207,0.0,0.75,0.25,0.15,0.0,0.85,2.2525,1.19,2.1415,0.932621100565418,1.5452402092740427
3208,0.0,0.75,0.25,0.15,0.05,0.8,2.2525,1.19,2.1295,0.933436335339494,1.6078857394563746
3209,0.0,0.75,0.25,0.15,0.1,0.75,2.2525,1.19,2.1175,0.9342574856493462,1.67284396407607
3224,0.0,0.75,0.25,0.2,0.0,0.8,2.2525,1.19,2.1220000000000003,0.9339488569748045,1.6310641376195665
3225,0.0,0.75,0.25,0.2,0.05,0.75,2.2525,1.19,2.1100000000000003,0.934773737250398,1.697983164341342
3240,0.0,0.75,0.25,0.25,0.0,0.75,2.2525,1.19,2.1025,0.9352923407949628,1.697983164341342
3360,0.0,0.8,0.2,0.0,0.0,1.0,2.234,1.19,2.2,0.9248706394634666,1.538398061819101
3361,0.0,0.8,0.2,0.0,0.05,0.95,2.234,1.19,2.188,0.9256442233294592,1.5391646527281921
3362,0.0,0.8,0.2,0.0,0.1,0.9,2.234,1.19,2.176,0.926423322944942,1.5391646527281921
3363,0.0,0.8,0.2,0.0,0.15,0.85,2.234,1.19,2.164,0.9272079975129504,1.5391646527281921
3364,0.0,0.8,0.2,0.0,0.2,0.8,2.234,1.19,2.152,0.9279983070868334,1.5391646527281921
3365,0.0,0.8,0.2,0.0,0.25,0.75,2.234,1.19,2.14,0.9287943125855732,1.5806677113496135
3366,0.0,0.8,0.2,0.0,0.3,0.7,2.234,1.19,2.128,0.9295960758094396,1.6608437155705769
3380,0.0,0.8,0.2,0.05,0.0,0.95,2.234,1.19,2.1805,0.9261305104726344,1.5391646527281921
3381,0.0,0.8,0.2,0.05,0.05,0.9,2.234,1.19,2.1685000000000003,0.9269130874419458,1.5391646527281921
3382,0.0,0.8,0.2,0.05,0.1,0.85,2.234,1.19,2.1565000000000003,0.9277012767965148,1.5391646527281921
3383,0.0,0.8,0.2,0.05,0.15,0.8,2.234,1.19,2.1445000000000003,0.9284951391288944,1.5452402092740427
3384,0.0,0.8,0.2,0.05,0.2,0.75,2.234,1.19,2.1325000000000003,0.9292947359070156,1.611229783640004
3385,0.0,0.8,0.2,0.05,0.25,0.7,2.234,1.19,2.1205,0.9301001294900532,1.683086780400435
3399,0.0,0.8,0.2,0.1,0.0,0.9,2.234,1.19,2.161,0.9274050442598852,1.5391646527281921
3400,0.0,0.8,0.2,0.1,0.05,0.85,2.234,1.19,2.149,0.9281967720696728,1.5391646527281921
3401,0.0,0.8,0.2,0.1,0.1,0.8,2.234,1.19,2.1370000000000005,0.9289942111711448,1.5735259482311
3402,0.0,0.8,0.2,0.1,0.15,0.75,2.234,1.19,2.125,0.9297974235873788,1.647756398192358
3417,0.0,0.8,0.2,0.15,0.0,0.85,2.234,1.19,2.1415,0.928694498298586,1.5452402092740427
3418,0.0,0.8,0.2,0.15,0.05,0.8,2.234,1.19,2.1295,0.9294955383965958,1.6078857394563746
3419,0.0,0.8,0.2,0.15,0.1,0.75,2.234,1.19,2.1175,0.9303023910304644,1.67284396407607
3434,0.0,0.8,0.2,0.2,0.0,0.8,2.234,1.19,2.1220000000000003,0.9299991361257852,1.6310641376195665
3435,0.0,0.8,0.2,0.2,0.05,0.75,2.234,1.19,2.1100000000000003,0.9308096537801096,1.697983164341342
3450,0.0,0.8,0.2,0.25,0.0,0.75,2.234,1.19,2.1025,0.9313192275217808,1.697983164341342
3570,0.0,0.85,0.15,0.0,0.0,1.0,2.2155,1.19,2.2,0.9210117971472568,1.538398061819101
3571,0.0,0.85,0.15,0.0,0.05,0.95,2.2155,1.19,2.188,0.92177167287003,1.5391646527281921
3572,0.0,0.85,0.15,0.0,0.1,0.9,2.2155,1.19,2.176,0.9225369666015222,1.5391646527281921
3573,0.0,0.85,0.15,0.0,0.15,0.85,2.2155,1.19,2.164,0.9233077364956722,1.5391646527281921
3574,0.0,0.85,0.15,0.0,0.2,0.8,2.2155,1.19,2.152,0.9240840415416656,1.5391646527281921
3575,0.0,0.85,0.15,0.0,0.25,0.75,2.2155,1.19,2.14,0.9248659415789812,1.5806677113496135
3576,0.0,0.85,0.15,0.0,0.3,0.7,2.2155,1.19,2.128,0.9256534973127696,1.6608437155705769
3590,0.0,0.85,0.15,0.05,0.0,0.95,2.2155,1.19,2.1805,0.9222493428559748,1.5391646527281921
3591,0.0,0.85,0.15,0.05,0.05,0.9,2.2155,1.19,2.1685000000000003,0.9230180523215198,1.5391646527281921
3592,0.0,0.85,0.15,0.05,0.1,0.85,2.2155,1.19,2.1565000000000003,0.923792274719135,1.5391646527281921
3593,0.0,0.85,0.15,0.05,0.15,0.8,2.2155,1.19,2.1445000000000003,0.9245720695676554,1.5452402092740427
3594,0.0,0.85,0.15,0.05,0.2,0.75,2.2155,1.19,2.1325000000000003,0.9253574972457814,1.611229783640004
3595,0.0,0.85,0.15,0.05,0.25,0.7,2.2155,1.19,2.1205,0.9261486190076637,1.683086780400435
3609,0.0,0.85,0.15,0.1,0.0,0.9,2.2155,1.19,2.161,0.9235012915138542,1.5391646527281921
3610,0.0,0.85,0.15,0.1,0.05,0.85,2.2155,1.19,2.149,0.9242789896641768,1.5391646527281921
3611,0.0,0.85,0.15,0.1,0.1,0.8,2.2155,1.19,2.1370000000000005,0.9250622979003452,1.5735259482311
3612,0.0,0.85,0.15,0.1,0.15,0.75,2.2155,1.19,2.125,0.925851277146368,1.647756398192358
3627,0.0,0.85,0.15,0.15,0.0,0.85,2.2155,1.19,2.1415,0.9247678960317536,1.5452402092740427
3628,0.0,0.85,0.15,0.15,0.05,0.8,2.2155,1.19,2.1295,0.9255547414536976,1.6078857394563746
3629,0.0,0.85,0.15,0.15,0.1,0.75,2.2155,1.19,2.1175,0.9263472964115828,1.67284396407607
3644,0.0,0.85,0.15,0.2,0.0,0.8,2.2155,1.19,2.1220000000000003,0.9260494152767662,1.6310641376195665
3645,0.0,0.85,0.15,0.2,0.05,0.75,2.2155,1.19,2.1100000000000003,0.9268455703098216,1.697983164341342
3660,0.0,0.85,0.15,0.25,0.0,0.75,2.2155,1.19,2.1025,0.9273461142485988,1.697983164341342
3780,0.0,0.9,0.1,0.0,0.0,1.0,2.197,1.19,2.2,0.917152954831047,1.5541091551190334
3781,0.0,0.9,0.1,0.0,0.05,0.95,2.197,1.19,2.188,0.9178991224106012,1.5509719367589623
3782,0.0,0.9,0.1,0.0,0.1,0.9,2.197,1.19,2.176,0.9186506102581022,1.5408813544825783
3783,0.0,0.9,0.1,0.0,0.15,0.85,2.197,1.19,2.164,0.919407475478394,1.5408813544825783
3784,0.0,0.9,0.1,0.0,0.2,0.8,2.197,1.19,2.152,0.9201697759964976,1.5391646527281921
3785,0.0,0.9,0.1,0.0,0.25,0.75,2.197,1.19,2.14,0.9209375705723892,1.5806677113496135
3786,0.0,0.9,0.1,0.0,0.3,0.7,2.197,1.19,2.128,0.9217109188160992,1.6608437155705769
3800,0.0,0.9,0.1,0.05,0.0,0.95,2.197,1.19,2.1805,0.918368175239315,1.5408813544825783
3801,0.0,0.9,0.1,0.05,0.05,0.9,2.197,1.19,2.1685000000000003,0.9191230172010938,1.5408813544825783
3802,0.0,0.9,0.1,0.05,0.1,0.85,2.197,1.19,2.1565000000000003,0.9198832726417554,1.5391646527281921
3803,0.0,0.9,0.1,0.05,0.15,0.8,2.197,1.19,2.1445000000000003,0.9206490000064164,1.5452402092740427
3804,0.0,0.9,0.1,0.05,0.2,0.75,2.197,1.19,2.1325000000000003,0.9214202585845468,1.611229783640004
3805,0.0,0.9,0.1,0.05,0.25,0.7,2.197,1.19,2.1205,0.9221971085252738,1.683086780400435
3819,0.0,0.9,0.1,0.1,0.0,0.9,2.197,1.19,2.161,0.9195975387678228,1.5408813544825783
3820,0.0,0.9,0.1,0.1,0.05,0.85,2.197,1.19,2.149,0.920361207258681,1.5391646527281921
3821,0.0,0.9,0.1,0.1,0.1,0.8,2.197,1.19,2.1370000000000005,0.9211303846295452,1.5735259482311
3822,0.0,0.9,0.1,0.1,0.15,0.75,2.197,1.19,2.125,0.921905130705357,1.647756398192358
3837,0.0,0.9,0.1,0.15,0.0,0.85,2.197,1.19,2.1415,0.9208412937649214,1.5452402092740427
3838,0.0,0.9,0.1,0.15,0.05,0.8,2.197,1.19,2.1295,0.9216139445107993,1.6078857394563746
3839,0.0,0.9,0.1,0.15,0.1,0.75,2.197,1.19,2.1175,0.9223922017927012,1.67284396407607
3854,0.0,0.9,0.1,0.2,0.0,0.8,2.197,1.19,2.1220000000000003,0.9220996944277472,1.6310641376195665
3855,0.0,0.9,0.1,0.2,0.05,0.75,2.197,1.19,2.1100000000000003,0.9228814868395334,1.697983164341342
3870,0.0,0.9,0.1,0.25,0.0,0.75,2.197,1.19,2.1025,0.9233730009754172,1.697983164341342
3990,0.0,0.95,0.05,0.0,0.0,1.0,2.1785,1.19,2.2,0.9132941125148372,1.5827684498369314
3991,0.0,0.95,0.05,0.0,0.05,0.95,2.1785,1.19,2.188,0.9140265719511722,1.5835350407460222
3992,0.0,0.95,0.05,0.0,0.1,0.9,2.1785,1.19,2.176,0.9147642539146824,1.5548757460281244
3993,0.0,0.95,0.05,0.0,0.15,0.85,2.1785,1.19,2.164,0.9155072144611158,1.5548757460281244
3994,0.0,0.95,0.05,0.0,0.2,0.8,2.1785,1.19,2.152,0.9162555104513298,1.5548757460281244
3995,0.0,0.95,0.05,0.0,0.25,0.75,2.1785,1.19,2.14,0.9170091995657974,1.5927964632872043
3996,0.0,0.95,0.05,0.0,0.3,0.7,2.1785,1.19,2.128,0.9177683403194292,1.6613321246614863
4010,0.0,0.95,0.05,0.05,0.0,0.95,2.1785,1.19,2.1805,0.9144870076226556,1.5548757460281244
4011,0.0,0.95,0.05,0.05,0.05,0.9,2.1785,1.19,2.1685000000000003,0.9152279820806676,1.5548757460281244
4012,0.0,0.95,0.05,0.05,0.1,0.85,2.1785,1.19,2.1565000000000003,0.915974270564376,1.5548757460281244
4013,0.0,0.95,0.05,0.05,0.15,0.8,2.1785,1.19,2.1445000000000003,0.9167259304451776,1.5597127311454038
4014,0.0,0.95,0.05,0.05,0.2,0.75,2.1785,1.19,2.1325000000000003,0.9174830199233126,1.621137028869648
4015,0.0,0.95,0.05,0.05,0.25,0.7,2.1785,1.19,2.1205,0.918245598042884,1.683086780400435
4029,0.0,0.95,0.05,0.1,0.0,0.9,2.1785,1.19,2.161,0.9156937860217912,1.5548757460281244
4030,0.0,0.95,0.05,0.1,0.05,0.85,2.1785,1.19,2.149,0.916443424853185,1.5548757460281244
4031,0.0,0.95,0.05,0.1,0.1,0.8,2.1785,1.19,2.1370000000000005,0.9171984713587452,1.5857769633945142
4032,0.0,0.95,0.05,0.1,0.15,0.75,2.1785,1.19,2.125,0.917958984264346,1.6518638577218636
4047,0.0,0.95,0.05,0.15,0.0,0.85,2.1785,1.19,2.1415,0.9169146914980896,1.5597127311454038
4048,0.0,0.95,0.05,0.15,0.05,0.8,2.1785,1.19,2.1295,0.9176731475679006,1.6143369689196505
4049,0.0,0.95,0.05,0.15,0.1,0.75,2.1785,1.19,2.1175,0.9184371071738195,1.673616806181333
4064,0.0,0.95,0.05,0.2,0.0,0.8,2.1785,1.19,2.1220000000000003,0.918149973578728,1.6318369797248296
4065,0.0,0.95,0.05,0.2,0.05,0.75,2.1785,1.19,2.1100000000000003,0.9189174033692452,1.6987560064466054
4080,0.0,0.95,0.05,0.25,0.0,0.75,2.1785,1.19,2.1025,0.9193998877022356,1.6987560064466054
4200,0.05,0.0,0.95,0.0,0.0,1.0,2.487,1.19,2.2,0.9776429154635244,1.5375558879060578
4201,0.05,0.0,0.95,0.0,0.05,0.95,2.487,1.19,2.188,0.9786039674502988,1.5383224788151486
4202,0.05,0.0,0.95,0.0,0.1,0.9,2.487,1.19,2.176,0.9795718718576564,1.5383224788151486
4203,0.05,0.0,0.95,0.0,0.15,0.85,2.487,1.19,2.164,0.980546702235728,1.5383224788151486
4204,0.05,0.0,0.95,0.0,0.2,0.8,2.487,1.19,2.152,0.9815285331910212,1.5383224788151486
4205,0.05,0.0,0.95,0.0,0.25,0.75,2.487,1.19,2.14,0.982517440405452,1.5798255374365702
4206,0.05,0.0,0.95,0.0,0.3,0.7,2.487,1.19,2.128,0.9835135006557916,1.6608437155705769
4220,0.05,0.0,0.95,0.05,0.0,0.95,2.487,1.19,2.1805,0.979208100041006,1.5383224788151486
4221,0.05,0.0,0.95,0.05,0.05,0.9,2.487,1.19,2.1685000000000003,0.9801803244942596,1.5383224788151486
4222,0.05,0.0,0.95,0.05,0.1,0.85,2.487,1.19,2.1565000000000003,0.9811595214223016,1.5383224788151486
4223,0.05,0.0,0.95,0.05,0.15,0.8,2.487,1.19,2.1445000000000003,0.9821457661015128,1.5443980353609994
4224,0.05,0.0,0.95,0.05,0.2,0.75,2.487,1.19,2.1325000000000003,0.9831391348957882,1.6103876097269605
4225,0.05,0.0,0.95,0.05,0.25,0.7,2.487,1.19,2.1205,0.9841397052762476,1.683086780400435
4239,0.05,0.0,0.95,0.1,0.0,0.9,2.487,1.19,2.161,0.9807915007326388,1.5383224788151486
4240,0.05,0.0,0.95,0.1,0.05,0.85,2.487,1.19,2.149,0.9817750936151044,1.5383224788151486
4241,0.05,0.0,0.95,0.1,0.1,0.8,2.487,1.19,2.1370000000000005,0.9827657818474888,1.5726837743180564
4242,0.05,0.0,0.95,0.1,0.15,0.75,2.487,1.19,2.125,0.9837636424833656,1.647756398192358
4257,0.05,0.0,0.95,0.15,0.0,0.85,2.487,1.19,2.1415,0.9823934374071543,1.5443980353609994
4258,0.05,0.0,0.95,0.15,0.05,0.8,2.487,1.19,2.1295,0.983388599291368,1.6078857394563746
4259,0.05,0.0,0.95,0.15,0.1,0.75,2.487,1.19,2.1175,0.9843909823049004,1.67284396407607
4274,0.05,0.0,0.95,0.2,0.0,0.8,2.487,1.19,2.1220000000000003,0.9840142374664242,1.6310641376195665
4275,0.05,0.0,0.95,0.2,0.05,0.75,2.487,1.19,2.1100000000000003,0.9850211736710782,1.697983164341342
4290,0.05,0.0,0.95,0.25,0.0,0.75,2.487,1.19,2.1025,0.9856542360685374,1.697983164341342
4410,0.05,0.05,0.9,0.0,0.0,1.0,2.4685,1.19,2.2,0.9737840731473149,1.5375558879060578
4411,0.05,0.05,0.9,0.0,0.05,0.95,2.4685,1.19,2.188,0.9747314169908698,1.5383224788151486
4412,0.05,0.05,0.9,0.0,0.1,0.9,2.4685,1.19,2.176,0.9756855155142364,1.5383224788151486
4413,0.05,0.05,0.9,0.0,0.15,0.85,2.4685,1.19,2.164,0.97664644121845,1.5383224788151486
4414,0.05,0.05,0.9,0.0,0.2,0.8,2.4685,1.19,2.152,0.9776142676458536,1.5383224788151486
4415,0.05,0.05,0.9,0.0,0.25,0.75,2.4685,1.19,2.14,0.97858906939886,1.5798255374365702
4416,0.05,0.05,0.9,0.0,0.3,0.7,2.4685,1.19,2.128,0.9795709221591216,1.6608437155705769
4430,0.05,0.05,0.9,0.05,0.0,0.95,2.4685,1.19,2.1805,0.975326932424346,1.5383224788151486
4431,0.05,0.05,0.9,0.05,0.05,0.9,2.4685,1.19,2.1685000000000003,0.9762852893738336,1.5383224788151486
4432,0.05,0.05,0.9,0.05,0.1,0.85,2.4685,1.19,2.1565000000000003,0.977250519344922,1.5383224788151486
4433,0.05,0.05,0.9,0.05,0.15,0.8,2.4685,1.19,2.1445000000000003,0.9782226965402738,1.5443980353609994
4434,0.05,0.05,0.9,0.05,0.2,0.75,2.4685,1.19,2.1325000000000003,0.9792018962345536,1.6103876097269605
4435,0.05,0.05,0.9,0.05,0.25,0.7,2.4685,1.19,2.1205,0.9801881947938578,1.683086780400435
4449,0.05,0.05,0.9,0.1,0.0,0.9,2.4685,1.19,2.161,0.9768877479866076,1.5383224788151486
4450,0.05,0.05,0.9,0.1,0.05,0.85,2.4685,1.19,2.149,0.9778573112096084,1.5383224788151486
4451,0.05,0.05,0.9,0.1,0.1,0.8,2.4685,1.19,2.1370000000000005,0.978833868576689,1.5726837743180564
4452,0.05,0.05,0.9,0.1,0.15,0.75,2.4685,1.19,2.125,0.9798174960423548,1.647756398192358
4467,0.05,0.05,0.9,0.15,0.0,0.85,2.4685,1.19,2.1415,0.978466835140322,1.5443980353609994
4468,0.05,0.05,0.9,0.15,0.05,0.8,2.4685,1.19,2.1295,0.9794478023484696,1.6078857394563746
4469,0.05,0.05,0.9,0.15,0.1,0.75,2.4685,1.19,2.1175,0.9804358876860186,1.67284396407607
4484,0.05,0.05,0.9,0.2,0.0,0.8,2.4685,1.19,2.1220000000000003,0.9800645166174052,1.6310641376195665
4485,0.05,0.05,0.9,0.2,0.05,0.75,2.4685,1.19,2.1100000000000003,0.98105709020079,1.697983164341342
4500,0.05,0.05,0.9,0.25,0.0,0.75,2.4685,1.19,2.1025,0.9816811227953556,1.697983164341342
4620,0.05,0.1,0.85,0.0,0.0,1.0,2.45,1.19,2.2,0.969925230831105,1.5375558879060578
4621,0.05,0.1,0.85,0.0,0.05,0.95,2.45,1.19,2.188,0.9708588665314408,1.5383224788151486
4622,0.05,0.1,0.85,0.0,0.1,0.9,2.45,1.19,2.176,0.9717991591708164,1.5383224788151486
4623,0.05,0.1,0.85,0.0,0.15,0.85,2.45,1.19,2.164,0.9727461802011717,1.5383224788151486
4624,0.05,0.1,0.85,0.0,0.2,0.8,2.45,1.19,2.152,0.9737000021006856,1.5383224788151486
4625,0.05,0.1,0.85,0.0,0.25,0.75,2.45,1.19,2.14,0.974660698392268,1.5798255374365702
4626,0.05,0.1,0.85,0.0,0.3,0.7,2.45,1.19,2.128,0.9756283436624514,1.6608437155705769
4640,0.05,0.1,0.85,0.05,0.0,0.95,2.45,1.19,2.1805,0.9714457648076866,1.5383224788151486
4641,0.05,0.1,0.85,0.05,0.05,0.9,2.45,1.19,2.1685000000000003,0.9723902542534076,1.5383224788151486
4642,0.05,0.1,0.85,0.05,0.1,0.85,2.45,1.19,2.1565000000000003,0.9733415172675424,1.5383224788151486
4643,0.05,0.1,0.85,0.05,0.15,0.8,2.45,1.19,2.1445000000000003,0.9742996269790348,1.5443980353609994
4644,0.05,0.1,0.85,0.05,0.2,0.75,2.45,1.19,2.1325000000000003,0.9752646575733191,1.6103876097269605
4645,0.05,0.1,0.85,0.05,0.25,0.7,2.45,1.19,2.1205,0.976236684311468,1.683086780400435
4659,0.05,0.1,0.85,0.1,0.0,0.9,2.45,1.19,2.161,0.972983995240576,1.5383224788151486
4660,0.05,0.1,0.85,0.1,0.05,0.85,2.45,1.19,2.149,0.9739395288041126,1.5383224788151486
4661,0.05,0.1,0.85,0.1,0.1,0.8,2.45,1.19,2.1370000000000005,0.9749019553058892,1.5726837743180564
4662,0.05,0.1,0.85,0.1,0.15,0.75,2.45,1.19,2.125,0.9758713496013436,1.647756398192358
4677,0.05,0.1,0.85,0.15,0.0,0.85,2.45,1.19,2.1415,0.9745402328734902,1.5443980353609994
4678,0.05,0.1,0.85,0.15,0.05,0.8,2.45,1.19,2.1295,0.9755070054055712,1.6078857394563746
4679,0.05,0.1,0.85,0.15,0.1,0.75,2.45,1.19,2.1175,0.976480793067137,1.67284396407607
4694,0.05,0.1,0.85,0.2,0.0,0.8,2.45,1.19,2.1220000000000003,0.9761147957683862,1.6310641376195665
4695,0.05,0.1,0.85,0.2,0.05,0.75,2.45,1.19,2.1100000000000003,0.977093006730502,1.697983164341342
4710,0.05,0.1,0.85,0.25,0.0,0.75,2.45,1.19,2.1025,0.977708009522174,1.697983164341342
4830,0.05,0.15,0.8,0.0,0.0,1.0,2.4315,1.19,2.2,0.9660663885148952,1.5375558879060578
4831,0.05,0.15,0.8,0.0,0.05,0.95,2.4315,1.19,2.188,0.966986316072012,1.5383224788151486
4832,0.05,0.15,0.8,0.0,0.1,0.9,2.4315,1.19,2.176,0.9679128028273968,1.5383224788151486
4833,0.05,0.15,0.8,0.0,0.15,0.85,2.4315,1.19,2.164,0.9688459191838936,1.5383224788151486
4834,0.05,0.15,0.8,0.0,0.2,0.8,2.4315,1.19,2.152,0.9697857365555178,1.5383224788151486
4835,0.05,0.15,0.8,0.0,0.25,0.75,2.4315,1.19,2.14,0.9707323273856762,1.5798255374365702
4836,0.05,0.15,0.8,0.0,0.3,0.7,2.4315,1.19,2.128,0.9716857651657814,1.6608437155705769
4850,0.05,0.15,0.8,0.05,0.0,0.95,2.4315,1.19,2.1805,0.9675645971910272,1.5383224788151486
4851,0.05,0.15,0.8,0.05,0.05,0.9,2.4315,1.19,2.1685000000000003,0.9684952191329816,1.5383224788151486
4852,0.05,0.15,0.8,0.05,0.1,0.85,2.4315,1.19,2.1565000000000003,0.9694325151901628,1.5383224788151486
4853,0.05,0.15,0.8,0.05,0.15,0.8,2.4315,1.19,2.1445000000000003,0.9703765574177962,1.5443980353609994
4854,0.05,0.15,0.8,0.05,0.2,0.75,2.4315,1.19,2.1325000000000003,0.971327418912085,1.6103876097269605
4855,0.05,0.15,0.8,0.05,0.25,0.7,2.4315,1.19,2.1205,0.9722851738290784,1.683086780400435
4869,0.05,0.15,0.8,0.1,0.0,0.9,2.4315,1.19,2.161,0.9690802424945448,1.5383224788151486
4870,0.05,0.15,0.8,0.1,0.05,0.85,2.4315,1.19,2.149,0.9700217463986168,1.5383224788151486
4871,0.05,0.15,0.8,0.1,0.1,0.8,2.4315,1.19,2.1370000000000005,0.9709700420350892,1.5726837743180564
4872,0.05,0.15,0.8,0.1,0.15,0.75,2.4315,1.19,2.125,0.9719252031603328,1.647756398192358
4887,0.05,0.15,0.8,0.15,0.0,0.85,2.4315,1.19,2.1415,0.9706136306066584,1.5443980353609994
4888,0.05,0.15,0.8,0.15,0.05,0.8,2.4315,1.19,2.1295,0.971566208462673,1.6078857394563746
4889,0.05,0.15,0.8,0.15,0.1,0.75,2.4315,1.19,2.1175,0.9725256984482554,1.67284396407607
4904,0.05,0.15,0.8,0.2,0.0,0.8,2.4315,1.19,2.1220000000000003,0.9721650749193672,1.6310641376195665
4905,0.05,0.15,0.8,0.2,0.05,0.75,2.4315,1.19,2.1100000000000003,0.9731289232602138,1.697983164341342
4920,0.05,0.15,0.8,0.25,0.0,0.75,2.4315,1.19,2.1025,0.9737348962489922,1.697983164341342
5040,0.05,0.2,0.75,0.0,0.0,1.0,2.4130000000000003,1.19,2.2,0.9622075461986854,1.5375558879060578
5041,0.05,0.2,0.75,0.0,0.05,0.95,2.4130000000000003,1.19,2.188,0.9631137656125828,1.5383224788151486
5042,0.05,0.2,0.75,0.0,0.1,0.9,2.4130000000000003,1.19,2.176,0.9640264464839772,1.5383224788151486
5043,0.05,0.2,0.75,0.0,0.15,0.85,2.4130000000000003,1.19,2.164,0.9649456581666154,1.5383224788151486
5044,0.05,0.2,0.75,0.0,0.2,0.8,2.4130000000000003,1.19,2.152,0.96587147101035,1.5383224788151486
5045,0.05,0.2,0.75,0.0,0.25,0.75,2.4130000000000003,1.19,2.14,0.9668039563790845,1.5798255374365702
5046,0.05,0.2,0.75,0.0,0.3,0.7,2.4130000000000003,1.19,2.128,0.9677431866691116,1.6608437155705769
5060,0.05,0.2,0.75,0.05,0.0,0.95,2.4130000000000003,1.19,2.1805,0.9636834295743676,1.5383224788151486
5061,0.05,0.2,0.75,0.05,0.05,0.9,2.4130000000000003,1.19,2.1685000000000003,0.9646001840125552,1.5383224788151486
5062,0.05,0.2,0.75,0.05,0.1,0.85,2.4130000000000003,1.19,2.1565000000000003,0.9655235131127832,1.5383224788151486
5063,0.05,0.2,0.75,0.05,0.15,0.8,2.4130000000000003,1.19,2.1445000000000003,0.9664534878565574,1.5443980353609994
5064,0.05,0.2,0.75,0.05,0.2,0.75,2.4130000000000003,1.19,2.1325000000000003,0.9673901802508508,1.6103876097269605
5065,0.05,0.2,0.75,0.05,0.25,0.7,2.4130000000000003,1.19,2.1205,0.9683336633466888,1.683086780400435
5079,0.05,0.2,0.75,0.1,0.0,0.9,2.4130000000000003,1.19,2.161,0.9651764897485132,1.5383224788151486
5080,0.05,0.2,0.75,0.1,0.05,0.85,2.4130000000000003,1.19,2.149,0.9661039639931208,1.5383224788151486
5081,0.05,0.2,0.75,0.1,0.1,0.8,2.4130000000000003,1.19,2.1370000000000005,0.9670381287642896,1.5726837743180564
5082,0.05,0.2,0.75,0.1,0.15,0.75,2.4130000000000003,1.19,2.125,0.967979056719322,1.647756398192358
5097,0.05,0.2,0.75,0.15,0.0,0.85,2.4130000000000003,1.19,2.1415,0.9666870283398262,1.5443980353609994
5098,0.05,0.2,0.75,0.15,0.05,0.8,2.4130000000000003,1.19,2.1295,0.9676254115197748,1.6078857394563746
5099,0.05,0.2,0.75,0.15,0.1,0.75,2.4130000000000003,1.19,2.1175,0.9685706038293737,1.67284396407607
5114,0.05,0.2,0.75,0.2,0.0,0.8,2.4130000000000003,1.19,2.1220000000000003,0.968215354070348,1.6310641376195665
5115,0.05,0.2,0.75,0.2,0.05,0.75,2.4130000000000003,1.19,2.1100000000000003,0.9691648397899256,1.697983164341342
5130,0.05,0.2,0.75,0.25,0.0,0.75,2.4130000000000003,1.19,2.1025,0.9697617829758102,1.697983164341342
5250,0.05,0.25,0.7,0.0,0.0,1.0,2.3945,1.19,2.2,0.9583487038824756,1.5375558879060578
5251,0.05,0.25,0.7,0.0,0.05,0.95,2.3945,1.19,2.188,0.959241215153154,1.5383224788151486
5252,0.05,0.25,0.7,0.0,0.1,0.9,2.3945,1.19,2.176,0.960140090140557,1.5383224788151486
5253,0.05,0.25,0.7,0.0,0.15,0.85,2.3945,1.19,2.164,0.9610453971493372,1.5383224788151486
5254,0.05,0.25,0.7,0.0,0.2,0.8,2.3945,1.19,2.152,0.961957205465182,1.5383224788151486
5255,0.05,0.25,0.7,0.0,0.25,0.75,2.3945,1.19,2.14,0.9628755853724924,1.5798255374365702
5256,0.05,0.25,0.7,0.0,0.3,0.7,2.3945,1.19,2.128,0.9638006081724416,1.6608437155705769
5270,0.05,0.25,0.7,0.05,0.0,0.95,2.3945,1.19,2.1805,0.959802261957708,1.5383224788151486
5271,0.05,0.25,0.7,0.05,0.05,0.9,2.3945,1.19,2.1685000000000003,0.9607051488921294,1.5383224788151486
5272,0.05,0.25,0.7,0.05,0.1,0.85,2.3945,1.19,2.1565000000000003,0.9616145110354032,1.5383224788151486
5273,0.05,0.25,0.7,0.05,0.15,0.8,2.3945,1.19,2.1445000000000003,0.9625304182953182,1.5443980353609994
5274,0.05,0.25,0.7,0.05,0.2,0.75,2.3945,1.19,2.1325000000000003,0.9634529415896164,1.6103876097269605
5275,0.05,0.25,0.7,0.05,0.25,0.7,2.3945,1.19,2.1205,0.9643821528642992,1.683086780400435
5289,0.05,0.25,0.7,0.1,0.0,0.9,2.3945,1.19,2.161,0.961272737002482,1.5383224788151486
5290,0.05,0.25,0.7,0.1,0.05,0.85,2.3945,1.19,2.149,0.9621861815876244,1.5383224788151486
5291,0.05,0.25,0.7,0.1,0.1,0.8,2.3945,1.19,2.1370000000000005,0.9631062154934896,1.5726837743180564
5292,0.05,0.25,0.7,0.1,0.15,0.75,2.3945,1.19,2.125,0.9640329102783112,1.647756398192358
5307,0.05,0.25,0.7,0.15,0.0,0.85,2.3945,1.19,2.1415,0.9627604260729938,1.5443980353609994
5308,0.05,0.25,0.7,0.15,0.05,0.8,2.3945,1.19,2.1295,0.9636846145768762,1.6078857394563746
5309,0.05,0.25,0.7,0.15,0.1,0.75,2.3945,1.19,2.1175,0.964615509210492,1.67284396407607
5324,0.05,0.25,0.7,0.2,0.0,0.8,2.3945,1.19,2.1220000000000003,0.964265633221329,1.6310641376195665
5325,0.05,0.25,0.7,0.2,0.05,0.75,2.3945,1.19,2.1100000000000003,0.9652007563196372,1.697983164341342
5340,0.05,0.25,0.7,0.25,0.0,0.75,2.3945,1.19,2.1025,0.9657886697026284,1.697983164341342
5460,0.05,0.3,0.65,0.0,0.0,1.0,2.376,1.19,2.2,0.954489861566266,1.5375558879060578
5461,0.05,0.3,0.65,0.0,0.05,0.95,2.376,1.19,2.188,0.955368664693725,1.5383224788151486
5462,0.05,0.3,0.65,0.0,0.1,0.9,2.376,1.19,2.176,0.9562537337971372,1.5383224788151486
5463,0.05,0.3,0.65,0.0,0.15,0.85,2.376,1.19,2.164,0.9571451361320588,1.5383224788151486
5464,0.05,0.3,0.65,0.0,0.2,0.8,2.376,1.19,2.152,0.958042939920014,1.5383224788151486
5465,0.05,0.3,0.65,0.0,0.25,0.75,2.376,1.19,2.14,0.9589472143659004,1.5798255374365702
5466,0.05,0.3,0.65,0.0,0.3,0.7,2.376,1.19,2.128,0.9598580296757714,1.6608437155705769
5480,0.05,0.3,0.65,0.05,0.0,0.95,2.376,1.19,2.1805,0.9559210943410484,1.5383224788151486
5481,0.05,0.3,0.65,0.05,0.05,0.9,2.376,1.19,2.1685000000000003,0.9568101137717032,1.5383224788151486
5482,0.05,0.3,0.65,0.05,0.1,0.85,2.376,1.19,2.1565000000000003,0.957705508958024,1.5383224788151486
5483,0.05,0.3,0.65,0.05,0.15,0.8,2.376,1.19,2.1445000000000003,0.9586073487340796,1.5443980353609994
5484,0.05,0.3,0.65,0.05,0.2,0.75,2.376,1.19,2.1325000000000003,0.9595157029283818,1.6103876097269605
5485,0.05,0.3,0.65,0.05,0.25,0.7,2.376,1.19,2.1205,0.9604306423819092,1.683086780400435
5499,0.05,0.3,0.65,0.1,0.0,0.9,2.376,1.19,2.161,0.9573689842564506,1.5383224788151486
5500,0.05,0.3,0.65,0.1,0.05,0.85,2.376,1.19,2.149,0.9582683991821286,1.5383224788151486
5501,0.05,0.3,0.65,0.1,0.1,0.8,2.376,1.19,2.1370000000000005,0.9591743022226896,1.5726837743180564
5502,0.05,0.3,0.65,0.1,0.15,0.75,2.376,1.19,2.125,0.9600867638373,1.647756398192358
5517,0.05,0.3,0.65,0.15,0.0,0.85,2.376,1.19,2.1415,0.9588338238061618,1.5443980353609994
5518,0.05,0.3,0.65,0.15,0.05,0.8,2.376,1.19,2.1295,0.9597438176339778,1.6078857394563746
5519,0.05,0.3,0.65,0.15,0.1,0.75,2.376,1.19,2.1175,0.9606604145916102,1.67284396407607
5534,0.05,0.3,0.65,0.2,0.0,0.8,2.376,1.19,2.1220000000000003,0.96031591237231,1.6310641376195665
5535,0.05,0.3,0.65,0.2,0.05,0.75,2.376,1.19,2.1100000000000003,0.9612366728493492,1.697983164341342
5550,0.05,0.3,0.65,0.25,0.0,0.75,2.376,1.19,2.1025,0.9618155564294466,1.697983164341342
5670,0.05,0.35,0.6,0.0,0.0,1.0,2.3575,1.19,2.2,0.950631019250056,1.5375558879060578
5671,0.05,0.35,0.6,0.0,0.05,0.95,2.3575,1.19,2.188,0.951496114234296,1.5383224788151486
5672,0.05,0.35,0.6,0.0,0.1,0.9,2.3575,1.19,2.176,0.9523673774537176,1.5383224788151486
5673,0.05,0.35,0.6,0.0,0.15,0.85,2.3575,1.19,2.164,0.9532448751147806,1.5383224788151486
5674,0.05,0.35,0.6,0.0,0.2,0.8,2.3575,1.19,2.152,0.954128674374846,1.5383224788151486
5675,0.05,0.35,0.6,0.0,0.25,0.75,2.3575,1.19,2.14,0.9550188433593086,1.5798255374365702
5676,0.05,0.35,0.6,0.0,0.3,0.7,2.3575,1.19,2.128,0.9559154511791016,1.6608437155705769
5690,0.05,0.35,0.6,0.05,0.0,0.95,2.3575,1.19,2.1805,0.9520399267243888,1.5383224788151486
5691,0.05,0.35,0.6,0.05,0.05,0.9,2.3575,1.19,2.1685000000000003,0.9529150786512768,1.5383224788151486
5692,0.05,0.35,0.6,0.05,0.1,0.85,2.3575,1.19,2.1565000000000003,0.953796506880644,1.5383224788151486
5693,0.05,0.35,0.6,0.05,0.15,0.8,2.3575,1.19,2.1445000000000003,0.9546842791728406,1.5443980353609994
5694,0.05,0.35,0.6,0.05,0.2,0.75,2.3575,1.19,2.1325000000000003,0.9555784642671478,1.6103876097269605
5695,0.05,0.35,0.6,0.05,0.25,0.7,2.3575,1.19,2.1205,0.9564791318995196,1.683086780400435
5709,0.05,0.35,0.6,0.1,0.0,0.9,2.3575,1.19,2.161,0.9534652315104192,1.5383224788151486
5710,0.05,0.35,0.6,0.1,0.05,0.85,2.3575,1.19,2.149,0.9543506167766326,1.5383224788151486
5711,0.05,0.35,0.6,0.1,0.1,0.8,2.3575,1.19,2.1370000000000005,0.9552423889518898,1.5726837743180564
5712,0.05,0.35,0.6,0.1,0.15,0.75,2.3575,1.19,2.125,0.9561406173962892,1.647756398192358
5727,0.05,0.35,0.6,0.15,0.0,0.85,2.3575,1.19,2.1415,0.9549072215393298,1.5443980353609994
5728,0.05,0.35,0.6,0.15,0.05,0.8,2.3575,1.19,2.1295,0.9558030206910796,1.6078857394563746
5729,0.05,0.35,0.6,0.15,0.1,0.75,2.3575,1.19,2.1175,0.9567053199727286,1.67284396407607
5744,0.05,0.35,0.6,0.2,0.0,0.8,2.3575,1.19,2.1220000000000003,0.9563661915232908,1.6310641376195665
5745,0.05,0.35,0.6,0.2,0.05,0.75,2.3575,1.19,2.1100000000000003,0.9572725893790608,1.697983164341342
5760,0.05,0.35,0.6,0.25,0.0,0.75,2.3575,1.19,2.1025,0.9578424431562648,1.697983164341342
5880,0.05,0.4,0.55,0.0,0.0,1.0,2.339,1.19,2.2,0.9467721769338462,1.5375558879060578
5881,0.05,0.4,0.55,0.0,0.05,0.95,2.339,1.19,2.188,0.9476235637748668,1.5383224788151486
5882,0.05,0.4,0.55,0.0,0.1,0.9,2.339,1.19,2.176,0.9484810211102978,1.5383224788151486
5883,0.05,0.4,0.55,0.0,0.15,0.85,2.339,1.19,2.164,0.9493446140975024,1.5383224788151486
5884,0.05,0.4,0.55,0.0,0.2,0.8,2.339,1.19,2.152,0.950214408829678,1.5383224788151486
5885,0.05,0.4,0.55,0.0,0.25,0.75,2.339,1.19,2.14,0.9510904723527164,1.5798255374365702
5886,0.05,0.4,0.55,0.0,0.3,0.7,2.339,1.19,2.128,0.9519728726824316,1.6608437155705769
5900,0.05,0.4,0.55,0.05,0.0,0.95,2.339,1.19,2.1805,0.9481587591077292,1.5383224788151486
5901,0.05,0.4,0.55,0.05,0.05,0.9,2.339,1.19,2.1685000000000003,0.9490200435308508,1.5383224788151486
5902,0.05,0.4,0.55,0.05,0.1,0.85,2.339,1.19,2.1565000000000003,0.9498875048032642,1.5383224788151486
5903,0.05,0.4,0.55,0.05,0.15,0.8,2.339,1.19,2.1445000000000003,0.9507612096116016,1.5443980353609994
5904,0.05,0.4,0.55,0.05,0.2,0.75,2.339,1.19,2.1325000000000003,0.9516412256059136,1.6103876097269605
5905,0.05,0.4,0.55,0.05,0.25,0.7,2.339,1.19,2.1205,0.95252762141713,1.683086780400435
5919,0.05,0.4,0.55,0.1,0.0,0.9,2.339,1.19,2.161,0.949561478764388,1.5383224788151486
5920,0.05,0.4,0.55,0.1,0.05,0.85,2.339,1.19,2.149,0.9504328343711366,1.5383224788151486
5921,0.05,0.4,0.55,0.1,0.1,0.8,2.339,1.19,2.1370000000000005,0.95131047568109,1.5726837743180564
5922,0.05,0.4,0.55,0.1,0.15,0.75,2.339,1.19,2.125,0.9521944709552784,1.647756398192358
5937,0.05,0.4,0.55,0.15,0.0,0.85,2.339,1.19,2.1415,0.9509806192724976,1.5443980353609994
5938,0.05,0.4,0.55,0.15,0.05,0.8,2.339,1.19,2.1295,0.9518622237481812,1.6078857394563746
5939,0.05,0.4,0.55,0.15,0.1,0.75,2.339,1.19,2.1175,0.9527502253538468,1.67284396407607
5954,0.05,0.4,0.55,0.2,0.0,0.8,2.339,1.19,2.1220000000000003,0.9524164706742718,1.6310641376195665
5955,0.05,0.4,0.55,0.2,0.05,0.75,2.339,1.19,2.1100000000000003,0.9533085059087726,1.697983164341342
5970,0.05,0.4,0.55,0.25,0.0,0.75,2.339,1.19,2.1025,0.9538693298830828,1.697983164341342
6090,0.05,0.45,0.5,0.0,0.0,1.0,2.3205,1.19,2.2,0.9429133346176366,1.5375558879060578
6091,0.05,0.45,0.5,0.0,0.05,0.95,2.3205,1.19,2.188,0.943751013315438,1.5383224788151486
6092,0.05,0.45,0.5,0.0,0.1,0.9,2.3205,1.19,2.176,0.9445946647668778,1.5383224788151486
6093,0.05,0.45,0.5,0.0,0.15,0.85,2.3205,1.19,2.164,0.9454443530802245,1.5383224788151486
6094,0.05,0.45,0.5,0.0,0.2,0.8,2.3205,1.19,2.152,0.9463001432845104,1.5383224788151486
6095,0.05,0.45,0.5,0.0,0.25,0.75,2.3205,1.19,2.14,0.9471621013461246,1.5798255374365702
6096,0.05,0.45,0.5,0.0,0.3,0.7,2.3205,1.19,2.128,0.9480302941857616,1.6608437155705769
6110,0.05,0.45,0.5,0.05,0.0,0.95,2.3205,1.19,2.1805,0.9442775914910696,1.5383224788151486
6111,0.05,0.45,0.5,0.05,0.05,0.9,2.3205,1.19,2.1685000000000003,0.9451250084104248,1.5383224788151486
6112,0.05,0.45,0.5,0.05,0.1,0.85,2.3205,1.19,2.1565000000000003,0.9459785027258848,1.5383224788151486
6113,0.05,0.45,0.5,0.05,0.15,0.8,2.3205,1.19,2.1445000000000003,0.9468381400503626,1.5443980353609994
6114,0.05,0.45,0.5,0.05,0.2,0.75,2.3205,1.19,2.1325000000000003,0.9477039869446788,1.6103876097269605
6115,0.05,0.45,0.5,0.05,0.25,0.7,2.3205,1.19,2.1205,0.94857611093474,1.683086780400435
6129,0.05,0.45,0.5,0.1,0.0,0.9,2.3205,1.19,2.161,0.9456577260183566,1.5383224788151486
6130,0.05,0.45,0.5,0.1,0.05,0.85,2.3205,1.19,2.149,0.9465150519656408,1.5383224788151486
6131,0.05,0.45,0.5,0.1,0.1,0.8,2.3205,1.19,2.1370000000000005,0.9473785624102902,1.5726837743180564
6132,0.05,0.45,0.5,0.1,0.15,0.75,2.3205,1.19,2.125,0.9482483245142675,1.647756398192358
6147,0.05,0.45,0.5,0.15,0.0,0.85,2.3205,1.19,2.1415,0.9470540170056654,1.5443980353609994
6148,0.05,0.45,0.5,0.15,0.05,0.8,2.3205,1.19,2.1295,0.9479214268052828,1.6078857394563746
6149,0.05,0.45,0.5,0.15,0.1,0.75,2.3205,1.19,2.1175,0.9487951307349654,1.67284396407607
6164,0.05,0.45,0.5,0.2,0.0,0.8,2.3205,1.19,2.1220000000000003,0.9484667498252528,1.6310641376195665
6165,0.05,0.45,0.5,0.2,0.05,0.75,2.3205,1.19,2.1100000000000003,0.9493444224384844,1.697983164341342
6180,0.05,0.45,0.5,0.25,0.0,0.75,2.3205,1.19,2.1025,0.9498962166099012,1.697983164341342
6300,0.05,0.5,0.45,0.0,0.0,1.0,2.302,1.19,2.2,0.9390544923014268,1.5375558879060578
6301,0.05,0.5,0.45,0.0,0.05,0.95,2.302,1.19,2.188,0.9398784628560088,1.5383224788151486
6302,0.05,0.5,0.45,0.0,0.1,0.9,2.302,1.19,2.176,0.940708308423458,1.5383224788151486
6303,0.05,0.5,0.45,0.0,0.15,0.85,2.302,1.19,2.164,0.9415440920629458,1.5383224788151486
6304,0.05,0.5,0.45,0.0,0.2,0.8,2.302,1.19,2.152,0.9423858777393423,1.5383224788151486
6305,0.05,0.5,0.45,0.0,0.25,0.75,2.302,1.19,2.14,0.9432337303395328,1.5798255374365702
6306,0.05,0.5,0.45,0.0,0.3,0.7,2.302,1.19,2.128,0.9440877156890912,1.6608437155705769
6320,0.05,0.5,0.45,0.05,0.0,0.95,2.302,1.19,2.1805,0.94039642387441,1.5383224788151486
6321,0.05,0.5,0.45,0.05,0.05,0.9,2.302,1.19,2.1685000000000003,0.9412299732899984,1.5383224788151486
6322,0.05,0.5,0.45,0.05,0.1,0.85,2.302,1.19,2.1565000000000003,0.9420695006485048,1.5383224788151486
6323,0.05,0.5,0.45,0.05,0.15,0.8,2.302,1.19,2.1445000000000003,0.9429150704891238,1.5443980353609994
6324,0.05,0.5,0.45,0.05,0.2,0.75,2.302,1.19,2.1325000000000003,0.9437667482834444,1.6103876097269605
6325,0.05,0.5,0.45,0.05,0.25,0.7,2.302,1.19,2.1205,0.9446246004523504,1.683086780400435
6339,0.05,0.5,0.45,0.1,0.0,0.9,2.302,1.19,2.161,0.9417539732723248,1.5383224788151486
6340,0.05,0.5,0.45,0.1,0.05,0.85,2.302,1.19,2.149,0.9425972695601444,1.5383224788151486
6341,0.05,0.5,0.45,0.1,0.1,0.8,2.302,1.19,2.1370000000000005,0.9434466491394904,1.5726837743180564
6342,0.05,0.5,0.45,0.1,0.15,0.75,2.302,1.19,2.125,0.9443021780732566,1.647756398192358
6357,0.05,0.5,0.45,0.15,0.0,0.85,2.302,1.19,2.1415,0.9431274147388334,1.5443980353609994
6358,0.05,0.5,0.45,0.15,0.05,0.8,2.302,1.19,2.1295,0.9439806298623844,1.6078857394563746
6359,0.05,0.5,0.45,0.15,0.1,0.75,2.302,1.19,2.1175,0.9448400361160834,1.67284396407607
6374,0.05,0.5,0.45,0.2,0.0,0.8,2.302,1.19,2.1220000000000003,0.9445170289762336,1.6310641376195665
6375,0.05,0.5,0.45,0.2,0.05,0.75,2.302,1.19,2.1100000000000003,0.9453803389681962,1.697983164341342
6390,0.05,0.5,0.45,0.25,0.0,0.75,2.302,1.19,2.1025,0.9459231033367193,1.697983164341342
6510,0.05,0.55,0.4,0.0,0.0,1.0,2.2835,1.19,2.2,0.935195649985217,1.538398061819101
6511,0.05,0.55,0.4,0.0,0.05,0.95,2.2835,1.19,2.188,0.93600591239658,1.5391646527281921
6512,0.05,0.55,0.4,0.0,0.1,0.9,2.2835,1.19,2.176,0.9368219520800384,1.5383224788151486
6513,0.05,0.55,0.4,0.0,0.15,0.85,2.2835,1.19,2.164,0.9376438310456678,1.5383224788151486
6514,0.05,0.55,0.4,0.0,0.2,0.8,2.2835,1.19,2.152,0.9384716121941746,1.5383224788151486
6515,0.05,0.55,0.4,0.0,0.25,0.75,2.2835,1.19,2.14,0.9393053593329408,1.5798255374365702
6516,0.05,0.55,0.4,0.0,0.3,0.7,2.2835,1.19,2.128,0.9401451371924214,1.6608437155705769
6530,0.05,0.55,0.4,0.05,0.0,0.95,2.2835,1.19,2.1805,0.9365152562577506,1.5391646527281921
6531,0.05,0.55,0.4,0.05,0.05,0.9,2.2835,1.19,2.1685000000000003,0.9373349381695724,1.5383224788151486
6532,0.05,0.55,0.4,0.05,0.1,0.85,2.2835,1.19,2.1565000000000003,0.9381604985711254,1.5383224788151486
6533,0.05,0.55,0.4,0.05,0.15,0.8,2.2835,1.19,2.1445000000000003,0.938992000927885,1.5443980353609994
6534,0.05,0.55,0.4,0.05,0.2,0.75,2.2835,1.19,2.1325000000000003,0.9398295096222102,1.6103876097269605
6535,0.05,0.55,0.4,0.05,0.25,0.7,2.2835,1.19,2.1205,0.9406730899699608,1.683086780400435
6549,0.05,0.55,0.4,0.1,0.0,0.9,2.2835,1.19,2.161,0.9378502205262936,1.5383224788151486
6550,0.05,0.55,0.4,0.1,0.05,0.85,2.2835,1.19,2.149,0.9386794871546486,1.5383224788151486
6551,0.05,0.55,0.4,0.1,0.1,0.8,2.2835,1.19,2.1370000000000005,0.9395147358686904,1.5726837743180564
6552,0.05,0.55,0.4,0.1,0.15,0.75,2.2835,1.19,2.125,0.9403560316322458,1.647756398192358
6567,0.05,0.55,0.4,0.15,0.0,0.85,2.2835,1.19,2.1415,0.9392008124720016,1.5443980353609994
6568,0.05,0.55,0.4,0.15,0.05,0.8,2.2835,1.19,2.1295,0.940039832919486,1.6078857394563746
6569,0.05,0.55,0.4,0.15,0.1,0.75,2.2835,1.19,2.1175,0.9408849414972018,1.67284396407607
6584,0.05,0.55,0.4,0.2,0.0,0.8,2.2835,1.19,2.1220000000000003,0.9405673081272146,1.6310641376195665
6585,0.05,0.55,0.4,0.2,0.05,0.75,2.2835,1.19,2.1100000000000003,0.941416255497908,1.697983164341342
6600,0.05,0.55,0.4,0.25,0.0,0.75,2.2835,1.19,2.1025,0.9419499900635376,1.697983164341342
6720,0.05,0.6,0.35,0.0,0.0,1.0,2.265,1.19,2.2,0.9313368076690072,1.538398061819101
6721,0.05,0.6,0.35,0.0,0.05,0.95,2.265,1.19,2.188,0.9321333619371508,1.5391646527281921
6722,0.05,0.6,0.35,0.0,0.1,0.9,2.265,1.19,2.176,0.9329355957366182,1.5391646527281921
6723,0.05,0.6,0.35,0.0,0.15,0.85,2.265,1.19,2.164,0.9337435700283896,1.5391646527281921
6724,0.05,0.6,0.35,0.0,0.2,0.8,2.265,1.19,2.152,0.9345573466490066,1.5391646527281921
6725,0.05,0.6,0.35,0.0,0.25,0.75,2.265,1.19,2.14,0.9353769883263487,1.5806677113496135
6726,0.05,0.6,0.35,0.0,0.3,0.7,2.265,1.19,2.128,0.9362025586957512,1.6608437155705769
6740,0.05,0.6,0.35,0.05,0.0,0.95,2.265,1.19,2.1805,0.9326340886410908,1.5391646527281921
6741,0.05,0.6,0.35,0.05,0.05,0.9,2.265,1.19,2.1685000000000003,0.9334399030491464,1.5391646527281921
6742,0.05,0.6,0.35,0.05,0.1,0.85,2.265,1.19,2.1565000000000003,0.9342514964937456,1.5391646527281921
6743,0.05,0.6,0.35,0.05,0.15,0.8,2.265,1.19,2.1445000000000003,0.9350689313666458,1.5452402092740427
6744,0.05,0.6,0.35,0.05,0.2,0.75,2.265,1.19,2.1325000000000003,0.935892270960976,1.611229783640004
6745,0.05,0.6,0.35,0.05,0.25,0.7,2.265,1.19,2.1205,0.9367215794875712,1.683086780400435
6759,0.05,0.6,0.35,0.1,0.0,0.9,2.265,1.19,2.161,0.9339464677802624,1.5391646527281921
6760,0.05,0.6,0.35,0.1,0.05,0.85,2.265,1.19,2.149,0.9347617047491524,1.5391646527281921
6761,0.05,0.6,0.35,0.1,0.1,0.8,2.265,1.19,2.1370000000000005,0.9355828225978904,1.5735259482311
6762,0.05,0.6,0.35,0.1,0.15,0.75,2.265,1.19,2.125,0.9364098851912348,1.647756398192358
6777,0.05,0.6,0.35,0.15,0.0,0.85,2.265,1.19,2.1415,0.9352742102051692,1.5452402092740427
6778,0.05,0.6,0.35,0.15,0.05,0.8,2.265,1.19,2.1295,0.9360990359765876,1.6078857394563746
6779,0.05,0.6,0.35,0.15,0.1,0.75,2.265,1.19,2.1175,0.9369298468783204,1.67284396407607
6794,0.05,0.6,0.35,0.2,0.0,0.8,2.265,1.19,2.1220000000000003,0.9366175872781956,1.6310641376195665
6795,0.05,0.6,0.35,0.2,0.05,0.75,2.265,1.19,2.1100000000000003,0.9374521720276195,1.697983164341342
6810,0.05,0.6,0.35,0.25,0.0,0.75,2.265,1.19,2.1025,0.9379768767903556,1.697983164341342
6930,0.05,0.65,0.3,0.0,0.0,1.0,2.2465,1.19,2.2,0.9274779653527976,1.538398061819101
6931,0.05,0.65,0.3,0.0,0.05,0.95,2.2465,1.19,2.188,0.928260811477722,1.5391646527281921
6932,0.05,0.65,0.3,0.0,0.1,0.9,2.2465,1.19,2.176,0.9290492393931984,1.5391646527281921
6933,0.05,0.65,0.3,0.0,0.15,0.85,2.2465,1.19,2.164,0.9298433090111116,1.5391646527281921
6934,0.05,0.65,0.3,0.0,0.2,0.8,2.2465,1.19,2.152,0.9306430811038388,1.5391646527281921
6935,0.05,0.65,0.3,0.0,0.25,0.75,2.2465,1.19,2.14,0.9314486173197568,1.5806677113496135
6936,0.05,0.65,0.3,0.0,0.3,0.7,2.2465,1.19,2.128,0.9322599801990814,1.6608437155705769
6950,0.05,0.65,0.3,0.05,0.0,0.95,2.2465,1.19,2.1805,0.9287529210244312,1.5391646527281921
6951,0.05,0.65,0.3,0.05,0.05,0.9,2.2465,1.19,2.1685000000000003,0.9295448679287204,1.5391646527281921
6952,0.05,0.65,0.3,0.05,0.1,0.85,2.2465,1.19,2.1565000000000003,0.930342494416366,1.5391646527281921
6953,0.05,0.65,0.3,0.05,0.15,0.8,2.2465,1.19,2.1445000000000003,0.931145861805407,1.5452402092740427
6954,0.05,0.65,0.3,0.05,0.2,0.75,2.2465,1.19,2.1325000000000003,0.9319550322997416,1.611229783640004
6955,0.05,0.65,0.3,0.05,0.25,0.7,2.2465,1.19,2.1205,0.9327700690051814,1.683086780400435
6969,0.05,0.65,0.3,0.1,0.0,0.9,2.2465,1.19,2.161,0.9300427150342312,1.5391646527281921
6970,0.05,0.65,0.3,0.1,0.05,0.85,2.2465,1.19,2.149,0.9308439223436566,1.5391646527281921
6971,0.05,0.65,0.3,0.1,0.1,0.8,2.2465,1.19,2.1370000000000005,0.9316509093270908,1.5735259482311
6972,0.05,0.65,0.3,0.1,0.15,0.75,2.2465,1.19,2.125,0.932463738750224,1.647756398192358
6987,0.05,0.65,0.3,0.15,0.0,0.85,2.2465,1.19,2.1415,0.9313476079383372,1.5452402092740427
6988,0.05,0.65,0.3,0.15,0.05,0.8,2.2465,1.19,2.1295,0.9321582390336892,1.6078857394563746
6989,0.05,0.65,0.3,0.15,0.1,0.75,2.2465,1.19,2.1175,0.9329747522594388,1.67284396407607
7004,0.05,0.65,0.3,0.2,0.0,0.8,2.2465,1.19,2.1220000000000003,0.9326678664291768,1.6310641376195665
7005,0.05,0.65,0.3,0.2,0.05,0.75,2.2465,1.19,2.1100000000000003,0.9334880885573316,1.697983164341342
7020,0.05,0.65,0.3,0.25,0.0,0.75,2.2465,1.19,2.1025,0.934003763517174,1.697983164341342
7140,0.05,0.7,0.25,0.0,0.0,1.0,2.228,1.19,2.2,0.9236191230365876,1.538398061819101
7141,0.05,0.7,0.25,0.0,0.05,0.95,2.228,1.19,2.188,0.924388261018293,1.5391646527281921
7142,0.05,0.7,0.25,0.0,0.1,0.9,2.228,1.19,2.176,0.9251628830497788,1.5391646527281921
7143,0.05,0.7,0.25,0.0,0.15,0.85,2.228,1.19,2.164,0.9259430479938332,1.5391646527281921
7144,0.05,0.7,0.25,0.0,0.2,0.8,2.228,1.19,2.152,0.9267288155586708,1.5391646527281921
7145,0.05,0.7,0.25,0.0,0.25,0.75,2.228,1.19,2.14,0.9275202463131652,1.5806677113496135
7146,0.05,0.7,0.25,0.0,0.3,0.7,2.228,1.19,2.128,0.9283174017024112,1.6608437155705769
7160,0.05,0.7,0.25,0.05,0.0,0.95,2.228,1.19,2.1805,0.9248717534077718,1.5391646527281921
7161,0.05,0.7,0.25,0.05,0.05,0.9,2.228,1.19,2.1685000000000003,0.925649832808294,1.5391646527281921
7162,0.05,0.7,0.25,0.05,0.1,0.85,2.228,1.19,2.1565000000000003,0.9264334923389862,1.5391646527281921
7163,0.05,0.7,0.25,0.05,0.15,0.8,2.228,1.19,2.1445000000000003,0.927222792244168,1.5452402092740427
7164,0.05,0.7,0.25,0.05,0.2,0.75,2.228,1.19,2.1325000000000003,0.9280177936385072,1.611229783640004
7165,0.05,0.7,0.25,0.05,0.25,0.7,2.228,1.19,2.1205,0.9288185585227916,1.683086780400435
7179,0.05,0.7,0.25,0.1,0.0,0.9,2.228,1.19,2.161,0.9261389622881994,1.5391646527281921
7180,0.05,0.7,0.25,0.1,0.05,0.85,2.228,1.19,2.149,0.9269261399381606,1.5391646527281921
7181,0.05,0.7,0.25,0.1,0.1,0.8,2.228,1.19,2.1370000000000005,0.9277189960562908,1.5735259482311
7182,0.05,0.7,0.25,0.1,0.15,0.75,2.228,1.19,2.125,0.9285175923092128,1.647756398192358
7197,0.05,0.7,0.25,0.15,0.0,0.85,2.228,1.19,2.1415,0.9274210056715052,1.5452402092740427
7198,0.05,0.7,0.25,0.15,0.05,0.8,2.228,1.19,2.1295,0.9282174420907908,1.6078857394563746
7199,0.05,0.7,0.25,0.15,0.1,0.75,2.228,1.19,2.1175,0.9290196576405568,1.67284396407607
7214,0.05,0.7,0.25,0.2,0.0,0.8,2.228,1.19,2.1220000000000003,0.9287181455801572,1.6310641376195665
7215,0.05,0.7,0.25,0.2,0.05,0.75,2.228,1.19,2.1100000000000003,0.9295240050870432,1.697983164341342
7230,0.05,0.7,0.25,0.25,0.0,0.75,2.228,1.19,2.1025,0.930030650243992,1.697983164341342
7350,0.05,0.75,0.2,0.0,0.0,1.0,2.2095,1.19,2.2,0.919760280720378,1.538398061819101
7351,0.05,0.75,0.2,0.0,0.05,0.95,2.2095,1.19,2.188,0.920515710558864,1.5391646527281921
7352,0.05,0.75,0.2,0.0,0.1,0.9,2.2095,1.19,2.176,0.921276526706359,1.5391646527281921
7353,0.05,0.75,0.2,0.0,0.15,0.85,2.2095,1.19,2.164,0.922042786976555,1.5391646527281921
7354,0.05,0.75,0.2,0.0,0.2,0.8,2.2095,1.19,2.152,0.922814550013503,1.5391646527281921
7355,0.05,0.75,0.2,0.0,0.25,0.75,2.2095,1.19,2.14,0.9235918753065732,1.5806677113496135
7356,0.05,0.75,0.2,0.0,0.3,0.7,2.2095,1.19,2.128,0.9243748232057414,1.6608437155705769
7370,0.05,0.75,0.2,0.05,0.0,0.95,2.2095,1.19,2.1805,0.9209905857911124,1.5391646527281921
7371,0.05,0.75,0.2,0.05,0.05,0.9,2.2095,1.19,2.1685000000000003,0.921754797687868,1.5391646527281921
7372,0.05,0.75,0.2,0.05,0.1,0.85,2.2095,1.19,2.1565000000000003,0.9225244902616064,1.5391646527281921
7373,0.05,0.75,0.2,0.05,0.15,0.8,2.2095,1.19,2.1445000000000003,0.9232997226829296,1.5452402092740427
7374,0.05,0.75,0.2,0.05,0.2,0.75,2.2095,1.19,2.1325000000000003,0.9240805549772728,1.611229783640004
7375,0.05,0.75,0.2,0.05,0.25,0.7,2.2095,1.19,2.1205,0.924867048040402,1.683086780400435
7389,0.05,0.75,0.2,0.1,0.0,0.9,2.2095,1.19,2.161,0.9222352095421684,1.5391646527281921
7390,0.05,0.75,0.2,0.1,0.05,0.85,2.2095,1.19,2.149,0.9230083575326647,1.5391646527281921
7391,0.05,0.75,0.2,0.1,0.1,0.8,2.2095,1.19,2.1370000000000005,0.923787082785491,1.5735259482311
7392,0.05,0.75,0.2,0.1,0.15,0.75,2.2095,1.19,2.125,0.9245714458682022,1.647756398192358
7407,0.05,0.75,0.2,0.15,0.0,0.85,2.2095,1.19,2.1415,0.9234944034046731,1.5452402092740427
7408,0.05,0.75,0.2,0.15,0.05,0.8,2.2095,1.19,2.1295,0.9242766451478928,1.6078857394563746
7409,0.05,0.75,0.2,0.15,0.1,0.75,2.2095,1.19,2.1175,0.9250645630216752,1.67284396407607
7424,0.05,0.75,0.2,0.2,0.0,0.8,2.2095,1.19,2.1220000000000003,0.9247684247311384,1.6310641376195665
7425,0.05,0.75,0.2,0.2,0.05,0.75,2.2095,1.19,2.1100000000000003,0.9255599216167552,1.697983164341342
7440,0.05,0.75,0.2,0.25,0.0,0.75,2.2095,1.19,2.1025,0.9260575369708104,1.697983164341342
7560,0.05,0.8,0.15,0.0,0.0,1.0,2.191,1.19,2.2,0.915901438404168,1.5541091551190334
7561,0.05,0.8,0.15,0.0,0.05,0.95,2.191,1.19,2.188,0.9166431600994348,1.5548757460281244
7562,0.05,0.8,0.15,0.0,0.1,0.9,2.191,1.19,2.176,0.917390170362939,1.5548757460281244
7563,0.05,0.8,0.15,0.0,0.15,0.85,2.191,1.19,2.164,0.9181425259592768,1.5408813544825783
7564,0.05,0.8,0.15,0.0,0.2,0.8,2.191,1.19,2.152,0.918900284468335,1.5408813544825783
7565,0.05,0.8,0.15,0.0,0.25,0.75,2.191,1.19,2.14,0.919663504299981,1.5806677113496135
7566,0.05,0.8,0.15,0.0,0.3,0.7,2.191,1.19,2.128,0.9204322447090711,1.6608437155705769
7580,0.05,0.8,0.15,0.05,0.0,0.95,2.191,1.19,2.1805,0.9171094181744524,1.5548757460281244
7581,0.05,0.8,0.15,0.05,0.05,0.9,2.191,1.19,2.1685000000000003,0.917859762567442,1.5509719367589623
7582,0.05,0.8,0.15,0.05,0.1,0.85,2.191,1.19,2.1565000000000003,0.9186154881842268,1.5408813544825783
7583,0.05,0.8,0.15,0.05,0.15,0.8,2.191,1.19,2.1445000000000003,0.9193766531216904,1.5469569110284291
7584,0.05,0.8,0.15,0.05,0.2,0.75,2.191,1.19,2.1325000000000003,0.9201433163160384,1.611229783640004
7585,0.05,0.8,0.15,0.05,0.25,0.7,2.191,1.19,2.1205,0.920915537558012,1.683086780400435
7599,0.05,0.8,0.15,0.1,0.0,0.9,2.191,1.19,2.161,0.918331456796137,1.5408813544825783
7600,0.05,0.8,0.15,0.1,0.05,0.85,2.191,1.19,2.149,0.9190905751271686,1.5408813544825783
7601,0.05,0.8,0.15,0.1,0.1,0.8,2.191,1.19,2.1370000000000005,0.9198551695146912,1.5735259482311
7602,0.05,0.8,0.15,0.1,0.15,0.75,2.191,1.19,2.125,0.9206252994271912,1.647756398192358
7617,0.05,0.8,0.15,0.15,0.0,0.85,2.191,1.19,2.1415,0.9195678011378408,1.5469569110284291
7618,0.05,0.8,0.15,0.15,0.05,0.8,2.191,1.19,2.1295,0.9203358482049944,1.6078857394563746
7619,0.05,0.8,0.15,0.15,0.1,0.75,2.191,1.19,2.1175,0.9211094684027936,1.67284396407607
7634,0.05,0.8,0.15,0.2,0.0,0.8,2.191,1.19,2.1220000000000003,0.9208187038821194,1.6310641376195665
7635,0.05,0.8,0.15,0.2,0.05,0.75,2.191,1.19,2.1100000000000003,0.9215958381464668,1.697983164341342
7650,0.05,0.8,0.15,0.25,0.0,0.75,2.191,1.19,2.1025,0.9220844236976284,1.697983164341342
7770,0.05,0.85,0.1,0.0,0.0,1.0,2.1725,1.19,2.2,0.9120425960879583,1.5835798691917702
7771,0.05,0.85,0.1,0.0,0.05,0.95,2.1725,1.19,2.188,0.912770609640006,1.5843464601008612
7772,0.05,0.85,0.1,0.0,0.1,0.9,2.1725,1.19,2.176,0.9135038140195192,1.5835350407460222
7773,0.05,0.85,0.1,0.0,0.15,0.85,2.1725,1.19,2.164,0.9142422649419986,1.5548757460281244
7774,0.05,0.85,0.1,0.0,0.2,0.8,2.1725,1.19,2.152,0.9149860189231672,1.5548757460281244
7775,0.05,0.85,0.1,0.0,0.25,0.75,2.1725,1.19,2.14,0.9157351332933892,1.5927964632872043
7776,0.05,0.85,0.1,0.0,0.3,0.7,2.1725,1.19,2.128,0.9164896662124012,1.6633501852675467
7790,0.05,0.85,0.1,0.05,0.0,0.95,2.1725,1.19,2.1805,0.9132282505577928,1.5843464601008612
7791,0.05,0.85,0.1,0.05,0.05,0.9,2.1725,1.19,2.1685000000000003,0.9139647274470158,1.5835350407460222
7792,0.05,0.85,0.1,0.05,0.1,0.85,2.1725,1.19,2.1565000000000003,0.9147064861068472,1.5548757460281244
7793,0.05,0.85,0.1,0.05,0.15,0.8,2.1725,1.19,2.1445000000000003,0.9154535835604516,1.5597127311454038
7794,0.05,0.85,0.1,0.05,0.2,0.75,2.1725,1.19,2.1325000000000003,0.916206077654804,1.621137028869648
7795,0.05,0.85,0.1,0.05,0.25,0.7,2.1725,1.19,2.1205,0.9169640270756224,1.685593250097405
7809,0.05,0.85,0.1,0.1,0.0,0.9,2.1725,1.19,2.161,0.9144277040501054,1.5548757460281244
7810,0.05,0.85,0.1,0.1,0.05,0.85,2.1725,1.19,2.149,0.9151727927216728,1.5548757460281244
7811,0.05,0.85,0.1,0.1,0.1,0.8,2.1725,1.19,2.1370000000000005,0.9159232562438911,1.5857769633945142
7812,0.05,0.85,0.1,0.1,0.15,0.75,2.1725,1.19,2.125,0.9166791529861804,1.6547176669910257
7827,0.05,0.85,0.1,0.15,0.0,0.85,2.1725,1.19,2.1415,0.9156411988710088,1.5597127311454038
7828,0.05,0.85,0.1,0.15,0.05,0.8,2.1725,1.19,2.1295,0.9163950512620958,1.6171907781888126
7829,0.05,0.85,0.1,0.15,0.1,0.75,2.1725,1.19,2.1175,0.917154373783912,1.6787275662080712
7844,0.05,0.85,0.1,0.2,0.0,0.8,2.1725,1.19,2.1220000000000003,0.9168689830331002,1.6403691763520043
7860,0.05,0.85,0.1,0.25,0.0,0.75,2.1725,1.19,2.1025,0.9181113104244468,1.6987560064466054
7980,0.05,0.9,0.05,0.0,0.0,1.0,2.1540000000000004,1.19,2.2,0.9081837537717488,1.5847033136362145
7981,0.05,0.9,0.05,0.0,0.05,0.95,2.1540000000000004,1.19,2.188,0.9088980591805772,1.5843464601008612
7982,0.05,0.9,0.05,0.0,0.1,0.9,2.1540000000000004,1.19,2.176,0.9096174576760994,1.5843464601008612
7983,0.05,0.9,0.05,0.0,0.15,0.85,2.1540000000000004,1.19,2.164,0.9103420039247204,1.5843464601008612
7984,0.05,0.9,0.05,0.0,0.2,0.8,2.1540000000000004,1.19,2.152,0.9110717533779994,1.5843464601008612
7985,0.05,0.9,0.05,0.0,0.25,0.75,2.1540000000000004,1.19,2.14,0.9118067622867974,1.6128948020020781
7986,0.05,0.9,0.05,0.0,0.3,0.7,2.1540000000000004,1.19,2.128,0.9125470877157312,1.6724998149901966
8000,0.05,0.9,0.05,0.05,0.0,0.95,2.1540000000000004,1.19,2.1805,0.9093470829411334,1.5843464601008612
8001,0.05,0.9,0.05,0.05,0.05,0.9,2.1540000000000004,1.19,2.1685000000000003,0.91006969232659,1.5843464601008612
8002,0.05,0.9,0.05,0.05,0.1,0.85,2.1540000000000004,1.19,2.1565000000000003,0.9107974840294676,1.5843464601008612
8003,0.05,0.9,0.05,0.05,0.15,0.8,2.1540000000000004,1.19,2.1445000000000003,0.9115305139992128,1.5870507499776512
8004,0.05,0.9,0.05,0.05,0.2,0.75,2.1540000000000004,1.19,2.1325000000000003,0.9122688389935698,1.6355009373676872
8005,0.05,0.9,0.05,0.05,0.25,0.7,2.1540000000000004,1.19,2.1205,0.9130125165932328,1.6925815879648511
8019,0.05,0.9,0.05,0.1,0.0,0.9,2.1540000000000004,1.19,2.161,0.9105239513040742,1.5843464601008612
8020,0.05,0.9,0.05,0.1,0.05,0.85,2.1540000000000004,1.19,2.149,0.9112550103161768,1.5843464601008612
8021,0.05,0.9,0.05,0.1,0.1,0.8,2.1540000000000004,1.19,2.1370000000000005,0.9119913429730916,1.6086088853432605
8022,0.05,0.9,0.05,0.1,0.15,0.75,2.1540000000000004,1.19,2.125,0.9127330065451694,1.664153675242554
8037,0.05,0.9,0.05,0.15,0.0,0.85,2.1540000000000004,1.19,2.1415,0.9117145966041768,1.5870507499776512
8038,0.05,0.9,0.05,0.15,0.05,0.8,2.1540000000000004,1.19,2.1295,0.9124542543191976,1.634487428096176
8039,0.05,0.9,0.05,0.15,0.1,0.75,2.1540000000000004,1.19,2.1175,0.9131992791650304,1.6857524366894412
8054,0.05,0.9,0.05,0.2,0.0,0.8,2.1540000000000004,1.19,2.1220000000000003,0.9129192621840814,1.6555045344041641
8190,0.1,0.0,0.9,0.0,0.0,1.0,2.4439999999999995,1.19,2.2,0.968673714404226,1.5375558879060578
8191,0.1,0.0,0.9,0.0,0.05,0.95,2.4439999999999995,1.19,2.188,0.9696029042202748,1.5383224788151486
8192,0.1,0.0,0.9,0.0,0.1,0.9,2.4439999999999995,1.19,2.176,0.9705387192756532,1.5383224788151486
8193,0.1,0.0,0.9,0.0,0.15,0.85,2.4439999999999995,1.19,2.164,0.9714812306820544,1.5383224788151486
8194,0.1,0.0,0.9,0.0,0.2,0.8,2.4439999999999995,1.19,2.152,0.972430510572523,1.5383224788151486
8195,0.1,0.0,0.9,0.0,0.25,0.75,2.4439999999999995,1.19,2.14,0.9733866321198598,1.5798255374365702
8196,0.1,0.0,0.9,0.0,0.3,0.7,2.4439999999999995,1.19,2.128,0.9743496695554232,1.6608437155705769
8210,0.1,0.0,0.9,0.05,0.0,0.95,2.4439999999999995,1.19,2.1805,0.970187007742824,1.5383224788151486
8211,0.1,0.0,0.9,0.05,0.05,0.9,2.4439999999999995,1.19,2.1685000000000003,0.9711269996197558,1.5383224788151486
8212,0.1,0.0,0.9,0.05,0.1,0.85,2.4439999999999995,1.19,2.1565000000000003,0.972073732810014,1.5383224788151486
8213,0.1,0.0,0.9,0.05,0.15,0.8,2.4439999999999995,1.19,2.1445000000000003,0.9730272800943088,1.5443980353609994
8214,0.1,0.0,0.9,0.05,0.2,0.75,2.4439999999999995,1.19,2.1325000000000003,0.9739877153048108,1.6103876097269605
8215,0.1,0.0,0.9,0.05,0.25,0.7,2.4439999999999995,1.19,2.1205,0.9749551133442064,1.683086780400435
8229,0.1,0.0,0.9,0.1,0.0,0.9,2.4439999999999995,1.19,2.161,0.97171791326889,1.5383224788151486
8230,0.1,0.0,0.9,0.1,0.05,0.85,2.4439999999999995,1.19,2.149,0.9726688966726004,1.5383224788151486
8231,0.1,0.0,0.9,0.1,0.1,0.8,2.4439999999999995,1.19,2.1370000000000005,0.973626740191035,1.5726837743180564
8232,0.1,0.0,0.9,0.1,0.15,0.75,2.4439999999999995,1.19,2.125,0.974591518323178,1.647756398192358
8247,0.1,0.0,0.9,0.15,0.0,0.85,2.4439999999999995,1.19,2.1415,0.9732667402464096,1.5443980353609994
8248,0.1,0.0,0.9,0.15,0.05,0.8,2.4439999999999995,1.19,2.1295,0.9742289090997662,1.6078857394563746
8249,0.1,0.0,0.9,0.15,0.1,0.75,2.4439999999999995,1.19,2.1175,0.9751980596772294,1.67284396407607
8264,0.1,0.0,0.9,0.2,0.0,0.8,2.4439999999999995,1.19,2.1220000000000003,0.9748338052227584,1.6310641376195665
8265,0.1,0.0,0.9,0.2,0.05,0.75,2.4439999999999995,1.19,2.1100000000000003,0.9758073580374356,1.697983164341342
8280,0.1,0.0,0.9,0.25,0.0,0.75,2.4439999999999995,1.19,2.1025,0.9764194322443852,1.697983164341342
8400,0.1,0.05,0.85,0.0,0.0,1.0,2.4254999999999995,1.19,2.2,0.9648148720880162,1.5375558879060578
8401,0.1,0.05,0.85,0.0,0.05,0.95,2.4254999999999995,1.19,2.188,0.9657303537608456,1.5383224788151486
8402,0.1,0.05,0.85,0.0,0.1,0.9,2.4254999999999995,1.19,2.176,0.9666523629322336,1.5383224788151486
8403,0.1,0.05,0.85,0.0,0.15,0.85,2.4254999999999995,1.19,2.164,0.967580969664776,1.5383224788151486
8404,0.1,0.05,0.85,0.0,0.2,0.8,2.4254999999999995,1.19,2.152,0.9685162450273552,1.5383224788151486
8405,0.1,0.05,0.85,0.0,0.25,0.75,2.4254999999999995,1.19,2.14,0.969458261113268,1.5798255374365702
8406,0.1,0.05,0.85,0.0,0.3,0.7,2.4254999999999995,1.19,2.128,0.9704070910587532,1.6608437155705769
8420,0.1,0.05,0.85,0.05,0.0,0.95,2.4254999999999995,1.19,2.1805,0.9663058401261644,1.5383224788151486
8421,0.1,0.05,0.85,0.05,0.05,0.9,2.4254999999999995,1.19,2.1685000000000003,0.9672319644993296,1.5383224788151486
8422,0.1,0.05,0.85,0.05,0.1,0.85,2.4254999999999995,1.19,2.1565000000000003,0.9681647307326342,1.5383224788151486
8423,0.1,0.05,0.85,0.05,0.15,0.8,2.4254999999999995,1.19,2.1445000000000003,0.96910421053307,1.5443980353609994
8424,0.1,0.05,0.85,0.05,0.2,0.75,2.4254999999999995,1.19,2.1325000000000003,0.9700504766435766,1.6103876097269605
8425,0.1,0.05,0.85,0.05,0.25,0.7,2.4254999999999995,1.19,2.1205,0.9710036028618168,1.683086780400435
8439,0.1,0.05,0.85,0.1,0.0,0.9,2.4254999999999995,1.19,2.161,0.9678141605228586,1.5383224788151486
8440,0.1,0.05,0.85,0.1,0.05,0.85,2.4254999999999995,1.19,2.149,0.9687511142671044,1.5383224788151486
8441,0.1,0.05,0.85,0.1,0.1,0.8,2.4254999999999995,1.19,2.1370000000000005,0.9696948269202352,1.5726837743180564
8442,0.1,0.05,0.85,0.1,0.15,0.75,2.4254999999999995,1.19,2.125,0.9706453718821672,1.647756398192358
8457,0.1,0.05,0.85,0.15,0.0,0.85,2.4254999999999995,1.19,2.1415,0.9693401379795776,1.5443980353609994
8458,0.1,0.05,0.85,0.15,0.05,0.8,2.4254999999999995,1.19,2.1295,0.970288112156868,1.6078857394563746
8459,0.1,0.05,0.85,0.15,0.1,0.75,2.4254999999999995,1.19,2.1175,0.9712429650583476,1.67284396407607
8474,0.1,0.05,0.85,0.2,0.0,0.8,2.4254999999999995,1.19,2.1220000000000003,0.9708840843737392,1.6310641376195665
8475,0.1,0.05,0.85,0.2,0.05,0.75,2.4254999999999995,1.19,2.1100000000000003,0.9718432745671473,1.697983164341342
8490,0.1,0.05,0.85,0.25,0.0,0.75,2.4254999999999995,1.19,2.1025,0.9724463189712031,1.697983164341342
8610,0.1,0.1,0.8,0.0,0.0,1.0,2.407,1.19,2.2,0.9609560297718064,1.5375558879060578
8611,0.1,0.1,0.8,0.0,0.05,0.95,2.407,1.19,2.188,0.9618578033014168,1.5383224788151486
8612,0.1,0.1,0.8,0.0,0.1,0.9,2.407,1.19,2.176,0.9627660065888138,1.5383224788151486
8613,0.1,0.1,0.8,0.0,0.15,0.85,2.407,1.19,2.164,0.963680708647498,1.5383224788151486
8614,0.1,0.1,0.8,0.0,0.2,0.8,2.407,1.19,2.152,0.9646019794821872,1.5383224788151486
8615,0.1,0.1,0.8,0.0,0.25,0.75,2.407,1.19,2.14,0.965529890106676,1.5798255374365702
8616,0.1,0.1,0.8,0.0,0.3,0.7,2.407,1.19,2.128,0.9664645125620834,1.6608437155705769
8630,0.1,0.1,0.8,0.05,0.0,0.95,2.407,1.19,2.1805,0.962424672509505,1.5383224788151486
8631,0.1,0.1,0.8,0.05,0.05,0.9,2.407,1.19,2.1685000000000003,0.9633369293789036,1.5383224788151486
8632,0.1,0.1,0.8,0.05,0.1,0.85,2.407,1.19,2.1565000000000003,0.9642557286552546,1.5383224788151486
8633,0.1,0.1,0.8,0.05,0.15,0.8,2.407,1.19,2.1445000000000003,0.9651811409718312,1.5443980353609994
8634,0.1,0.1,0.8,0.05,0.2,0.75,2.407,1.19,2.1325000000000003,0.9661132379823424,1.6103876097269605
8635,0.1,0.1,0.8,0.05,0.25,0.7,2.407,1.19,2.1205,0.9670520923794272,1.683086780400435
8649,0.1,0.1,0.8,0.1,0.0,0.9,2.407,1.19,2.161,0.9639104077768272,1.5383224788151486
8650,0.1,0.1,0.8,0.1,0.05,0.85,2.407,1.19,2.149,0.9648333318616084,1.5383224788151486
8651,0.1,0.1,0.8,0.1,0.1,0.8,2.407,1.19,2.1370000000000005,0.9657629136494356,1.5726837743180564
8652,0.1,0.1,0.8,0.1,0.15,0.75,2.407,1.19,2.125,0.9666992254411564,1.647756398192358
8667,0.1,0.1,0.8,0.15,0.0,0.85,2.407,1.19,2.1415,0.9654135357127456,1.5443980353609994
8668,0.1,0.1,0.8,0.15,0.05,0.8,2.407,1.19,2.1295,0.9663473152139698,1.6078857394563746
8669,0.1,0.1,0.8,0.15,0.1,0.75,2.407,1.19,2.1175,0.967287870439466,1.67284396407607
8684,0.1,0.1,0.8,0.2,0.0,0.8,2.407,1.19,2.1220000000000003,0.96693436352472,1.6310641376195665
8685,0.1,0.1,0.8,0.2,0.05,0.75,2.407,1.19,2.1100000000000003,0.9678791910968592,1.697983164341342
8700,0.1,0.1,0.8,0.25,0.0,0.75,2.407,1.19,2.1025,0.9684732056980214,1.697983164341342
8820,0.1,0.15,0.75,0.0,0.0,1.0,2.3885,1.19,2.2,0.9570971874555968,1.5375558879060578
8821,0.1,0.15,0.75,0.0,0.05,0.95,2.3885,1.19,2.188,0.9579852528419875,1.5383224788151486
8822,0.1,0.15,0.75,0.0,0.1,0.9,2.3885,1.19,2.176,0.958879650245394,1.5383224788151486
8823,0.1,0.15,0.75,0.0,0.15,0.85,2.3885,1.19,2.164,0.95978044763022,1.5383224788151486
8824,0.1,0.15,0.75,0.0,0.2,0.8,2.3885,1.19,2.152,0.9606877139370192,1.5383224788151486
8825,0.1,0.15,0.75,0.0,0.25,0.75,2.3885,1.19,2.14,0.9616015191000842,1.5798255374365702
8826,0.1,0.15,0.75,0.0,0.3,0.7,2.3885,1.19,2.128,0.9625219340654134,1.6608437155705769
8840,0.1,0.15,0.75,0.05,0.0,0.95,2.3885,1.19,2.1805,0.9585435048928456,1.5383224788151486
8841,0.1,0.15,0.75,0.05,0.05,0.9,2.3885,1.19,2.1685000000000003,0.9594418942584776,1.5383224788151486
8842,0.1,0.15,0.75,0.05,0.1,0.85,2.3885,1.19,2.1565000000000003,0.9603467265778748,1.5383224788151486
8843,0.1,0.15,0.75,0.05,0.15,0.8,2.3885,1.19,2.1445000000000003,0.9612580714105924,1.5443980353609994
8844,0.1,0.15,0.75,0.05,0.2,0.75,2.3885,1.19,2.1325000000000003,0.962175999321108,1.6103876097269605
8845,0.1,0.15,0.75,0.05,0.25,0.7,2.3885,1.19,2.1205,0.9631005818970376,1.683086780400435
8859,0.1,0.15,0.75,0.1,0.0,0.9,2.3885,1.19,2.161,0.960006655030796,1.5383224788151486
8860,0.1,0.15,0.75,0.1,0.05,0.85,2.3885,1.19,2.149,0.9609155494561122,1.5383224788151486
8861,0.1,0.15,0.75,0.1,0.1,0.8,2.3885,1.19,2.1370000000000005,0.9618310003786356,1.5726837743180564
8862,0.1,0.15,0.75,0.1,0.15,0.75,2.3885,1.19,2.125,0.9627530790001456,1.647756398192358
8877,0.1,0.15,0.75,0.15,0.0,0.85,2.3885,1.19,2.1415,0.9614869334459132,1.5443980353609994
8878,0.1,0.15,0.75,0.15,0.05,0.8,2.3885,1.19,2.1295,0.9624065182710716,1.6078857394563746
8879,0.1,0.15,0.75,0.15,0.1,0.75,2.3885,1.19,2.1175,0.9633327758205844,1.67284396407607
8894,0.1,0.15,0.75,0.2,0.0,0.8,2.3885,1.19,2.1220000000000003,0.9629846426757012,1.6310641376195665
8895,0.1,0.15,0.75,0.2,0.05,0.75,2.3885,1.19,2.1100000000000003,0.9639151076265708,1.697983164341342
8910,0.1,0.15,0.75,0.25,0.0,0.75,2.3885,1.19,2.1025,0.9645000924248396,1.697983164341342
9030,0.1,0.2,0.7,0.0,0.0,1.0,2.37,1.19,2.2,0.953238345139387,1.5375558879060578
9031,0.1,0.2,0.7,0.0,0.05,0.95,2.37,1.19,2.188,0.9541127023825589,1.5383224788151486
9032,0.1,0.2,0.7,0.0,0.1,0.9,2.37,1.19,2.176,0.954993293901974,1.5383224788151486
9033,0.1,0.2,0.7,0.0,0.15,0.85,2.37,1.19,2.164,0.9558801866129416,1.5383224788151486
9034,0.1,0.2,0.7,0.0,0.2,0.8,2.37,1.19,2.152,0.9567734483918516,1.5383224788151486
9035,0.1,0.2,0.7,0.0,0.25,0.75,2.37,1.19,2.14,0.9576731480934922,1.5798255374365702
9036,0.1,0.2,0.7,0.0,0.3,0.7,2.37,1.19,2.128,0.9585793555687432,1.6608437155705769
9050,0.1,0.2,0.7,0.05,0.0,0.95,2.37,1.19,2.1805,0.9546623372761858,1.5383224788151486
9051,0.1,0.2,0.7,0.05,0.05,0.9,2.37,1.19,2.1685000000000003,0.9555468591380514,1.5383224788151486
9052,0.1,0.2,0.7,0.05,0.1,0.85,2.37,1.19,2.1565000000000003,0.9564377245004952,1.5383224788151486
9053,0.1,0.2,0.7,0.05,0.15,0.8,2.37,1.19,2.1445000000000003,0.9573350018493532,1.5443980353609994
9054,0.1,0.2,0.7,0.05,0.2,0.75,2.37,1.19,2.1325000000000003,0.9582387606598732,1.6103876097269605
9055,0.1,0.2,0.7,0.05,0.25,0.7,2.37,1.19,2.1205,0.9591490714146476,1.683086780400435
9069,0.1,0.2,0.7,0.1,0.0,0.9,2.37,1.19,2.161,0.9561029022847648,1.5383224788151486
9070,0.1,0.2,0.7,0.1,0.05,0.85,2.37,1.19,2.149,0.9569977670506165,1.5383224788151486
9071,0.1,0.2,0.7,0.1,0.1,0.8,2.37,1.19,2.1370000000000005,0.9578990871078356,1.5726837743180564
9072,0.1,0.2,0.7,0.1,0.15,0.75,2.37,1.19,2.125,0.9588069325591344,1.647756398192358
9087,0.1,0.2,0.7,0.15,0.0,0.85,2.37,1.19,2.1415,0.9575603311790812,1.5443980353609994
9088,0.1,0.2,0.7,0.15,0.05,0.8,2.37,1.19,2.1295,0.9584657213281728,1.6078857394563746
9089,0.1,0.2,0.7,0.15,0.1,0.75,2.37,1.19,2.1175,0.9593776812017026,1.67284396407607
9104,0.1,0.2,0.7,0.2,0.0,0.8,2.37,1.19,2.1220000000000003,0.959034921826682,1.6310641376195665
9105,0.1,0.2,0.7,0.2,0.05,0.75,2.37,1.19,2.1100000000000003,0.9599510241562826,1.697983164341342
9120,0.1,0.2,0.7,0.25,0.0,0.75,2.37,1.19,2.1025,0.960526979151658,1.697983164341342
9240,0.1,0.25,0.65,0.0,0.0,1.0,2.3515,1.19,2.2,0.9493795028231772,1.5375558879060578
9241,0.1,0.25,0.65,0.0,0.05,0.95,2.3515,1.19,2.188,0.9502401519231296,1.5383224788151486
9242,0.1,0.25,0.65,0.0,0.1,0.9,2.3515,1.19,2.176,0.9511069375585542,1.5383224788151486
9243,0.1,0.25,0.65,0.0,0.15,0.85,2.3515,1.19,2.164,0.9519799255956632,1.5383224788151486
9244,0.1,0.25,0.65,0.0,0.2,0.8,2.3515,1.19,2.152,0.9528591828466836,1.5383224788151486
9245,0.1,0.25,0.65,0.0,0.25,0.75,2.3515,1.19,2.14,0.9537447770869004,1.5798255374365702
9246,0.1,0.25,0.65,0.0,0.3,0.7,2.3515,1.19,2.128,0.9546367770720732,1.6608437155705769
9260,0.1,0.25,0.65,0.05,0.0,0.95,2.3515,1.19,2.1805,0.9507811696595264,1.5383224788151486
9261,0.1,0.25,0.65,0.05,0.05,0.9,2.3515,1.19,2.1685000000000003,0.9516518240176252,1.5383224788151486
9262,0.1,0.25,0.65,0.05,0.1,0.85,2.3515,1.19,2.1565000000000003,0.9525287224231154,1.5383224788151486
9263,0.1,0.25,0.65,0.05,0.15,0.8,2.3515,1.19,2.1445000000000003,0.9534119322881144,1.5443980353609994
9264,0.1,0.25,0.65,0.05,0.2,0.75,2.3515,1.19,2.1325000000000003,0.9543015219986392,1.6103876097269605
9265,0.1,0.25,0.65,0.05,0.25,0.7,2.3515,1.19,2.1205,0.955197560932258,1.683086780400435
9279,0.1,0.25,0.65,0.1,0.0,0.9,2.3515,1.19,2.161,0.9521991495387332,1.5383224788151486
9280,0.1,0.25,0.65,0.1,0.05,0.85,2.3515,1.19,2.149,0.9530799846451204,1.5383224788151486
9281,0.1,0.25,0.65,0.1,0.1,0.8,2.3515,1.19,2.1370000000000005,0.9539671738370358,1.5726837743180564
9282,0.1,0.25,0.65,0.1,0.15,0.75,2.3515,1.19,2.125,0.9548607861181236,1.647756398192358
9297,0.1,0.25,0.65,0.15,0.0,0.85,2.3515,1.19,2.1415,0.9536337289122492,1.5443980353609994
9298,0.1,0.25,0.65,0.15,0.05,0.8,2.3515,1.19,2.1295,0.9545249243852746,1.6078857394563746
9299,0.1,0.25,0.65,0.15,0.1,0.75,2.3515,1.19,2.1175,0.9554225865828208,1.67284396407607
9314,0.1,0.25,0.65,0.2,0.0,0.8,2.3515,1.19,2.1220000000000003,0.9550852009776628,1.6310641376195665
9315,0.1,0.25,0.65,0.2,0.05,0.75,2.3515,1.19,2.1100000000000003,0.9559869406859944,1.697983164341342
9330,0.1,0.25,0.65,0.25,0.0,0.75,2.3515,1.19,2.1025,0.956553865878476,1.697983164341342
9450,0.1,0.3,0.6,0.0,0.0,1.0,2.333,1.19,2.2,0.9455206605069671,1.5375558879060578
9451,0.1,0.3,0.6,0.0,0.05,0.95,2.333,1.19,2.188,0.9463676014637006,1.5383224788151486
9452,0.1,0.3,0.6,0.0,0.1,0.9,2.333,1.19,2.176,0.9472205812151344,1.5383224788151486
9453,0.1,0.3,0.6,0.0,0.15,0.85,2.333,1.19,2.164,0.9480796645783852,1.5383224788151486
9454,0.1,0.3,0.6,0.0,0.2,0.8,2.333,1.19,2.152,0.9489449173015156,1.5383224788151486
9455,0.1,0.3,0.6,0.0,0.25,0.75,2.333,1.19,2.14,0.9498164060803084,1.5798255374365702
9456,0.1,0.3,0.6,0.0,0.3,0.7,2.333,1.19,2.128,0.9506941985754034,1.6608437155705769
9470,0.1,0.3,0.6,0.05,0.0,0.95,2.333,1.19,2.1805,0.9469000020428668,1.5383224788151486
9471,0.1,0.3,0.6,0.05,0.05,0.9,2.333,1.19,2.1685000000000003,0.9477567888971992,1.5383224788151486
9472,0.1,0.3,0.6,0.05,0.1,0.85,2.333,1.19,2.1565000000000003,0.9486197203457356,1.5383224788151486
9473,0.1,0.3,0.6,0.05,0.15,0.8,2.333,1.19,2.1445000000000003,0.9494888627268754,1.5443980353609994
9474,0.1,0.3,0.6,0.05,0.2,0.75,2.333,1.19,2.1325000000000003,0.950364283337405,1.6103876097269605
9475,0.1,0.3,0.6,0.05,0.25,0.7,2.333,1.19,2.1205,0.9512460504498684,1.683086780400435
9489,0.1,0.3,0.6,0.1,0.0,0.9,2.333,1.19,2.161,0.948295396792702,1.5383224788151486
9490,0.1,0.3,0.6,0.1,0.05,0.85,2.333,1.19,2.149,0.9491622022396244,1.5383224788151486
9491,0.1,0.3,0.6,0.1,0.1,0.8,2.333,1.19,2.1370000000000005,0.950035260566236,1.5726837743180564
9492,0.1,0.3,0.6,0.1,0.15,0.75,2.333,1.19,2.125,0.9509146396771128,1.647756398192358
9507,0.1,0.3,0.6,0.15,0.0,0.85,2.333,1.19,2.1415,0.949707126645417,1.5443980353609994
9508,0.1,0.3,0.6,0.15,0.05,0.8,2.333,1.19,2.1295,0.9505841274423764,1.6078857394563746
9509,0.1,0.3,0.6,0.15,0.1,0.75,2.333,1.19,2.1175,0.9514674919639392,1.67284396407607
9524,0.1,0.3,0.6,0.2,0.0,0.8,2.333,1.19,2.1220000000000003,0.951135480128644,1.6310641376195665
9525,0.1,0.3,0.6,0.2,0.05,0.75,2.333,1.19,2.1100000000000003,0.952022857215706,1.697983164341342
9540,0.1,0.3,0.6,0.25,0.0,0.75,2.333,1.19,2.1025,0.9525807526052942,1.697983164341342
9660,0.1,0.35,0.55,0.0,0.0,1.0,2.3145,1.19,2.2,0.9416618181907576,1.5375558879060578
9661,0.1,0.35,0.55,0.0,0.05,0.95,2.3145,1.19,2.188,0.9424950510042716,1.5383224788151486
9662,0.1,0.35,0.55,0.0,0.1,0.9,2.3145,1.19,2.176,0.9433342248717146,1.5383224788151486
9663,0.1,0.35,0.55,0.0,0.15,0.85,2.3145,1.19,2.164,0.944179403561107,1.5383224788151486
9664,0.1,0.35,0.55,0.0,0.2,0.8,2.3145,1.19,2.152,0.9450306517563476,1.5383224788151486
9665,0.1,0.35,0.55,0.0,0.25,0.75,2.3145,1.19,2.14,0.9458880350737164,1.5798255374365702
9666,0.1,0.35,0.55,0.0,0.3,0.7,2.3145,1.19,2.128,0.9467516200787334,1.6608437155705769
9680,0.1,0.35,0.55,0.05,0.0,0.95,2.3145,1.19,2.1805,0.9430188344262068,1.5383224788151486
9681,0.1,0.35,0.55,0.05,0.05,0.9,2.3145,1.19,2.1685000000000003,0.9438617537767732,1.5383224788151486
9682,0.1,0.35,0.55,0.05,0.1,0.85,2.3145,1.19,2.1565000000000003,0.944710718268356,1.5383224788151486
9683,0.1,0.35,0.55,0.05,0.15,0.8,2.3145,1.19,2.1445000000000003,0.9455657931656364,1.5443980353609994
9684,0.1,0.35,0.55,0.05,0.2,0.75,2.3145,1.19,2.1325000000000003,0.9464270446761704,1.6103876097269605
9685,0.1,0.35,0.55,0.05,0.25,0.7,2.3145,1.19,2.1205,0.9472945399674786,1.683086780400435
9699,0.1,0.35,0.55,0.1,0.0,0.9,2.3145,1.19,2.161,0.9443916440466708,1.5383224788151486
9700,0.1,0.35,0.55,0.1,0.05,0.85,2.3145,1.19,2.149,0.9452444198341284,1.5383224788151486
9701,0.1,0.35,0.55,0.1,0.1,0.8,2.3145,1.19,2.1370000000000005,0.946103347295436,1.5726837743180564
9702,0.1,0.35,0.55,0.1,0.15,0.75,2.3145,1.19,2.125,0.9469684932361018,1.647756398192358
9717,0.1,0.35,0.55,0.15,0.0,0.85,2.3145,1.19,2.1415,0.9457805243785848,1.5443980353609994
9718,0.1,0.35,0.55,0.15,0.05,0.8,2.3145,1.19,2.1295,0.946643330499478,1.6078857394563746
9719,0.1,0.35,0.55,0.15,0.1,0.75,2.3145,1.19,2.1175,0.9475123973450578,1.67284396407607
9734,0.1,0.35,0.55,0.2,0.0,0.8,2.3145,1.19,2.1220000000000003,0.947185759279625,1.6310641376195665
9735,0.1,0.35,0.55,0.2,0.05,0.75,2.3145,1.19,2.1100000000000003,0.948058773745418,1.697983164341342
9750,0.1,0.35,0.55,0.25,0.0,0.75,2.3145,1.19,2.1025,0.9486076393321125,1.697983164341342
9870,0.1,0.4,0.5,0.0,0.0,1.0,2.2960000000000003,1.19,2.2,0.937802975874548,1.5375558879060578
9871,0.1,0.4,0.5,0.0,0.05,0.95,2.2960000000000003,1.19,2.188,0.938622500544843,1.5383224788151486
9872,0.1,0.4,0.5,0.0,0.1,0.9,2.2960000000000003,1.19,2.176,0.9394478685282948,1.5383224788151486
9873,0.1,0.4,0.5,0.0,0.15,0.85,2.2960000000000003,1.19,2.164,0.9402791425438288,1.5383224788151486
9874,0.1,0.4,0.5,0.0,0.2,0.8,2.2960000000000003,1.19,2.152,0.94111638621118,1.5383224788151486
9875,0.1,0.4,0.5,0.0,0.25,0.75,2.2960000000000003,1.19,2.14,0.9419596640671244,1.5798255374365702
9876,0.1,0.4,0.5,0.0,0.3,0.7,2.2960000000000003,1.19,2.128,0.9428090415820636,1.6608437155705769
9890,0.1,0.4,0.5,0.05,0.0,0.95,2.2960000000000003,1.19,2.1805,0.9391376668095476,1.5383224788151486
9891,0.1,0.4,0.5,0.05,0.05,0.9,2.2960000000000003,1.19,2.1685000000000003,0.9399667186563472,1.5383224788151486
9892,0.1,0.4,0.5,0.05,0.1,0.85,2.2960000000000003,1.19,2.1565000000000003,0.9408017161909764,1.5383224788151486
9893,0.1,0.4,0.5,0.05,0.15,0.8,2.2960000000000003,1.19,2.1445000000000003,0.9416427236043976,1.5443980353609994
9894,0.1,0.4,0.5,0.05,0.2,0.75,2.2960000000000003,1.19,2.1325000000000003,0.942489806014936,1.6103876097269605
9895,0.1,0.4,0.5,0.05,0.25,0.7,2.2960000000000003,1.19,2.1205,0.943343029485089,1.683086780400435
9909,0.1,0.4,0.5,0.1,0.0,0.9,2.2960000000000003,1.19,2.161,0.9404878913006396,1.5383224788151486
9910,0.1,0.4,0.5,0.1,0.05,0.85,2.2960000000000003,1.19,2.149,0.9413266374286324,1.5383224788151486
9911,0.1,0.4,0.5,0.1,0.1,0.8,2.2960000000000003,1.19,2.1370000000000005,0.9421714340246364,1.5726837743180564
9912,0.1,0.4,0.5,0.1,0.15,0.75,2.2960000000000003,1.19,2.125,0.943022346795091,1.647756398192358
9927,0.1,0.4,0.5,0.15,0.0,0.85,2.2960000000000003,1.19,2.1415,0.9418539221117528,1.5443980353609994
9928,0.1,0.4,0.5,0.15,0.05,0.8,2.2960000000000003,1.19,2.1295,0.9427025335565796,1.6078857394563746
9929,0.1,0.4,0.5,0.15,0.1,0.75,2.2960000000000003,1.19,2.1175,0.9435573027261762,1.67284396407607
9944,0.1,0.4,0.5,0.2,0.0,0.8,2.2960000000000003,1.19,2.1220000000000003,0.943236038430606,1.6310641376195665
9945,0.1,0.4,0.5,0.2,0.05,0.75,2.2960000000000003,1.19,2.1100000000000003,0.9440946902751298,1.697983164341342
9960,0.1,0.4,0.5,0.25,0.0,0.75,2.2960000000000003,1.19,2.1025,0.9446345260589308,1.697983164341342
10080,0.1,0.45,0.45,0.0,0.0,1.0,2.2775,1.19,2.2,0.933944133558338,1.538398061819101
10081,0.1,0.45,0.45,0.0,0.05,0.95,2.2775,1.19,2.188,0.9347499500854136,1.5391646527281921
10082,0.1,0.45,0.45,0.0,0.1,0.9,2.2775,1.19,2.176,0.935561512184875,1.5391646527281921
10083,0.1,0.45,0.45,0.0,0.15,0.85,2.2775,1.19,2.164,0.9363788815265504,1.5391646527281921
10084,0.1,0.45,0.45,0.0,0.2,0.8,2.2775,1.19,2.152,0.937202120666012,1.5383224788151486
10085,0.1,0.45,0.45,0.0,0.25,0.75,2.2775,1.19,2.14,0.9380312930605326,1.5798255374365702
10086,0.1,0.45,0.45,0.0,0.3,0.7,2.2775,1.19,2.128,0.9388664630853932,1.6608437155705769
10100,0.1,0.45,0.45,0.05,0.0,0.95,2.2775,1.19,2.1805,0.935256499192888,1.5391646527281921
10101,0.1,0.45,0.45,0.05,0.05,0.9,2.2775,1.19,2.1685000000000003,0.9360716835359206,1.5391646527281921
10102,0.1,0.45,0.45,0.05,0.1,0.85,2.2775,1.19,2.1565000000000003,0.9368927141135968,1.5383224788151486
10103,0.1,0.45,0.45,0.05,0.15,0.8,2.2775,1.19,2.1445000000000003,0.9377196540431588,1.5443980353609994
10104,0.1,0.45,0.45,0.05,0.2,0.75,2.2775,1.19,2.1325000000000003,0.9385525673537018,1.6103876097269605
10105,0.1,0.45,0.45,0.05,0.25,0.7,2.2775,1.19,2.1205,0.9393915190026992,1.683086780400435
10119,0.1,0.45,0.45,0.1,0.0,0.9,2.2775,1.19,2.161,0.9365841385546078,1.5383224788151486
10120,0.1,0.45,0.45,0.1,0.05,0.85,2.2775,1.19,2.149,0.9374088550231364,1.5383224788151486
10121,0.1,0.45,0.45,0.1,0.1,0.8,2.2775,1.19,2.1370000000000005,0.9382395207538364,1.5726837743180564
10122,0.1,0.45,0.45,0.1,0.15,0.75,2.2775,1.19,2.125,0.93907620035408,1.647756398192358
10137,0.1,0.45,0.45,0.15,0.0,0.85,2.2775,1.19,2.1415,0.9379273198449208,1.5443980353609994
10138,0.1,0.45,0.45,0.15,0.05,0.8,2.2775,1.19,2.1295,0.9387617366136812,1.6078857394563746
10139,0.1,0.45,0.45,0.15,0.1,0.75,2.2775,1.19,2.1175,0.9396022081072942,1.67284396407607
10154,0.1,0.45,0.45,0.2,0.0,0.8,2.2775,1.19,2.1220000000000003,0.9392863175815866,1.6310641376195665
10155,0.1,0.45,0.45,0.2,0.05,0.75,2.2775,1.19,2.1100000000000003,0.9401306068048416,1.697983164341342
10170,0.1,0.45,0.45,0.25,0.0,0.75,2.2775,1.19,2.1025,0.9406614127857488,1.697983164341342
10290,0.1,0.5,0.4,0.0,0.0,1.0,2.2590000000000003,1.19,2.2,0.9300852912421284,1.538398061819101
10291,0.1,0.5,0.4,0.0,0.05,0.95,2.2590000000000003,1.19,2.188,0.9308773996259848,1.5391646527281921
10292,0.1,0.5,0.4,0.0,0.1,0.9,2.2590000000000003,1.19,2.176,0.9316751558414552,1.5391646527281921
10293,0.1,0.5,0.4,0.0,0.15,0.85,2.2590000000000003,1.19,2.164,0.9324786205092724,1.5391646527281921
10294,0.1,0.5,0.4,0.0,0.2,0.8,2.2590000000000003,1.19,2.152,0.933287855120844,1.5391646527281921
10295,0.1,0.5,0.4,0.0,0.25,0.75,2.2590000000000003,1.19,2.14,0.9341029220539409,1.5806677113496135
10296,0.1,0.5,0.4,0.0,0.3,0.7,2.2590000000000003,1.19,2.128,0.9349238845887232,1.6608437155705769
10310,0.1,0.5,0.4,0.05,0.0,0.95,2.2590000000000003,1.19,2.1805,0.9313753315762284,1.5391646527281921
10311,0.1,0.5,0.4,0.05,0.05,0.9,2.2590000000000003,1.19,2.1685000000000003,0.9321766484154946,1.5391646527281921
10312,0.1,0.5,0.4,0.05,0.1,0.85,2.2590000000000003,1.19,2.1565000000000003,0.9329837120362172,1.5391646527281921
10313,0.1,0.5,0.4,0.05,0.15,0.8,2.2590000000000003,1.19,2.1445000000000003,0.93379658448192,1.5452402092740427
10314,0.1,0.5,0.4,0.05,0.2,0.75,2.2590000000000003,1.19,2.1325000000000003,0.9346153286924676,1.611229783640004
10315,0.1,0.5,0.4,0.05,0.25,0.7,2.2590000000000003,1.19,2.1205,0.9354400085203096,1.683086780400435
10329,0.1,0.5,0.4,0.1,0.0,0.9,2.2590000000000003,1.19,2.161,0.9326803858085764,1.5391646527281921
10330,0.1,0.5,0.4,0.1,0.05,0.85,2.2590000000000003,1.19,2.149,0.9334910726176404,1.5391646527281921
10331,0.1,0.5,0.4,0.1,0.1,0.8,2.2590000000000003,1.19,2.1370000000000005,0.9343076074830368,1.5735259482311
10332,0.1,0.5,0.4,0.1,0.15,0.75,2.2590000000000003,1.19,2.125,0.9351300539130692,1.647756398192358
10347,0.1,0.5,0.4,0.15,0.0,0.85,2.2590000000000003,1.19,2.1415,0.9340007175780888,1.5452402092740427
10348,0.1,0.5,0.4,0.15,0.05,0.8,2.2590000000000003,1.19,2.1295,0.934820939670783,1.6078857394563746
10349,0.1,0.5,0.4,0.15,0.1,0.75,2.2590000000000003,1.19,2.1175,0.9356471134884128,1.67284396407607
10364,0.1,0.5,0.4,0.2,0.0,0.8,2.2590000000000003,1.19,2.1220000000000003,0.9353365967325676,1.6310641376195665
10365,0.1,0.5,0.4,0.2,0.05,0.75,2.2590000000000003,1.19,2.1100000000000003,0.9361665233345534,1.697983164341342
10380,0.1,0.5,0.4,0.25,0.0,0.75,2.2590000000000003,1.19,2.1025,0.936688299512567,1.697983164341342
10500,0.1,0.55,0.35,0.0,0.0,1.0,2.2405,1.19,2.2,0.9262264489259184,1.538398061819101
10501,0.1,0.55,0.35,0.0,0.05,0.95,2.2405,1.19,2.188,0.9270048491665558,1.5391646527281921
10502,0.1,0.55,0.35,0.0,0.1,0.9,2.2405,1.19,2.176,0.9277887994980352,1.5391646527281921
10503,0.1,0.55,0.35,0.0,0.15,0.85,2.2405,1.19,2.164,0.9285783594919944,1.5391646527281921
10504,0.1,0.55,0.35,0.0,0.2,0.8,2.2405,1.19,2.152,0.9293735895756762,1.5391646527281921
10505,0.1,0.55,0.35,0.0,0.25,0.75,2.2405,1.19,2.14,0.9301745510473488,1.5806677113496135
10506,0.1,0.55,0.35,0.0,0.3,0.7,2.2405,1.19,2.128,0.9309813060920532,1.6608437155705769
10520,0.1,0.55,0.35,0.05,0.0,0.95,2.2405,1.19,2.1805,0.9274941639595689,1.5391646527281921
10521,0.1,0.55,0.35,0.05,0.05,0.9,2.2405,1.19,2.1685000000000003,0.9282816132950686,1.5391646527281921
10522,0.1,0.55,0.35,0.05,0.1,0.85,2.2405,1.19,2.1565000000000003,0.9290747099588372,1.5391646527281921
10523,0.1,0.55,0.35,0.05,0.15,0.8,2.2405,1.19,2.1445000000000003,0.9298735149206808,1.5452402092740427
10524,0.1,0.55,0.35,0.05,0.2,0.75,2.2405,1.19,2.1325000000000003,0.9306780900312333,1.611229783640004
10525,0.1,0.55,0.35,0.05,0.25,0.7,2.2405,1.19,2.1205,0.93148849803792,1.683086780400435
10539,0.1,0.55,0.35,0.1,0.0,0.9,2.2405,1.19,2.161,0.9287766330625452,1.5391646527281921
10540,0.1,0.55,0.35,0.1,0.05,0.85,2.2405,1.19,2.149,0.9295732902121444,1.5391646527281921
10541,0.1,0.55,0.35,0.1,0.1,0.8,2.2405,1.19,2.1370000000000005,0.9303756942122366,1.5735259482311
10542,0.1,0.55,0.35,0.1,0.15,0.75,2.2405,1.19,2.125,0.931183907472058,1.647756398192358
10557,0.1,0.55,0.35,0.15,0.0,0.85,2.2405,1.19,2.1415,0.9300741153112564,1.5452402092740427
10558,0.1,0.55,0.35,0.15,0.05,0.8,2.2405,1.19,2.1295,0.9308801427278844,1.6078857394563746
10559,0.1,0.55,0.35,0.15,0.1,0.75,2.2405,1.19,2.1175,0.9316920188695312,1.67284396407607
10574,0.1,0.55,0.35,0.2,0.0,0.8,2.2405,1.19,2.1220000000000003,0.9313868758835488,1.6310641376195665
10575,0.1,0.55,0.35,0.2,0.05,0.75,2.2405,1.19,2.1100000000000003,0.932202439864265,1.697983164341342
10590,0.1,0.55,0.35,0.25,0.0,0.75,2.2405,1.19,2.1025,0.9327151862393852,1.697983164341342
10710,0.1,0.6,0.3,0.0,0.0,1.0,2.222,1.19,2.2,0.922367606609709,1.538398061819101
10711,0.1,0.6,0.3,0.0,0.05,0.95,2.222,1.19,2.188,0.923132298707127,1.5391646527281921
10712,0.1,0.6,0.3,0.0,0.1,0.9,2.222,1.19,2.176,0.9239024431546154,1.5391646527281921
10713,0.1,0.6,0.3,0.0,0.15,0.85,2.222,1.19,2.164,0.924678098474716,1.5391646527281921
10714,0.1,0.6,0.3,0.0,0.2,0.8,2.222,1.19,2.152,0.9254593240305083,1.5391646527281921
10715,0.1,0.6,0.3,0.0,0.25,0.75,2.222,1.19,2.14,0.9262461800407568,1.5806677113496135
10716,0.1,0.6,0.3,0.0,0.3,0.7,2.222,1.19,2.128,0.9270387275953832,1.6608437155705769
10730,0.1,0.6,0.3,0.05,0.0,0.95,2.222,1.19,2.1805,0.9236129963429092,1.5391646527281921
10731,0.1,0.6,0.3,0.05,0.05,0.9,2.222,1.19,2.1685000000000003,0.9243865781746424,1.5391646527281921
10732,0.1,0.6,0.3,0.05,0.1,0.85,2.222,1.19,2.1565000000000003,0.9251657078814576,1.5391646527281921
10733,0.1,0.6,0.3,0.05,0.15,0.8,2.222,1.19,2.1445000000000003,0.925950445359442,1.5452402092740427
10734,0.1,0.6,0.3,0.05,0.2,0.75,2.222,1.19,2.1325000000000003,0.9267408513699986,1.611229783640004
10735,0.1,0.6,0.3,0.05,0.25,0.7,2.222,1.19,2.1205,0.92753698755553,1.683086780400435
10749,0.1,0.6,0.3,0.1,0.0,0.9,2.222,1.19,2.161,0.9248728803165138,1.5391646527281921
10750,0.1,0.6,0.3,0.1,0.05,0.85,2.222,1.19,2.149,0.9256555078066484,1.5391646527281921
10751,0.1,0.6,0.3,0.1,0.1,0.8,2.222,1.19,2.1370000000000005,0.9264437809414368,1.5735259482311
10752,0.1,0.6,0.3,0.1,0.15,0.75,2.222,1.19,2.125,0.9272377610310472,1.647756398192358
10767,0.1,0.6,0.3,0.15,0.0,0.85,2.222,1.19,2.1415,0.9261475130444244,1.5452402092740427
10768,0.1,0.6,0.3,0.15,0.05,0.8,2.222,1.19,2.1295,0.926939345784986,1.6078857394563746
10769,0.1,0.6,0.3,0.15,0.1,0.75,2.222,1.19,2.1175,0.9277369242506494,1.67284396407607
10784,0.1,0.6,0.3,0.2,0.0,0.8,2.222,1.19,2.1220000000000003,0.9274371550345296,1.6310641376195665
10785,0.1,0.6,0.3,0.2,0.05,0.75,2.222,1.19,2.1100000000000003,0.9282383563939768,1.697983164341342
10800,0.1,0.6,0.3,0.25,0.0,0.75,2.222,1.19,2.1025,0.9287420729662036,1.697983164341342
10920,0.1,0.65,0.25,0.0,0.0,1.0,2.2035,1.19,2.2,0.9185087642934991,1.5401147635734875
10921,0.1,0.65,0.25,0.0,0.05,0.95,2.2035,1.19,2.188,0.9192597482476978,1.5408813544825783
10922,0.1,0.65,0.25,0.0,0.1,0.9,2.2035,1.19,2.176,0.9200160868111956,1.5391646527281921
10923,0.1,0.65,0.25,0.0,0.15,0.85,2.2035,1.19,2.164,0.9207778374574376,1.5391646527281921
10924,0.1,0.65,0.25,0.0,0.2,0.8,2.2035,1.19,2.152,0.9215450584853404,1.5391646527281921
10925,0.1,0.65,0.25,0.0,0.25,0.75,2.2035,1.19,2.14,0.9223178090341648,1.5806677113496135
10926,0.1,0.65,0.25,0.0,0.3,0.7,2.2035,1.19,2.128,0.9230961490987132,1.6608437155705769
10940,0.1,0.65,0.25,0.05,0.0,0.95,2.2035,1.19,2.1805,0.9197318287262496,1.5391646527281921
10941,0.1,0.65,0.25,0.05,0.05,0.9,2.2035,1.19,2.1685000000000003,0.9204915430542164,1.5391646527281921
10942,0.1,0.65,0.25,0.05,0.1,0.85,2.2035,1.19,2.1565000000000003,0.921256705804078,1.5391646527281921
10943,0.1,0.65,0.25,0.05,0.15,0.8,2.2035,1.19,2.1445000000000003,0.9220273757982032,1.5452402092740427
10944,0.1,0.65,0.25,0.05,0.2,0.75,2.2035,1.19,2.1325000000000003,0.9228036127087644,1.611229783640004
10945,0.1,0.65,0.25,0.05,0.25,0.7,2.2035,1.19,2.1205,0.9235854770731404,1.683086780400435
10959,0.1,0.65,0.25,0.1,0.0,0.9,2.2035,1.19,2.161,0.9209691275704822,1.5391646527281921
10960,0.1,0.65,0.25,0.1,0.05,0.85,2.2035,1.19,2.149,0.9217377254011524,1.5391646527281921
10961,0.1,0.65,0.25,0.1,0.1,0.8,2.2035,1.19,2.1370000000000005,0.922511867670637,1.5735259482311
10962,0.1,0.65,0.25,0.1,0.15,0.75,2.2035,1.19,2.125,0.9232916145900364,1.647756398192358
10977,0.1,0.65,0.25,0.15,0.0,0.85,2.2035,1.19,2.1415,0.9222209107775924,1.5452402092740427
10978,0.1,0.65,0.25,0.15,0.05,0.8,2.2035,1.19,2.1295,0.9229985488420878,1.6078857394563746
10979,0.1,0.65,0.25,0.15,0.1,0.75,2.2035,1.19,2.1175,0.9237818296317676,1.67284396407607
10994,0.1,0.65,0.25,0.2,0.0,0.8,2.2035,1.19,2.1220000000000003,0.9234874341855104,1.6310641376195665
10995,0.1,0.65,0.25,0.2,0.05,0.75,2.2035,1.19,2.1100000000000003,0.9242742729236888,1.697983164341342
11010,0.1,0.65,0.25,0.25,0.0,0.75,2.2035,1.19,2.1025,0.9247689596930216,1.697983164341342
11130,0.1,0.7,0.2,0.0,0.0,1.0,2.185,1.19,2.2,0.9146499219772892,1.5541091551190334
11131,0.1,0.7,0.2,0.0,0.05,0.95,2.185,1.19,2.188,0.9153871977882688,1.5548757460281244
11132,0.1,0.7,0.2,0.0,0.1,0.9,2.185,1.19,2.176,0.916129730467776,1.5548757460281244
11133,0.1,0.7,0.2,0.0,0.15,0.85,2.185,1.19,2.164,0.9168775764401595,1.5548757460281244
11134,0.1,0.7,0.2,0.0,0.2,0.8,2.185,1.19,2.152,0.9176307929401724,1.5509719367589623
11135,0.1,0.7,0.2,0.0,0.25,0.75,2.185,1.19,2.14,0.9183894380275728,1.5823844131039997
11136,0.1,0.7,0.2,0.0,0.3,0.7,2.185,1.19,2.128,0.9191535706020432,1.6608437155705769
11150,0.1,0.7,0.2,0.05,0.0,0.95,2.185,1.19,2.1805,0.91585066110959,1.5548757460281244
11151,0.1,0.7,0.2,0.05,0.05,0.9,2.185,1.19,2.1685000000000003,0.9165965079337902,1.5548757460281244
11152,0.1,0.7,0.2,0.05,0.1,0.85,2.185,1.19,2.1565000000000003,0.9173477037266984,1.5548757460281244
11153,0.1,0.7,0.2,0.05,0.15,0.8,2.185,1.19,2.1445000000000003,0.9181043062369644,1.5469569110284291
11154,0.1,0.7,0.2,0.05,0.2,0.75,2.185,1.19,2.1325000000000003,0.9188663740475302,1.612002625745267
11155,0.1,0.7,0.2,0.05,0.25,0.7,2.185,1.19,2.1205,0.9196339665907508,1.683086780400435
11169,0.1,0.7,0.2,0.1,0.0,0.9,2.185,1.19,2.161,0.917065374824451,1.5548757460281244
11170,0.1,0.7,0.2,0.1,0.05,0.85,2.185,1.19,2.149,0.9178199429956564,1.5509719367589623
11171,0.1,0.7,0.2,0.1,0.1,0.8,2.185,1.19,2.1370000000000005,0.9185799543998372,1.574298790336363
11172,0.1,0.7,0.2,0.1,0.15,0.75,2.185,1.19,2.125,0.9193454681490256,1.648529240297621
11187,0.1,0.7,0.2,0.15,0.0,0.85,2.185,1.19,2.1415,0.9182943085107604,1.5469569110284291
11188,0.1,0.7,0.2,0.15,0.05,0.8,2.185,1.19,2.1295,0.9190577518991896,1.6086585815616379
11189,0.1,0.7,0.2,0.15,0.1,0.75,2.185,1.19,2.1175,0.919826735012886,1.67284396407607
11204,0.1,0.7,0.2,0.2,0.0,0.8,2.185,1.19,2.1220000000000003,0.9195377133364916,1.6318369797248296
11205,0.1,0.7,0.2,0.2,0.05,0.75,2.185,1.19,2.1100000000000003,0.9203101894534004,1.697983164341342
11220,0.1,0.7,0.2,0.25,0.0,0.75,2.185,1.19,2.1025,0.9207958464198396,1.697983164341342
11340,0.1,0.75,0.15,0.0,0.0,1.0,2.1665,1.19,2.2,0.9107910796610796,1.5835798691917702
11341,0.1,0.75,0.15,0.0,0.05,0.95,2.1665,1.19,2.188,0.9115146473288398,1.5843464601008612
11342,0.1,0.75,0.15,0.0,0.1,0.9,2.1665,1.19,2.176,0.912243374124356,1.5843464601008612
11343,0.1,0.75,0.15,0.0,0.15,0.85,2.1665,1.19,2.164,0.9129773154228814,1.5843464601008612
11344,0.1,0.75,0.15,0.0,0.2,0.8,2.1665,1.19,2.152,0.9137165273950044,1.5835350407460222
11345,0.1,0.75,0.15,0.0,0.25,0.75,2.1665,1.19,2.14,0.914461067020981,1.5927964632872043
11346,0.1,0.75,0.15,0.0,0.3,0.7,2.1665,1.19,2.128,0.9152109921053732,1.6633501852675467
11360,0.1,0.75,0.15,0.05,0.0,0.95,2.1665,1.19,2.1805,0.9119694934929304,1.5843464601008612
11361,0.1,0.75,0.15,0.05,0.05,0.9,2.1665,1.19,2.1685000000000003,0.9127014728133642,1.5843464601008612
11362,0.1,0.75,0.15,0.05,0.1,0.85,2.1665,1.19,2.1565000000000003,0.9134387016493186,1.5835350407460222
11363,0.1,0.75,0.15,0.05,0.15,0.8,2.1665,1.19,2.1445000000000003,0.9141812366757252,1.5862393306228126
11364,0.1,0.75,0.15,0.05,0.2,0.75,2.1665,1.19,2.1325000000000003,0.9149291353862956,1.621137028869648
11365,0.1,0.75,0.15,0.05,0.25,0.7,2.1665,1.19,2.1205,0.915682456108361,1.685593250097405
11379,0.1,0.75,0.15,0.1,0.0,0.9,2.1665,1.19,2.161,0.9131616220784198,1.5843464601008612
11380,0.1,0.75,0.15,0.1,0.05,0.85,2.1665,1.19,2.149,0.9139021605901604,1.5835350407460222
11381,0.1,0.75,0.15,0.1,0.1,0.8,2.1665,1.19,2.1370000000000005,0.9146480411290372,1.5857769633945142
11382,0.1,0.75,0.15,0.1,0.15,0.75,2.1665,1.19,2.125,0.9153993217080146,1.6547176669910257
11397,0.1,0.75,0.15,0.15,0.0,0.85,2.1665,1.19,2.1415,0.914367706243928,1.5597127311454038
11398,0.1,0.75,0.15,0.15,0.05,0.8,2.1665,1.19,2.1295,0.9151169549562912,1.6171907781888126
11399,0.1,0.75,0.15,0.15,0.1,0.75,2.1665,1.19,2.1175,0.9158716403940044,1.6787275662080712
11414,0.1,0.75,0.15,0.2,0.0,0.8,2.1665,1.19,2.1220000000000003,0.9155879924874726,1.6403691763520043
11550,0.1,0.8,0.1,0.0,0.0,1.0,2.148,1.19,2.2,0.90693223734487,1.5847033136362145
11551,0.1,0.8,0.1,0.0,0.05,0.95,2.148,1.19,2.188,0.907642096869411,1.5854699045453053
11552,0.1,0.8,0.1,0.0,0.1,0.9,2.148,1.19,2.176,0.908357017780936,1.5854699045453053
11553,0.1,0.8,0.1,0.0,0.15,0.85,2.148,1.19,2.164,0.9090770544056032,1.5843464601008612
11554,0.1,0.8,0.1,0.0,0.2,0.8,2.148,1.19,2.152,0.9098022618498368,1.5843464601008612
11555,0.1,0.8,0.1,0.0,0.25,0.75,2.148,1.19,2.14,0.9105326960143892,1.6128948020020781
11556,0.1,0.8,0.1,0.0,0.3,0.7,2.148,1.19,2.128,0.911268413608703,1.6724998149901966
11570,0.1,0.8,0.1,0.05,0.0,0.95,2.148,1.19,2.1805,0.9080883258762708,1.5854699045453053
11571,0.1,0.8,0.1,0.05,0.05,0.9,2.148,1.19,2.1685000000000003,0.908806437692938,1.5843464601008612
11572,0.1,0.8,0.1,0.05,0.1,0.85,2.148,1.19,2.1565000000000003,0.9095296995719392,1.5843464601008612
11573,0.1,0.8,0.1,0.05,0.15,0.8,2.148,1.19,2.1445000000000003,0.9102581671144864,1.5870507499776512
11574,0.1,0.8,0.1,0.05,0.2,0.75,2.148,1.19,2.1325000000000003,0.9109918967250612,1.6355009373676872
11575,0.1,0.8,0.1,0.05,0.25,0.7,2.148,1.19,2.1205,0.9117309456259712,1.6925815879648511
11589,0.1,0.8,0.1,0.1,0.0,0.9,2.148,1.19,2.161,0.9092578693323884,1.5843464601008612
11590,0.1,0.8,0.1,0.1,0.05,0.85,2.148,1.19,2.149,0.9099843781846646,1.5843464601008612
11591,0.1,0.8,0.1,0.1,0.1,0.8,2.148,1.19,2.1370000000000005,0.9107161278582374,1.6086088853432605
11592,0.1,0.8,0.1,0.1,0.15,0.75,2.148,1.19,2.125,0.9114531752670038,1.664153675242554
11607,0.1,0.8,0.1,0.15,0.0,0.85,2.148,1.19,2.1415,0.910441103977096,1.5870507499776512
11608,0.1,0.8,0.1,0.15,0.05,0.8,2.148,1.19,2.1295,0.9111761580133924,1.634487428096176
11609,0.1,0.8,0.1,0.15,0.1,0.75,2.148,1.19,2.1175,0.9119165457751228,1.6857524366894412
11624,0.1,0.8,0.1,0.2,0.0,0.8,2.148,1.19,2.1220000000000003,0.9116382716384532,1.6555045344041641
11760,0.1,0.85,0.05,0.0,0.0,1.0,2.1295,1.19,2.2,0.90307339502866,1.5871601174855183
11761,0.1,0.85,0.05,0.0,0.05,0.95,2.1295,1.19,2.188,0.903769546409982,1.5879267083946091
11762,0.1,0.85,0.05,0.0,0.1,0.9,2.1295,1.19,2.176,0.9044706614375164,1.586510965151366
11763,0.1,0.85,0.05,0.0,0.15,0.85,2.1295,1.19,2.164,0.9051767933883248,1.586510965151366
11764,0.1,0.85,0.05,0.0,0.2,0.8,2.1295,1.19,2.152,0.9058879963046688,1.5854699045453053
11765,0.1,0.85,0.05,0.0,0.25,0.75,2.1295,1.19,2.14,0.9066043250077972,1.6140182464465225
11766,0.1,0.85,0.05,0.0,0.3,0.7,2.1295,1.19,2.128,0.9073258351120332,1.6724998149901966
11780,0.1,0.85,0.05,0.05,0.0,0.95,2.1295,1.19,2.1805,0.9042071582596112,1.5879267083946091
11781,0.1,0.85,0.05,0.05,0.05,0.9,2.1295,1.19,2.1685000000000003,0.9049114025725118,1.586510965151366
11782,0.1,0.85,0.05,0.05,0.1,0.85,2.1295,1.19,2.1565000000000003,0.9056206974945592,1.5854699045453053
11783,0.1,0.85,0.05,0.05,0.15,0.8,2.1295,1.19,2.1445000000000003,0.9063350975532476,1.5881741944220955
11784,0.1,0.85,0.05,0.05,0.2,0.75,2.1295,1.19,2.1325000000000003,0.9070546580638272,1.6366243818121315
11785,0.1,0.85,0.05,0.05,0.25,0.7,2.1295,1.19,2.1205,0.9077794351435816,1.6925815879648511
11799,0.1,0.85,0.05,0.1,0.0,0.9,2.1295,1.19,2.161,0.9053541165863568,1.5854699045453053
11800,0.1,0.85,0.05,0.1,0.05,0.85,2.1295,1.19,2.149,0.9060665957791684,1.5854699045453053
11801,0.1,0.85,0.05,0.1,0.1,0.8,2.1295,1.19,2.1370000000000005,0.9067842145874376,1.6097323297877049
11802,0.1,0.85,0.05,0.1,0.15,0.75,2.1295,1.19,2.125,0.9075070288259928,1.664153675242554
11817,0.1,0.85,0.05,0.15,0.0,0.85,2.1295,1.19,2.1415,0.906514501710264,1.5881741944220955
11818,0.1,0.85,0.05,0.15,0.05,0.8,2.1295,1.19,2.1295,0.9072353610704944,1.634487428096176
11819,0.1,0.85,0.05,0.15,0.1,0.75,2.1295,1.19,2.1175,0.9079614511562408,1.6857524366894412
11834,0.1,0.85,0.05,0.2,0.0,0.8,2.1295,1.19,2.1220000000000003,0.9076885507894342,1.6555045344041641
11970,0.15,0.0,0.85,0.0,0.0,1.0,2.401,1.19,2.2,0.9597045133449276,1.5375558879060578
11971,0.15,0.0,0.85,0.0,0.05,0.95,2.401,1.19,2.188,0.9606018409902504,1.5383224788151486
11972,0.15,0.0,0.85,0.0,0.1,0.9,2.401,1.19,2.176,0.9615055666936506,1.5383224788151486
11973,0.15,0.0,0.85,0.0,0.15,0.85,2.401,1.19,2.164,0.9624157591283808,1.5383224788151486
11974,0.15,0.0,0.85,0.0,0.2,0.8,2.401,1.19,2.152,0.9633324879540248,1.5383224788151486
11975,0.15,0.0,0.85,0.0,0.25,0.75,2.401,1.19,2.14,0.964255823834268,1.5798255374365702
11976,0.15,0.0,0.85,0.0,0.3,0.7,2.401,1.19,2.128,0.9651858384550552,1.6608437155705769
11990,0.15,0.0,0.85,0.05,0.0,0.95,2.401,1.19,2.1805,0.9611659154446424,1.5383224788151486
11991,0.15,0.0,0.85,0.05,0.05,0.9,2.401,1.19,2.1685000000000003,0.9620736747452516,1.5383224788151486
11992,0.15,0.0,0.85,0.05,0.1,0.85,2.401,1.19,2.1565000000000003,0.962987944197726,1.5383224788151486
11993,0.15,0.0,0.85,0.05,0.15,0.8,2.401,1.19,2.1445000000000003,0.963908794087105,1.5443980353609994
11994,0.15,0.0,0.85,0.05,0.2,0.75,2.401,1.19,2.1325000000000003,0.9648362957138338,1.6103876097269605
11995,0.15,0.0,0.85,0.05,0.25,0.7,2.401,1.19,2.1205,0.9657705214121656,1.683086780400435
12009,0.15,0.0,0.85,0.1,0.0,0.9,2.401,1.19,2.161,0.9626443258051416,1.5383224788151486
12010,0.15,0.0,0.85,0.1,0.05,0.85,2.401,1.19,2.149,0.9635626997300962,1.5383224788151486
12011,0.15,0.0,0.85,0.1,0.1,0.8,2.401,1.19,2.1370000000000005,0.9644876985345814,1.5726837743180564
12012,0.15,0.0,0.85,0.1,0.15,0.75,2.401,1.19,2.125,0.9654193941629906,1.647756398192358
12027,0.15,0.0,0.85,0.15,0.0,0.85,2.401,1.19,2.1415,0.9641400430856648,1.5443980353609994
12028,0.15,0.0,0.85,0.15,0.05,0.8,2.401,1.19,2.1295,0.9650692189081648,1.6078857394563746
12029,0.15,0.0,0.85,0.15,0.1,0.75,2.401,1.19,2.1175,0.9660051370495584,1.67284396407607
12044,0.15,0.0,0.85,0.2,0.0,0.8,2.401,1.19,2.1220000000000003,0.9656533729790924,1.6310641376195665
12045,0.15,0.0,0.85,0.2,0.05,0.75,2.401,1.19,2.1100000000000003,0.9665935424037926,1.697983164341342
12060,0.15,0.0,0.85,0.25,0.0,0.75,2.401,1.19,2.1025,0.9671846284202328,1.697983164341342
12180,0.15,0.05,0.8,0.0,0.0,1.0,2.3825000000000003,1.19,2.2,0.955845671028718,1.5375558879060578
12181,0.15,0.05,0.8,0.0,0.05,0.95,2.3825000000000003,1.19,2.188,0.9567292905308216,1.5383224788151486
12182,0.15,0.05,0.8,0.0,0.1,0.9,2.3825000000000003,1.19,2.176,0.9576192103502308,1.5383224788151486
12183,0.15,0.05,0.8,0.0,0.15,0.85,2.3825000000000003,1.19,2.164,0.9585154981111026,1.5383224788151486
12184,0.15,0.05,0.8,0.0,0.2,0.8,2.3825000000000003,1.19,2.152,0.9594182224088568,1.5383224788151486
12185,0.15,0.05,0.8,0.0,0.25,0.75,2.3825000000000003,1.19,2.14,0.960327452827676,1.5798255374365702
12186,0.15,0.05,0.8,0.0,0.3,0.7,2.3825000000000003,1.19,2.128,0.9612432599583852,1.6608437155705769
12200,0.15,0.05,0.8,0.05,0.0,0.95,2.3825000000000003,1.19,2.1805,0.9572847478279832,1.5383224788151486
12201,0.15,0.05,0.8,0.05,0.05,0.9,2.3825000000000003,1.19,2.1685000000000003,0.9581786396248256,1.5383224788151486
12202,0.15,0.05,0.8,0.05,0.1,0.85,2.3825000000000003,1.19,2.1565000000000003,0.9590789421203464,1.5383224788151486
12203,0.15,0.05,0.8,0.05,0.15,0.8,2.3825000000000003,1.19,2.1445000000000003,0.9599857245258662,1.5443980353609994
12204,0.15,0.05,0.8,0.05,0.2,0.75,2.3825000000000003,1.19,2.1325000000000003,0.9608990570525996,1.6103876097269605
12205,0.15,0.05,0.8,0.05,0.25,0.7,2.3825000000000003,1.19,2.1205,0.961819010929776,1.683086780400435
12219,0.15,0.05,0.8,0.1,0.0,0.9,2.3825000000000003,1.19,2.161,0.9587405730591102,1.5383224788151486
12220,0.15,0.05,0.8,0.1,0.05,0.85,2.3825000000000003,1.19,2.149,0.9596449173246002,1.5383224788151486
12221,0.15,0.05,0.8,0.1,0.1,0.8,2.3825000000000003,1.19,2.1370000000000005,0.9605557852637816,1.5726837743180564
12222,0.15,0.05,0.8,0.1,0.15,0.75,2.3825000000000003,1.19,2.125,0.9614732477219798,1.647756398192358
12237,0.15,0.05,0.8,0.15,0.0,0.85,2.3825000000000003,1.19,2.1415,0.9602134408188328,1.5443980353609994
12238,0.15,0.05,0.8,0.15,0.05,0.8,2.3825000000000003,1.19,2.1295,0.9611284219652666,1.6078857394563746
12239,0.15,0.05,0.8,0.15,0.1,0.75,2.3825000000000003,1.19,2.1175,0.9620500424306768,1.67284396407607
12254,0.15,0.05,0.8,0.2,0.0,0.8,2.3825000000000003,1.19,2.1220000000000003,0.9617036521300732,1.6310641376195665
12255,0.15,0.05,0.8,0.2,0.05,0.75,2.3825000000000003,1.19,2.1100000000000003,0.9626294589335044,1.697983164341342
12270,0.15,0.05,0.8,0.25,0.0,0.75,2.3825000000000003,1.19,2.1025,0.9632115151470512,1.697983164341342
12390,0.15,0.1,0.75,0.0,0.0,1.0,2.364,1.19,2.2,0.9519868287125082,1.5375558879060578
12391,0.15,0.1,0.75,0.0,0.05,0.95,2.364,1.19,2.188,0.9528567400713924,1.5383224788151486
12392,0.15,0.1,0.75,0.0,0.1,0.9,2.364,1.19,2.176,0.9537328540068108,1.5383224788151486
12393,0.15,0.1,0.75,0.0,0.15,0.85,2.364,1.19,2.164,0.9546152370938245,1.5383224788151486
12394,0.15,0.1,0.75,0.0,0.2,0.8,2.364,1.19,2.152,0.9555039568636888,1.5383224788151486
12395,0.15,0.1,0.75,0.0,0.25,0.75,2.364,1.19,2.14,0.956399081821084,1.5798255374365702
12396,0.15,0.1,0.75,0.0,0.3,0.7,2.364,1.19,2.128,0.9573006814617152,1.6608437155705769
12410,0.15,0.1,0.75,0.05,0.0,0.95,2.364,1.19,2.1805,0.9534035802113232,1.5383224788151486
12411,0.15,0.1,0.75,0.05,0.05,0.9,2.364,1.19,2.1685000000000003,0.9542836045044,1.5383224788151486
12412,0.15,0.1,0.75,0.05,0.1,0.85,2.364,1.19,2.1565000000000003,0.9551699400429666,1.5383224788151486
12413,0.15,0.1,0.75,0.05,0.15,0.8,2.364,1.19,2.1445000000000003,0.956062654964627,1.5443980353609994
12414,0.15,0.1,0.75,0.05,0.2,0.75,2.364,1.19,2.1325000000000003,0.9569618183913652,1.6103876097269605
12415,0.15,0.1,0.75,0.05,0.25,0.7,2.364,1.19,2.1205,0.9578675004473862,1.683086780400435
12429,0.15,0.1,0.75,0.1,0.0,0.9,2.364,1.19,2.161,0.9548368203130788,1.5383224788151486
12430,0.15,0.1,0.75,0.1,0.05,0.85,2.364,1.19,2.149,0.955727134919104,1.5383224788151486
12431,0.15,0.1,0.75,0.1,0.1,0.8,2.364,1.19,2.1370000000000005,0.9566238719929816,1.5726837743180564
12432,0.15,0.1,0.75,0.1,0.15,0.75,2.364,1.19,2.125,0.9575271012809689,1.647756398192358
12447,0.15,0.1,0.75,0.15,0.0,0.85,2.364,1.19,2.1415,0.9562868385520004,1.5443980353609994
12448,0.15,0.1,0.75,0.15,0.05,0.8,2.364,1.19,2.1295,0.957187625022368,1.6078857394563746
12449,0.15,0.1,0.75,0.15,0.1,0.75,2.364,1.19,2.1175,0.9580949478117952,1.67284396407607
12464,0.15,0.1,0.75,0.2,0.0,0.8,2.364,1.19,2.1220000000000003,0.9577539312810543,1.6310641376195665
12465,0.15,0.1,0.75,0.2,0.05,0.75,2.364,1.19,2.1100000000000003,0.958665375463216,1.697983164341342
12480,0.15,0.1,0.75,0.25,0.0,0.75,2.364,1.19,2.1025,0.9592384018738692,1.697983164341342
12600,0.15,0.15,0.7,0.0,0.0,1.0,2.3454999999999995,1.19,2.2,0.9481279863962984,1.5375558879060578
12601,0.15,0.15,0.7,0.0,0.05,0.95,2.3454999999999995,1.19,2.188,0.9489841896119636,1.5383224788151486
12602,0.15,0.15,0.7,0.0,0.1,0.9,2.3454999999999995,1.19,2.176,0.949846497663391,1.5383224788151486
12603,0.15,0.15,0.7,0.0,0.15,0.85,2.3454999999999995,1.19,2.164,0.950714976076546,1.5383224788151486
12604,0.15,0.15,0.7,0.0,0.2,0.8,2.3454999999999995,1.19,2.152,0.9515896913185208,1.5383224788151486
12605,0.15,0.15,0.7,0.0,0.25,0.75,2.3454999999999995,1.19,2.14,0.952470710814492,1.5798255374365702
12606,0.15,0.15,0.7,0.0,0.3,0.7,2.3454999999999995,1.19,2.128,0.9533581029650452,1.6608437155705769
12620,0.15,0.15,0.7,0.05,0.0,0.95,2.3454999999999995,1.19,2.1805,0.9495224125946636,1.5383224788151486
12621,0.15,0.15,0.7,0.05,0.05,0.9,2.3454999999999995,1.19,2.1685000000000003,0.9503885693839734,1.5383224788151486
12622,0.15,0.15,0.7,0.05,0.1,0.85,2.3454999999999995,1.19,2.1565000000000003,0.9512609379655868,1.5383224788151486
12623,0.15,0.15,0.7,0.05,0.15,0.8,2.3454999999999995,1.19,2.1445000000000003,0.9521395854033884,1.5443980353609994
12624,0.15,0.15,0.7,0.05,0.2,0.75,2.3454999999999995,1.19,2.1325000000000003,0.9530245797301308,1.6103876097269605
12625,0.15,0.15,0.7,0.05,0.25,0.7,2.3454999999999995,1.19,2.1205,0.9539159899649964,1.683086780400435
12639,0.15,0.15,0.7,0.1,0.0,0.9,2.3454999999999995,1.19,2.161,0.9509330675670474,1.5383224788151486
12640,0.15,0.15,0.7,0.1,0.05,0.85,2.3454999999999995,1.19,2.149,0.951809352513608,1.5383224788151486
12641,0.15,0.15,0.7,0.1,0.1,0.8,2.3454999999999995,1.19,2.1370000000000005,0.9526919587221816,1.5726837743180564
12642,0.15,0.15,0.7,0.1,0.15,0.75,2.3454999999999995,1.19,2.125,0.9535809548399578,1.647756398192358
12657,0.15,0.15,0.7,0.15,0.0,0.85,2.3454999999999995,1.19,2.1415,0.9523602362851684,1.5443980353609994
12658,0.15,0.15,0.7,0.15,0.05,0.8,2.3454999999999995,1.19,2.1295,0.9532468280794696,1.6078857394563746
12659,0.15,0.15,0.7,0.15,0.1,0.75,2.3454999999999995,1.19,2.1175,0.9541398531929132,1.67284396407607
12674,0.15,0.15,0.7,0.2,0.0,0.8,2.3454999999999995,1.19,2.1220000000000003,0.9538042104320352,1.6310641376195665
12675,0.15,0.15,0.7,0.2,0.05,0.75,2.3454999999999995,1.19,2.1100000000000003,0.954701291992928,1.697983164341342
12690,0.15,0.15,0.7,0.25,0.0,0.75,2.3454999999999995,1.19,2.1025,0.9552652886006872,1.697983164341342
12810,0.15,0.2,0.65,0.0,0.0,1.0,2.327,1.19,2.2,0.9442691440800888,1.5375558879060578
12811,0.15,0.2,0.65,0.0,0.05,0.95,2.327,1.19,2.188,0.9451116391525346,1.5383224788151486
12812,0.15,0.2,0.65,0.0,0.1,0.9,2.327,1.19,2.176,0.9459601413199712,1.5383224788151486
12813,0.15,0.2,0.65,0.0,0.15,0.85,2.327,1.19,2.164,0.9468147150592678,1.5383224788151486
12814,0.15,0.2,0.65,0.0,0.2,0.8,2.327,1.19,2.152,0.9476754257733532,1.5383224788151486
12815,0.15,0.2,0.65,0.0,0.25,0.75,2.327,1.19,2.14,0.9485423398079004,1.5798255374365702
12816,0.15,0.2,0.65,0.0,0.3,0.7,2.327,1.19,2.128,0.9494155244683752,1.6608437155705769
12830,0.15,0.2,0.65,0.05,0.0,0.95,2.327,1.19,2.1805,0.9456412449780042,1.5383224788151486
12831,0.15,0.2,0.65,0.05,0.05,0.9,2.327,1.19,2.1685000000000003,0.9464935342635474,1.5383224788151486
12832,0.15,0.2,0.65,0.05,0.1,0.85,2.327,1.19,2.1565000000000003,0.9473519358882072,1.5383224788151486
12833,0.15,0.2,0.65,0.05,0.15,0.8,2.327,1.19,2.1445000000000003,0.9482165158421496,1.5443980353609994
12834,0.15,0.2,0.65,0.05,0.2,0.75,2.327,1.19,2.1325000000000003,0.9490873410688964,1.6103876097269605
12835,0.15,0.2,0.65,0.05,0.25,0.7,2.327,1.19,2.1205,0.9499644794826068,1.683086780400435
12849,0.15,0.2,0.65,0.1,0.0,0.9,2.327,1.19,2.161,0.947029314821016,1.5383224788151486
12850,0.15,0.2,0.65,0.1,0.05,0.85,2.327,1.19,2.149,0.9478915701081122,1.5383224788151486
12851,0.15,0.2,0.65,0.1,0.1,0.8,2.327,1.19,2.1370000000000005,0.948760045451382,1.5726837743180564
12852,0.15,0.2,0.65,0.1,0.15,0.75,2.327,1.19,2.125,0.949634808398947,1.647756398192358
12867,0.15,0.2,0.65,0.15,0.0,0.85,2.327,1.19,2.1415,0.9484336340183364,1.5443980353609994
12868,0.15,0.2,0.65,0.15,0.05,0.8,2.327,1.19,2.1295,0.9493060311365714,1.6078857394563746
12869,0.15,0.2,0.65,0.15,0.1,0.75,2.327,1.19,2.1175,0.9501847585740316,1.67284396407607
12884,0.15,0.2,0.65,0.2,0.0,0.8,2.327,1.19,2.1220000000000003,0.949854489583016,1.6310641376195665
12885,0.15,0.2,0.65,0.2,0.05,0.75,2.327,1.19,2.1100000000000003,0.9507372085226397,1.697983164341342
12900,0.15,0.2,0.65,0.25,0.0,0.75,2.327,1.19,2.1025,0.9512921753275057,1.697983164341342
13020,0.15,0.25,0.6,0.0,0.0,1.0,2.3085,1.19,2.2,0.9404103017638789,1.5375558879060578
13021,0.15,0.25,0.6,0.0,0.05,0.95,2.3085,1.19,2.188,0.9412390886931056,1.5383224788151486
13022,0.15,0.25,0.6,0.0,0.1,0.9,2.3085,1.19,2.176,0.9420737849765514,1.5383224788151486
13023,0.15,0.25,0.6,0.0,0.15,0.85,2.3085,1.19,2.164,0.9429144540419896,1.5383224788151486
13024,0.15,0.25,0.6,0.0,0.2,0.8,2.3085,1.19,2.152,0.9437611602281852,1.5383224788151486
13025,0.15,0.25,0.6,0.0,0.25,0.75,2.3085,1.19,2.14,0.944613968801308,1.5798255374365702
13026,0.15,0.25,0.6,0.0,0.3,0.7,2.3085,1.19,2.128,0.9454729459717052,1.6608437155705769
13040,0.15,0.25,0.6,0.05,0.0,0.95,2.3085,1.19,2.1805,0.9417600773613444,1.5383224788151486
13041,0.15,0.25,0.6,0.05,0.05,0.9,2.3085,1.19,2.1685000000000003,0.9425984991431212,1.5383224788151486
13042,0.15,0.25,0.6,0.05,0.1,0.85,2.3085,1.19,2.1565000000000003,0.9434429338108274,1.5383224788151486
13043,0.15,0.25,0.6,0.05,0.15,0.8,2.3085,1.19,2.1445000000000003,0.9442934462809104,1.5443980353609994
13044,0.15,0.25,0.6,0.05,0.2,0.75,2.3085,1.19,2.1325000000000003,0.945150102407662,1.6103876097269605
13045,0.15,0.25,0.6,0.05,0.25,0.7,2.3085,1.19,2.1205,0.946012969000217,1.683086780400435
13059,0.15,0.25,0.6,0.1,0.0,0.9,2.3085,1.19,2.161,0.9431255620749848,1.5383224788151486
13060,0.15,0.25,0.6,0.1,0.05,0.85,2.3085,1.19,2.149,0.943973787702616,1.5383224788151486
13061,0.15,0.25,0.6,0.1,0.1,0.8,2.3085,1.19,2.1370000000000005,0.944828132180582,1.5726837743180564
13062,0.15,0.25,0.6,0.1,0.15,0.75,2.3085,1.19,2.125,0.945688661957936,1.647756398192358
13077,0.15,0.25,0.6,0.15,0.0,0.85,2.3085,1.19,2.1415,0.944507031751504,1.5443980353609994
13078,0.15,0.25,0.6,0.15,0.05,0.8,2.3085,1.19,2.1295,0.945365234193673,1.6078857394563746
13079,0.15,0.25,0.6,0.15,0.1,0.75,2.3085,1.19,2.1175,0.9462296639551502,1.67284396407607
13094,0.15,0.25,0.6,0.2,0.0,0.8,2.3085,1.19,2.1220000000000003,0.9459047687339972,1.6310641376195665
13095,0.15,0.25,0.6,0.2,0.05,0.75,2.3085,1.19,2.1100000000000003,0.9467731250523514,1.697983164341342
13110,0.15,0.25,0.6,0.25,0.0,0.75,2.3085,1.19,2.1025,0.9473190620543236,1.697983164341342
13230,0.15,0.3,0.55,0.0,0.0,1.0,2.29,1.19,2.2,0.9365514594476692,1.538398061819101
13231,0.15,0.3,0.55,0.0,0.05,0.95,2.29,1.19,2.188,0.9373665382336768,1.5383224788151486
13232,0.15,0.3,0.55,0.0,0.1,0.9,2.29,1.19,2.176,0.9381874286331316,1.5383224788151486
13233,0.15,0.3,0.55,0.0,0.15,0.85,2.29,1.19,2.164,0.9390141930247116,1.5383224788151486
13234,0.15,0.3,0.55,0.0,0.2,0.8,2.29,1.19,2.152,0.9398468946830172,1.5383224788151486
13235,0.15,0.3,0.55,0.0,0.25,0.75,2.29,1.19,2.14,0.9406855977947162,1.5798255374365702
13236,0.15,0.3,0.55,0.0,0.3,0.7,2.29,1.19,2.128,0.9415303674750352,1.6608437155705769
13250,0.15,0.3,0.55,0.05,0.0,0.95,2.29,1.19,2.1805,0.9378789097446848,1.5383224788151486
13251,0.15,0.3,0.55,0.05,0.05,0.9,2.29,1.19,2.1685000000000003,0.9387034640226952,1.5383224788151486
13252,0.15,0.3,0.55,0.05,0.1,0.85,2.29,1.19,2.1565000000000003,0.939533931733448,1.5383224788151486
13253,0.15,0.3,0.55,0.05,0.15,0.8,2.29,1.19,2.1445000000000003,0.9403703767196716,1.5443980353609994
13254,0.15,0.3,0.55,0.05,0.2,0.75,2.29,1.19,2.1325000000000003,0.9412128637464278,1.6103876097269605
13255,0.15,0.3,0.55,0.05,0.25,0.7,2.29,1.19,2.1205,0.9420614585178274,1.683086780400435
13269,0.15,0.3,0.55,0.1,0.0,0.9,2.29,1.19,2.161,0.9392218093289536,1.5383224788151486
13270,0.15,0.3,0.55,0.1,0.05,0.85,2.29,1.19,2.149,0.9400560052971202,1.5383224788151486
13271,0.15,0.3,0.55,0.1,0.1,0.8,2.29,1.19,2.1370000000000005,0.9408962189097824,1.5726837743180564
13272,0.15,0.3,0.55,0.1,0.15,0.75,2.29,1.19,2.125,0.9417425155169252,1.647756398192358
13287,0.15,0.3,0.55,0.15,0.0,0.85,2.29,1.19,2.1415,0.940580429484672,1.5443980353609994
13288,0.15,0.3,0.55,0.15,0.05,0.8,2.29,1.19,2.1295,0.9414244372507748,1.6078857394563746
13289,0.15,0.3,0.55,0.15,0.1,0.75,2.29,1.19,2.1175,0.9422745693362684,1.67284396407607
13304,0.15,0.3,0.55,0.2,0.0,0.8,2.29,1.19,2.1220000000000003,0.9419550478849782,1.6310641376195665
13305,0.15,0.3,0.55,0.2,0.05,0.75,2.29,1.19,2.1100000000000003,0.9428090415820634,1.697983164341342
13320,0.15,0.3,0.55,0.25,0.0,0.75,2.29,1.19,2.1025,0.943345948781142,1.697983164341342
13440,0.15,0.35,0.5,0.0,0.0,1.0,2.2715,1.19,2.2,0.9326926171314592,1.538398061819101
13441,0.15,0.35,0.5,0.0,0.05,0.95,2.2715,1.19,2.188,0.9334939877742476,1.5391646527281921
13442,0.15,0.35,0.5,0.0,0.1,0.9,2.2715,1.19,2.176,0.9343010722897118,1.5391646527281921
13443,0.15,0.35,0.5,0.0,0.15,0.85,2.2715,1.19,2.164,0.9351139320074332,1.5391646527281921
13444,0.15,0.35,0.5,0.0,0.2,0.8,2.2715,1.19,2.152,0.9359326291378494,1.5391646527281921
13445,0.15,0.35,0.5,0.0,0.25,0.75,2.2715,1.19,2.14,0.9367572267881245,1.5798255374365702
13446,0.15,0.35,0.5,0.0,0.3,0.7,2.2715,1.19,2.128,0.937587788978365,1.6608437155705769
13460,0.15,0.35,0.5,0.05,0.0,0.95,2.2715,1.19,2.1805,0.9339977421280252,1.5391646527281921
13461,0.15,0.35,0.5,0.05,0.05,0.9,2.2715,1.19,2.1685000000000003,0.9348084289022688,1.5391646527281921
13462,0.15,0.35,0.5,0.05,0.1,0.85,2.2715,1.19,2.1565000000000003,0.935624929656068,1.5391646527281921
13463,0.15,0.35,0.5,0.05,0.15,0.8,2.2715,1.19,2.1445000000000003,0.9364473071584326,1.5452402092740427
13464,0.15,0.35,0.5,0.05,0.2,0.75,2.2715,1.19,2.1325000000000003,0.9372756250851934,1.6103876097269605
13465,0.15,0.35,0.5,0.05,0.25,0.7,2.2715,1.19,2.1205,0.9381099480354376,1.683086780400435
13479,0.15,0.35,0.5,0.1,0.0,0.9,2.2715,1.19,2.161,0.935318056582922,1.5391646527281921
13480,0.15,0.35,0.5,0.1,0.05,0.85,2.2715,1.19,2.149,0.936138222891624,1.5391646527281921
13481,0.15,0.35,0.5,0.1,0.1,0.8,2.2715,1.19,2.1370000000000005,0.9369643056389824,1.5726837743180564
13482,0.15,0.35,0.5,0.1,0.15,0.75,2.2715,1.19,2.125,0.9377963690759143,1.647756398192358
13497,0.15,0.35,0.5,0.15,0.0,0.85,2.2715,1.19,2.1415,0.93665382721784,1.5443980353609994
13498,0.15,0.35,0.5,0.15,0.05,0.8,2.2715,1.19,2.1295,0.9374836403078762,1.6078857394563746
13499,0.15,0.35,0.5,0.15,0.1,0.75,2.2715,1.19,2.1175,0.9383194747173866,1.67284396407607
13514,0.15,0.35,0.5,0.2,0.0,0.8,2.2715,1.19,2.1220000000000003,0.9380053270359588,1.6310641376195665
13515,0.15,0.35,0.5,0.2,0.05,0.75,2.2715,1.19,2.1100000000000003,0.938844958111775,1.697983164341342
13530,0.15,0.35,0.5,0.25,0.0,0.75,2.2715,1.19,2.1025,0.93937283550796,1.697983164341342
13650,0.15,0.4,0.45,0.0,0.0,1.0,2.253,1.19,2.2,0.9288337748152496,1.538398061819101
13651,0.15,0.4,0.45,0.0,0.05,0.95,2.253,1.19,2.188,0.9296214373148186,1.5391646527281921
13652,0.15,0.4,0.45,0.0,0.1,0.9,2.253,1.19,2.176,0.930414715946292,1.5391646527281921
13653,0.15,0.4,0.45,0.0,0.15,0.85,2.253,1.19,2.164,0.9312136709901552,1.5391646527281921
13654,0.15,0.4,0.45,0.0,0.2,0.8,2.253,1.19,2.152,0.9320183635926816,1.5391646527281921
13655,0.15,0.4,0.45,0.0,0.25,0.75,2.253,1.19,2.14,0.9328288557815324,1.5806677113496135
13656,0.15,0.4,0.45,0.0,0.3,0.7,2.253,1.19,2.128,0.9336452104816952,1.6608437155705769
13670,0.15,0.4,0.45,0.05,0.0,0.95,2.253,1.19,2.1805,0.930116574511366,1.5391646527281921
13671,0.15,0.4,0.45,0.05,0.05,0.9,2.253,1.19,2.1685000000000003,0.9309133937818428,1.5391646527281921
13672,0.15,0.4,0.45,0.05,0.1,0.85,2.253,1.19,2.1565000000000003,0.9317159275786886,1.5391646527281921
13673,0.15,0.4,0.45,0.05,0.15,0.8,2.253,1.19,2.1445000000000003,0.9325242375971938,1.5452402092740427
13674,0.15,0.4,0.45,0.05,0.2,0.75,2.253,1.19,2.1325000000000003,0.933338386423959,1.611229783640004
13675,0.15,0.4,0.45,0.05,0.25,0.7,2.253,1.19,2.1205,0.934158437553048,1.683086780400435
13689,0.15,0.4,0.45,0.1,0.0,0.9,2.253,1.19,2.161,0.9314143038368906,1.5391646527281921
13690,0.15,0.4,0.45,0.1,0.05,0.85,2.253,1.19,2.149,0.9322204404861282,1.5391646527281921
13691,0.15,0.4,0.45,0.1,0.1,0.8,2.253,1.19,2.1370000000000005,0.9330323923681826,1.5735259482311
13692,0.15,0.4,0.45,0.1,0.15,0.75,2.253,1.19,2.125,0.9338502226349036,1.647756398192358
13707,0.15,0.4,0.45,0.15,0.0,0.85,2.253,1.19,2.1415,0.932727224951008,1.5452402092740427
13708,0.15,0.4,0.45,0.15,0.05,0.8,2.253,1.19,2.1295,0.933542843364978,1.6078857394563746
13709,0.15,0.4,0.45,0.15,0.1,0.75,2.253,1.19,2.1175,0.9343643800985052,1.67284396407607
13724,0.15,0.4,0.45,0.2,0.0,0.8,2.253,1.19,2.1220000000000003,0.9340556061869398,1.6310641376195665
13725,0.15,0.4,0.45,0.2,0.05,0.75,2.253,1.19,2.1100000000000003,0.934880874641487,1.697983164341342
13740,0.15,0.4,0.45,0.25,0.0,0.75,2.253,1.19,2.1025,0.9353997222347784,1.697983164341342
13860,0.15,0.45,0.4,0.0,0.0,1.0,2.2345,1.19,2.2,0.9249749324990396,1.538398061819101
13861,0.15,0.45,0.4,0.0,0.05,0.95,2.2345,1.19,2.188,0.9257488868553896,1.5391646527281921
13862,0.15,0.45,0.4,0.0,0.1,0.9,2.2345,1.19,2.176,0.9265283596028724,1.5391646527281921
13863,0.15,0.45,0.4,0.0,0.15,0.85,2.2345,1.19,2.164,0.9273134099728768,1.5391646527281921
13864,0.15,0.45,0.4,0.0,0.2,0.8,2.2345,1.19,2.152,0.9281040980475136,1.5391646527281921
13865,0.15,0.45,0.4,0.0,0.25,0.75,2.2345,1.19,2.14,0.9289004847749406,1.5806677113496135
13866,0.15,0.45,0.4,0.0,0.3,0.7,2.2345,1.19,2.128,0.9297026319850252,1.6608437155705769
13880,0.15,0.45,0.4,0.05,0.0,0.95,2.2345,1.19,2.1805,0.9262354068947062,1.5391646527281921
13881,0.15,0.45,0.4,0.05,0.05,0.9,2.2345,1.19,2.1685000000000003,0.9270183586614168,1.5391646527281921
13882,0.15,0.45,0.4,0.05,0.1,0.85,2.2345,1.19,2.1565000000000003,0.9278069255013088,1.5391646527281921
13883,0.15,0.45,0.4,0.05,0.15,0.8,2.2345,1.19,2.1445000000000003,0.9286011680359548,1.5452402092740427
13884,0.15,0.45,0.4,0.05,0.2,0.75,2.2345,1.19,2.1325000000000003,0.9294011477627248,1.611229783640004
13885,0.15,0.45,0.4,0.05,0.25,0.7,2.2345,1.19,2.1205,0.9302069270706584,1.683086780400435
13899,0.15,0.45,0.4,0.1,0.0,0.9,2.2345,1.19,2.161,0.9275105510908592,1.5391646527281921
13900,0.15,0.45,0.4,0.1,0.05,0.85,2.2345,1.19,2.149,0.9283026580806322,1.5391646527281921
13901,0.15,0.45,0.4,0.1,0.1,0.8,2.2345,1.19,2.1370000000000005,0.9291004790973828,1.5735259482311
13902,0.15,0.45,0.4,0.1,0.15,0.75,2.2345,1.19,2.125,0.9299040761938928,1.647756398192358
13917,0.15,0.45,0.4,0.15,0.0,0.85,2.2345,1.19,2.1415,0.9288006226841758,1.5452402092740427
13918,0.15,0.45,0.4,0.15,0.05,0.8,2.2345,1.19,2.1295,0.9296020464220798,1.6078857394563746
13919,0.15,0.45,0.4,0.15,0.1,0.75,2.2345,1.19,2.1175,0.9304092854796236,1.67284396407607
13934,0.15,0.45,0.4,0.2,0.0,0.8,2.2345,1.19,2.1220000000000003,0.9301058853379208,1.6310641376195665
13935,0.15,0.45,0.4,0.2,0.05,0.75,2.2345,1.19,2.1100000000000003,0.9309167911711984,1.697983164341342
13950,0.15,0.45,0.4,0.25,0.0,0.75,2.2345,1.19,2.1025,0.9314266089615963,1.697983164341342
14070,0.15,0.5,0.35,0.0,0.0,1.0,2.216,1.19,2.2,0.92111609018283,1.538398061819101
14071,0.15,0.5,0.35,0.0,0.05,0.95,2.216,1.19,2.188,0.9218763363959608,1.5391646527281921
14072,0.15,0.5,0.35,0.0,0.1,0.9,2.216,1.19,2.176,0.9226420032594522,1.5391646527281921
14073,0.15,0.5,0.35,0.0,0.15,0.85,2.216,1.19,2.164,0.9234131489555986,1.5391646527281921
14074,0.15,0.5,0.35,0.0,0.2,0.8,2.216,1.19,2.152,0.9241898325023458,1.5391646527281921
14075,0.15,0.5,0.35,0.0,0.25,0.75,2.216,1.19,2.14,0.9249721137683484,1.5806677113496135
14076,0.15,0.5,0.35,0.0,0.3,0.7,2.216,1.19,2.128,0.925760053488355,1.6608437155705769
14090,0.15,0.5,0.35,0.05,0.0,0.95,2.216,1.19,2.1805,0.9223542392780466,1.5391646527281921
14091,0.15,0.5,0.35,0.05,0.05,0.9,2.216,1.19,2.1685000000000003,0.9231233235409908,1.5391646527281921
14092,0.15,0.5,0.35,0.05,0.1,0.85,2.216,1.19,2.1565000000000003,0.9238979234239292,1.5391646527281921
14093,0.15,0.5,0.35,0.05,0.15,0.8,2.216,1.19,2.1445000000000003,0.9246780984747158,1.5452402092740427
14094,0.15,0.5,0.35,0.05,0.2,0.75,2.216,1.19,2.1325000000000003,0.92546390910149,1.611229783640004
14095,0.15,0.5,0.35,0.05,0.25,0.7,2.216,1.19,2.1205,0.9262554165882684,1.683086780400435
14109,0.15,0.5,0.35,0.1,0.0,0.9,2.216,1.19,2.161,0.9236067983448278,1.5391646527281921
14110,0.15,0.5,0.35,0.1,0.05,0.85,2.216,1.19,2.149,0.9243848756751362,1.5391646527281921
14111,0.15,0.5,0.35,0.1,0.1,0.8,2.216,1.19,2.1370000000000005,0.9251685658265828,1.5735259482311
14112,0.15,0.5,0.35,0.1,0.15,0.75,2.216,1.19,2.125,0.9259579297528816,1.647756398192358
14127,0.15,0.5,0.35,0.15,0.0,0.85,2.216,1.19,2.1415,0.9248740204173436,1.5452402092740427
14128,0.15,0.5,0.35,0.15,0.05,0.8,2.216,1.19,2.1295,0.925661249479181,1.6078857394563746
14129,0.15,0.5,0.35,0.15,0.1,0.75,2.216,1.19,2.1175,0.9264541908607418,1.67284396407607
14144,0.15,0.5,0.35,0.2,0.0,0.8,2.216,1.19,2.1220000000000003,0.9261561644889018,1.6310641376195665
14145,0.15,0.5,0.35,0.2,0.05,0.75,2.216,1.19,2.1100000000000003,0.9269527077009104,1.697983164341342
14160,0.15,0.5,0.35,0.25,0.0,0.75,2.216,1.19,2.1025,0.9274534956884148,1.697983164341342
14280,0.15,0.55,0.3,0.0,0.0,1.0,2.1975,1.19,2.2,0.9172572478666202,1.5541091551190334
14281,0.15,0.55,0.3,0.0,0.05,0.95,2.1975,1.19,2.188,0.9180037859365316,1.5509719367589623
14282,0.15,0.55,0.3,0.0,0.1,0.9,2.1975,1.19,2.176,0.9187556469160324,1.5408813544825783
14283,0.15,0.55,0.3,0.0,0.15,0.85,2.1975,1.19,2.164,0.9195128879383204,1.5408813544825783
14284,0.15,0.55,0.3,0.0,0.2,0.8,2.1975,1.19,2.152,0.9202755669571776,1.5391646527281921
14285,0.15,0.55,0.3,0.0,0.25,0.75,2.1975,1.19,2.14,0.9210437427617568,1.5806677113496135
14286,0.15,0.55,0.3,0.0,0.3,0.7,2.1975,1.19,2.128,0.9218174749916852,1.6608437155705769
14300,0.15,0.55,0.3,0.05,0.0,0.95,2.1975,1.19,2.1805,0.9184730716613873,1.5408813544825783
14301,0.15,0.55,0.3,0.05,0.05,0.9,2.1975,1.19,2.1685000000000003,0.9192282884205644,1.5408813544825783
14302,0.15,0.55,0.3,0.05,0.1,0.85,2.1975,1.19,2.1565000000000003,0.9199889213465494,1.5391646527281921
14303,0.15,0.55,0.3,0.05,0.15,0.8,2.1975,1.19,2.1445000000000003,0.920755028913477,1.5452402092740427
14304,0.15,0.55,0.3,0.05,0.2,0.75,2.1975,1.19,2.1325000000000003,0.921526670440256,1.611229783640004
14305,0.15,0.55,0.3,0.05,0.25,0.7,2.1975,1.19,2.1205,0.9223039061058788,1.683086780400435
14319,0.15,0.55,0.3,0.1,0.0,0.9,2.1975,1.19,2.161,0.9197030455987965,1.5391646527281921
14320,0.15,0.55,0.3,0.1,0.05,0.85,2.1975,1.19,2.149,0.9204670932696402,1.5391646527281921
14321,0.15,0.55,0.3,0.1,0.1,0.8,2.1975,1.19,2.1370000000000005,0.9212366525557828,1.5735259482311
14322,0.15,0.55,0.3,0.1,0.15,0.75,2.1975,1.19,2.125,0.9220117833118708,1.647756398192358
14337,0.15,0.55,0.3,0.15,0.0,0.85,2.1975,1.19,2.1415,0.9209474181505116,1.5452402092740427
14338,0.15,0.55,0.3,0.15,0.05,0.8,2.1975,1.19,2.1295,0.9217204525362828,1.6078857394563746
14339,0.15,0.55,0.3,0.15,0.1,0.75,2.1975,1.19,2.1175,0.92249909624186,1.67284396407607
14354,0.15,0.55,0.3,0.2,0.0,0.8,2.1975,1.19,2.1220000000000003,0.9222064436398828,1.6310641376195665
14355,0.15,0.55,0.3,0.2,0.05,0.75,2.1975,1.19,2.1100000000000003,0.922988624230622,1.697983164341342
14370,0.15,0.55,0.3,0.25,0.0,0.75,2.1975,1.19,2.1025,0.9234803824152328,1.697983164341342
14490,0.15,0.6,0.25,0.0,0.0,1.0,2.179,1.19,2.2,0.9133984055504104,1.5827684498369314
14491,0.15,0.6,0.25,0.0,0.05,0.95,2.179,1.19,2.188,0.9141312354771024,1.5835350407460222
14492,0.15,0.6,0.25,0.0,0.1,0.9,2.179,1.19,2.176,0.9148692905726128,1.5548757460281244
14493,0.15,0.6,0.25,0.0,0.15,0.85,2.179,1.19,2.164,0.9156126269210422,1.5548757460281244
14494,0.15,0.6,0.25,0.0,0.2,0.8,2.179,1.19,2.152,0.9163613014120098,1.5548757460281244
14495,0.15,0.6,0.25,0.0,0.25,0.75,2.179,1.19,2.14,0.9171153717551648,1.5927964632872043
14496,0.15,0.6,0.25,0.0,0.3,0.7,2.179,1.19,2.128,0.9178748964950152,1.6613321246614863
14510,0.15,0.6,0.25,0.05,0.0,0.95,2.179,1.19,2.1805,0.9145919040447272,1.5548757460281244
14511,0.15,0.6,0.25,0.05,0.05,0.9,2.179,1.19,2.1685000000000003,0.9153332533001384,1.5548757460281244
14512,0.15,0.6,0.25,0.05,0.1,0.85,2.179,1.19,2.1565000000000003,0.9160799192691697,1.5548757460281244
14513,0.15,0.6,0.25,0.05,0.15,0.8,2.179,1.19,2.1445000000000003,0.916831959352238,1.5597127311454038
14514,0.15,0.6,0.25,0.05,0.2,0.75,2.179,1.19,2.1325000000000003,0.9175894317790216,1.6172332196004857
14515,0.15,0.6,0.25,0.05,0.25,0.7,2.179,1.19,2.1205,0.9183523956234892,1.683086780400435
14529,0.15,0.6,0.25,0.1,0.0,0.9,2.179,1.19,2.161,0.9157992928527652,1.5548757460281244
14530,0.15,0.6,0.25,0.1,0.05,0.85,2.179,1.19,2.149,0.916549310864144,1.5548757460281244
14531,0.15,0.6,0.25,0.1,0.1,0.8,2.179,1.19,2.1370000000000005,0.9173047392849832,1.5857769633945142
14532,0.15,0.6,0.25,0.1,0.15,0.75,2.179,1.19,2.125,0.9180656368708598,1.6518638577218636
14547,0.15,0.6,0.25,0.15,0.0,0.85,2.179,1.19,2.1415,0.9170208158836796,1.5597127311454038
14548,0.15,0.6,0.25,0.15,0.05,0.8,2.179,1.19,2.1295,0.9177796555933846,1.6143369689196505
14549,0.15,0.6,0.25,0.15,0.1,0.75,2.179,1.19,2.1175,0.9185440016229784,1.673616806181333
14564,0.15,0.6,0.25,0.2,0.0,0.8,2.179,1.19,2.1220000000000003,0.9182567227908636,1.6318369797248296
14565,0.15,0.6,0.25,0.2,0.05,0.75,2.179,1.19,2.1100000000000003,0.919024540760334,1.6987560064466054
14580,0.15,0.6,0.25,0.25,0.0,0.75,2.179,1.19,2.1025,0.9195072691420508,1.6987560064466054
14700,0.15,0.65,0.2,0.0,0.0,1.0,2.1605,1.19,2.2,0.9095395632342006,1.5835798691917702
14701,0.15,0.65,0.2,0.0,0.05,0.95,2.1605,1.19,2.188,0.9102586850176736,1.5843464601008612
14702,0.15,0.65,0.2,0.0,0.1,0.9,2.1605,1.19,2.176,0.9109829342291929,1.5843464601008612
14703,0.15,0.65,0.2,0.0,0.15,0.85,2.1605,1.19,2.164,0.911712365903764,1.5843464601008612
14704,0.15,0.65,0.2,0.0,0.2,0.8,2.1605,1.19,2.152,0.912447035866842,1.5843464601008612
14705,0.15,0.65,0.2,0.0,0.25,0.75,2.1605,1.19,2.14,0.9131870007485728,1.6128948020020781
14706,0.15,0.65,0.2,0.0,0.3,0.7,2.1605,1.19,2.128,0.913932317998345,1.6724998149901966
14720,0.15,0.65,0.2,0.05,0.0,0.95,2.1605,1.19,2.1805,0.9107107364280675,1.5843464601008612
14721,0.15,0.65,0.2,0.05,0.05,0.9,2.1605,1.19,2.1685000000000003,0.9114382181797124,1.5843464601008612
14722,0.15,0.65,0.2,0.05,0.1,0.85,2.1605,1.19,2.1565000000000003,0.91217091719179,1.5843464601008612
14723,0.15,0.65,0.2,0.05,0.15,0.8,2.1605,1.19,2.1445000000000003,0.9129088897909992,1.5870507499776512
14724,0.15,0.65,0.2,0.05,0.2,0.75,2.1605,1.19,2.1325000000000003,0.9136521931177872,1.6346895180128487
14725,0.15,0.65,0.2,0.05,0.25,0.7,2.1605,1.19,2.1205,0.9144008851410994,1.685593250097405
14739,0.15,0.65,0.2,0.1,0.0,0.9,2.1605,1.19,2.161,0.911895540106734,1.5843464601008612
14740,0.15,0.65,0.2,0.1,0.05,0.85,2.1605,1.19,2.149,0.9126315284586484,1.5843464601008612
14741,0.15,0.65,0.2,0.1,0.1,0.8,2.1605,1.19,2.1370000000000005,0.9133728260141832,1.6077974659884218
14742,0.15,0.65,0.2,0.1,0.15,0.75,2.1605,1.19,2.125,0.914119490429849,1.664153675242554
14757,0.15,0.65,0.2,0.15,0.0,0.85,2.1605,1.19,2.1415,0.9130942136168472,1.5870507499776512
14758,0.15,0.65,0.2,0.15,0.05,0.8,2.1605,1.19,2.1295,0.913838858650486,1.634487428096176
14759,0.15,0.65,0.2,0.15,0.1,0.75,2.1605,1.19,2.1175,0.9145889070040968,1.6787275662080712
14774,0.15,0.65,0.2,0.2,0.0,0.8,2.1605,1.19,2.1220000000000003,0.9143070019418448,1.6403691763520043
14910,0.15,0.7,0.15,0.0,0.0,1.0,2.142,1.19,2.2,0.9056807209179908,1.5847033136362145
14911,0.15,0.7,0.15,0.0,0.05,0.95,2.142,1.19,2.188,0.9063861345582448,1.5854699045453053
14912,0.15,0.7,0.15,0.0,0.1,0.9,2.142,1.19,2.176,0.9070965778857728,1.5854699045453053
14913,0.15,0.7,0.15,0.0,0.15,0.85,2.142,1.19,2.164,0.9078121048864858,1.5854699045453053
14914,0.15,0.7,0.15,0.0,0.2,0.8,2.142,1.19,2.152,0.908532770321674,1.5843464601008612
14915,0.15,0.7,0.15,0.0,0.25,0.75,2.142,1.19,2.14,0.9092586297419808,1.6128948020020781
14916,0.15,0.7,0.15,0.0,0.3,0.7,2.142,1.19,2.128,0.9099897395016748,1.6724998149901966
14930,0.15,0.7,0.15,0.05,0.0,0.95,2.142,1.19,2.1805,0.9068295688114082,1.5854699045453053
14931,0.15,0.7,0.15,0.05,0.05,0.9,2.142,1.19,2.1685000000000003,0.9075431830592864,1.5854699045453053
14932,0.15,0.7,0.15,0.05,0.1,0.85,2.142,1.19,2.1565000000000003,0.9082619151144103,1.5854699045453053
14933,0.15,0.7,0.15,0.05,0.15,0.8,2.142,1.19,2.1445000000000003,0.9089858202297604,1.5870507499776512
14934,0.15,0.7,0.15,0.05,0.2,0.75,2.142,1.19,2.1325000000000003,0.9097149544565528,1.6355009373676872
14935,0.15,0.7,0.15,0.05,0.25,0.7,2.142,1.19,2.1205,0.9104493746587096,1.6925815879648511
14949,0.15,0.7,0.15,0.1,0.0,0.9,2.142,1.19,2.161,0.9079917873607024,1.5854699045453053
14950,0.15,0.7,0.15,0.1,0.05,0.85,2.142,1.19,2.149,0.9087137460531524,1.5843464601008612
14951,0.15,0.7,0.15,0.1,0.1,0.8,2.142,1.19,2.1370000000000005,0.9094409127433832,1.6086088853432605
14952,0.15,0.7,0.15,0.1,0.15,0.75,2.142,1.19,2.125,0.910173343988838,1.664153675242554
14967,0.15,0.7,0.15,0.15,0.0,0.85,2.142,1.19,2.1415,0.9091676113500152,1.5870507499776512
14968,0.15,0.7,0.15,0.15,0.05,0.8,2.142,1.19,2.1295,0.9098980617075876,1.634487428096176
14969,0.15,0.7,0.15,0.15,0.1,0.75,2.142,1.19,2.1175,0.9106338123852152,1.6857524366894412
14984,0.15,0.7,0.15,0.2,0.0,0.8,2.142,1.19,2.1220000000000003,0.9103572810928257,1.6555045344041641
15120,0.15,0.75,0.1,0.0,0.0,1.0,2.1235,1.19,2.2,0.9018218786017812,1.5902699919053926
15121,0.15,0.75,0.1,0.0,0.05,0.95,2.1235,1.19,2.188,0.9025135840988155,1.5910365828144837
15122,0.15,0.75,0.1,0.0,0.1,0.9,2.1235,1.19,2.176,0.9032102215423532,1.5879267083946091
15123,0.15,0.75,0.1,0.0,0.15,0.85,2.1235,1.19,2.164,0.9039118438692074,1.5879267083946091
15124,0.15,0.75,0.1,0.0,0.2,0.8,2.1235,1.19,2.152,0.9046185047765062,1.586510965151366
15125,0.15,0.75,0.1,0.0,0.25,0.75,2.1235,1.19,2.14,0.905330258735389,1.6140182464465225
15126,0.15,0.75,0.1,0.0,0.3,0.7,2.1235,1.19,2.128,0.9060471610050048,1.6724998149901966
15140,0.15,0.75,0.1,0.05,0.0,0.95,2.1235,1.19,2.1805,0.9029484011947488,1.5879267083946091
15141,0.15,0.75,0.1,0.05,0.05,0.9,2.1235,1.19,2.1685000000000003,0.90364814793886,1.5879267083946091
15142,0.15,0.75,0.1,0.05,0.1,0.85,2.1235,1.19,2.1565000000000003,0.9043529130370308,1.586510965151366
15143,0.15,0.75,0.1,0.05,0.15,0.8,2.1235,1.19,2.1445000000000003,0.9050627506685216,1.589215255028156
15144,0.15,0.75,0.1,0.05,0.2,0.75,2.1235,1.19,2.1325000000000003,0.9057777157953186,1.6366243818121315
15145,0.15,0.75,0.1,0.05,0.25,0.7,2.1235,1.19,2.1205,0.90649786417632,1.6925815879648511
15159,0.15,0.75,0.1,0.1,0.0,0.9,2.1235,1.19,2.161,0.9040880346146708,1.5879267083946091
15160,0.15,0.75,0.1,0.1,0.05,0.85,2.1235,1.19,2.149,0.904795963647656,1.586510965151366
15161,0.15,0.75,0.1,0.1,0.1,0.8,2.1235,1.19,2.1370000000000005,0.9055089994725836,1.6097323297877049
15162,0.15,0.75,0.1,0.1,0.15,0.75,2.1235,1.19,2.125,0.9062271975478272,1.664153675242554
15177,0.15,0.75,0.1,0.15,0.0,0.85,2.1235,1.19,2.1415,0.9052410090831832,1.589215255028156
15178,0.15,0.75,0.1,0.15,0.05,0.8,2.1235,1.19,2.1295,0.9059572647646892,1.634487428096176
15179,0.15,0.75,0.1,0.15,0.1,0.75,2.1235,1.19,2.1175,0.9066787177663332,1.6857524366894412
15194,0.15,0.75,0.1,0.2,0.0,0.8,2.1235,1.19,2.1220000000000003,0.9064075602438064,1.6555045344041641
15333,0.15,0.8,0.05,0.0,0.15,0.85,2.105,1.19,2.164,0.9000115828519295,1.5977693422043857
15334,0.15,0.8,0.05,0.0,0.2,0.8,2.105,1.19,2.152,0.9007042392313381,1.5910365828144837
15335,0.15,0.8,0.05,0.0,0.25,0.75,2.105,1.19,2.14,0.901401887728797,1.6185438641096397
15336,0.15,0.8,0.05,0.0,0.3,0.7,2.105,1.19,2.128,0.902104582508335,1.67581098820887
15352,0.15,0.8,0.05,0.05,0.1,0.85,2.105,1.19,2.1565000000000003,0.9004439109596508,1.5910365828144837
15353,0.15,0.8,0.05,0.05,0.15,0.8,2.105,1.19,2.1445000000000003,0.9011396811072826,1.5937408726912736
15354,0.15,0.8,0.05,0.05,0.2,0.75,2.105,1.19,2.1325000000000003,0.9018404771340844,1.6411499994752492
15355,0.15,0.8,0.05,0.05,0.25,0.7,2.105,1.19,2.1205,0.9025463536939304,1.695030033910797
15369,0.15,0.8,0.05,0.1,0.0,0.9,2.105,1.19,2.161,0.9001842818686396,1.5977693422043857
15370,0.15,0.8,0.05,0.1,0.05,0.85,2.105,1.19,2.149,0.90087818124216,1.5910365828144837
15371,0.15,0.8,0.05,0.1,0.1,0.8,2.105,1.19,2.1370000000000005,0.9015770862017838,1.6152990080568828
15372,0.15,0.8,0.05,0.1,0.15,0.75,2.105,1.19,2.125,0.9022810511068164,1.6674648484612273
15387,0.15,0.8,0.05,0.15,0.0,0.85,2.105,1.19,2.1415,0.9013144068163512,1.5937408726912736
15388,0.15,0.8,0.05,0.15,0.05,0.8,2.105,1.19,2.1295,0.902016467821791,1.63883966192091
15389,0.15,0.8,0.05,0.15,0.1,0.75,2.105,1.19,2.1175,0.9027236231474516,1.6882008826353874
15404,0.15,0.8,0.05,0.2,0.0,0.8,2.105,1.19,2.1220000000000003,0.9024578393947874,1.6589940409561708
15540,0.2,0.0,0.8,0.0,0.0,1.0,2.358,1.19,2.2,0.9507353122856292,1.5375558879060578
15541,0.2,0.0,0.8,0.0,0.05,0.95,2.358,1.19,2.188,0.9516007777602264,1.5383224788151486
15542,0.2,0.0,0.8,0.0,0.1,0.9,2.358,1.19,2.176,0.9524724141116478,1.5383224788151486
15543,0.2,0.0,0.8,0.0,0.15,0.85,2.358,1.19,2.164,0.9533502875747072,1.5383224788151486
15544,0.2,0.0,0.8,0.0,0.2,0.8,2.358,1.19,2.152,0.9542344653355264,1.5383224788151486
15545,0.2,0.0,0.8,0.0,0.25,0.75,2.358,1.19,2.14,0.955125015548676,1.5798255374365702
15546,0.2,0.0,0.8,0.0,0.3,0.7,2.358,1.19,2.128,0.9560220073546872,1.6608437155705769
15560,0.2,0.0,0.8,0.05,0.0,0.95,2.358,1.19,2.1805,0.9521448231464608,1.5383224788151486
15561,0.2,0.0,0.8,0.05,0.05,0.9,2.358,1.19,2.1685000000000003,0.953020349870748,1.5383224788151486
15562,0.2,0.0,0.8,0.05,0.1,0.85,2.358,1.19,2.1565000000000003,0.953902155585438,1.5383224788151486
15563,0.2,0.0,0.8,0.05,0.15,0.8,2.358,1.19,2.1445000000000003,0.9547903080799012,1.5443980353609994
15564,0.2,0.0,0.8,0.05,0.2,0.75,2.358,1.19,2.1325000000000003,0.9556848761228568,1.6103876097269605
15565,0.2,0.0,0.8,0.05,0.25,0.7,2.358,1.19,2.1205,0.9565859294801248,1.683086780400435
15579,0.2,0.0,0.8,0.1,0.0,0.9,2.358,1.19,2.161,0.953570738341393,1.5383224788151486
15580,0.2,0.0,0.8,0.1,0.05,0.85,2.358,1.19,2.149,0.954456502787592,1.5383224788151486
15581,0.2,0.0,0.8,0.1,0.1,0.8,2.358,1.19,2.1370000000000005,0.9553486568781278,1.5726837743180564
15582,0.2,0.0,0.8,0.1,0.15,0.75,2.358,1.19,2.125,0.9562472700028032,1.647756398192358
15597,0.2,0.0,0.8,0.15,0.0,0.85,2.358,1.19,2.1415,0.9550133459249198,1.5443980353609994
15598,0.2,0.0,0.8,0.15,0.05,0.8,2.358,1.19,2.1295,0.9559095287165634,1.6078857394563746
15599,0.2,0.0,0.8,0.15,0.1,0.75,2.358,1.19,2.1175,0.9568122144218876,1.67284396407607
15614,0.2,0.0,0.8,0.2,0.0,0.8,2.358,1.19,2.1220000000000003,0.9564729407354264,1.6310641376195665
15615,0.2,0.0,0.8,0.2,0.05,0.75,2.358,1.19,2.1100000000000003,0.9573797267701496,1.697983164341342
15630,0.2,0.0,0.8,0.25,0.0,0.75,2.358,1.19,2.1025,0.9579498245960804,1.697983164341342
15750,0.2,0.05,0.75,0.0,0.0,1.0,2.3395,1.19,2.2,0.9468764699694197,1.5375558879060578
15751,0.2,0.05,0.75,0.0,0.05,0.95,2.3395,1.19,2.188,0.9477282273007974,1.5383224788151486
15752,0.2,0.05,0.75,0.0,0.1,0.9,2.3395,1.19,2.176,0.948586057768228,1.5383224788151486
15753,0.2,0.05,0.75,0.0,0.15,0.85,2.3395,1.19,2.164,0.949450026557429,1.5383224788151486
15754,0.2,0.05,0.75,0.0,0.2,0.8,2.3395,1.19,2.152,0.9503201997903584,1.5383224788151486
15755,0.2,0.05,0.75,0.0,0.25,0.75,2.3395,1.19,2.14,0.951196644542084,1.5798255374365702
15756,0.2,0.05,0.75,0.0,0.3,0.7,2.3395,1.19,2.128,0.9520794288580172,1.6608437155705769
15770,0.2,0.05,0.75,0.05,0.0,0.95,2.3395,1.19,2.1805,0.9482636555298012,1.5383224788151486
15771,0.2,0.05,0.75,0.05,0.05,0.9,2.3395,1.19,2.1685000000000003,0.949125314750322,1.5383224788151486
15772,0.2,0.05,0.75,0.05,0.1,0.85,2.3395,1.19,2.1565000000000003,0.9499931535080584,1.5383224788151486
15773,0.2,0.05,0.75,0.05,0.15,0.8,2.3395,1.19,2.1445000000000003,0.9508672385186622,1.5443980353609994
15774,0.2,0.05,0.75,0.05,0.2,0.75,2.3395,1.19,2.1325000000000003,0.9517476374616224,1.6103876097269605
15775,0.2,0.05,0.75,0.05,0.25,0.7,2.3395,1.19,2.1205,0.952634418997735,1.683086780400435
15789,0.2,0.05,0.75,0.1,0.0,0.9,2.3395,1.19,2.161,0.9496669855953618,1.5383224788151486
15790,0.2,0.05,0.75,0.1,0.05,0.85,2.3395,1.19,2.149,0.950538720382096,1.5383224788151486
15791,0.2,0.05,0.75,0.1,0.1,0.8,2.3395,1.19,2.1370000000000005,0.951416743607328,1.5726837743180564
15792,0.2,0.05,0.75,0.1,0.15,0.75,2.3395,1.19,2.125,0.9523011235617924,1.647756398192358
15807,0.2,0.05,0.75,0.15,0.0,0.85,2.3395,1.19,2.1415,0.9510867436580877,1.5443980353609994
15808,0.2,0.05,0.75,0.15,0.05,0.8,2.3395,1.19,2.1295,0.9519687317736648,1.6078857394563746
15809,0.2,0.05,0.75,0.15,0.1,0.75,2.3395,1.19,2.1175,0.952857119803006,1.67284396407607
15824,0.2,0.05,0.75,0.2,0.0,0.8,2.3395,1.19,2.1220000000000003,0.9525232198864076,1.6310641376195665
15825,0.2,0.05,0.75,0.2,0.05,0.75,2.3395,1.19,2.1100000000000003,0.9534156432998616,1.697983164341342
15840,0.2,0.05,0.75,0.25,0.0,0.75,2.3395,1.19,2.1025,0.9539767113228989,1.697983164341342
15960,0.2,0.1,0.7,0.0,0.0,1.0,2.321,1.19,2.2,0.9430176276532096,1.5375558879060578
15961,0.2,0.1,0.7,0.0,0.05,0.95,2.321,1.19,2.188,0.9438556768413684,1.5383224788151486
15962,0.2,0.1,0.7,0.0,0.1,0.9,2.321,1.19,2.176,0.944699701424808,1.5383224788151486
15963,0.2,0.1,0.7,0.0,0.15,0.85,2.321,1.19,2.164,0.9455497655401506,1.5383224788151486
15964,0.2,0.1,0.7,0.0,0.2,0.8,2.321,1.19,2.152,0.9464059342451904,1.5383224788151486
15965,0.2,0.1,0.7,0.0,0.25,0.75,2.321,1.19,2.14,0.947268273535492,1.5798255374365702
15966,0.2,0.1,0.7,0.0,0.3,0.7,2.321,1.19,2.128,0.9481368503613472,1.6608437155705769
15980,0.2,0.1,0.7,0.05,0.0,0.95,2.321,1.19,2.1805,0.9443824879131416,1.5383224788151486
15981,0.2,0.1,0.7,0.05,0.05,0.9,2.321,1.19,2.1685000000000003,0.9452302796298956,1.5383224788151486
15982,0.2,0.1,0.7,0.05,0.1,0.85,2.321,1.19,2.1565000000000003,0.9460841514306786,1.5383224788151486
15983,0.2,0.1,0.7,0.05,0.15,0.8,2.321,1.19,2.1445000000000003,0.9469441689574232,1.5443980353609994
15984,0.2,0.1,0.7,0.05,0.2,0.75,2.321,1.19,2.1325000000000003,0.947810398800388,1.6103876097269605
15985,0.2,0.1,0.7,0.05,0.25,0.7,2.321,1.19,2.1205,0.9486829085153452,1.683086780400435
15999,0.2,0.1,0.7,0.1,0.0,0.9,2.321,1.19,2.161,0.9457632328493302,1.5383224788151486
16000,0.2,0.1,0.7,0.1,0.05,0.85,2.321,1.19,2.149,0.9466209379766,1.5383224788151486
16001,0.2,0.1,0.7,0.1,0.1,0.8,2.321,1.19,2.1370000000000005,0.947484830336528,1.5726837743180564
16002,0.2,0.1,0.7,0.1,0.15,0.75,2.321,1.19,2.125,0.9483549771207812,1.647756398192358
16017,0.2,0.1,0.7,0.15,0.0,0.85,2.321,1.19,2.1415,0.9471601413912556,1.5443980353609994
16018,0.2,0.1,0.7,0.15,0.05,0.8,2.321,1.19,2.1295,0.9480279348307664,1.6078857394563746
16019,0.2,0.1,0.7,0.15,0.1,0.75,2.321,1.19,2.1175,0.948902025184124,1.67284396407607
16034,0.2,0.1,0.7,0.2,0.0,0.8,2.321,1.19,2.1220000000000003,0.9485734990373884,1.6310641376195665
16035,0.2,0.1,0.7,0.2,0.05,0.75,2.321,1.19,2.1100000000000003,0.9494515598295732,1.697983164341342
16050,0.2,0.1,0.7,0.25,0.0,0.75,2.321,1.19,2.1025,0.9500035980497168,1.697983164341342
16170,0.2,0.15,0.65,0.0,0.0,1.0,2.3025,1.19,2.2,0.9391587853369998,1.5375558879060578
16171,0.2,0.15,0.65,0.0,0.05,0.95,2.3025,1.19,2.188,0.9399831263819391,1.5383224788151486
16172,0.2,0.15,0.65,0.0,0.1,0.9,2.3025,1.19,2.176,0.9408133450813884,1.5383224788151486
16173,0.2,0.15,0.65,0.0,0.15,0.85,2.3025,1.19,2.164,0.9416495045228724,1.5383224788151486
16174,0.2,0.15,0.65,0.0,0.2,0.8,2.3025,1.19,2.152,0.9424916687000224,1.5383224788151486
16175,0.2,0.15,0.65,0.0,0.25,0.75,2.3025,1.19,2.14,0.9433399025289,1.5798255374365702
16176,0.2,0.15,0.65,0.0,0.3,0.7,2.3025,1.19,2.128,0.9441942718646772,1.6608437155705769
16190,0.2,0.15,0.65,0.05,0.0,0.95,2.3025,1.19,2.1805,0.940501320296482,1.5383224788151486
16191,0.2,0.15,0.65,0.05,0.05,0.9,2.3025,1.19,2.1685000000000003,0.9413352445094696,1.5383224788151486
16192,0.2,0.15,0.65,0.05,0.1,0.85,2.3025,1.19,2.1565000000000003,0.9421751493532988,1.5383224788151486
16193,0.2,0.15,0.65,0.05,0.15,0.8,2.3025,1.19,2.1445000000000003,0.9430210993961844,1.5443980353609994
16194,0.2,0.15,0.65,0.05,0.2,0.75,2.3025,1.19,2.1325000000000003,0.9438731601391538,1.6103876097269605
16195,0.2,0.15,0.65,0.05,0.25,0.7,2.3025,1.19,2.1205,0.9447313980329556,1.683086780400435
16209,0.2,0.15,0.65,0.1,0.0,0.9,2.3025,1.19,2.161,0.9418594801032988,1.5383224788151486
16210,0.2,0.15,0.65,0.1,0.05,0.85,2.3025,1.19,2.149,0.9427031555711038,1.5383224788151486
16211,0.2,0.15,0.65,0.1,0.1,0.8,2.3025,1.19,2.1370000000000005,0.943552917065728,1.5726837743180564
16212,0.2,0.15,0.65,0.1,0.15,0.75,2.3025,1.19,2.125,0.9444088306797704,1.647756398192358
16227,0.2,0.15,0.65,0.15,0.0,0.85,2.3025,1.19,2.1415,0.9432335391244236,1.5443980353609994
16228,0.2,0.15,0.65,0.15,0.05,0.8,2.3025,1.19,2.1295,0.9440871378878682,1.6078857394563746
16229,0.2,0.15,0.65,0.15,0.1,0.75,2.3025,1.19,2.1175,0.9449469305652424,1.67284396407607
16244,0.2,0.15,0.65,0.2,0.0,0.8,2.3025,1.19,2.1220000000000003,0.9446237781883692,1.6310641376195665
16245,0.2,0.15,0.65,0.2,0.05,0.75,2.3025,1.19,2.1100000000000003,0.945487476359285,1.697983164341342
16260,0.2,0.15,0.65,0.25,0.0,0.75,2.3025,1.19,2.1025,0.946030484776535,1.697983164341342
16380,0.2,0.2,0.6,0.0,0.0,1.0,2.284,1.19,2.2,0.9352999430207902,1.538398061819101
16381,0.2,0.2,0.6,0.0,0.05,0.95,2.284,1.19,2.188,0.9361105759225103,1.5391646527281921
16382,0.2,0.2,0.6,0.0,0.1,0.9,2.284,1.19,2.176,0.9369269887379684,1.5383224788151486
16383,0.2,0.2,0.6,0.0,0.15,0.85,2.284,1.19,2.164,0.9377492435055944,1.5383224788151486
16384,0.2,0.2,0.6,0.0,0.2,0.8,2.284,1.19,2.152,0.9385774031548548,1.5383224788151486
16385,0.2,0.2,0.6,0.0,0.25,0.75,2.284,1.19,2.14,0.939411531522308,1.5798255374365702
16386,0.2,0.2,0.6,0.0,0.3,0.7,2.284,1.19,2.128,0.9402516933680072,1.6608437155705769
16400,0.2,0.2,0.6,0.05,0.0,0.95,2.284,1.19,2.1805,0.9366201526798222,1.5383224788151486
16401,0.2,0.2,0.6,0.05,0.05,0.9,2.284,1.19,2.1685000000000003,0.9374402093890436,1.5383224788151486
16402,0.2,0.2,0.6,0.05,0.1,0.85,2.284,1.19,2.1565000000000003,0.9382661472759192,1.5383224788151486
16403,0.2,0.2,0.6,0.05,0.15,0.8,2.284,1.19,2.1445000000000003,0.9390980298349452,1.5443980353609994
16404,0.2,0.2,0.6,0.05,0.2,0.75,2.284,1.19,2.1325000000000003,0.9399359214779192,1.6103876097269605
16405,0.2,0.2,0.6,0.05,0.25,0.7,2.284,1.19,2.1205,0.940779887550566,1.683086780400435
16419,0.2,0.2,0.6,0.1,0.0,0.9,2.284,1.19,2.161,0.9379557273572676,1.5383224788151486
16420,0.2,0.2,0.6,0.1,0.05,0.85,2.284,1.19,2.149,0.938785373165608,1.5383224788151486
16421,0.2,0.2,0.6,0.1,0.1,0.8,2.284,1.19,2.1370000000000005,0.9396210037949282,1.5726837743180564
16422,0.2,0.2,0.6,0.1,0.15,0.75,2.284,1.19,2.125,0.9404626842387594,1.647756398192358
16437,0.2,0.2,0.6,0.15,0.0,0.85,2.284,1.19,2.1415,0.9393069368575911,1.5443980353609994
16438,0.2,0.2,0.6,0.15,0.05,0.8,2.284,1.19,2.1295,0.9401463409449698,1.6078857394563746
16439,0.2,0.2,0.6,0.15,0.1,0.75,2.284,1.19,2.1175,0.9409918359463608,1.67284396407607
16454,0.2,0.2,0.6,0.2,0.0,0.8,2.284,1.19,2.1220000000000003,0.9406740573393504,1.6310641376195665
16455,0.2,0.2,0.6,0.2,0.05,0.75,2.284,1.19,2.1100000000000003,0.9415233928889968,1.697983164341342
16470,0.2,0.2,0.6,0.25,0.0,0.75,2.284,1.19,2.1025,0.9420573715033532,1.697983164341342
16590,0.2,0.25,0.55,0.0,0.0,1.0,2.2655000000000003,1.19,2.2,0.9314411007045804,1.538398061819101
16591,0.2,0.25,0.55,0.0,0.05,0.95,2.2655000000000003,1.19,2.188,0.9322380254630817,1.5391646527281921
16592,0.2,0.25,0.55,0.0,0.1,0.9,2.2655000000000003,1.19,2.176,0.9330406323945488,1.5391646527281921
16593,0.2,0.25,0.55,0.0,0.15,0.85,2.2655000000000003,1.19,2.164,0.9338489824883162,1.5391646527281921
16594,0.2,0.25,0.55,0.0,0.2,0.8,2.2655000000000003,1.19,2.152,0.9346631376096868,1.5391646527281921
16595,0.2,0.25,0.55,0.0,0.25,0.75,2.2655000000000003,1.19,2.14,0.935483160515716,1.5806677113496135
16596,0.2,0.25,0.55,0.0,0.3,0.7,2.2655000000000003,1.19,2.128,0.9363091148713372,1.6608437155705769
16610,0.2,0.25,0.55,0.05,0.0,0.95,2.2655000000000003,1.19,2.1805,0.9327389850631628,1.5391646527281921
16611,0.2,0.25,0.55,0.05,0.05,0.9,2.2655000000000003,1.19,2.1685000000000003,0.9335451742686176,1.5391646527281921
16612,0.2,0.25,0.55,0.05,0.1,0.85,2.2655000000000003,1.19,2.1565000000000003,0.9343571451985396,1.5391646527281921
16613,0.2,0.25,0.55,0.05,0.15,0.8,2.2655000000000003,1.19,2.1445000000000003,0.9351749602737064,1.5452402092740427
16614,0.2,0.25,0.55,0.05,0.2,0.75,2.2655000000000003,1.19,2.1325000000000003,0.935998682816685,1.611229783640004
16615,0.2,0.25,0.55,0.05,0.25,0.7,2.2655000000000003,1.19,2.1205,0.9368283770681762,1.683086780400435
16629,0.2,0.25,0.55,0.1,0.0,0.9,2.2655000000000003,1.19,2.161,0.9340519746112363,1.5391646527281921
16630,0.2,0.25,0.55,0.1,0.05,0.85,2.2655000000000003,1.19,2.149,0.934867590760112,1.5391646527281921
16631,0.2,0.25,0.55,0.1,0.1,0.8,2.2655000000000003,1.19,2.1370000000000005,0.9356890905241284,1.5735259482311
16632,0.2,0.25,0.55,0.1,0.15,0.75,2.2655000000000003,1.19,2.125,0.9365165377977488,1.647756398192358
16647,0.2,0.25,0.55,0.15,0.0,0.85,2.2655000000000003,1.19,2.1415,0.9353803345907592,1.5452402092740427
16648,0.2,0.25,0.55,0.15,0.05,0.8,2.2655000000000003,1.19,2.1295,0.9362055440020716,1.6078857394563746
16649,0.2,0.25,0.55,0.15,0.1,0.75,2.2655000000000003,1.19,2.1175,0.9370367413274794,1.67284396407607
16664,0.2,0.25,0.55,0.2,0.0,0.8,2.2655000000000003,1.19,2.1220000000000003,0.9367243364903314,1.6310641376195665
16665,0.2,0.25,0.55,0.2,0.05,0.75,2.2655000000000003,1.19,2.1100000000000003,0.9375593094187088,1.697983164341342
16680,0.2,0.25,0.55,0.25,0.0,0.75,2.2655000000000003,1.19,2.1025,0.9380842582301716,1.697983164341342
16800,0.2,0.3,0.5,0.0,0.0,1.0,2.247,1.19,2.2,0.9275822583883706,1.538398061819101
16801,0.2,0.3,0.5,0.0,0.05,0.95,2.247,1.19,2.188,0.9283654750036524,1.5391646527281921
16802,0.2,0.3,0.5,0.0,0.1,0.9,2.247,1.19,2.176,0.9291542760511288,1.5391646527281921
16803,0.2,0.3,0.5,0.0,0.15,0.85,2.247,1.19,2.164,0.9299487214710378,1.5391646527281921
16804,0.2,0.3,0.5,0.0,0.2,0.8,2.247,1.19,2.152,0.930748872064519,1.5391646527281921
16805,0.2,0.3,0.5,0.0,0.25,0.75,2.247,1.19,2.14,0.9315547895091244,1.5806677113496135
16806,0.2,0.3,0.5,0.0,0.3,0.7,2.247,1.19,2.128,0.9323665363746668,1.6608437155705769
16820,0.2,0.3,0.5,0.05,0.0,0.95,2.247,1.19,2.1805,0.9288578174465032,1.5391646527281921
16821,0.2,0.3,0.5,0.05,0.05,0.9,2.247,1.19,2.1685000000000003,0.9296501391481912,1.5391646527281921
16822,0.2,0.3,0.5,0.05,0.1,0.85,2.247,1.19,2.1565000000000003,0.93044814312116,1.5391646527281921
16823,0.2,0.3,0.5,0.05,0.15,0.8,2.247,1.19,2.1445000000000003,0.9312518907124676,1.5452402092740427
16824,0.2,0.3,0.5,0.05,0.2,0.75,2.247,1.19,2.1325000000000003,0.9320614441554506,1.611229783640004
16825,0.2,0.3,0.5,0.05,0.25,0.7,2.247,1.19,2.1205,0.9328768665857864,1.683086780400435
16839,0.2,0.3,0.5,0.1,0.0,0.9,2.247,1.19,2.161,0.9301482218652048,1.5391646527281921
16840,0.2,0.3,0.5,0.1,0.05,0.85,2.247,1.19,2.149,0.930949808354616,1.5391646527281921
16841,0.2,0.3,0.5,0.1,0.1,0.8,2.247,1.19,2.1370000000000005,0.9317571772533284,1.5735259482311
16842,0.2,0.3,0.5,0.1,0.15,0.75,2.247,1.19,2.125,0.9325703913567378,1.647756398192358
16857,0.2,0.3,0.5,0.15,0.0,0.85,2.247,1.19,2.1415,0.9314537323239274,1.5452402092740427
16858,0.2,0.3,0.5,0.15,0.05,0.8,2.247,1.19,2.1295,0.9322647470591732,1.6078857394563746
16859,0.2,0.3,0.5,0.15,0.1,0.75,2.247,1.19,2.1175,0.9330816467085974,1.67284396407607
16874,0.2,0.3,0.5,0.2,0.0,0.8,2.247,1.19,2.1220000000000003,0.932774615641312,1.6310641376195665
16875,0.2,0.3,0.5,0.2,0.05,0.75,2.247,1.19,2.1100000000000003,0.9335952259484204,1.697983164341342
16890,0.2,0.3,0.5,0.25,0.0,0.75,2.247,1.19,2.1025,0.9341111449569895,1.697983164341342
17010,0.2,0.35,0.45,0.0,0.0,1.0,2.2285,1.19,2.2,0.9237234160721608,1.538398061819101
17011,0.2,0.35,0.45,0.0,0.05,0.95,2.2285,1.19,2.188,0.9244929245442234,1.5391646527281921
17012,0.2,0.35,0.45,0.0,0.1,0.9,2.2285,1.19,2.176,0.925267919707709,1.5391646527281921
17013,0.2,0.35,0.45,0.0,0.15,0.85,2.2285,1.19,2.164,0.9260484604537595,1.5391646527281921
17014,0.2,0.35,0.45,0.0,0.2,0.8,2.2285,1.19,2.152,0.926834606519351,1.5391646527281921
17015,0.2,0.35,0.45,0.0,0.25,0.75,2.2285,1.19,2.14,0.9276264185025324,1.5806677113496135
17016,0.2,0.35,0.45,0.0,0.3,0.7,2.2285,1.19,2.128,0.928423957877997,1.6608437155705769
17030,0.2,0.35,0.45,0.05,0.0,0.95,2.2285,1.19,2.1805,0.9249766498298436,1.5391646527281921
17031,0.2,0.35,0.45,0.05,0.05,0.9,2.2285,1.19,2.1685000000000003,0.9257551040277652,1.5391646527281921
17032,0.2,0.35,0.45,0.05,0.1,0.85,2.2285,1.19,2.1565000000000003,0.92653914104378,1.5391646527281921
17033,0.2,0.35,0.45,0.05,0.15,0.8,2.2285,1.19,2.1445000000000003,0.9273288211512288,1.5452402092740427
17034,0.2,0.35,0.45,0.05,0.2,0.75,2.2285,1.19,2.1325000000000003,0.9281242054942164,1.611229783640004
17035,0.2,0.35,0.45,0.05,0.25,0.7,2.2285,1.19,2.1205,0.9289253561033968,1.683086780400435
17049,0.2,0.35,0.45,0.1,0.0,0.9,2.2285,1.19,2.161,0.9262444691191734,1.5391646527281921
17050,0.2,0.35,0.45,0.1,0.05,0.85,2.2285,1.19,2.149,0.9270320259491198,1.5391646527281921
17051,0.2,0.35,0.45,0.1,0.1,0.8,2.2285,1.19,2.1370000000000005,0.9278252639825288,1.5735259482311
17052,0.2,0.35,0.45,0.1,0.15,0.75,2.2285,1.19,2.125,0.9286242449157268,1.647756398192358
17067,0.2,0.35,0.45,0.15,0.0,0.85,2.2285,1.19,2.1415,0.9275271300570952,1.5452402092740427
17068,0.2,0.35,0.45,0.15,0.05,0.8,2.2285,1.19,2.1295,0.9283239501162748,1.6078857394563746
17069,0.2,0.35,0.45,0.15,0.1,0.75,2.2285,1.19,2.1175,0.929126552089716,1.67284396407607
17084,0.2,0.35,0.45,0.2,0.0,0.8,2.2285,1.19,2.1220000000000003,0.928824894792293,1.6310641376195665
17085,0.2,0.35,0.45,0.2,0.05,0.75,2.2285,1.19,2.1100000000000003,0.929631142478132,1.697983164341342
17100,0.2,0.35,0.45,0.25,0.0,0.75,2.2285,1.19,2.1025,0.9301380316838076,1.697983164341342
17220,0.2,0.4,0.4,0.0,0.0,1.0,2.21,1.19,2.2,0.9198645737559512,1.538398061819101
17221,0.2,0.4,0.4,0.0,0.05,0.95,2.21,1.19,2.188,0.9206203740847944,1.5391646527281921
17222,0.2,0.4,0.4,0.0,0.1,0.9,2.21,1.19,2.176,0.9213815633642892,1.5391646527281921
17223,0.2,0.4,0.4,0.0,0.15,0.85,2.21,1.19,2.164,0.9221481994364816,1.5391646527281921
17224,0.2,0.4,0.4,0.0,0.2,0.8,2.21,1.19,2.152,0.9229203409741832,1.5391646527281921
17225,0.2,0.4,0.4,0.0,0.25,0.75,2.21,1.19,2.14,0.9236980474959404,1.5806677113496135
17226,0.2,0.4,0.4,0.0,0.3,0.7,2.21,1.19,2.128,0.924481379381327,1.6608437155705769
17240,0.2,0.4,0.4,0.05,0.0,0.95,2.21,1.19,2.1805,0.921095482213184,1.5391646527281921
17241,0.2,0.4,0.4,0.05,0.05,0.9,2.21,1.19,2.1685000000000003,0.9218600689073392,1.5391646527281921
17242,0.2,0.4,0.4,0.05,0.1,0.85,2.21,1.19,2.1565000000000003,0.9226301389664006,1.5391646527281921
17243,0.2,0.4,0.4,0.05,0.15,0.8,2.21,1.19,2.1445000000000003,0.9234057515899896,1.5452402092740427
17244,0.2,0.4,0.4,0.05,0.2,0.75,2.21,1.19,2.1325000000000003,0.924186966832982,1.611229783640004
17245,0.2,0.4,0.4,0.05,0.25,0.7,2.21,1.19,2.1205,0.9249738456210072,1.683086780400435
17259,0.2,0.4,0.4,0.1,0.0,0.9,2.21,1.19,2.161,0.922340716373142,1.5391646527281921
17260,0.2,0.4,0.4,0.1,0.05,0.85,2.21,1.19,2.149,0.923114243543624,1.5391646527281921
17261,0.2,0.4,0.4,0.1,0.1,0.8,2.21,1.19,2.1370000000000005,0.9238933507117288,1.5735259482311
17262,0.2,0.4,0.4,0.1,0.15,0.75,2.21,1.19,2.125,0.9246780984747158,1.647756398192358
17277,0.2,0.4,0.4,0.15,0.0,0.85,2.21,1.19,2.1415,0.9236005277902628,1.5452402092740427
17278,0.2,0.4,0.4,0.15,0.05,0.8,2.21,1.19,2.1295,0.9243831531733764,1.6078857394563746
17279,0.2,0.4,0.4,0.15,0.1,0.75,2.21,1.19,2.1175,0.9251714574708344,1.67284396407607
17294,0.2,0.4,0.4,0.2,0.0,0.8,2.21,1.19,2.1220000000000003,0.924875173943274,1.6310641376195665
17295,0.2,0.4,0.4,0.2,0.05,0.75,2.21,1.19,2.1100000000000003,0.925667059007844,1.697983164341342
17310,0.2,0.4,0.4,0.25,0.0,0.75,2.21,1.19,2.1025,0.926164918410626,1.697983164341342
17430,0.2,0.45,0.35,0.0,0.0,1.0,2.1915,1.19,2.2,0.9160057314397416,1.5541091551190334
17431,0.2,0.45,0.35,0.0,0.05,0.95,2.1915,1.19,2.188,0.9167478236253656,1.5548757460281244
17432,0.2,0.45,0.35,0.0,0.1,0.9,2.1915,1.19,2.176,0.9174952070208692,1.5548757460281244
17433,0.2,0.45,0.35,0.0,0.15,0.85,2.1915,1.19,2.164,0.9182479384192032,1.5408813544825783
17434,0.2,0.45,0.35,0.0,0.2,0.8,2.1915,1.19,2.152,0.9190060754290154,1.5408813544825783
17435,0.2,0.45,0.35,0.0,0.25,0.75,2.1915,1.19,2.14,0.9197696764893484,1.5806677113496135
17436,0.2,0.45,0.35,0.0,0.3,0.7,2.1915,1.19,2.128,0.9205388008846568,1.6608437155705769
17450,0.2,0.45,0.35,0.05,0.0,0.95,2.1915,1.19,2.1805,0.9172143145965244,1.5548757460281244
17451,0.2,0.45,0.35,0.05,0.05,0.9,2.1915,1.19,2.1685000000000003,0.9179650337869129,1.5509719367589623
17452,0.2,0.45,0.35,0.05,0.1,0.85,2.1915,1.19,2.1565000000000003,0.918721136889021,1.5408813544825783
17453,0.2,0.45,0.35,0.05,0.15,0.8,2.1915,1.19,2.1445000000000003,0.9194826820287508,1.5469569110284291
17454,0.2,0.45,0.35,0.05,0.2,0.75,2.1915,1.19,2.1325000000000003,0.9202497281717474,1.611229783640004
17455,0.2,0.45,0.35,0.05,0.25,0.7,2.1915,1.19,2.1205,0.9210223351386172,1.683086780400435
17469,0.2,0.45,0.35,0.1,0.0,0.9,2.1915,1.19,2.161,0.9184369636271108,1.5408813544825783
17470,0.2,0.45,0.35,0.1,0.05,0.85,2.1915,1.19,2.149,0.919196461138128,1.5408813544825783
17471,0.2,0.45,0.35,0.1,0.1,0.8,2.1915,1.19,2.1370000000000005,0.9199614374409288,1.5735259482311
17472,0.2,0.45,0.35,0.1,0.15,0.75,2.1915,1.19,2.125,0.920731952033705,1.647756398192358
17487,0.2,0.45,0.35,0.15,0.0,0.85,2.1915,1.19,2.1415,0.919673925523431,1.5452402092740427
17488,0.2,0.45,0.35,0.15,0.05,0.8,2.1915,1.19,2.1295,0.920442356230478,1.6078857394563746
17489,0.2,0.45,0.35,0.15,0.1,0.75,2.1915,1.19,2.1175,0.9212163628519524,1.67284396407607
17504,0.2,0.45,0.35,0.2,0.0,0.8,2.1915,1.19,2.1220000000000003,0.920925453094255,1.6310641376195665
17505,0.2,0.45,0.35,0.2,0.05,0.75,2.1915,1.19,2.1100000000000003,0.9217029755375558,1.697983164341342
17520,0.2,0.45,0.35,0.25,0.0,0.75,2.1915,1.19,2.1025,0.9221918051374444,1.697983164341342
17640,0.2,0.5,0.3,0.0,0.0,1.0,2.173,1.19,2.2,0.9121468891235316,1.5835798691917702
17641,0.2,0.5,0.3,0.0,0.05,0.95,2.173,1.19,2.188,0.9128752731659366,1.5843464601008612
17642,0.2,0.5,0.3,0.0,0.1,0.9,2.173,1.19,2.176,0.9136088506774496,1.5835350407460222
17643,0.2,0.5,0.3,0.0,0.15,0.85,2.173,1.19,2.164,0.9143476774019248,1.5548757460281244
17644,0.2,0.5,0.3,0.0,0.2,0.8,2.173,1.19,2.152,0.9150918098838472,1.5548757460281244
17645,0.2,0.5,0.3,0.0,0.25,0.75,2.173,1.19,2.14,0.9158413054827568,1.5927964632872043
17646,0.2,0.5,0.3,0.0,0.3,0.7,2.173,1.19,2.128,0.916596222387987,1.6633501852675467
17660,0.2,0.5,0.3,0.05,0.0,0.95,2.173,1.19,2.1805,0.913333146979865,1.5835350407460222
17661,0.2,0.5,0.3,0.05,0.05,0.9,2.173,1.19,2.1685000000000003,0.9140699986664867,1.5835350407460222
17662,0.2,0.5,0.3,0.05,0.1,0.85,2.173,1.19,2.1565000000000003,0.9148121348116413,1.5548757460281244
17663,0.2,0.5,0.3,0.05,0.15,0.8,2.173,1.19,2.1445000000000003,0.9155596124675122,1.5597127311454038
17664,0.2,0.5,0.3,0.05,0.2,0.75,2.173,1.19,2.1325000000000003,0.9163124895105133,1.621137028869648
17665,0.2,0.5,0.3,0.05,0.25,0.7,2.173,1.19,2.1205,0.9170708246562276,1.685593250097405
17679,0.2,0.5,0.3,0.1,0.0,0.9,2.173,1.19,2.161,0.9145332108810792,1.5548757460281244
17680,0.2,0.5,0.3,0.1,0.05,0.85,2.173,1.19,2.149,0.915278678732632,1.5548757460281244
17681,0.2,0.5,0.3,0.1,0.1,0.8,2.173,1.19,2.1370000000000005,0.9160295241701292,1.5857769633945142
17682,0.2,0.5,0.3,0.1,0.15,0.75,2.173,1.19,2.125,0.9167858055926942,1.6547176669910257
17697,0.2,0.5,0.3,0.15,0.0,0.85,2.173,1.19,2.1415,0.9157473232565988,1.5597127311454038
17698,0.2,0.5,0.3,0.15,0.05,0.8,2.173,1.19,2.1295,0.9165015592875796,1.6171907781888126
17699,0.2,0.5,0.3,0.15,0.1,0.75,2.173,1.19,2.1175,0.9172612682330707,1.6787275662080712
17714,0.2,0.5,0.3,0.2,0.0,0.8,2.173,1.19,2.1220000000000003,0.916975732245236,1.6403691763520043
17730,0.2,0.5,0.3,0.25,0.0,0.75,2.173,1.19,2.1025,0.9182186918642624,1.6987560064466054
17850,0.2,0.55,0.25,0.0,0.0,1.0,2.1545,1.19,2.2,0.9082880468073216,1.5847033136362145
17851,0.2,0.55,0.25,0.0,0.05,0.95,2.1545,1.19,2.188,0.9090027227065074,1.5843464601008612
17852,0.2,0.55,0.25,0.0,0.1,0.9,2.1545,1.19,2.176,0.9097224943340296,1.5843464601008612
17853,0.2,0.55,0.25,0.0,0.15,0.85,2.1545,1.19,2.164,0.9104474163846468,1.5843464601008612
17854,0.2,0.55,0.25,0.0,0.2,0.8,2.1545,1.19,2.152,0.9111775443386794,1.5843464601008612
17855,0.2,0.55,0.25,0.0,0.25,0.75,2.1545,1.19,2.14,0.9119129344761646,1.6128948020020781
17856,0.2,0.55,0.25,0.0,0.3,0.7,2.1545,1.19,2.128,0.9126536438913172,1.6724998149901966
17870,0.2,0.55,0.25,0.05,0.0,0.95,2.1545,1.19,2.1805,0.9094519793632052,1.5843464601008612
17871,0.2,0.55,0.25,0.05,0.05,0.9,2.1545,1.19,2.1685000000000003,0.9101749635460606,1.5843464601008612
17872,0.2,0.55,0.25,0.05,0.1,0.85,2.1545,1.19,2.1565000000000003,0.9109031327342616,1.5843464601008612
17873,0.2,0.55,0.25,0.05,0.15,0.8,2.1545,1.19,2.1445000000000003,0.911636542906273,1.5870507499776512
17874,0.2,0.55,0.25,0.05,0.2,0.75,2.1545,1.19,2.1325000000000003,0.9123752508492792,1.6355009373676872
17875,0.2,0.55,0.25,0.05,0.25,0.7,2.1545,1.19,2.1205,0.9131193141738382,1.6925815879648511
17889,0.2,0.55,0.25,0.1,0.0,0.9,2.1545,1.19,2.161,0.910629458135048,1.5843464601008612
17890,0.2,0.55,0.25,0.1,0.05,0.85,2.1545,1.19,2.149,0.911360896327136,1.5843464601008612
17891,0.2,0.55,0.25,0.1,0.1,0.8,2.1545,1.19,2.1370000000000005,0.9120976108993292,1.6086088853432605
17892,0.2,0.55,0.25,0.1,0.15,0.75,2.1545,1.19,2.125,0.9128396591516832,1.664153675242554
17907,0.2,0.55,0.25,0.15,0.0,0.85,2.1545,1.19,2.1415,0.9118207209897669,1.5870507499776512
17908,0.2,0.55,0.25,0.15,0.05,0.8,2.1545,1.19,2.1295,0.9125607623446812,1.634487428096176
17909,0.2,0.55,0.25,0.15,0.1,0.75,2.1545,1.19,2.1175,0.9133061736141892,1.6857524366894412
17924,0.2,0.55,0.25,0.2,0.0,0.8,2.1545,1.19,2.1220000000000003,0.9130260113962168,1.6555045344041641
18060,0.2,0.6,0.2,0.0,0.0,1.0,2.136,1.19,2.2,0.904429204491112,1.5857443742422752
18061,0.2,0.6,0.2,0.0,0.05,0.95,2.136,1.19,2.188,0.9051301722470784,1.586510965151366
18062,0.2,0.6,0.2,0.0,0.1,0.9,2.136,1.19,2.176,0.90583613799061,1.5854699045453053
18063,0.2,0.6,0.2,0.0,0.15,0.85,2.136,1.19,2.164,0.9065471553673686,1.5854699045453053
18064,0.2,0.6,0.2,0.0,0.2,0.8,2.136,1.19,2.152,0.9072632787935117,1.5854699045453053
18065,0.2,0.6,0.2,0.0,0.25,0.75,2.136,1.19,2.14,0.9079845634695726,1.6140182464465225
18066,0.2,0.6,0.2,0.0,0.3,0.7,2.136,1.19,2.128,0.9087110653946469,1.6724998149901966
18080,0.2,0.6,0.2,0.05,0.0,0.95,2.136,1.19,2.1805,0.9055708117465456,1.5854699045453053
18081,0.2,0.6,0.2,0.05,0.05,0.9,2.136,1.19,2.1685000000000003,0.9062799284256348,1.5854699045453053
18082,0.2,0.6,0.2,0.05,0.1,0.85,2.136,1.19,2.1565000000000003,0.9069941306568818,1.5854699045453053
18083,0.2,0.6,0.2,0.05,0.15,0.8,2.136,1.19,2.1445000000000003,0.9077134733450342,1.5881741944220955
18084,0.2,0.6,0.2,0.05,0.2,0.75,2.136,1.19,2.1325000000000003,0.9084380121880444,1.6355009373676872
18085,0.2,0.6,0.2,0.05,0.25,0.7,2.136,1.19,2.1205,0.9091678036914482,1.6925815879648511
18099,0.2,0.6,0.2,0.1,0.0,0.9,2.136,1.19,2.161,0.9067257053890168,1.5854699045453053
18100,0.2,0.6,0.2,0.1,0.05,0.85,2.136,1.19,2.149,0.90744311392164,1.5854699045453053
18101,0.2,0.6,0.2,0.1,0.1,0.8,2.136,1.19,2.1370000000000005,0.9081656976285294,1.6097323297877049
18102,0.2,0.6,0.2,0.1,0.15,0.75,2.136,1.19,2.125,0.9088935127106724,1.664153675242554
18117,0.2,0.6,0.2,0.15,0.0,0.85,2.136,1.19,2.1415,0.9078941187229346,1.5881741944220955
18118,0.2,0.6,0.2,0.15,0.05,0.8,2.136,1.19,2.1295,0.9086199654017828,1.634487428096176
18119,0.2,0.6,0.2,0.15,0.1,0.75,2.136,1.19,2.1175,0.9093510789953076,1.6857524366894412
18134,0.2,0.6,0.2,0.2,0.0,0.8,2.136,1.19,2.1220000000000003,0.909076290547198,1.6555045344041641
18270,0.2,0.65,0.15,0.0,0.0,1.0,2.1175,1.19,2.2,0.9005703621749025,1.5902699919053926
18271,0.2,0.65,0.15,0.0,0.05,0.95,2.1175,1.19,2.188,0.9012576217876496,1.5910365828144837
18272,0.2,0.65,0.15,0.0,0.1,0.9,2.1175,1.19,2.176,0.90194978164719,1.5910365828144837
18273,0.2,0.65,0.15,0.0,0.15,0.85,2.1175,1.19,2.164,0.9026468943500904,1.5910365828144837
18274,0.2,0.65,0.15,0.0,0.2,0.8,2.1175,1.19,2.152,0.9033490132483436,1.5879267083946091
18275,0.2,0.65,0.15,0.0,0.25,0.75,2.1175,1.19,2.14,0.9040561924629807,1.6154339896897656
18276,0.2,0.65,0.15,0.0,0.3,0.7,2.1175,1.19,2.128,0.9047684868979768,1.6724998149901966
18290,0.2,0.65,0.15,0.05,0.0,0.95,2.1175,1.19,2.1805,0.901689644129886,1.5910365828144837
18291,0.2,0.65,0.15,0.05,0.05,0.9,2.1175,1.19,2.1685000000000003,0.9023848933052084,1.5910365828144837
18292,0.2,0.65,0.15,0.05,0.1,0.85,2.1175,1.19,2.1565000000000003,0.9030851285795024,1.5879267083946091
18293,0.2,0.65,0.15,0.05,0.15,0.8,2.1175,1.19,2.1445000000000003,0.9037904037837952,1.5906309982713993
18294,0.2,0.65,0.15,0.05,0.2,0.75,2.1175,1.19,2.1325000000000003,0.90450077352681,1.6366243818121315
18295,0.2,0.65,0.15,0.05,0.25,0.7,2.1175,1.19,2.1205,0.9052162932090584,1.6925815879648511
18309,0.2,0.65,0.15,0.1,0.0,0.9,2.1175,1.19,2.161,0.9028219526429851,1.5879267083946091
18310,0.2,0.65,0.15,0.1,0.05,0.85,2.1175,1.19,2.149,0.9035253315161442,1.5879267083946091
18311,0.2,0.65,0.15,0.1,0.1,0.8,2.1175,1.19,2.1370000000000005,0.9042337843577296,1.6121891336370087
18312,0.2,0.65,0.15,0.1,0.15,0.75,2.1175,1.19,2.125,0.9049473662696614,1.664153675242554
18327,0.2,0.65,0.15,0.15,0.0,0.85,2.1175,1.19,2.1415,0.9039675164561024,1.5906309982713993
18328,0.2,0.65,0.15,0.15,0.05,0.8,2.1175,1.19,2.1295,0.9046791684588844,1.635528488702237
18329,0.2,0.65,0.15,0.15,0.1,0.75,2.1175,1.19,2.1175,0.905395984376426,1.6857524366894412
18344,0.2,0.65,0.15,0.2,0.0,0.8,2.1175,1.19,2.1220000000000003,0.9051265696981788,1.6565455950102248
18485,0.2,0.7,0.1,0.0,0.25,0.75,2.099,1.19,2.14,0.9001278214563889,1.6226721579950762
18486,0.2,0.7,0.1,0.0,0.3,0.7,2.099,1.19,2.128,0.9008259084013068,1.67581098820887
18504,0.2,0.7,0.1,0.05,0.2,0.75,2.099,1.19,2.1325000000000003,0.9005635348655758,1.6411499994752492
18505,0.2,0.7,0.1,0.05,0.25,0.7,2.099,1.19,2.1205,0.9012647827266688,1.695030033910797
18521,0.2,0.7,0.1,0.1,0.1,0.8,2.099,1.19,2.1370000000000005,0.9003018710869297,1.6152990080568828
18522,0.2,0.7,0.1,0.1,0.15,0.75,2.099,1.19,2.125,0.9010012198286508,1.6674648484612273
18537,0.2,0.7,0.1,0.15,0.0,0.85,2.099,1.19,2.1415,0.9000409141892706,1.6004736320811757
18538,0.2,0.7,0.1,0.15,0.05,0.8,2.099,1.19,2.1295,0.900738371515986,1.63883966192091
18539,0.2,0.7,0.1,0.15,0.1,0.75,2.099,1.19,2.1175,0.901440889757544,1.6882008826353874
18554,0.2,0.7,0.1,0.2,0.0,0.8,2.099,1.19,2.1220000000000003,0.9011768488491596,1.6589940409561708
18900,0.25,0.0,0.75,0.0,0.0,1.0,2.315,1.19,2.2,0.941766111226331,1.5375558879060578
18901,0.25,0.0,0.75,0.0,0.05,0.95,2.315,1.19,2.188,0.9425997145302024,1.5383224788151486
18902,0.25,0.0,0.75,0.0,0.1,0.9,2.315,1.19,2.176,0.9434392615296447,1.5383224788151486
18903,0.25,0.0,0.75,0.0,0.15,0.85,2.315,1.19,2.164,0.9442848160210332,1.5383224788151486
18904,0.25,0.0,0.75,0.0,0.2,0.8,2.315,1.19,2.152,0.945136442717028,1.5383224788151486
18905,0.25,0.0,0.75,0.0,0.25,0.75,2.315,1.19,2.14,0.9459942072630838,1.5798255374365702
18906,0.25,0.0,0.75,0.0,0.3,0.7,2.315,1.19,2.128,0.9468581762543188,1.6608437155705769
18920,0.25,0.0,0.75,0.05,0.0,0.95,2.315,1.19,2.1805,0.9431237308482788,1.5383224788151486
18921,0.25,0.0,0.75,0.05,0.05,0.9,2.315,1.19,2.1685000000000003,0.943967024996244,1.5383224788151486
18922,0.25,0.0,0.75,0.05,0.1,0.85,2.315,1.19,2.1565000000000003,0.9448163669731504,1.5383224788151486
18923,0.25,0.0,0.75,0.05,0.15,0.8,2.315,1.19,2.1445000000000003,0.9456718220726972,1.5443980353609994
18924,0.25,0.0,0.75,0.05,0.2,0.75,2.315,1.19,2.1325000000000003,0.9465334565318796,1.6103876097269605
18925,0.25,0.0,0.75,0.05,0.25,0.7,2.315,1.19,2.1205,0.9474013375480838,1.683086780400435
18939,0.25,0.0,0.75,0.1,0.0,0.9,2.315,1.19,2.161,0.9444971508776444,1.5383224788151486
18940,0.25,0.0,0.75,0.1,0.05,0.85,2.315,1.19,2.149,0.9453503058450878,1.5383224788151486
18941,0.25,0.0,0.75,0.1,0.1,0.8,2.315,1.19,2.1370000000000005,0.9462096152216738,1.5726837743180564
18942,0.25,0.0,0.75,0.1,0.15,0.75,2.315,1.19,2.125,0.9470751458426157,1.647756398192358
18957,0.25,0.0,0.75,0.15,0.0,0.85,2.315,1.19,2.1415,0.9458866487641748,1.5443980353609994
18958,0.25,0.0,0.75,0.15,0.05,0.8,2.315,1.19,2.1295,0.9467498385249616,1.6078857394563746
18959,0.25,0.0,0.75,0.15,0.1,0.75,2.315,1.19,2.1175,0.9476192917942168,1.67284396407607
18974,0.25,0.0,0.75,0.2,0.0,0.8,2.315,1.19,2.1220000000000003,0.9472925084917606,1.6310641376195665
18975,0.25,0.0,0.75,0.2,0.05,0.75,2.315,1.19,2.1100000000000003,0.948165911136507,1.697983164341342
18990,0.25,0.0,0.75,0.25,0.0,0.75,2.315,1.19,2.1025,0.9487150207719284,1.697983164341342
19110,0.25,0.05,0.7,0.0,0.0,1.0,2.2964999999999995,1.19,2.2,0.9379072689101208,1.5375558879060578
19111,0.25,0.05,0.7,0.0,0.05,0.95,2.2964999999999995,1.19,2.188,0.9387271640707732,1.5383224788151486
19112,0.25,0.05,0.7,0.0,0.1,0.9,2.2964999999999995,1.19,2.176,0.939552905186225,1.5383224788151486
19113,0.25,0.05,0.7,0.0,0.15,0.85,2.2964999999999995,1.19,2.164,0.9403845550037552,1.5383224788151486
19114,0.25,0.05,0.7,0.0,0.2,0.8,2.2964999999999995,1.19,2.152,0.94122217717186,1.5383224788151486
19115,0.25,0.05,0.7,0.0,0.25,0.75,2.2964999999999995,1.19,2.14,0.9420658362564917,1.5798255374365702
19116,0.25,0.05,0.7,0.0,0.3,0.7,2.2964999999999995,1.19,2.128,0.942915597757649,1.6608437155705769
19130,0.25,0.05,0.7,0.05,0.0,0.95,2.2964999999999995,1.19,2.1805,0.9392425632316194,1.5383224788151486
19131,0.25,0.05,0.7,0.05,0.05,0.9,2.2964999999999995,1.19,2.1685000000000003,0.940071989875818,1.5383224788151486
19132,0.25,0.05,0.7,0.05,0.1,0.85,2.2964999999999995,1.19,2.1565000000000003,0.9409073648957704,1.5383224788151486
19133,0.25,0.05,0.7,0.05,0.15,0.8,2.2964999999999995,1.19,2.1445000000000003,0.941748752511458,1.5443980353609994
19134,0.25,0.05,0.7,0.05,0.2,0.75,2.2964999999999995,1.19,2.1325000000000003,0.9425962178706452,1.6103876097269605
19135,0.25,0.05,0.7,0.05,0.25,0.7,2.2964999999999995,1.19,2.1205,0.943449827065694,1.683086780400435
19149,0.25,0.05,0.7,0.1,0.0,0.9,2.2964999999999995,1.19,2.161,0.940593398131613,1.5383224788151486
19150,0.25,0.05,0.7,0.1,0.05,0.85,2.2964999999999995,1.19,2.149,0.9414325234395916,1.5383224788151486
19151,0.25,0.05,0.7,0.1,0.1,0.8,2.2964999999999995,1.19,2.1370000000000005,0.942277701950874,1.5726837743180564
19152,0.25,0.05,0.7,0.1,0.15,0.75,2.2964999999999995,1.19,2.125,0.9431289994016048,1.647756398192358
19167,0.25,0.05,0.7,0.15,0.0,0.85,2.2964999999999995,1.19,2.1415,0.9419600464973428,1.5443980353609994
19168,0.25,0.05,0.7,0.15,0.05,0.8,2.2964999999999995,1.19,2.1295,0.9428090415820632,1.6078857394563746
19169,0.25,0.05,0.7,0.15,0.1,0.75,2.2964999999999995,1.19,2.1175,0.9436641971753348,1.67284396407607
19184,0.25,0.05,0.7,0.2,0.0,0.8,2.2964999999999995,1.19,2.1220000000000003,0.9433427876427416,1.6310641376195665
19185,0.25,0.05,0.7,0.2,0.05,0.75,2.2964999999999995,1.19,2.1100000000000003,0.9442018276662184,1.697983164341342
19200,0.25,0.05,0.7,0.25,0.0,0.75,2.2964999999999995,1.19,2.1025,0.9447419074987462,1.697983164341342
19320,0.25,0.1,0.65,0.0,0.0,1.0,2.278,1.19,2.2,0.9340484265939114,1.538398061819101
19321,0.25,0.1,0.65,0.0,0.05,0.95,2.278,1.19,2.188,0.934854613611344,1.5391646527281921
19322,0.25,0.1,0.65,0.0,0.1,0.9,2.278,1.19,2.176,0.9356665488428052,1.5391646527281921
19323,0.25,0.1,0.65,0.0,0.15,0.85,2.278,1.19,2.164,0.936484293986477,1.5391646527281921
19324,0.25,0.1,0.65,0.0,0.2,0.8,2.278,1.19,2.152,0.937307911626692,1.5383224788151486
19325,0.25,0.1,0.65,0.0,0.25,0.75,2.278,1.19,2.14,0.9381374652498996,1.5798255374365702
19326,0.25,0.1,0.65,0.0,0.3,0.7,2.278,1.19,2.128,0.938973019260979,1.6608437155705769
19340,0.25,0.1,0.65,0.05,0.0,0.95,2.278,1.19,2.1805,0.9353613956149596,1.5391646527281921
19341,0.25,0.1,0.65,0.05,0.05,0.9,2.278,1.19,2.1685000000000003,0.9361769547553918,1.5391646527281921
19342,0.25,0.1,0.65,0.05,0.1,0.85,2.278,1.19,2.1565000000000003,0.9369983628183908,1.5383224788151486
19343,0.25,0.1,0.65,0.05,0.15,0.8,2.278,1.19,2.1445000000000003,0.9378256829502192,1.5443980353609994
19344,0.25,0.1,0.65,0.05,0.2,0.75,2.278,1.19,2.1325000000000003,0.9386589792094108,1.6103876097269605
19345,0.25,0.1,0.65,0.05,0.25,0.7,2.278,1.19,2.1205,0.9394983165833044,1.683086780400435
19359,0.25,0.1,0.65,0.1,0.0,0.9,2.278,1.19,2.161,0.9366896453855816,1.5383224788151486
19360,0.25,0.1,0.65,0.1,0.05,0.85,2.278,1.19,2.149,0.9375147410340956,1.5383224788151486
19361,0.25,0.1,0.65,0.1,0.1,0.8,2.278,1.19,2.1370000000000005,0.938345788680074,1.5726837743180564
19362,0.25,0.1,0.65,0.1,0.15,0.75,2.278,1.19,2.125,0.9391828529605938,1.647756398192358
19377,0.25,0.1,0.65,0.15,0.0,0.85,2.278,1.19,2.1415,0.9380334442305104,1.5443980353609994
19378,0.25,0.1,0.65,0.15,0.05,0.8,2.278,1.19,2.1295,0.9388682446391649,1.6078857394563746
19379,0.25,0.1,0.65,0.15,0.1,0.75,2.278,1.19,2.1175,0.9397091025564532,1.67284396407607
19394,0.25,0.1,0.65,0.2,0.0,0.8,2.278,1.19,2.1220000000000003,0.9393930667937224,1.6310641376195665
19395,0.25,0.1,0.65,0.2,0.05,0.75,2.278,1.19,2.1100000000000003,0.9402377441959304,1.697983164341342
19410,0.25,0.1,0.65,0.25,0.0,0.75,2.278,1.19,2.1025,0.9407687942255644,1.697983164341342
19530,0.25,0.15,0.6,0.0,0.0,1.0,2.2595,1.19,2.2,0.9301895842777016,1.538398061819101
19531,0.25,0.15,0.6,0.0,0.05,0.95,2.2595,1.19,2.188,0.9309820631519156,1.5391646527281921
19532,0.25,0.15,0.6,0.0,0.1,0.9,2.2595,1.19,2.176,0.9317801924993856,1.5391646527281921
19533,0.25,0.15,0.6,0.0,0.15,0.85,2.2595,1.19,2.164,0.9325840329691988,1.5391646527281921
19534,0.25,0.15,0.6,0.0,0.2,0.8,2.2595,1.19,2.152,0.9333936460815244,1.5391646527281921
19535,0.25,0.15,0.6,0.0,0.25,0.75,2.2595,1.19,2.14,0.934209094243308,1.5806677113496135
19536,0.25,0.15,0.6,0.0,0.3,0.7,2.2595,1.19,2.128,0.935030440764309,1.6608437155705769
19550,0.25,0.15,0.6,0.05,0.0,0.95,2.2595,1.19,2.1805,0.9314802279983,1.5391646527281921
19551,0.25,0.15,0.6,0.05,0.05,0.9,2.2595,1.19,2.1685000000000003,0.9322819196349658,1.5391646527281921
19552,0.25,0.15,0.6,0.05,0.1,0.85,2.2595,1.19,2.1565000000000003,0.9330893607410112,1.5391646527281921
19553,0.25,0.15,0.6,0.05,0.15,0.8,2.2595,1.19,2.1445000000000003,0.9339026133889804,1.5452402092740427
19554,0.25,0.15,0.6,0.05,0.2,0.75,2.2595,1.19,2.1325000000000003,0.9347217405481764,1.611229783640004
19555,0.25,0.15,0.6,0.05,0.25,0.7,2.2595,1.19,2.1205,0.9355468061009148,1.683086780400435
19569,0.25,0.15,0.6,0.1,0.0,0.9,2.2595,1.19,2.161,0.9327858926395504,1.5391646527281921
19570,0.25,0.15,0.6,0.1,0.05,0.85,2.2595,1.19,2.149,0.9335969586285998,1.5391646527281921
19571,0.25,0.15,0.6,0.1,0.1,0.8,2.2595,1.19,2.1370000000000005,0.9344138754092745,1.5735259482311
19572,0.25,0.15,0.6,0.1,0.15,0.75,2.2595,1.19,2.125,0.9352367065195828,1.647756398192358
19587,0.25,0.15,0.6,0.15,0.0,0.85,2.2595,1.19,2.1415,0.9341068419636784,1.5452402092740427
19588,0.25,0.15,0.6,0.15,0.05,0.8,2.2595,1.19,2.1295,0.9349274476962666,1.6078857394563746
19589,0.25,0.15,0.6,0.15,0.1,0.75,2.2595,1.19,2.1175,0.9357540079375718,1.67284396407607
19604,0.25,0.15,0.6,0.2,0.0,0.8,2.2595,1.19,2.1220000000000003,0.9354433459447036,1.6310641376195665
19605,0.25,0.15,0.6,0.2,0.05,0.75,2.2595,1.19,2.1100000000000003,0.9362736607256422,1.697983164341342
19620,0.25,0.15,0.6,0.25,0.0,0.75,2.2595,1.19,2.1025,0.9367956809523827,1.697983164341342
19740,0.25,0.2,0.55,0.0,0.0,1.0,2.241,1.19,2.2,0.926330741961492,1.538398061819101
19741,0.25,0.2,0.55,0.0,0.05,0.95,2.241,1.19,2.188,0.9271095126924864,1.5391646527281921
19742,0.25,0.2,0.55,0.0,0.1,0.9,2.241,1.19,2.176,0.9278938361559655,1.5391646527281921
19743,0.25,0.2,0.55,0.0,0.15,0.85,2.241,1.19,2.164,0.9286837719519206,1.5391646527281921
19744,0.25,0.2,0.55,0.0,0.2,0.8,2.241,1.19,2.152,0.9294793805363564,1.5391646527281921
19745,0.25,0.2,0.55,0.0,0.25,0.75,2.241,1.19,2.14,0.930280723236716,1.5806677113496135
19746,0.25,0.2,0.55,0.0,0.3,0.7,2.241,1.19,2.128,0.9310878622676388,1.6608437155705769
19760,0.25,0.2,0.55,0.05,0.0,0.95,2.241,1.19,2.1805,0.9275990603816406,1.5391646527281921
19761,0.25,0.2,0.55,0.05,0.05,0.9,2.241,1.19,2.1685000000000003,0.9283868845145395,1.5391646527281921
19762,0.25,0.2,0.55,0.05,0.1,0.85,2.241,1.19,2.1565000000000003,0.9291803586636316,1.5391646527281921
19763,0.25,0.2,0.55,0.05,0.15,0.8,2.241,1.19,2.1445000000000003,0.9299795438277416,1.5452402092740427
19764,0.25,0.2,0.55,0.05,0.2,0.75,2.241,1.19,2.1325000000000003,0.930784501886942,1.611229783640004
19765,0.25,0.2,0.55,0.05,0.25,0.7,2.241,1.19,2.1205,0.9315952956185248,1.683086780400435
19779,0.25,0.2,0.55,0.1,0.0,0.9,2.241,1.19,2.161,0.928882139893519,1.5391646527281921
19780,0.25,0.2,0.55,0.1,0.05,0.85,2.241,1.19,2.149,0.929679176223104,1.5391646527281921
19781,0.25,0.2,0.55,0.1,0.1,0.8,2.241,1.19,2.1370000000000005,0.9304819621384744,1.5735259482311
19782,0.25,0.2,0.55,0.1,0.15,0.75,2.241,1.19,2.125,0.931290560078572,1.647756398192358
19797,0.25,0.2,0.55,0.15,0.0,0.85,2.241,1.19,2.1415,0.9301802396968466,1.5452402092740427
19798,0.25,0.2,0.55,0.15,0.05,0.8,2.241,1.19,2.1295,0.9309866507533682,1.6078857394563746
19799,0.25,0.2,0.55,0.15,0.1,0.75,2.241,1.19,2.1175,0.93179891331869,1.67284396407607
19814,0.25,0.2,0.55,0.2,0.0,0.8,2.241,1.19,2.1220000000000003,0.9314936250956845,1.6310641376195665
19815,0.25,0.2,0.55,0.2,0.05,0.75,2.241,1.19,2.1100000000000003,0.932309577255354,1.697983164341342
19830,0.25,0.2,0.55,0.25,0.0,0.75,2.241,1.19,2.1025,0.932822567679201,1.697983164341342
19950,0.25,0.25,0.5,0.0,0.0,1.0,2.2225,1.19,2.2,0.922471899645282,1.538398061819101
19951,0.25,0.25,0.5,0.0,0.05,0.95,2.2225,1.19,2.188,0.9232369622330574,1.5391646527281921
19952,0.25,0.25,0.5,0.0,0.1,0.9,2.2225,1.19,2.176,0.9240074798125458,1.5391646527281921
19953,0.25,0.25,0.5,0.0,0.15,0.85,2.2225,1.19,2.164,0.9247835109346424,1.5391646527281921
19954,0.25,0.25,0.5,0.0,0.2,0.8,2.2225,1.19,2.152,0.9255651149911884,1.5391646527281921
19955,0.25,0.25,0.5,0.0,0.25,0.75,2.2225,1.19,2.14,0.9263523522301242,1.5806677113496135
19956,0.25,0.25,0.5,0.0,0.3,0.7,2.2225,1.19,2.128,0.9271452837709688,1.6608437155705769
19970,0.25,0.25,0.5,0.05,0.0,0.95,2.2225,1.19,2.1805,0.9237178927649812,1.5391646527281921
19971,0.25,0.25,0.5,0.05,0.05,0.9,2.2225,1.19,2.1685000000000003,0.9244918493941132,1.5391646527281921
19972,0.25,0.25,0.5,0.05,0.1,0.85,2.2225,1.19,2.1565000000000003,0.9252713565862518,1.5391646527281921
19973,0.25,0.25,0.5,0.05,0.15,0.8,2.2225,1.19,2.1445000000000003,0.9260564742665028,1.5452402092740427
19974,0.25,0.25,0.5,0.05,0.2,0.75,2.2225,1.19,2.1325000000000003,0.926847263225708,1.611229783640004
19975,0.25,0.25,0.5,0.05,0.25,0.7,2.2225,1.19,2.1205,0.9276437851361352,1.683086780400435
19989,0.25,0.25,0.5,0.1,0.0,0.9,2.2225,1.19,2.161,0.9249783871474876,1.5391646527281921
19990,0.25,0.25,0.5,0.1,0.05,0.85,2.2225,1.19,2.149,0.9257613938176076,1.5391646527281921
19991,0.25,0.25,0.5,0.1,0.1,0.8,2.2225,1.19,2.1370000000000005,0.9265500488676748,1.5735259482311
19992,0.25,0.25,0.5,0.1,0.15,0.75,2.2225,1.19,2.125,0.9273444136375611,1.647756398192358
20007,0.25,0.25,0.5,0.15,0.0,0.85,2.2225,1.19,2.1415,0.9262536374300148,1.5452402092740427
20008,0.25,0.25,0.5,0.15,0.05,0.8,2.2225,1.19,2.1295,0.92704585381047,1.6078857394563746
20009,0.25,0.25,0.5,0.15,0.1,0.75,2.2225,1.19,2.1175,0.9278438186998084,1.67284396407607
20024,0.25,0.25,0.5,0.2,0.0,0.8,2.2225,1.19,2.1220000000000003,0.9275439042466652,1.6310641376195665
20025,0.25,0.25,0.5,0.2,0.05,0.75,2.2225,1.19,2.1100000000000003,0.9283454937850658,1.697983164341342
20040,0.25,0.25,0.5,0.25,0.0,0.75,2.2225,1.19,2.1025,0.9288494544060192,1.697983164341342
20160,0.25,0.3,0.45,0.0,0.0,1.0,2.204,1.19,2.2,0.9186130573290724,1.5401147635734875
20161,0.25,0.3,0.45,0.0,0.05,0.95,2.204,1.19,2.188,0.9193644117736284,1.5408813544825783
20162,0.25,0.3,0.45,0.0,0.1,0.9,2.204,1.19,2.176,0.920121123469126,1.5391646527281921
20163,0.25,0.3,0.45,0.0,0.15,0.85,2.204,1.19,2.164,0.9208832499173644,1.5391646527281921
20164,0.25,0.3,0.45,0.0,0.2,0.8,2.204,1.19,2.152,0.9216508494460206,1.5391646527281921
20165,0.25,0.3,0.45,0.0,0.25,0.75,2.204,1.19,2.14,0.922423981223532,1.5806677113496135
20166,0.25,0.3,0.45,0.0,0.3,0.7,2.204,1.19,2.128,0.9232027052742988,1.6608437155705769
20180,0.25,0.3,0.45,0.05,0.0,0.95,2.204,1.19,2.1805,0.9198367251483214,1.5391646527281921
20181,0.25,0.3,0.45,0.05,0.05,0.9,2.204,1.19,2.1685000000000003,0.9205968142736872,1.5391646527281921
20182,0.25,0.3,0.45,0.05,0.1,0.85,2.204,1.19,2.1565000000000003,0.921362354508872,1.5391646527281921
20183,0.25,0.3,0.45,0.05,0.15,0.8,2.204,1.19,2.1445000000000003,0.9221334047052636,1.5452402092740427
20184,0.25,0.3,0.45,0.05,0.2,0.75,2.204,1.19,2.1325000000000003,0.9229100245644736,1.611229783640004
20185,0.25,0.3,0.45,0.05,0.25,0.7,2.204,1.19,2.1205,0.9236922746537456,1.683086780400435
20199,0.25,0.3,0.45,0.1,0.0,0.9,2.204,1.19,2.161,0.9210746344014562,1.5391646527281921
20200,0.25,0.3,0.45,0.1,0.05,0.85,2.204,1.19,2.149,0.9218436114121116,1.5391646527281921
20201,0.25,0.3,0.45,0.1,0.1,0.8,2.204,1.19,2.1370000000000005,0.9226181355968748,1.5735259482311
20202,0.25,0.3,0.45,0.1,0.15,0.75,2.204,1.19,2.125,0.9233982671965502,1.647756398192358
20217,0.25,0.3,0.45,0.15,0.0,0.85,2.204,1.19,2.1415,0.9223270351631824,1.5452402092740427
20218,0.25,0.3,0.45,0.15,0.05,0.8,2.204,1.19,2.1295,0.9231050568675714,1.6078857394563746
20219,0.25,0.3,0.45,0.15,0.1,0.75,2.204,1.19,2.1175,0.9238887240809268,1.67284396407607
20234,0.25,0.3,0.45,0.2,0.0,0.8,2.204,1.19,2.1220000000000003,0.9235941833976462,1.6310641376195665
20235,0.25,0.3,0.45,0.2,0.05,0.75,2.204,1.19,2.1100000000000003,0.9243814103147774,1.697983164341342
20250,0.25,0.3,0.45,0.25,0.0,0.75,2.204,1.19,2.1025,0.9248763411328372,1.697983164341342
20370,0.25,0.35,0.4,0.0,0.0,1.0,2.1855,1.19,2.2,0.9147542150128626,1.5541091551190334
20371,0.25,0.35,0.4,0.0,0.05,0.95,2.1855,1.19,2.188,0.9154918613141996,1.5548757460281244
20372,0.25,0.35,0.4,0.0,0.1,0.9,2.1855,1.19,2.176,0.9162347671257062,1.5548757460281244
20373,0.25,0.35,0.4,0.0,0.15,0.85,2.1855,1.19,2.164,0.916982988900086,1.5548757460281244
20374,0.25,0.35,0.4,0.0,0.2,0.8,2.1855,1.19,2.152,0.9177365839008528,1.5509719367589623
20375,0.25,0.35,0.4,0.0,0.25,0.75,2.1855,1.19,2.14,0.9184956102169404,1.5823844131039997
20376,0.25,0.35,0.4,0.0,0.3,0.7,2.1855,1.19,2.128,0.9192601267776288,1.6608437155705769
20390,0.25,0.35,0.4,0.05,0.0,0.95,2.1855,1.19,2.1805,0.915955557531662,1.5548757460281244
20391,0.25,0.35,0.4,0.05,0.05,0.9,2.1855,1.19,2.1685000000000003,0.9167017791532612,1.5548757460281244
20392,0.25,0.35,0.4,0.05,0.1,0.85,2.1855,1.19,2.1565000000000003,0.9174533524314924,1.5548757460281244
20393,0.25,0.35,0.4,0.05,0.15,0.8,2.1855,1.19,2.1445000000000003,0.9182103351440246,1.5469569110284291
20394,0.25,0.35,0.4,0.05,0.2,0.75,2.1855,1.19,2.1325000000000003,0.9189727859032392,1.612002625745267
20395,0.25,0.35,0.4,0.05,0.25,0.7,2.1855,1.19,2.1205,0.919740764171356,1.683086780400435
20409,0.25,0.35,0.4,0.1,0.0,0.9,2.1855,1.19,2.161,0.9171708816554248,1.5548757460281244
20410,0.25,0.35,0.4,0.1,0.05,0.85,2.1855,1.19,2.149,0.9179258290066158,1.5509719367589623
20411,0.25,0.35,0.4,0.1,0.1,0.8,2.1855,1.19,2.1370000000000005,0.9186862223260752,1.574298790336363
20412,0.25,0.35,0.4,0.1,0.15,0.75,2.1855,1.19,2.125,0.9194521207555396,1.648529240297621
20427,0.25,0.35,0.4,0.15,0.0,0.85,2.1855,1.19,2.1415,0.9184004328963502,1.5469569110284291
20428,0.25,0.35,0.4,0.15,0.05,0.8,2.1855,1.19,2.1295,0.9191642599246732,1.6086585815616379
20429,0.25,0.35,0.4,0.15,0.1,0.75,2.1855,1.19,2.1175,0.9199336294620452,1.67284396407607
20444,0.25,0.35,0.4,0.2,0.0,0.8,2.1855,1.19,2.1220000000000003,0.9196444625486272,1.6318369797248296
20445,0.25,0.35,0.4,0.2,0.05,0.75,2.1855,1.19,2.1100000000000003,0.9204173268444892,1.697983164341342
20460,0.25,0.35,0.4,0.25,0.0,0.75,2.1855,1.19,2.1025,0.9209032278596556,1.697983164341342
20580,0.25,0.4,0.35,0.0,0.0,1.0,2.167,1.19,2.2,0.9108953726966528,1.5835798691917702
20581,0.25,0.4,0.35,0.0,0.05,0.95,2.167,1.19,2.188,0.9116193108547704,1.5843464601008612
20582,0.25,0.4,0.35,0.0,0.1,0.9,2.167,1.19,2.176,0.9123484107822862,1.5843464601008612
20583,0.25,0.4,0.35,0.0,0.15,0.85,2.167,1.19,2.164,0.9130827278828076,1.5843464601008612
20584,0.25,0.4,0.35,0.0,0.2,0.8,2.167,1.19,2.152,0.9138223183556848,1.5835350407460222
20585,0.25,0.4,0.35,0.0,0.25,0.75,2.167,1.19,2.14,0.9145672392103484,1.5927964632872043
20586,0.25,0.4,0.35,0.0,0.3,0.7,2.167,1.19,2.128,0.9153175482809588,1.6633501852675467
20600,0.25,0.4,0.35,0.05,0.0,0.95,2.167,1.19,2.1805,0.9120743899150024,1.5843464601008612
20601,0.25,0.4,0.35,0.05,0.05,0.9,2.167,1.19,2.1685000000000003,0.912806744032835,1.5843464601008612
20602,0.25,0.4,0.35,0.05,0.1,0.85,2.167,1.19,2.1565000000000003,0.9135443503541126,1.5835350407460222
20603,0.25,0.4,0.35,0.05,0.15,0.8,2.167,1.19,2.1445000000000003,0.914287265582786,1.5597127311454038
20604,0.25,0.4,0.35,0.05,0.2,0.75,2.167,1.19,2.1325000000000003,0.9150355472420046,1.621137028869648
20605,0.25,0.4,0.35,0.05,0.25,0.7,2.167,1.19,2.1205,0.915789253688966,1.685593250097405
20619,0.25,0.4,0.35,0.1,0.0,0.9,2.167,1.19,2.161,0.9132671289093932,1.5843464601008612
20620,0.25,0.4,0.35,0.1,0.05,0.85,2.167,1.19,2.149,0.9140080466011198,1.5835350407460222
20621,0.25,0.4,0.35,0.1,0.1,0.8,2.167,1.19,2.1370000000000005,0.914754309055275,1.5857769633945142
20622,0.25,0.4,0.35,0.1,0.15,0.75,2.167,1.19,2.125,0.9155059743145284,1.6547176669910257
20637,0.25,0.4,0.35,0.15,0.0,0.85,2.167,1.19,2.1415,0.9144738306295184,1.5597127311454038
20638,0.25,0.4,0.35,0.15,0.05,0.8,2.167,1.19,2.1295,0.9152234629817748,1.6171907781888126
20639,0.25,0.4,0.35,0.15,0.1,0.75,2.167,1.19,2.1175,0.9159785348431632,1.6787275662080712
20654,0.25,0.4,0.35,0.2,0.0,0.8,2.167,1.19,2.1220000000000003,0.915694741699608,1.6403691763520043
20790,0.25,0.45,0.3,0.0,0.0,1.0,2.1485,1.19,2.2,0.9070365303804429,1.5847033136362145
20791,0.25,0.45,0.3,0.0,0.05,0.95,2.1485,1.19,2.188,0.9077467603953412,1.5854699045453053
20792,0.25,0.45,0.3,0.0,0.1,0.9,2.1485,1.19,2.176,0.9084620544388664,1.5843464601008612
20793,0.25,0.45,0.3,0.0,0.15,0.85,2.1485,1.19,2.164,0.9091824668655296,1.5843464601008612
20794,0.25,0.45,0.3,0.0,0.2,0.8,2.1485,1.19,2.152,0.9099080528105168,1.5843464601008612
20795,0.25,0.45,0.3,0.0,0.25,0.75,2.1485,1.19,2.14,0.9106388682037564,1.6128948020020781
20796,0.25,0.45,0.3,0.0,0.3,0.7,2.1485,1.19,2.128,0.9113749697842888,1.6724998149901966
20810,0.25,0.45,0.3,0.05,0.0,0.95,2.1485,1.19,2.1805,0.9081932222983428,1.5854699045453053
20811,0.25,0.45,0.3,0.05,0.05,0.9,2.1485,1.19,2.1685000000000003,0.9089117089124088,1.5843464601008612
20812,0.25,0.45,0.3,0.05,0.1,0.85,2.1485,1.19,2.1565000000000003,0.9096353482767328,1.5843464601008612
20813,0.25,0.45,0.3,0.05,0.15,0.8,2.1485,1.19,2.1445000000000003,0.910364196021547,1.5870507499776512
20814,0.25,0.45,0.3,0.05,0.2,0.75,2.1485,1.19,2.1325000000000003,0.9110983085807706,1.6355009373676872
20815,0.25,0.45,0.3,0.05,0.25,0.7,2.1485,1.19,2.1205,0.9118377432065764,1.6925815879648511
20829,0.25,0.45,0.3,0.1,0.0,0.9,2.1485,1.19,2.161,0.9093633761633622,1.5843464601008612
20830,0.25,0.45,0.3,0.1,0.05,0.85,2.1485,1.19,2.149,0.9100902641956238,1.5843464601008612
20831,0.25,0.45,0.3,0.1,0.1,0.8,2.1485,1.19,2.1370000000000005,0.9108223957844752,1.6086088853432605
20832,0.25,0.45,0.3,0.1,0.15,0.75,2.1485,1.19,2.125,0.9115598278735176,1.664153675242554
20847,0.25,0.45,0.3,0.15,0.0,0.85,2.1485,1.19,2.1415,0.910547228362686,1.5870507499776512
20848,0.25,0.45,0.3,0.15,0.05,0.8,2.1485,1.19,2.1295,0.9112826660388764,1.634487428096176
20849,0.25,0.45,0.3,0.15,0.1,0.75,2.1485,1.19,2.1175,0.9120234402242816,1.6857524366894412
20864,0.25,0.45,0.3,0.2,0.0,0.8,2.1485,1.19,2.1220000000000003,0.9117450208505892,1.6555045344041641
21000,0.25,0.5,0.25,0.0,0.0,1.0,2.13,1.19,2.2,0.9031776880642332,1.5871601174855183
21001,0.25,0.5,0.25,0.0,0.05,0.95,2.13,1.19,2.188,0.9038742099359124,1.5879267083946091
21002,0.25,0.5,0.25,0.0,0.1,0.9,2.13,1.19,2.176,0.9045756980954468,1.586510965151366
21003,0.25,0.5,0.25,0.0,0.15,0.85,2.13,1.19,2.164,0.9052822058482514,1.586510965151366
21004,0.25,0.5,0.25,0.0,0.2,0.8,2.13,1.19,2.152,0.905993787265349,1.5854699045453053
21005,0.25,0.5,0.25,0.0,0.25,0.75,2.13,1.19,2.14,0.9067104971971643,1.6140182464465225
21006,0.25,0.5,0.25,0.0,0.3,0.7,2.13,1.19,2.128,0.9074323912876188,1.6724998149901966
21020,0.25,0.5,0.25,0.05,0.0,0.95,2.13,1.19,2.1805,0.904312054681683,1.5879267083946091
21021,0.25,0.5,0.25,0.05,0.05,0.9,2.13,1.19,2.1685000000000003,0.9050166737919828,1.586510965151366
21022,0.25,0.5,0.25,0.05,0.1,0.85,2.13,1.19,2.1565000000000003,0.9057263461993532,1.5854699045453053
21023,0.25,0.5,0.25,0.05,0.15,0.8,2.13,1.19,2.1445000000000003,0.906441126460308,1.5881741944220955
21024,0.25,0.5,0.25,0.05,0.2,0.75,2.13,1.19,2.1325000000000003,0.907161069919536,1.6366243818121315
21025,0.25,0.5,0.25,0.05,0.25,0.7,2.13,1.19,2.1205,0.9078862327241868,1.6925815879648511
21039,0.25,0.5,0.25,0.1,0.0,0.9,2.13,1.19,2.161,0.9054596234173308,1.5854699045453053
21040,0.25,0.5,0.25,0.1,0.05,0.85,2.13,1.19,2.149,0.9061724817901278,1.5854699045453053
21041,0.25,0.5,0.25,0.1,0.1,0.8,2.13,1.19,2.1370000000000005,0.9068904825136752,1.6097323297877049
21042,0.25,0.5,0.25,0.1,0.15,0.75,2.13,1.19,2.125,0.9076136814325066,1.664153675242554
21057,0.25,0.5,0.25,0.15,0.0,0.85,2.13,1.19,2.1415,0.9066206260958538,1.5881741944220955
21058,0.25,0.5,0.25,0.15,0.05,0.8,2.13,1.19,2.1295,0.907341869095978,1.634487428096176
21059,0.25,0.5,0.25,0.15,0.1,0.75,2.13,1.19,2.1175,0.9080683456054,1.6857524366894412
21074,0.25,0.5,0.25,0.2,0.0,0.8,2.13,1.19,2.1220000000000003,0.90779530000157,1.6555045344041641
21211,0.25,0.55,0.2,0.0,0.05,0.95,2.1115000000000004,1.19,2.188,0.9000016594764835,1.5977693422043857
21212,0.25,0.55,0.2,0.0,0.1,0.9,2.1115000000000004,1.19,2.176,0.900689341752027,1.5910365828144837
21213,0.25,0.55,0.2,0.0,0.15,0.85,2.1115000000000004,1.19,2.164,0.9013819448309732,1.5910365828144837
21214,0.25,0.55,0.2,0.0,0.2,0.8,2.1115000000000004,1.19,2.152,0.9020795217201812,1.5910365828144837
21215,0.25,0.55,0.2,0.0,0.25,0.75,2.1115000000000004,1.19,2.14,0.9027821261905724,1.6185438641096397
21216,0.25,0.55,0.2,0.0,0.3,0.7,2.1115000000000004,1.19,2.128,0.903489812790949,1.67391555823344
21230,0.25,0.55,0.2,0.05,0.0,0.95,2.1115000000000004,1.19,2.1805,0.9004308870650235,1.5910365828144837
21231,0.25,0.55,0.2,0.05,0.05,0.9,2.1115000000000004,1.19,2.1685000000000003,0.9011216386715568,1.5910365828144837
21232,0.25,0.55,0.2,0.05,0.1,0.85,2.1115000000000004,1.19,2.1565000000000003,0.9018173441219736,1.5910365828144837
21233,0.25,0.55,0.2,0.05,0.15,0.8,2.1115000000000004,1.19,2.1445000000000003,0.9025180568990692,1.5937408726912736
21234,0.25,0.55,0.2,0.05,0.2,0.75,2.1115000000000004,1.19,2.1325000000000003,0.9032238312583016,1.6380401250553749
21235,0.25,0.55,0.2,0.05,0.25,0.7,2.1115000000000004,1.19,2.1205,0.903934722241797,1.6939973312080945
21249,0.25,0.55,0.2,0.1,0.0,0.9,2.1115000000000004,1.19,2.161,0.9015558706712996,1.5910365828144837
21250,0.25,0.55,0.2,0.1,0.05,0.85,2.1115000000000004,1.19,2.149,0.902254699384632,1.5910365828144837
21251,0.25,0.55,0.2,0.1,0.1,0.8,2.1115000000000004,1.19,2.1370000000000005,0.9029585692428757,1.6121891336370087
21252,0.25,0.55,0.2,0.1,0.15,0.75,2.1115000000000004,1.19,2.125,0.903667534991496,1.6655694184857976
21267,0.25,0.55,0.2,0.15,0.0,0.85,2.1115000000000004,1.19,2.1415,0.902694023829022,1.5937408726912736
21268,0.25,0.55,0.2,0.15,0.05,0.8,2.1115000000000004,1.19,2.1295,0.9034010721530796,1.6369442319454803
21269,0.25,0.55,0.2,0.15,0.1,0.75,2.1115000000000004,1.19,2.1175,0.9041132509865184,1.6871681799326848
21284,0.25,0.55,0.2,0.2,0.0,0.8,2.1115000000000004,1.19,2.1220000000000003,0.9038455791525511,1.657961338253468
21479,0.25,0.6,0.15,0.15,0.1,0.75,2.093,1.19,2.1175,0.9001581563676365,1.6908550385897894
22050,0.3,0.0,0.7,0.0,0.0,1.0,2.272,1.19,2.2,0.9327969101670324,1.538398061819101
22051,0.3,0.0,0.7,0.0,0.05,0.95,2.272,1.19,2.188,0.933598651300178,1.5391646527281921
22052,0.3,0.0,0.7,0.0,0.1,0.9,2.272,1.19,2.176,0.934406108947642,1.5391646527281921
22053,0.3,0.0,0.7,0.0,0.15,0.85,2.272,1.19,2.164,0.9352193444673595,1.5391646527281921
22054,0.3,0.0,0.7,0.0,0.2,0.8,2.272,1.19,2.152,0.9360384200985294,1.5391646527281921
22055,0.3,0.0,0.7,0.0,0.25,0.75,2.272,1.19,2.14,0.9368633989774916,1.5798255374365702
22056,0.3,0.0,0.7,0.0,0.3,0.7,2.272,1.19,2.128,0.9376943451539508,1.6608437155705769
22070,0.3,0.0,0.7,0.05,0.0,0.95,2.272,1.19,2.1805,0.9341026385500972,1.5391646527281921
22071,0.3,0.0,0.7,0.05,0.05,0.9,2.272,1.19,2.1685000000000003,0.93491370012174,1.5391646527281921
22072,0.3,0.0,0.7,0.05,0.1,0.85,2.272,1.19,2.1565000000000003,0.9357305783608622,1.5391646527281921
22073,0.3,0.0,0.7,0.05,0.15,0.8,2.272,1.19,2.1445000000000003,0.9365533360654932,1.5443980353609994
22074,0.3,0.0,0.7,0.05,0.2,0.75,2.272,1.19,2.1325000000000003,0.9373820369409024,1.6103876097269605
22075,0.3,0.0,0.7,0.05,0.25,0.7,2.272,1.19,2.1205,0.938216745616043,1.683086780400435
22089,0.3,0.0,0.7,0.1,0.0,0.9,2.272,1.19,2.161,0.935423563413896,1.5391646527281921
22090,0.3,0.0,0.7,0.1,0.05,0.85,2.272,1.19,2.149,0.9362441089025836,1.5391646527281921
22091,0.3,0.0,0.7,0.1,0.1,0.8,2.272,1.19,2.1370000000000005,0.9370705735652204,1.5726837743180564
22092,0.3,0.0,0.7,0.1,0.15,0.75,2.272,1.19,2.125,0.937903021682428,1.647756398192358
22107,0.3,0.0,0.7,0.15,0.0,0.85,2.272,1.19,2.1415,0.93675995160343,1.5443980353609994
22108,0.3,0.0,0.7,0.15,0.05,0.8,2.272,1.19,2.1295,0.93759014833336,1.6078857394563746
22109,0.3,0.0,0.7,0.15,0.1,0.75,2.272,1.19,2.1175,0.9384263691665458,1.67284396407607
22124,0.3,0.0,0.7,0.2,0.0,0.8,2.272,1.19,2.1220000000000003,0.9381120762480948,1.6310641376195665
22125,0.3,0.0,0.7,0.2,0.05,0.75,2.272,1.19,2.1100000000000003,0.9389520955028638,1.697983164341342
22140,0.3,0.0,0.7,0.25,0.0,0.75,2.272,1.19,2.1025,0.9394802169477756,1.697983164341342
22260,0.3,0.05,0.65,0.0,0.0,1.0,2.2535,1.19,2.2,0.9289380678508228,1.538398061819101
22261,0.3,0.05,0.65,0.0,0.05,0.95,2.2535,1.19,2.188,0.9297261008407492,1.5391646527281921
22262,0.3,0.05,0.65,0.0,0.1,0.9,2.2535,1.19,2.176,0.9305197526042224,1.5391646527281921
22263,0.3,0.05,0.65,0.0,0.15,0.85,2.2535,1.19,2.164,0.9313190834500816,1.5391646527281921
22264,0.3,0.05,0.65,0.0,0.2,0.8,2.2535,1.19,2.152,0.9321241545533616,1.5391646527281921
22265,0.3,0.05,0.65,0.0,0.25,0.75,2.2535,1.19,2.14,0.9329350279708996,1.5806677113496135
22266,0.3,0.05,0.65,0.0,0.3,0.7,2.2535,1.19,2.128,0.9337517666572808,1.6608437155705769
22280,0.3,0.05,0.65,0.05,0.0,0.95,2.2535,1.19,2.1805,0.9302214709334374,1.5391646527281921
22281,0.3,0.05,0.65,0.05,0.05,0.9,2.2535,1.19,2.1685000000000003,0.931018665001314,1.5391646527281921
22282,0.3,0.05,0.65,0.05,0.1,0.85,2.2535,1.19,2.1565000000000003,0.9318215762834824,1.5391646527281921
22283,0.3,0.05,0.65,0.05,0.15,0.8,2.2535,1.19,2.1445000000000003,0.932630266504254,1.5452402092740427
22284,0.3,0.05,0.65,0.05,0.2,0.75,2.2535,1.19,2.1325000000000003,0.933444798279668,1.611229783640004
22285,0.3,0.05,0.65,0.05,0.25,0.7,2.2535,1.19,2.1205,0.9342652351336532,1.683086780400435
22299,0.3,0.05,0.65,0.1,0.0,0.9,2.2535,1.19,2.161,0.9315198106678646,1.5391646527281921
22300,0.3,0.05,0.65,0.1,0.05,0.85,2.2535,1.19,2.149,0.9323263264970876,1.5391646527281921
22301,0.3,0.05,0.65,0.1,0.1,0.8,2.2535,1.19,2.1370000000000005,0.9331386602944204,1.5735259482311
22302,0.3,0.05,0.65,0.1,0.15,0.75,2.2535,1.19,2.125,0.9339568752414172,1.647756398192358
22317,0.3,0.05,0.65,0.15,0.0,0.85,2.2535,1.19,2.1415,0.9328333493365978,1.5452402092740427
22318,0.3,0.05,0.65,0.15,0.05,0.8,2.2535,1.19,2.1295,0.9336493513904616,1.6078857394563746
22319,0.3,0.05,0.65,0.15,0.1,0.75,2.2535,1.19,2.1175,0.934471274547664,1.67284396407607
22334,0.3,0.05,0.65,0.2,0.0,0.8,2.2535,1.19,2.1220000000000003,0.9341623553990756,1.6310641376195665
22335,0.3,0.05,0.65,0.2,0.05,0.75,2.2535,1.19,2.1100000000000003,0.9349880120325758,1.697983164341342
22350,0.3,0.05,0.65,0.25,0.0,0.75,2.2535,1.19,2.1025,0.935507103674594,1.697983164341342
22470,0.3,0.1,0.6,0.0,0.0,1.0,2.235,1.19,2.2,0.9250792255346132,1.538398061819101
22471,0.3,0.1,0.6,0.0,0.05,0.95,2.235,1.19,2.188,0.9258535503813204,1.5391646527281921
22472,0.3,0.1,0.6,0.0,0.1,0.9,2.235,1.19,2.176,0.9266333962608024,1.5391646527281921
22473,0.3,0.1,0.6,0.0,0.15,0.85,2.235,1.19,2.164,0.9274188224328032,1.5391646527281921
22474,0.3,0.1,0.6,0.0,0.2,0.8,2.235,1.19,2.152,0.928209889008194,1.5391646527281921
22475,0.3,0.1,0.6,0.0,0.25,0.75,2.235,1.19,2.14,0.9290066569643078,1.5806677113496135
22476,0.3,0.1,0.6,0.0,0.3,0.7,2.235,1.19,2.128,0.9298091881606106,1.6608437155705769
22490,0.3,0.1,0.6,0.05,0.0,0.95,2.235,1.19,2.1805,0.926340303316778,1.5391646527281921
22491,0.3,0.1,0.6,0.05,0.05,0.9,2.235,1.19,2.1685000000000003,0.9271236298808878,1.5391646527281921
22492,0.3,0.1,0.6,0.05,0.1,0.85,2.235,1.19,2.1565000000000003,0.927912574206103,1.5391646527281921
22493,0.3,0.1,0.6,0.05,0.15,0.8,2.235,1.19,2.1445000000000003,0.9287071969430152,1.5452402092740427
22494,0.3,0.1,0.6,0.05,0.2,0.75,2.235,1.19,2.1325000000000003,0.9295075596184336,1.611229783640004
22495,0.3,0.1,0.6,0.05,0.25,0.7,2.235,1.19,2.1205,0.9303137246512632,1.683086780400435
22509,0.3,0.1,0.6,0.1,0.0,0.9,2.235,1.19,2.161,0.927616057921833,1.5391646527281921
22510,0.3,0.1,0.6,0.1,0.05,0.85,2.235,1.19,2.149,0.9284085440915916,1.5391646527281921
22511,0.3,0.1,0.6,0.1,0.1,0.8,2.235,1.19,2.1370000000000005,0.9292067470236204,1.5735259482311
22512,0.3,0.1,0.6,0.1,0.15,0.75,2.235,1.19,2.125,0.9300107288004064,1.647756398192358
22527,0.3,0.1,0.6,0.15,0.0,0.85,2.235,1.19,2.1415,0.928906747069766,1.5452402092740427
22528,0.3,0.1,0.6,0.15,0.05,0.8,2.235,1.19,2.1295,0.9297085544475632,1.6078857394563746
22529,0.3,0.1,0.6,0.15,0.1,0.75,2.235,1.19,2.1175,0.9305161799287824,1.67284396407607
22544,0.3,0.1,0.6,0.2,0.0,0.8,2.235,1.19,2.1220000000000003,0.9302126345500564,1.6310641376195665
22545,0.3,0.1,0.6,0.2,0.05,0.75,2.235,1.19,2.1100000000000003,0.9310239285622876,1.697983164341342
22560,0.3,0.1,0.6,0.25,0.0,0.75,2.235,1.19,2.1025,0.9315339904014124,1.697983164341342
22680,0.3,0.15,0.55,0.0,0.0,1.0,2.2165,1.19,2.2,0.9212203832184032,1.538398061819101
22681,0.3,0.15,0.55,0.0,0.05,0.95,2.2165,1.19,2.188,0.9219809999218912,1.5391646527281921
22682,0.3,0.15,0.55,0.0,0.1,0.9,2.2165,1.19,2.176,0.9227470399173826,1.5391646527281921
22683,0.3,0.15,0.55,0.0,0.15,0.85,2.2165,1.19,2.164,0.923518561415525,1.5391646527281921
22684,0.3,0.15,0.55,0.0,0.2,0.8,2.2165,1.19,2.152,0.924295623463026,1.5391646527281921
22685,0.3,0.15,0.55,0.0,0.25,0.75,2.2165,1.19,2.14,0.925078285957716,1.5806677113496135
22686,0.3,0.15,0.55,0.0,0.3,0.7,2.2165,1.19,2.128,0.9258666096639409,1.6608437155705769
22700,0.3,0.15,0.55,0.05,0.0,0.95,2.2165,1.19,2.1805,0.9224591357001184,1.5391646527281921
22701,0.3,0.15,0.55,0.05,0.05,0.9,2.2165,1.19,2.1685000000000003,0.9232285947604616,1.5391646527281921
22702,0.3,0.15,0.55,0.05,0.1,0.85,2.2165,1.19,2.1565000000000003,0.9240035721287232,1.5391646527281921
22703,0.3,0.15,0.55,0.05,0.15,0.8,2.2165,1.19,2.1445000000000003,0.9247841273817764,1.5452402092740427
22704,0.3,0.15,0.55,0.05,0.2,0.75,2.2165,1.19,2.1325000000000003,0.9255703209571994,1.611229783640004
22705,0.3,0.15,0.55,0.05,0.25,0.7,2.2165,1.19,2.1205,0.9263622141688738,1.683086780400435
22719,0.3,0.15,0.55,0.1,0.0,0.9,2.2165,1.19,2.161,0.9237123051758016,1.5391646527281921
22720,0.3,0.15,0.55,0.1,0.05,0.85,2.2165,1.19,2.149,0.9244907616860956,1.5391646527281921
22721,0.3,0.15,0.55,0.1,0.1,0.8,2.2165,1.19,2.1370000000000005,0.9252748337528208,1.5735259482311
22722,0.3,0.15,0.55,0.1,0.15,0.75,2.2165,1.19,2.125,0.9260645823593956,1.647756398192358
22737,0.3,0.15,0.55,0.15,0.0,0.85,2.2165,1.19,2.1415,0.924980144802934,1.5452402092740427
22738,0.3,0.15,0.55,0.15,0.05,0.8,2.2165,1.19,2.1295,0.925767757504665,1.6078857394563746
22739,0.3,0.15,0.55,0.15,0.1,0.75,2.2165,1.19,2.1175,0.9265610853099008,1.67284396407607
22754,0.3,0.15,0.55,0.2,0.0,0.8,2.2165,1.19,2.1220000000000003,0.9262629137010372,1.6310641376195665
22755,0.3,0.15,0.55,0.2,0.05,0.75,2.2165,1.19,2.1100000000000003,0.9270598450919992,1.697983164341342
22770,0.3,0.15,0.55,0.25,0.0,0.75,2.2165,1.19,2.1025,0.9275608771282304,1.697983164341342
22890,0.3,0.2,0.5,0.0,0.0,1.0,2.198,1.19,2.2,0.9173615409021934,1.5541091551190334
22891,0.3,0.2,0.5,0.0,0.05,0.95,2.198,1.19,2.188,0.918108449462462,1.5408813544825783
22892,0.3,0.2,0.5,0.0,0.1,0.9,2.198,1.19,2.176,0.9188606835739628,1.5408813544825783
22893,0.3,0.2,0.5,0.0,0.15,0.85,2.198,1.19,2.164,0.919618300398247,1.5408813544825783
22894,0.3,0.2,0.5,0.0,0.2,0.8,2.198,1.19,2.152,0.920381357917858,1.5391646527281921
22895,0.3,0.2,0.5,0.0,0.25,0.75,2.198,1.19,2.14,0.921149914951124,1.5806677113496135
22896,0.3,0.2,0.5,0.0,0.3,0.7,2.198,1.19,2.128,0.9219240311672708,1.6608437155705769
22910,0.3,0.2,0.5,0.05,0.0,0.95,2.198,1.19,2.1805,0.9185779680834588,1.5408813544825783
22911,0.3,0.2,0.5,0.05,0.05,0.9,2.198,1.19,2.1685000000000003,0.9193335596400356,1.5408813544825783
22912,0.3,0.2,0.5,0.05,0.1,0.85,2.198,1.19,2.1565000000000003,0.9200945700513432,1.5391646527281921
22913,0.3,0.2,0.5,0.05,0.15,0.8,2.198,1.19,2.1445000000000003,0.9208610578205376,1.5452402092740427
22914,0.3,0.2,0.5,0.05,0.2,0.75,2.198,1.19,2.1325000000000003,0.9216330822959652,1.611229783640004
22915,0.3,0.2,0.5,0.05,0.25,0.7,2.198,1.19,2.1205,0.922410703686484,1.683086780400435
22929,0.3,0.2,0.5,0.1,0.0,0.9,2.198,1.19,2.161,0.9198085524297704,1.5391646527281921
22930,0.3,0.2,0.5,0.1,0.05,0.85,2.198,1.19,2.149,0.9205729792805994,1.5391646527281921
22931,0.3,0.2,0.5,0.1,0.1,0.8,2.198,1.19,2.1370000000000005,0.9213429204820208,1.5735259482311
22932,0.3,0.2,0.5,0.1,0.15,0.75,2.198,1.19,2.125,0.9221184359183846,1.647756398192358
22947,0.3,0.2,0.5,0.15,0.0,0.85,2.198,1.19,2.1415,0.9210535425361016,1.5452402092740427
22948,0.3,0.2,0.5,0.15,0.05,0.8,2.198,1.19,2.1295,0.9218269605617668,1.6078857394563746
22949,0.3,0.2,0.5,0.15,0.1,0.75,2.198,1.19,2.1175,0.9226059906910192,1.67284396407607
22964,0.3,0.2,0.5,0.2,0.0,0.8,2.198,1.19,2.1220000000000003,0.9223131928520184,1.6310641376195665
22965,0.3,0.2,0.5,0.2,0.05,0.75,2.198,1.19,2.1100000000000003,0.9230957616217108,1.697983164341342
22980,0.3,0.2,0.5,0.25,0.0,0.75,2.198,1.19,2.1025,0.9235877638550484,1.697983164341342
23100,0.3,0.25,0.45,0.0,0.0,1.0,2.1795,1.19,2.2,0.9135026985859837,1.5827684498369314
23101,0.3,0.25,0.45,0.0,0.05,0.95,2.1795,1.19,2.188,0.9142358990030331,1.5548757460281244
23102,0.3,0.25,0.45,0.0,0.1,0.9,2.1795,1.19,2.176,0.9149743272305428,1.5548757460281244
23103,0.3,0.25,0.45,0.0,0.15,0.85,2.1795,1.19,2.164,0.9157180393809689,1.5548757460281244
23104,0.3,0.25,0.45,0.0,0.2,0.8,2.1795,1.19,2.152,0.9164670923726902,1.5548757460281244
23105,0.3,0.25,0.45,0.0,0.25,0.75,2.1795,1.19,2.14,0.917221543944532,1.5927964632872043
23106,0.3,0.25,0.45,0.0,0.3,0.7,2.1795,1.19,2.128,0.9179814526706008,1.6613321246614863
23120,0.3,0.25,0.45,0.05,0.0,0.95,2.1795,1.19,2.1805,0.9146968004667992,1.5548757460281244
23121,0.3,0.25,0.45,0.05,0.05,0.9,2.1795,1.19,2.1685000000000003,0.9154385245196096,1.5548757460281244
23122,0.3,0.25,0.45,0.05,0.1,0.85,2.1795,1.19,2.1565000000000003,0.9161855679739638,1.5548757460281244
23123,0.3,0.25,0.45,0.05,0.15,0.8,2.1795,1.19,2.1445000000000003,0.9169379882592984,1.5597127311454038
23124,0.3,0.25,0.45,0.05,0.2,0.75,2.1795,1.19,2.1325000000000003,0.9176958436347308,1.6172332196004857
23125,0.3,0.25,0.45,0.05,0.25,0.7,2.1795,1.19,2.1205,0.9184591932040944,1.683086780400435
23139,0.3,0.25,0.45,0.1,0.0,0.9,2.1795,1.19,2.161,0.9159047996837392,1.5548757460281244
23140,0.3,0.25,0.45,0.1,0.05,0.85,2.1795,1.19,2.149,0.9166551968751036,1.5548757460281244
23141,0.3,0.25,0.45,0.1,0.1,0.8,2.1795,1.19,2.1370000000000005,0.917411007211221,1.5857769633945142
23142,0.3,0.25,0.45,0.1,0.15,0.75,2.1795,1.19,2.125,0.9181722894773736,1.648529240297621
23157,0.3,0.25,0.45,0.15,0.0,0.85,2.1795,1.19,2.1415,0.9171269402692696,1.5597127311454038
23158,0.3,0.25,0.45,0.15,0.05,0.8,2.1795,1.19,2.1295,0.9178861636188682,1.6143369689196505
23159,0.3,0.25,0.45,0.15,0.1,0.75,2.1795,1.19,2.1175,0.9186508960721376,1.673616806181333
23174,0.3,0.25,0.45,0.2,0.0,0.8,2.1795,1.19,2.1220000000000003,0.9183634720029994,1.6318369797248296
23175,0.3,0.25,0.45,0.2,0.05,0.75,2.1795,1.19,2.1100000000000003,0.9191316781514228,1.6987560064466054
23190,0.3,0.25,0.45,0.25,0.0,0.75,2.1795,1.19,2.1025,0.9196146505818668,1.6987560064466054
23310,0.3,0.3,0.4,0.0,0.0,1.0,2.161,1.19,2.2,0.909643856269774,1.5835798691917702
23311,0.3,0.3,0.4,0.0,0.05,0.95,2.161,1.19,2.188,0.9103633485436043,1.5843464601008612
23312,0.3,0.3,0.4,0.0,0.1,0.9,2.161,1.19,2.176,0.911087970887123,1.5843464601008612
23313,0.3,0.3,0.4,0.0,0.15,0.85,2.161,1.19,2.164,0.9118177783636904,1.5843464601008612
23314,0.3,0.3,0.4,0.0,0.2,0.8,2.161,1.19,2.152,0.9125528268275224,1.5843464601008612
23315,0.3,0.3,0.4,0.0,0.25,0.75,2.161,1.19,2.14,0.9132931729379402,1.6128948020020781
23316,0.3,0.3,0.4,0.0,0.3,0.7,2.161,1.19,2.128,0.9140388741739308,1.6724998149901966
23330,0.3,0.3,0.4,0.05,0.0,0.95,2.161,1.19,2.1805,0.9108156328501398,1.5843464601008612
23331,0.3,0.3,0.4,0.05,0.05,0.9,2.161,1.19,2.1685000000000003,0.9115434893991832,1.5843464601008612
23332,0.3,0.3,0.4,0.05,0.1,0.85,2.161,1.19,2.1565000000000003,0.9122765658965842,1.5843464601008612
23333,0.3,0.3,0.4,0.05,0.15,0.8,2.161,1.19,2.1445000000000003,0.9130149186980596,1.5870507499776512
23334,0.3,0.3,0.4,0.05,0.2,0.75,2.161,1.19,2.1325000000000003,0.913758604973496,1.6346895180128487
23335,0.3,0.3,0.4,0.05,0.25,0.7,2.161,1.19,2.1205,0.9145076827217044,1.685593250097405
23349,0.3,0.3,0.4,0.1,0.0,0.9,2.161,1.19,2.161,0.9120010469377076,1.5843464601008612
23350,0.3,0.3,0.4,0.1,0.05,0.85,2.161,1.19,2.149,0.9127374144696077,1.5843464601008612
23351,0.3,0.3,0.4,0.1,0.1,0.8,2.161,1.19,2.1370000000000005,0.913479093940421,1.6077974659884218
23352,0.3,0.3,0.4,0.1,0.15,0.75,2.161,1.19,2.125,0.9142261430363626,1.664153675242554
23367,0.3,0.3,0.4,0.15,0.0,0.85,2.161,1.19,2.1415,0.9132003380024376,1.5870507499776512
23368,0.3,0.3,0.4,0.15,0.05,0.8,2.161,1.19,2.1295,0.9139453666759698,1.634487428096176
23369,0.3,0.3,0.4,0.15,0.1,0.75,2.161,1.19,2.1175,0.9146958014532556,1.6787275662080712
23384,0.3,0.3,0.4,0.2,0.0,0.8,2.161,1.19,2.1220000000000003,0.9144137511539804,1.6403691763520043
23520,0.3,0.35,0.35,0.0,0.0,1.0,2.1425,1.19,2.2,0.905785013953564,1.5847033136362145
23521,0.3,0.35,0.35,0.0,0.05,0.95,2.1425,1.19,2.188,0.9064907980841752,1.5854699045453053
23522,0.3,0.35,0.35,0.0,0.1,0.9,2.1425,1.19,2.176,0.9072016145437032,1.5854699045453053
23523,0.3,0.35,0.35,0.0,0.15,0.85,2.1425,1.19,2.164,0.907917517346412,1.5854699045453053
23524,0.3,0.35,0.35,0.0,0.2,0.8,2.1425,1.19,2.152,0.9086385612823544,1.5843464601008612
23525,0.3,0.35,0.35,0.0,0.25,0.75,2.1425,1.19,2.14,0.9093648019313484,1.6128948020020781
23526,0.3,0.35,0.35,0.0,0.3,0.7,2.1425,1.19,2.128,0.9100962956772608,1.6724998149901966
23540,0.3,0.35,0.35,0.05,0.0,0.95,2.1425,1.19,2.1805,0.9069344652334804,1.5854699045453053
23541,0.3,0.35,0.35,0.05,0.05,0.9,2.1425,1.19,2.1685000000000003,0.9076484542787572,1.5854699045453053
23542,0.3,0.35,0.35,0.05,0.1,0.85,2.1425,1.19,2.1565000000000003,0.9083675638192044,1.5854699045453053
23543,0.3,0.35,0.35,0.05,0.15,0.8,2.1425,1.19,2.1445000000000003,0.909091849136821,1.5870507499776512
23544,0.3,0.35,0.35,0.05,0.2,0.75,2.1425,1.19,2.1325000000000003,0.909821366312262,1.6355009373676872
23545,0.3,0.35,0.35,0.05,0.25,0.7,2.1425,1.19,2.1205,0.9105561722393148,1.6925815879648511
23559,0.3,0.35,0.35,0.1,0.0,0.9,2.1425,1.19,2.161,0.9080972941916762,1.5854699045453053
23560,0.3,0.35,0.35,0.1,0.05,0.85,2.1425,1.19,2.149,0.9088196320641116,1.5843464601008612
23561,0.3,0.35,0.35,0.1,0.1,0.8,2.1425,1.19,2.1370000000000005,0.9095471806696211,1.6086088853432605
23562,0.3,0.35,0.35,0.1,0.15,0.75,2.1425,1.19,2.125,0.910279996595352,1.664153675242554
23577,0.3,0.35,0.35,0.15,0.0,0.85,2.1425,1.19,2.1415,0.9092737357356055,1.5870507499776512
23578,0.3,0.35,0.35,0.15,0.05,0.8,2.1425,1.19,2.1295,0.9100045697330716,1.634487428096176
23579,0.3,0.35,0.35,0.15,0.1,0.75,2.1425,1.19,2.1175,0.910740706834374,1.6857524366894412
23594,0.3,0.35,0.35,0.2,0.0,0.8,2.1425,1.19,2.1220000000000003,0.9104640303049611,1.6555045344041641
23730,0.3,0.4,0.3,0.0,0.0,1.0,2.124,1.19,2.2,0.9019261716373542,1.5902699919053926
23731,0.3,0.4,0.3,0.0,0.05,0.95,2.124,1.19,2.188,0.902618247624746,1.5910365828144837
23732,0.3,0.4,0.3,0.0,0.1,0.9,2.124,1.19,2.176,0.9033152582002836,1.5879267083946091
23733,0.3,0.4,0.3,0.0,0.15,0.85,2.124,1.19,2.164,0.904017256329134,1.5879267083946091
23734,0.3,0.4,0.3,0.0,0.2,0.8,2.124,1.19,2.152,0.9047242957371864,1.586510965151366
23735,0.3,0.4,0.3,0.0,0.25,0.75,2.124,1.19,2.14,0.9054364309247562,1.6140182464465225
23736,0.3,0.4,0.3,0.0,0.3,0.7,2.124,1.19,2.128,0.9061537171805908,1.6724998149901966
23750,0.3,0.4,0.3,0.05,0.0,0.95,2.124,1.19,2.1805,0.9030532976168206,1.5879267083946091
23751,0.3,0.4,0.3,0.05,0.05,0.9,2.124,1.19,2.1685000000000003,0.9037534191583312,1.5879267083946091
23752,0.3,0.4,0.3,0.05,0.1,0.85,2.124,1.19,2.1565000000000003,0.9044585617418248,1.586510965151366
23753,0.3,0.4,0.3,0.05,0.15,0.8,2.124,1.19,2.1445000000000003,0.905168779575582,1.589215255028156
23754,0.3,0.4,0.3,0.05,0.2,0.75,2.124,1.19,2.1325000000000003,0.9058841276510278,1.6366243818121315
23755,0.3,0.4,0.3,0.05,0.25,0.7,2.124,1.19,2.1205,0.9066046617569252,1.6925815879648511
23769,0.3,0.4,0.3,0.1,0.0,0.9,2.124,1.19,2.161,0.9041935414456448,1.5879267083946091
23770,0.3,0.4,0.3,0.1,0.05,0.85,2.124,1.19,2.149,0.9049018496586156,1.586510965151366
23771,0.3,0.4,0.3,0.1,0.1,0.8,2.124,1.19,2.1370000000000005,0.9056152673988216,1.6097323297877049
23772,0.3,0.4,0.3,0.1,0.15,0.75,2.124,1.19,2.125,0.906333850154341,1.664153675242554
23787,0.3,0.4,0.3,0.15,0.0,0.85,2.124,1.19,2.1415,0.9053471334687734,1.5881741944220955
23788,0.3,0.4,0.3,0.15,0.05,0.8,2.124,1.19,2.1295,0.9060637727901732,1.634487428096176
23789,0.3,0.4,0.3,0.15,0.1,0.75,2.124,1.19,2.1175,0.9067856122154924,1.6857524366894412
23804,0.3,0.4,0.3,0.2,0.0,0.8,2.124,1.19,2.1220000000000003,0.9065143094559422,1.6555045344041641
23943,0.3,0.45,0.25,0.0,0.15,0.85,2.1055,1.19,2.164,0.900116995311856,1.5977693422043857
23944,0.3,0.45,0.25,0.0,0.2,0.8,2.1055,1.19,2.152,0.9008100301920186,1.5910365828144837
23945,0.3,0.45,0.25,0.0,0.25,0.75,2.1055,1.19,2.14,0.9015080599181644,1.6185438641096397
23946,0.3,0.45,0.25,0.0,0.3,0.7,2.1055,1.19,2.128,0.9022111386839208,1.67581098820887
23962,0.3,0.45,0.25,0.05,0.1,0.85,2.1055,1.19,2.1565000000000003,0.900549559664445,1.5910365828144837
23963,0.3,0.45,0.25,0.05,0.15,0.8,2.1055,1.19,2.1445000000000003,0.901245710014343,1.5937408726912736
23964,0.3,0.45,0.25,0.05,0.2,0.75,2.1055,1.19,2.1325000000000003,0.9019468889897932,1.6411499994752492
23965,0.3,0.45,0.25,0.05,0.25,0.7,2.1055,1.19,2.1205,0.9026531512745356,1.695030033910797
23979,0.3,0.45,0.25,0.1,0.0,0.9,2.1055,1.19,2.161,0.9002897886996136,1.5910365828144837
23980,0.3,0.45,0.25,0.1,0.05,0.85,2.1055,1.19,2.149,0.9009840672531196,1.5910365828144837
23981,0.3,0.45,0.25,0.1,0.1,0.8,2.1055,1.19,2.1370000000000005,0.9016833541280216,1.6152990080568828
23982,0.3,0.45,0.25,0.1,0.15,0.75,2.1055,1.19,2.125,0.90238770371333,1.6674648484612273
23997,0.3,0.45,0.25,0.15,0.0,0.85,2.1055,1.19,2.1415,0.9014205312019412,1.5937408726912736
23998,0.3,0.45,0.25,0.15,0.05,0.8,2.1055,1.19,2.1295,0.9021229758472749,1.63883966192091
23999,0.3,0.45,0.25,0.15,0.1,0.75,2.1055,1.19,2.1175,0.9028305175966108,1.6871681799326848
24014,0.3,0.45,0.25,0.2,0.0,0.8,2.1055,1.19,2.1220000000000003,0.9025645886069232,1.6589940409561708
24990,0.35,0.0,0.65,0.0,0.0,1.0,2.229,1.19,2.2,0.9238277091077344,1.538398061819101
24991,0.35,0.0,0.65,0.0,0.05,0.95,2.229,1.19,2.188,0.924597588070154,1.5391646527281921
24992,0.35,0.0,0.65,0.0,0.1,0.9,2.229,1.19,2.176,0.9253729563656392,1.5391646527281921
24993,0.35,0.0,0.65,0.0,0.15,0.85,2.229,1.19,2.164,0.926153872913686,1.5391646527281921
24994,0.35,0.0,0.65,0.0,0.2,0.8,2.229,1.19,2.152,0.9269403974800312,1.5391646527281921
24995,0.35,0.0,0.65,0.0,0.25,0.75,2.229,1.19,2.14,0.9277325906918996,1.5806677113496135
24996,0.35,0.0,0.65,0.0,0.3,0.7,2.229,1.19,2.128,0.9285305140535824,1.6608437155705769
25010,0.35,0.0,0.65,0.05,0.0,0.95,2.229,1.19,2.1805,0.9250815462519154,1.5391646527281921
25011,0.35,0.0,0.65,0.05,0.05,0.9,2.229,1.19,2.1685000000000003,0.925860375247236,1.5391646527281921
25012,0.35,0.0,0.65,0.05,0.1,0.85,2.229,1.19,2.1565000000000003,0.9266447897485744,1.5391646527281921
25013,0.35,0.0,0.65,0.05,0.15,0.8,2.229,1.19,2.1445000000000003,0.9274348500582892,1.5452402092740427
25014,0.35,0.0,0.65,0.05,0.2,0.75,2.229,1.19,2.1325000000000003,0.9282306173499252,1.611229783640004
25015,0.35,0.0,0.65,0.05,0.25,0.7,2.229,1.19,2.1205,0.9290321536840016,1.683086780400435
25029,0.35,0.0,0.65,0.1,0.0,0.9,2.229,1.19,2.161,0.9263499759501472,1.5391646527281921
25030,0.35,0.0,0.65,0.1,0.05,0.85,2.229,1.19,2.149,0.9271379119600792,1.5391646527281921
25031,0.35,0.0,0.65,0.1,0.1,0.8,2.229,1.19,2.1370000000000005,0.9279315319087664,1.5735259482311
25032,0.35,0.0,0.65,0.1,0.15,0.75,2.229,1.19,2.125,0.9287308975222404,1.647756398192358
25047,0.35,0.0,0.65,0.15,0.0,0.85,2.229,1.19,2.1415,0.9276332544426852,1.5452402092740427
25048,0.35,0.0,0.65,0.15,0.05,0.8,2.229,1.19,2.1295,0.9284304581417582,1.6078857394563746
25049,0.35,0.0,0.65,0.15,0.1,0.75,2.229,1.19,2.1175,0.9292334465388749,1.67284396407607
25064,0.35,0.0,0.65,0.2,0.0,0.8,2.229,1.19,2.1220000000000003,0.9289316440044288,1.6310641376195665
25065,0.35,0.0,0.65,0.2,0.05,0.75,2.229,1.19,2.1100000000000003,0.9297382798692212,1.697983164341342
25080,0.35,0.0,0.65,0.25,0.0,0.75,2.229,1.19,2.1025,0.9302454131236236,1.697983164341342
25200,0.35,0.05,0.6,0.0,0.0,1.0,2.2105,1.19,2.2,0.9199688667915242,1.538398061819101
25201,0.35,0.05,0.6,0.0,0.05,0.95,2.2105,1.19,2.188,0.920725037610725,1.5391646527281921
25202,0.35,0.05,0.6,0.0,0.1,0.9,2.2105,1.19,2.176,0.9214866000222194,1.5391646527281921
25203,0.35,0.05,0.6,0.0,0.15,0.85,2.2105,1.19,2.164,0.9222536118964078,1.5391646527281921
25204,0.35,0.05,0.6,0.0,0.2,0.8,2.2105,1.19,2.152,0.9230261319348632,1.5391646527281921
25205,0.35,0.05,0.6,0.0,0.25,0.75,2.2105,1.19,2.14,0.9238042196853078,1.5806677113496135
25206,0.35,0.05,0.6,0.0,0.3,0.7,2.2105,1.19,2.128,0.9245879355569124,1.6608437155705769
25220,0.35,0.05,0.6,0.05,0.0,0.95,2.2105,1.19,2.1805,0.9212003786352558,1.5391646527281921
25221,0.35,0.05,0.6,0.05,0.05,0.9,2.2105,1.19,2.1685000000000003,0.9219653401268098,1.5391646527281921
25222,0.35,0.05,0.6,0.05,0.1,0.85,2.2105,1.19,2.1565000000000003,0.9227357876711946,1.5391646527281921
25223,0.35,0.05,0.6,0.05,0.15,0.8,2.2105,1.19,2.1445000000000003,0.9235117804970504,1.5452402092740427
25224,0.35,0.05,0.6,0.05,0.2,0.75,2.2105,1.19,2.1325000000000003,0.9242933786886908,1.611229783640004
25225,0.35,0.05,0.6,0.05,0.25,0.7,2.2105,1.19,2.1205,0.925080643201612,1.683086780400435
25239,0.35,0.05,0.6,0.1,0.0,0.9,2.2105,1.19,2.161,0.9224462232041156,1.5391646527281921
25240,0.35,0.05,0.6,0.1,0.05,0.85,2.2105,1.19,2.149,0.9232201295545832,1.5391646527281921
25241,0.35,0.05,0.6,0.1,0.1,0.8,2.2105,1.19,2.1370000000000005,0.9239996186379666,1.5735259482311
25242,0.35,0.05,0.6,0.1,0.15,0.75,2.2105,1.19,2.125,0.9247847510812296,1.647756398192358
25257,0.35,0.05,0.6,0.15,0.0,0.85,2.2105,1.19,2.1415,0.9237066521758532,1.5452402092740427
25258,0.35,0.05,0.6,0.15,0.05,0.8,2.2105,1.19,2.1295,0.92448966119886,1.6078857394563746
25259,0.35,0.05,0.6,0.15,0.1,0.75,2.2105,1.19,2.1175,0.925278351919993,1.67284396407607
25274,0.35,0.05,0.6,0.2,0.0,0.8,2.2105,1.19,2.1220000000000003,0.9249819231554096,1.6310641376195665
25275,0.35,0.05,0.6,0.2,0.05,0.75,2.2105,1.19,2.1100000000000003,0.9257741963989328,1.697983164341342
25290,0.35,0.05,0.6,0.25,0.0,0.75,2.2105,1.19,2.1025,0.9262722998504416,1.697983164341342
25410,0.35,0.1,0.55,0.0,0.0,1.0,2.192,1.19,2.2,0.9161100244753146,1.5541091551190334
25411,0.35,0.1,0.55,0.0,0.05,0.95,2.192,1.19,2.188,0.916852487151296,1.5548757460281244
25412,0.35,0.1,0.55,0.0,0.1,0.9,2.192,1.19,2.176,0.9176002436787996,1.5509719367589623
25413,0.35,0.1,0.55,0.0,0.15,0.85,2.192,1.19,2.164,0.9183533508791296,1.5408813544825783
25414,0.35,0.1,0.55,0.0,0.2,0.8,2.192,1.19,2.152,0.9191118663896956,1.5408813544825783
25415,0.35,0.1,0.55,0.0,0.25,0.75,2.192,1.19,2.14,0.919875848678716,1.5806677113496135
25416,0.35,0.1,0.55,0.0,0.3,0.7,2.192,1.19,2.128,0.9206453570602426,1.6608437155705769
25430,0.35,0.1,0.55,0.05,0.0,0.95,2.192,1.19,2.1805,0.9173192110185964,1.5548757460281244
25431,0.35,0.1,0.55,0.05,0.05,0.9,2.192,1.19,2.1685000000000003,0.9180703050063838,1.5509719367589623
25432,0.35,0.1,0.55,0.05,0.1,0.85,2.192,1.19,2.1565000000000003,0.918826785593815,1.5408813544825783
25433,0.35,0.1,0.55,0.05,0.15,0.8,2.192,1.19,2.1445000000000003,0.9195887109358116,1.5469569110284291
25434,0.35,0.1,0.55,0.05,0.2,0.75,2.192,1.19,2.1325000000000003,0.9203561400274566,1.611229783640004
25435,0.35,0.1,0.55,0.05,0.25,0.7,2.192,1.19,2.1205,0.9211291327192224,1.683086780400435
25449,0.35,0.1,0.55,0.1,0.0,0.9,2.192,1.19,2.161,0.9185424704580843,1.5408813544825783
25450,0.35,0.1,0.55,0.1,0.05,0.85,2.192,1.19,2.149,0.9193023471490874,1.5408813544825783
25451,0.35,0.1,0.55,0.1,0.1,0.8,2.192,1.19,2.1370000000000005,0.9200677053671668,1.5735259482311
25452,0.35,0.1,0.55,0.1,0.15,0.75,2.192,1.19,2.125,0.9208386046402188,1.647756398192358
25467,0.35,0.1,0.55,0.15,0.0,0.85,2.192,1.19,2.1415,0.9197800499090212,1.5452402092740427
25468,0.35,0.1,0.55,0.15,0.05,0.8,2.192,1.19,2.1295,0.9205488642559618,1.6078857394563746
25469,0.35,0.1,0.55,0.15,0.1,0.75,2.192,1.19,2.1175,0.9213232573011116,1.67284396407607
25484,0.35,0.1,0.55,0.2,0.0,0.8,2.192,1.19,2.1220000000000003,0.9210322023063904,1.6310641376195665
25485,0.35,0.1,0.55,0.2,0.05,0.75,2.192,1.19,2.1100000000000003,0.9218101129286448,1.697983164341342
25500,0.35,0.1,0.55,0.25,0.0,0.75,2.192,1.19,2.1025,0.9222991865772598,1.697983164341342
25620,0.35,0.15,0.5,0.0,0.0,1.0,2.1735,1.19,2.2,0.9122511821591048,1.5835798691917702
25621,0.35,0.15,0.5,0.0,0.05,0.95,2.1735,1.19,2.188,0.9129799366918672,1.5843464601008612
25622,0.35,0.15,0.5,0.0,0.1,0.9,2.1735,1.19,2.176,0.9137138873353796,1.5835350407460222
25623,0.35,0.15,0.5,0.0,0.15,0.85,2.1735,1.19,2.164,0.9144530898618516,1.5548757460281244
25624,0.35,0.15,0.5,0.0,0.2,0.8,2.1735,1.19,2.152,0.9151976008445276,1.5548757460281244
25625,0.35,0.15,0.5,0.0,0.25,0.75,2.1735,1.19,2.14,0.9159474776721238,1.5927964632872043
25626,0.35,0.15,0.5,0.0,0.3,0.7,2.1735,1.19,2.128,0.9167027785635726,1.6633501852675467
25640,0.35,0.15,0.5,0.05,0.0,0.95,2.1735,1.19,2.1805,0.9134380434019368,1.5835350407460222
25641,0.35,0.15,0.5,0.05,0.05,0.9,2.1735,1.19,2.1685000000000003,0.9141752698859578,1.5835350407460222
25642,0.35,0.15,0.5,0.05,0.1,0.85,2.1735,1.19,2.1565000000000003,0.9149177835164352,1.5548757460281244
25643,0.35,0.15,0.5,0.05,0.15,0.8,2.1735,1.19,2.1445000000000003,0.9156656413745724,1.5597127311454038
25644,0.35,0.15,0.5,0.05,0.2,0.75,2.1735,1.19,2.1325000000000003,0.9164189013662224,1.621137028869648
25645,0.35,0.15,0.5,0.05,0.25,0.7,2.1735,1.19,2.1205,0.9171776222368327,1.685593250097405
25659,0.35,0.15,0.5,0.1,0.0,0.9,2.1735,1.19,2.161,0.9146387177120532,1.5548757460281244
25660,0.35,0.15,0.5,0.1,0.05,0.85,2.1735,1.19,2.149,0.9153845647435912,1.5548757460281244
25661,0.35,0.15,0.5,0.1,0.1,0.8,2.1735,1.19,2.1370000000000005,0.916135792096367,1.5857769633945142
25662,0.35,0.15,0.5,0.1,0.15,0.75,2.1735,1.19,2.125,0.916892458199208,1.6547176669910257
25677,0.35,0.15,0.5,0.15,0.0,0.85,2.1735,1.19,2.1415,0.9158534476421888,1.5597127311454038
25678,0.35,0.15,0.5,0.15,0.05,0.8,2.1735,1.19,2.1295,0.9166080673130632,1.6171907781888126
25679,0.35,0.15,0.5,0.15,0.1,0.75,2.1735,1.19,2.1175,0.91736816268223,1.6787275662080712
25694,0.35,0.15,0.5,0.2,0.0,0.8,2.1735,1.19,2.1220000000000003,0.9170824814573716,1.6403691763520043
25710,0.35,0.15,0.5,0.25,0.0,0.75,2.1735,1.19,2.1025,0.918326073304078,1.6987560064466054
25830,0.35,0.2,0.45,0.0,0.0,1.0,2.155,1.19,2.2,0.9083923398428952,1.5847033136362145
25831,0.35,0.2,0.45,0.0,0.05,0.95,2.155,1.19,2.188,0.909107386232438,1.5843464601008612
25832,0.35,0.2,0.45,0.0,0.1,0.9,2.155,1.19,2.176,0.9098275309919598,1.5843464601008612
25833,0.35,0.2,0.45,0.0,0.15,0.85,2.155,1.19,2.164,0.9105528288445732,1.5843464601008612
25834,0.35,0.2,0.45,0.0,0.2,0.8,2.155,1.19,2.152,0.9112833352993598,1.5843464601008612
25835,0.35,0.2,0.45,0.0,0.25,0.75,2.155,1.19,2.14,0.912019106665532,1.6128948020020781
25836,0.35,0.2,0.45,0.0,0.3,0.7,2.155,1.19,2.128,0.9127602000669024,1.6724998149901966
25850,0.35,0.2,0.45,0.05,0.0,0.95,2.155,1.19,2.1805,0.9095568757852772,1.5843464601008612
25851,0.35,0.2,0.45,0.05,0.05,0.9,2.155,1.19,2.1685000000000003,0.9102802347655315,1.5843464601008612
25852,0.35,0.2,0.45,0.05,0.1,0.85,2.155,1.19,2.1565000000000003,0.9110087814390556,1.5843464601008612
25853,0.35,0.2,0.45,0.05,0.15,0.8,2.155,1.19,2.1445000000000003,0.9117425718133336,1.5870507499776512
25854,0.35,0.2,0.45,0.05,0.2,0.75,2.155,1.19,2.1325000000000003,0.9124816627049877,1.6355009373676872
25855,0.35,0.2,0.45,0.05,0.25,0.7,2.155,1.19,2.1205,0.9132261117544428,1.6925815879648511
25869,0.35,0.2,0.45,0.1,0.0,0.9,2.155,1.19,2.161,0.9107349649660218,1.5843464601008612
25870,0.35,0.2,0.45,0.1,0.05,0.85,2.155,1.19,2.149,0.9114667823380954,1.5843464601008612
25871,0.35,0.2,0.45,0.1,0.1,0.8,2.155,1.19,2.1370000000000005,0.912203878825567,1.6086088853432605
25872,0.35,0.2,0.45,0.1,0.15,0.75,2.155,1.19,2.125,0.9129463117581968,1.664153675242554
25887,0.35,0.2,0.45,0.15,0.0,0.85,2.155,1.19,2.1415,0.9119268453753568,1.5870507499776512
25888,0.35,0.2,0.45,0.15,0.05,0.8,2.155,1.19,2.1295,0.9126672703701648,1.634487428096176
25889,0.35,0.2,0.45,0.15,0.1,0.75,2.155,1.19,2.1175,0.913413068063348,1.6857524366894412
25904,0.35,0.2,0.45,0.2,0.0,0.8,2.155,1.19,2.1220000000000003,0.9131327606083524,1.6555045344041641
26040,0.35,0.25,0.4,0.0,0.0,1.0,2.1365,1.19,2.2,0.9045334975266852,1.5857443742422752
26041,0.35,0.25,0.4,0.0,0.05,0.95,2.1365,1.19,2.188,0.9052348357730092,1.586510965151366
26042,0.35,0.25,0.4,0.0,0.1,0.9,2.1365,1.19,2.176,0.90594117464854,1.5854699045453053
26043,0.35,0.25,0.4,0.0,0.15,0.85,2.1365,1.19,2.164,0.9066525678272948,1.5854699045453053
26044,0.35,0.25,0.4,0.0,0.2,0.8,2.1365,1.19,2.152,0.9073690697541916,1.5854699045453053
26045,0.35,0.25,0.4,0.0,0.25,0.75,2.1365,1.19,2.14,0.9080907356589402,1.6140182464465225
26046,0.35,0.25,0.4,0.0,0.3,0.7,2.1365,1.19,2.128,0.9088176215702326,1.6724998149901966
26060,0.35,0.25,0.4,0.05,0.0,0.95,2.1365,1.19,2.1805,0.9056757081686176,1.5854699045453053
26061,0.35,0.25,0.4,0.05,0.05,0.9,2.1365,1.19,2.1685000000000003,0.9063851996451054,1.5854699045453053
26062,0.35,0.25,0.4,0.05,0.1,0.85,2.1365,1.19,2.1565000000000003,0.907099779361676,1.5854699045453053
26063,0.35,0.25,0.4,0.05,0.15,0.8,2.1365,1.19,2.1445000000000003,0.9078195022520948,1.5881741944220955
26064,0.35,0.25,0.4,0.05,0.2,0.75,2.1365,1.19,2.1325000000000003,0.9085444240437536,1.6355009373676872
26065,0.35,0.25,0.4,0.05,0.25,0.7,2.1365,1.19,2.1205,0.9092746012720532,1.6925815879648511
26079,0.35,0.25,0.4,0.1,0.0,0.9,2.1365,1.19,2.161,0.9068312122199904,1.5854699045453053
26080,0.35,0.25,0.4,0.1,0.05,0.85,2.1365,1.19,2.149,0.9075489999325992,1.5854699045453053
26081,0.35,0.25,0.4,0.1,0.1,0.8,2.1365,1.19,2.1370000000000005,0.9082719655547672,1.6097323297877049
26082,0.35,0.25,0.4,0.1,0.15,0.75,2.1365,1.19,2.125,0.909000165317186,1.664153675242554
26097,0.35,0.25,0.4,0.15,0.0,0.85,2.1365,1.19,2.1415,0.9080002431085248,1.5881741944220955
26098,0.35,0.25,0.4,0.15,0.05,0.8,2.1365,1.19,2.1295,0.9087264734272664,1.634487428096176
26099,0.35,0.25,0.4,0.15,0.1,0.75,2.1365,1.19,2.1175,0.9094579734444664,1.6857524366894412
26114,0.35,0.25,0.4,0.2,0.0,0.8,2.1365,1.19,2.1220000000000003,0.9091830397593332,1.6555045344041641
26250,0.35,0.3,0.35,0.0,0.0,1.0,2.118,1.19,2.2,0.9006746552104754,1.5902699919053926
26251,0.35,0.3,0.35,0.0,0.05,0.95,2.118,1.19,2.188,0.90136228531358,1.5910365828144837
26252,0.35,0.3,0.35,0.0,0.1,0.9,2.118,1.19,2.176,0.9020548183051204,1.5910365828144837
26253,0.35,0.3,0.35,0.0,0.15,0.85,2.118,1.19,2.164,0.9027523068100168,1.5910365828144837
26254,0.35,0.3,0.35,0.0,0.2,0.8,2.118,1.19,2.152,0.9034548042090236,1.5879267083946091
26255,0.35,0.3,0.35,0.0,0.25,0.75,2.118,1.19,2.14,0.904162364652348,1.6154339896897656
26256,0.35,0.3,0.35,0.0,0.3,0.7,2.118,1.19,2.128,0.9048750430735628,1.6724998149901966
26270,0.35,0.3,0.35,0.05,0.0,0.95,2.118,1.19,2.1805,0.901794540551958,1.5910365828144837
26271,0.35,0.3,0.35,0.05,0.05,0.9,2.118,1.19,2.1685000000000003,0.9024901645246792,1.5910365828144837
26272,0.35,0.3,0.35,0.05,0.1,0.85,2.118,1.19,2.1565000000000003,0.903190777284296,1.5879267083946091
26273,0.35,0.3,0.35,0.05,0.15,0.8,2.118,1.19,2.1445000000000003,0.9038964326908556,1.5906309982713993
26274,0.35,0.3,0.35,0.05,0.2,0.75,2.118,1.19,2.1325000000000003,0.9046071853825192,1.6366243818121315
26275,0.35,0.3,0.35,0.05,0.25,0.7,2.118,1.19,2.1205,0.9053230907896638,1.6925815879648511
26289,0.35,0.3,0.35,0.1,0.0,0.9,2.118,1.19,2.161,0.902927459473959,1.5879267083946091
26290,0.35,0.3,0.35,0.1,0.05,0.85,2.118,1.19,2.149,0.9036312175271032,1.5879267083946091
26291,0.35,0.3,0.35,0.1,0.1,0.8,2.118,1.19,2.1370000000000005,0.9043400522839674,1.6107733903937653
26292,0.35,0.3,0.35,0.1,0.15,0.75,2.118,1.19,2.125,0.9050540188761752,1.664153675242554
26307,0.35,0.3,0.35,0.15,0.0,0.85,2.118,1.19,2.1415,0.9040736408416926,1.5906309982713993
26308,0.35,0.3,0.35,0.15,0.05,0.8,2.118,1.19,2.1295,0.9047856764843684,1.635528488702237
26309,0.35,0.3,0.35,0.15,0.1,0.75,2.118,1.19,2.1175,0.9055028788255848,1.6857524366894412
26324,0.35,0.3,0.35,0.2,0.0,0.8,2.118,1.19,2.1220000000000003,0.9052333189103144,1.6565455950102248
26465,0.35,0.35,0.3,0.0,0.25,0.75,2.0995,1.19,2.14,0.9002339936457561,1.6226721579950762
26466,0.35,0.35,0.3,0.0,0.3,0.7,2.0995,1.19,2.128,0.9009324645768924,1.67581098820887
26484,0.35,0.35,0.3,0.05,0.2,0.75,2.0995,1.19,2.1325000000000003,0.9006699467212848,1.6411499994752492
26485,0.35,0.35,0.3,0.05,0.25,0.7,2.0995,1.19,2.1205,0.901371580307274,1.695030033910797
26501,0.35,0.35,0.3,0.1,0.1,0.8,2.0995,1.19,2.1370000000000005,0.9004081390131675,1.6152990080568828
26502,0.35,0.35,0.3,0.1,0.15,0.75,2.0995,1.19,2.125,0.9011078724351644,1.6674648484612273
26517,0.35,0.35,0.3,0.15,0.0,0.85,2.0995,1.19,2.1415,0.9001470385748603,1.6004736320811757
26518,0.35,0.35,0.3,0.15,0.05,0.8,2.0995,1.19,2.1295,0.90084487954147,1.63883966192091
26519,0.35,0.35,0.3,0.15,0.1,0.75,2.0995,1.19,2.1175,0.9015477842067032,1.6882008826353874
26534,0.35,0.35,0.3,0.2,0.0,0.8,2.0995,1.19,2.1220000000000003,0.9012835980612954,1.6589940409561708
27720,0.4,0.0,0.6,0.0,0.0,1.0,2.186,1.19,2.2,0.9148585080484356,1.5541091551190334
27721,0.4,0.0,0.6,0.0,0.05,0.95,2.186,1.19,2.188,0.91559652484013,1.5548757460281244
27722,0.4,0.0,0.6,0.0,0.1,0.9,2.186,1.19,2.176,0.9163398037836364,1.5548757460281244
27723,0.4,0.0,0.6,0.0,0.15,0.85,2.186,1.19,2.164,0.9170884013600124,1.5548757460281244
27724,0.4,0.0,0.6,0.0,0.2,0.8,2.186,1.19,2.152,0.9178423748615328,1.5509719367589623
27725,0.4,0.0,0.6,0.0,0.25,0.75,2.186,1.19,2.14,0.9186017824063076,1.5823844131039997
27726,0.4,0.0,0.6,0.0,0.3,0.7,2.186,1.19,2.128,0.9193666829532144,1.6608437155705769
27740,0.4,0.0,0.6,0.05,0.0,0.95,2.186,1.19,2.1805,0.9160604539537338,1.5548757460281244
27741,0.4,0.0,0.6,0.05,0.05,0.9,2.186,1.19,2.1685000000000003,0.916807050372732,1.5548757460281244
27742,0.4,0.0,0.6,0.05,0.1,0.85,2.186,1.19,2.1565000000000003,0.9175590011362864,1.5548757460281244
27743,0.4,0.0,0.6,0.05,0.15,0.8,2.186,1.19,2.1445000000000003,0.9183163640510852,1.5469569110284291
27744,0.4,0.0,0.6,0.05,0.2,0.75,2.186,1.19,2.1325000000000003,0.919079197758948,1.612002625745267
27745,0.4,0.0,0.6,0.05,0.25,0.7,2.186,1.19,2.1205,0.9198475617519608,1.683086780400435
27759,0.4,0.0,0.6,0.1,0.0,0.9,2.186,1.19,2.161,0.9172763884863986,1.5548757460281244
27760,0.4,0.0,0.6,0.1,0.05,0.85,2.186,1.19,2.149,0.9180317150175752,1.5509719367589623
27761,0.4,0.0,0.6,0.1,0.1,0.8,2.186,1.19,2.1370000000000005,0.9187924902523128,1.574298790336363
27762,0.4,0.0,0.6,0.1,0.15,0.75,2.186,1.19,2.125,0.9195587733620532,1.648529240297621
27777,0.4,0.0,0.6,0.15,0.0,0.85,2.186,1.19,2.1415,0.9185065572819404,1.5469569110284291
27778,0.4,0.0,0.6,0.15,0.05,0.8,2.186,1.19,2.1295,0.9192707679501568,1.6086585815616379
27779,0.4,0.0,0.6,0.15,0.1,0.75,2.186,1.19,2.1175,0.920040523911204,1.67284396407607
27794,0.4,0.0,0.6,0.2,0.0,0.8,2.186,1.19,2.1220000000000003,0.9197512117607628,1.6310641376195665
27795,0.4,0.0,0.6,0.2,0.05,0.75,2.186,1.19,2.1100000000000003,0.9205244642355782,1.697983164341342
27810,0.4,0.0,0.6,0.25,0.0,0.75,2.186,1.19,2.1025,0.9210106092994712,1.697983164341342
27930,0.4,0.05,0.55,0.0,0.0,1.0,2.1675,1.19,2.2,0.910999665732226,1.5835798691917702
27931,0.4,0.05,0.55,0.0,0.05,0.95,2.1675,1.19,2.188,0.9117239743807009,1.5843464601008612
27932,0.4,0.05,0.55,0.0,0.1,0.9,2.1675,1.19,2.176,0.9124534474402168,1.5843464601008612
27933,0.4,0.05,0.55,0.0,0.15,0.85,2.1675,1.19,2.164,0.9131881403427342,1.5843464601008612
27934,0.4,0.05,0.55,0.0,0.2,0.8,2.1675,1.19,2.152,0.9139281093163648,1.5835350407460222
27935,0.4,0.05,0.55,0.0,0.25,0.75,2.1675,1.19,2.14,0.9146734113997156,1.5927964632872043
27936,0.4,0.05,0.55,0.0,0.3,0.7,2.1675,1.19,2.128,0.9154241044565444,1.6633501852675467
27950,0.4,0.05,0.55,0.05,0.0,0.95,2.1675,1.19,2.1805,0.912179286337074,1.5843464601008612
27951,0.4,0.05,0.55,0.05,0.05,0.9,2.1675,1.19,2.1685000000000003,0.912912015252306,1.5843464601008612
27952,0.4,0.05,0.55,0.05,0.1,0.85,2.1675,1.19,2.1565000000000003,0.9136499990589064,1.5835350407460222
27953,0.4,0.05,0.55,0.05,0.15,0.8,2.1675,1.19,2.1445000000000003,0.9143932944898464,1.5597127311454038
27954,0.4,0.05,0.55,0.05,0.2,0.75,2.1675,1.19,2.1325000000000003,0.915141959097714,1.621137028869648
27955,0.4,0.05,0.55,0.05,0.25,0.7,2.1675,1.19,2.1205,0.9158960512695712,1.685593250097405
27969,0.4,0.05,0.55,0.1,0.0,0.9,2.1675,1.19,2.161,0.9133726357403672,1.5835350407460222
27970,0.4,0.05,0.55,0.1,0.05,0.85,2.1675,1.19,2.149,0.914113932612079,1.5835350407460222
27971,0.4,0.05,0.55,0.1,0.1,0.8,2.1675,1.19,2.1370000000000005,0.914860576981513,1.5857769633945142
27972,0.4,0.05,0.55,0.1,0.15,0.75,2.1675,1.19,2.125,0.9156126269210424,1.6547176669910257
27987,0.4,0.05,0.55,0.15,0.0,0.85,2.1675,1.19,2.1415,0.9145799550151082,1.5597127311454038
27988,0.4,0.05,0.55,0.15,0.05,0.8,2.1675,1.19,2.1295,0.9153299710072588,1.6171907781888126
27989,0.4,0.05,0.55,0.15,0.1,0.75,2.1675,1.19,2.1175,0.9160854292923224,1.6787275662080712
28004,0.4,0.05,0.55,0.2,0.0,0.8,2.1675,1.19,2.1220000000000003,0.9158014909117436,1.6403691763520043
28140,0.4,0.1,0.5,0.0,0.0,1.0,2.149,1.19,2.2,0.9071408234160162,1.5847033136362145
28141,0.4,0.1,0.5,0.0,0.05,0.95,2.149,1.19,2.188,0.907851423921272,1.5854699045453053
28142,0.4,0.1,0.5,0.0,0.1,0.9,2.149,1.19,2.176,0.9085670910967968,1.5843464601008612
28143,0.4,0.1,0.5,0.0,0.15,0.85,2.149,1.19,2.164,0.909287879325456,1.5843464601008612
28144,0.4,0.1,0.5,0.0,0.2,0.8,2.149,1.19,2.152,0.9100138437711972,1.5843464601008612
28145,0.4,0.1,0.5,0.0,0.25,0.75,2.149,1.19,2.14,0.9107450403931238,1.6128948020020781
28146,0.4,0.1,0.5,0.0,0.3,0.7,2.149,1.19,2.128,0.9114815259598744,1.6724998149901966
28160,0.4,0.1,0.5,0.05,0.0,0.95,2.149,1.19,2.1805,0.9082981187204144,1.5854699045453053
28161,0.4,0.1,0.5,0.05,0.05,0.9,2.149,1.19,2.1685000000000003,0.90901698013188,1.5843464601008612
28162,0.4,0.1,0.5,0.05,0.1,0.85,2.149,1.19,2.1565000000000003,0.909740996981527,1.5843464601008612
28163,0.4,0.1,0.5,0.05,0.15,0.8,2.149,1.19,2.1445000000000003,0.9104702249286072,1.5870507499776512
28164,0.4,0.1,0.5,0.05,0.2,0.75,2.149,1.19,2.1325000000000003,0.9112047204364796,1.6355009373676872
28165,0.4,0.1,0.5,0.05,0.25,0.7,2.149,1.19,2.1205,0.9119445407871816,1.6925815879648511
28179,0.4,0.1,0.5,0.1,0.0,0.9,2.149,1.19,2.161,0.909468882994336,1.5843464601008612
28180,0.4,0.1,0.5,0.1,0.05,0.85,2.149,1.19,2.149,0.9101961502065832,1.5843464601008612
28181,0.4,0.1,0.5,0.1,0.1,0.8,2.149,1.19,2.1370000000000005,0.9109286637107132,1.6086088853432605
28182,0.4,0.1,0.5,0.1,0.15,0.75,2.149,1.19,2.125,0.9116664804800314,1.664153675242554
28197,0.4,0.1,0.5,0.15,0.0,0.85,2.149,1.19,2.1415,0.910653352748276,1.5870507499776512
28198,0.4,0.1,0.5,0.15,0.05,0.8,2.149,1.19,2.1295,0.91138917406436,1.634487428096176
28199,0.4,0.1,0.5,0.15,0.1,0.75,2.149,1.19,2.1175,0.9121303346734408,1.6857524366894412
28214,0.4,0.1,0.5,0.2,0.0,0.8,2.149,1.19,2.1220000000000003,0.9118517700627248,1.6555045344041641
28350,0.4,0.15,0.45,0.0,0.0,1.0,2.1305,1.19,2.2,0.9032819810998064,1.5871601174855183
28351,0.4,0.15,0.45,0.0,0.05,0.95,2.1305,1.19,2.188,0.9039788734618428,1.5879267083946091
28352,0.4,0.15,0.45,0.0,0.1,0.9,2.1305,1.19,2.176,0.9046807347533768,1.586510965151366
28353,0.4,0.15,0.45,0.0,0.15,0.85,2.1305,1.19,2.164,0.9053876183081776,1.5854699045453053
28354,0.4,0.15,0.45,0.0,0.2,0.8,2.1305,1.19,2.152,0.906099578226029,1.5854699045453053
28355,0.4,0.15,0.45,0.0,0.25,0.75,2.1305,1.19,2.14,0.906816669386532,1.6140182464465225
28356,0.4,0.15,0.45,0.0,0.3,0.7,2.1305,1.19,2.128,0.9075389474632044,1.6724998149901966
28370,0.4,0.15,0.45,0.05,0.0,0.95,2.1305,1.19,2.1805,0.9044169511037552,1.586510965151366
28371,0.4,0.15,0.45,0.05,0.05,0.9,2.1305,1.19,2.1685000000000003,0.9051219450114536,1.586510965151366
28372,0.4,0.15,0.45,0.05,0.1,0.85,2.1305,1.19,2.1565000000000003,0.9058319949041472,1.5854699045453053
28373,0.4,0.15,0.45,0.05,0.15,0.8,2.1305,1.19,2.1445000000000003,0.9065471553673686,1.5881741944220955
28374,0.4,0.15,0.45,0.05,0.2,0.75,2.1305,1.19,2.1325000000000003,0.907267481775245,1.6366243818121315
28375,0.4,0.15,0.45,0.05,0.25,0.7,2.1305,1.19,2.1205,0.9079930303047916,1.6925815879648511
28389,0.4,0.15,0.45,0.1,0.0,0.9,2.1305,1.19,2.161,0.9055651302483044,1.5854699045453053
28390,0.4,0.15,0.45,0.1,0.05,0.85,2.1305,1.19,2.149,0.9062783678010872,1.5854699045453053
28391,0.4,0.15,0.45,0.1,0.1,0.8,2.1305,1.19,2.1370000000000005,0.9069967504399132,1.6097323297877049
28392,0.4,0.15,0.45,0.1,0.15,0.75,2.1305,1.19,2.125,0.9077203340390204,1.664153675242554
28407,0.4,0.15,0.45,0.15,0.0,0.85,2.1305,1.19,2.1415,0.906726750481444,1.5881741944220955
28408,0.4,0.15,0.45,0.15,0.05,0.8,2.1305,1.19,2.1295,0.9074483771214616,1.634487428096176
28409,0.4,0.15,0.45,0.15,0.1,0.75,2.1305,1.19,2.1175,0.9081752400545589,1.6857524366894412
28424,0.4,0.15,0.45,0.2,0.0,0.8,2.1305,1.19,2.1220000000000003,0.9079020492137057,1.6555045344041641
28561,0.4,0.2,0.4,0.0,0.05,0.95,2.112,1.19,2.188,0.900106323002414,1.5977693422043857
28562,0.4,0.2,0.4,0.0,0.1,0.9,2.112,1.19,2.176,0.9007943784099572,1.5910365828144837
28563,0.4,0.2,0.4,0.0,0.15,0.85,2.112,1.19,2.164,0.9014873572908996,1.5910365828144837
28564,0.4,0.2,0.4,0.0,0.2,0.8,2.112,1.19,2.152,0.9021853126808612,1.5910365828144837
28565,0.4,0.2,0.4,0.0,0.25,0.75,2.112,1.19,2.14,0.90288829837994,1.6154339896897656
28566,0.4,0.2,0.4,0.0,0.3,0.7,2.112,1.19,2.128,0.9035963689665344,1.67391555823344
28580,0.4,0.2,0.4,0.05,0.0,0.95,2.112,1.19,2.1805,0.9005357834870955,1.5910365828144837
28581,0.4,0.2,0.4,0.05,0.05,0.9,2.112,1.19,2.1685000000000003,0.9012269098910276,1.5910365828144837
28582,0.4,0.2,0.4,0.05,0.1,0.85,2.112,1.19,2.1565000000000003,0.9019229928267676,1.5910365828144837
28583,0.4,0.2,0.4,0.05,0.15,0.8,2.112,1.19,2.1445000000000003,0.9026240858061298,1.5937408726912736
28584,0.4,0.2,0.4,0.05,0.2,0.75,2.112,1.19,2.1325000000000003,0.9033302431140108,1.6380401250553749
28585,0.4,0.2,0.4,0.05,0.25,0.7,2.112,1.19,2.1205,0.9040415198224022,1.6939973312080945
28599,0.4,0.2,0.4,0.1,0.0,0.9,2.112,1.19,2.161,0.9016613775022732,1.5910365828144837
28600,0.4,0.2,0.4,0.1,0.05,0.85,2.112,1.19,2.149,0.9023605853955912,1.5910365828144837
28601,0.4,0.2,0.4,0.1,0.1,0.8,2.112,1.19,2.1370000000000005,0.9030648371691132,1.6121891336370087
28602,0.4,0.2,0.4,0.1,0.15,0.75,2.112,1.19,2.125,0.9037741875980096,1.6655694184857976
28617,0.4,0.2,0.4,0.15,0.0,0.85,2.112,1.19,2.1415,0.902800148214612,1.5906309982713993
28618,0.4,0.2,0.4,0.15,0.05,0.8,2.112,1.19,2.1295,0.9035075801785634,1.6369442319454803
28619,0.4,0.2,0.4,0.15,0.1,0.75,2.112,1.19,2.1175,0.9042201454356772,1.6871681799326848
28634,0.4,0.2,0.4,0.2,0.0,0.8,2.112,1.19,2.1220000000000003,0.9039523283646864,1.657961338253468
28795,0.4,0.25,0.35,0.05,0.25,0.7,2.0935,1.19,2.1205,0.9000900093400126,1.697684189865199
28829,0.4,0.25,0.35,0.15,0.1,0.75,2.0935,1.19,2.1175,0.9002650508167956,1.6882008826353874
28844,0.4,0.25,0.35,0.2,0.0,0.8,2.0935,1.19,2.1220000000000003,0.9000026075156676,1.6642526624150384
30240,0.45,0.0,0.55,0.0,0.0,1.0,2.143,1.19,2.2,0.9058893069891372,1.5847033136362145
30241,0.45,0.0,0.55,0.0,0.05,0.95,2.143,1.19,2.188,0.9065954616101056,1.5854699045453053
30242,0.45,0.0,0.55,0.0,0.1,0.9,2.143,1.19,2.176,0.9073066512016336,1.5854699045453053
30243,0.45,0.0,0.55,0.0,0.15,0.85,2.143,1.19,2.164,0.9080229298063388,1.5854699045453053
30244,0.45,0.0,0.55,0.0,0.2,0.8,2.143,1.19,2.152,0.9087443522430344,1.5843464601008612
30245,0.45,0.0,0.55,0.0,0.25,0.75,2.143,1.19,2.14,0.9094709741207154,1.6128948020020781
30246,0.45,0.0,0.55,0.0,0.3,0.7,2.143,1.19,2.128,0.9102028518528464,1.6724998149901966
30260,0.45,0.0,0.55,0.05,0.0,0.95,2.143,1.19,2.1805,0.907039361655552,1.5854699045453053
30261,0.45,0.0,0.55,0.05,0.05,0.9,2.143,1.19,2.1685000000000003,0.9077537254982284,1.5854699045453053
30262,0.45,0.0,0.55,0.05,0.1,0.85,2.143,1.19,2.1565000000000003,0.9084732125239984,1.5843464601008612
30263,0.45,0.0,0.55,0.05,0.15,0.8,2.143,1.19,2.1445000000000003,0.9091978780438812,1.5870507499776512
30264,0.45,0.0,0.55,0.05,0.2,0.75,2.143,1.19,2.1325000000000003,0.909927778167971,1.6355009373676872
30265,0.45,0.0,0.55,0.05,0.25,0.7,2.143,1.19,2.1205,0.91066296981992,1.6925815879648511
30279,0.45,0.0,0.55,0.1,0.0,0.9,2.143,1.19,2.161,0.90820280102265,1.5854699045453053
30280,0.45,0.0,0.55,0.1,0.05,0.85,2.143,1.19,2.149,0.9089255180750708,1.5843464601008612
30281,0.45,0.0,0.55,0.1,0.1,0.8,2.143,1.19,2.1370000000000005,0.9096534485958592,1.6086088853432605
30282,0.45,0.0,0.55,0.1,0.15,0.75,2.143,1.19,2.125,0.9103866492018656,1.664153675242554
30297,0.45,0.0,0.55,0.15,0.0,0.85,2.143,1.19,2.1415,0.9093798601211952,1.5870507499776512
30298,0.45,0.0,0.55,0.15,0.05,0.8,2.143,1.19,2.1295,0.9101110777585552,1.634487428096176
30299,0.45,0.0,0.55,0.15,0.1,0.75,2.143,1.19,2.1175,0.9108476012835331,1.6857524366894412
30314,0.45,0.0,0.55,0.2,0.0,0.8,2.143,1.19,2.1220000000000003,0.9105707795170968,1.6555045344041641
30450,0.45,0.05,0.5,0.0,0.0,1.0,2.1245,1.19,2.2,0.9020304646729276,1.5902699919053926
30451,0.45,0.05,0.5,0.0,0.05,0.95,2.1245,1.19,2.188,0.9027229111506768,1.5910365828144837
30452,0.45,0.05,0.5,0.0,0.1,0.9,2.1245,1.19,2.176,0.9034202948582136,1.5879267083946091
30453,0.45,0.05,0.5,0.0,0.15,0.85,2.1245,1.19,2.164,0.9041226687890604,1.5879267083946091
30454,0.45,0.05,0.5,0.0,0.2,0.8,2.1245,1.19,2.152,0.9048300866978668,1.586510965151366
30455,0.45,0.05,0.5,0.0,0.25,0.75,2.1245,1.19,2.14,0.9055426031141236,1.6140182464465225
30456,0.45,0.05,0.5,0.0,0.3,0.7,2.1245,1.19,2.128,0.9062602733561764,1.6724998149901966
30470,0.45,0.05,0.5,0.05,0.0,0.95,2.1245,1.19,2.1805,0.9031581940388924,1.5879267083946091
30471,0.45,0.05,0.5,0.05,0.05,0.9,2.1245,1.19,2.1685000000000003,0.903858690377802,1.5879267083946091
30472,0.45,0.05,0.5,0.05,0.1,0.85,2.1245,1.19,2.1565000000000003,0.9045642104466188,1.586510965151366
30473,0.45,0.05,0.5,0.05,0.15,0.8,2.1245,1.19,2.1445000000000003,0.9052748084826424,1.589215255028156
30474,0.45,0.05,0.5,0.05,0.2,0.75,2.1245,1.19,2.1325000000000003,0.9059905395067364,1.6366243818121315
30475,0.45,0.05,0.5,0.05,0.25,0.7,2.1245,1.19,2.1205,0.9067114593375302,1.6925815879648511
30489,0.45,0.05,0.5,0.1,0.0,0.9,2.1245,1.19,2.161,0.9042990482766188,1.5879267083946091
30490,0.45,0.05,0.5,0.1,0.05,0.85,2.1245,1.19,2.149,0.9050077356695748,1.586510965151366
30491,0.45,0.05,0.5,0.1,0.1,0.8,2.1245,1.19,2.1370000000000005,0.9057215353250592,1.6097323297877049
30492,0.45,0.05,0.5,0.1,0.15,0.75,2.1245,1.19,2.125,0.9064405027608546,1.664153675242554
30507,0.45,0.05,0.5,0.15,0.0,0.85,2.1245,1.19,2.1415,0.9054532578543634,1.5881741944220955
30508,0.45,0.05,0.5,0.15,0.05,0.8,2.1245,1.19,2.1295,0.9061702808156568,1.634487428096176
30509,0.45,0.05,0.5,0.15,0.1,0.75,2.1245,1.19,2.1175,0.9068925066646512,1.6857524366894412
30524,0.45,0.05,0.5,0.2,0.0,0.8,2.1245,1.19,2.1220000000000003,0.906621058668078,1.6555045344041641
30663,0.45,0.1,0.45,0.0,0.15,0.85,2.106,1.19,2.164,0.9002224077717822,1.5977693422043857
30664,0.45,0.1,0.45,0.0,0.2,0.8,2.106,1.19,2.152,0.9009158211526986,1.5910365828144837
30665,0.45,0.1,0.45,0.0,0.25,0.75,2.106,1.19,2.14,0.9016142321075318,1.6185438641096397
30666,0.45,0.1,0.45,0.0,0.3,0.7,2.106,1.19,2.128,0.9023176948595064,1.67581098820887
30682,0.45,0.1,0.45,0.05,0.1,0.85,2.106,1.19,2.1565000000000003,0.9006552083692391,1.5910365828144837
30683,0.45,0.1,0.45,0.05,0.15,0.8,2.106,1.19,2.1445000000000003,0.9013517389214036,1.5937408726912736
30684,0.45,0.1,0.45,0.05,0.2,0.75,2.106,1.19,2.1325000000000003,0.9020533008455024,1.6411499994752492
30685,0.45,0.1,0.45,0.05,0.25,0.7,2.106,1.19,2.1205,0.9027599488551408,1.695030033910797
30699,0.45,0.1,0.45,0.1,0.0,0.9,2.106,1.19,2.161,0.9003952955305873,1.5910365828144837
30700,0.45,0.1,0.45,0.1,0.05,0.85,2.106,1.19,2.149,0.9010899532640788,1.5910365828144837
30701,0.45,0.1,0.45,0.1,0.1,0.8,2.106,1.19,2.1370000000000005,0.9017896220542592,1.6152990080568828
30702,0.45,0.1,0.45,0.1,0.15,0.75,2.106,1.19,2.125,0.9024943563198438,1.6674648484612273
30717,0.45,0.1,0.45,0.15,0.0,0.85,2.106,1.19,2.1415,0.9015266555875312,1.5937408726912736
30718,0.45,0.1,0.45,0.15,0.05,0.8,2.106,1.19,2.1295,0.9022294838727584,1.63883966192091
30719,0.45,0.1,0.45,0.15,0.1,0.75,2.106,1.19,2.1175,0.9029374120457696,1.6871681799326848
30734,0.45,0.1,0.45,0.2,0.0,0.8,2.106,1.19,2.1220000000000003,0.9026713378190588,1.6589940409561708
32555,0.5,0.0,0.5,0.0,0.25,0.75,2.1,1.19,2.14,0.9003401658351236,1.6185438641096397
32556,0.5,0.0,0.5,0.0,0.3,0.7,2.1,1.19,2.128,0.9010390207524782,1.67581098820887
32573,0.5,0.0,0.5,0.05,0.15,0.8,2.1,1.19,2.1445000000000003,0.9000793920366774,1.6004736320811757
32574,0.5,0.0,0.5,0.05,0.2,0.75,2.1,1.19,2.1325000000000003,0.900776358576994,1.6411499994752492
32575,0.5,0.0,0.5,0.05,0.25,0.7,2.1,1.19,2.1205,0.901478377887879,1.695030033910797
32591,0.5,0.0,0.5,0.1,0.1,0.8,2.1,1.19,2.1370000000000005,0.9005144069394052,1.6152990080568828
32592,0.5,0.0,0.5,0.1,0.15,0.75,2.1,1.19,2.125,0.901214525041678,1.6674648484612273
32607,0.5,0.0,0.5,0.15,0.0,0.85,2.1,1.19,2.1415,0.9002531629604505,1.5937408726912736
32608,0.5,0.0,0.5,0.15,0.05,0.8,2.1,1.19,2.1295,0.9009513875669536,1.63883966192091
32609,0.5,0.0,0.5,0.15,0.1,0.75,2.1,1.19,2.1175,0.901654678655862,1.6882008826353874
32624,0.5,0.0,0.5,0.2,0.0,0.8,2.1,1.19,2.1220000000000003,0.9013903472734308,1.6589940409561708
