,xA,yA,zA,xC,yC,zC,rA,rB,rC,TF,predicted
1,0.0,0.0,1.0,0.0,0.05,0.95,2.53,1.19,2.188,0.987605030680323,1.5063697836415544
2,0.0,0.0,1.0,0.0,0.1,0.9,2.53,1.19,2.176,0.9886050244396588,1.5298977988811922
3,0.0,0.0,1.0,0.0,0.15,0.85,2.53,1.19,2.164,0.989612173789402,1.5561905549382666
4,0.0,0.0,1.0,0.0,0.2,0.8,2.53,1.19,2.152,0.99062655580952,1.55583543305562
5,0.0,0.0,1.0,0.0,0.25,0.75,2.53,1.19,2.14,0.991648248691044,1.569346784962876
6,0.0,0.0,1.0,0.0,0.3,0.7,2.53,1.19,2.128,0.9926773317561596,1.6458347718226345
20,0.0,0.0,1.0,0.05,0.0,0.95,2.53,1.19,2.1805,0.9882291923391876,1.5056204120466272
21,0.0,0.0,1.0,0.05,0.05,0.9,2.53,1.19,2.1685000000000003,0.9892336493687638,1.509675047126095
22,0.0,0.0,1.0,0.05,0.1,0.85,2.53,1.19,2.1565000000000003,0.99024531003459,1.529070885818305
23,0.0,0.0,1.0,0.05,0.15,0.8,2.53,1.19,2.1445000000000003,0.9912642521087168,1.55583543305562
24,0.0,0.0,1.0,0.05,0.2,0.75,2.53,1.19,2.1325000000000003,0.9922905544867652,1.571532496520428
25,0.0,0.0,1.0,0.05,0.25,0.7,2.53,1.19,2.1205,0.9933242972082884,1.6342078007637089
39,0.0,0.0,1.0,0.1,0.0,0.9,2.53,1.19,2.161,0.9898650881963874,1.50736874074632
40,0.0,0.0,1.0,0.1,0.05,0.85,2.53,1.19,2.149,0.9908812905576088,1.5088481340632078
41,0.0,0.0,1.0,0.1,0.1,0.8,2.53,1.19,2.1370000000000005,0.9919048235039424,1.5340591259184242
42,0.0,0.0,1.0,0.1,0.15,0.75,2.53,1.19,2.125,0.992935766643553,1.5843730160154903
43,0.0,0.0,1.0,0.1,0.2,0.7,2.53,1.19,2.113,0.9939742007414896,1.6342078007637089
44,0.0,0.0,1.0,0.1,0.25,0.65,2.53,1.19,2.101,0.9950202077407784,1.6448957578855878
57,0.0,0.0,1.0,0.15,0.0,0.85,2.53,1.19,2.1415,0.9915201345678992,1.5107194240307373
58,0.0,0.0,1.0,0.15,0.05,0.8,2.53,1.19,2.1295,0.9925482894829696,1.5266768936583892
59,0.0,0.0,1.0,0.15,0.1,0.75,2.53,1.19,2.1175,0.9935839049325712,1.6064650981427044
60,0.0,0.0,1.0,0.15,0.15,0.7,2.53,1.19,2.1055,0.9946270624154882,1.6448957578855878
61,0.0,0.0,1.0,0.15,0.2,0.65,2.53,1.19,2.0935,0.995677844621898,1.6587584642314412
62,0.0,0.0,1.0,0.15,0.25,0.6,2.53,1.19,2.0815,0.9967363354552234,1.6605082127162067
74,0.0,0.0,1.0,0.2,0.0,0.8,2.53,1.19,2.1220000000000003,0.9931946697100902,1.5750322850897205
75,0.0,0.0,1.0,0.2,0.05,0.75,2.53,1.19,2.1100000000000003,0.9942349893047214,1.5969303035094862
76,0.0,0.0,1.0,0.2,0.1,0.7,2.53,1.19,2.098,0.995282902473036,1.617153055264583
77,0.0,0.0,1.0,0.2,0.15,0.65,2.53,1.19,2.0860000000000003,0.996338492660898,1.6604911051397042
78,0.0,0.0,1.0,0.2,0.2,0.6,2.53,1.19,2.074,0.9974018445413186,1.6605082127162067
79,0.0,0.0,1.0,0.2,0.25,0.55,2.53,1.19,2.0620000000000003,0.9984730440370928,1.6874391092991528
90,0.0,0.0,1.0,0.25,0.0,0.75,2.53,1.19,2.1025,0.9948890398926898,1.5954509101925984
91,0.0,0.0,1.0,0.25,0.05,0.7,2.53,1.19,2.0905,0.9959417413420036,1.6091575671772838
92,0.0,0.0,1.0,0.25,0.1,0.65,2.53,1.19,2.0785,0.997002172586264,1.6293974265088835
93,0.0,0.0,1.0,0.25,0.15,0.6,2.53,1.19,2.0665,0.9980704190769124,1.6749576911806492
94,0.0,0.0,1.0,0.25,0.2,0.55,2.53,1.19,2.0545,0.9991465675295816,1.6874391092991528
105,0.0,0.0,1.0,0.3,0.0,0.7,2.53,1.19,2.083,0.9966035996375016,1.6076952814368985
106,0.0,0.0,1.0,0.3,0.05,0.65,2.53,1.19,2.071,0.997668905317174,1.6091746747537863
107,0.0,0.0,1.0,0.3,0.1,0.6,2.53,1.19,2.059,0.9987420802908792,1.643846904973326
119,0.0,0.0,1.0,0.35,0.0,0.65,2.53,1.19,2.0635000000000003,0.9983387119657002,1.622144759901341
120,0.0,0.0,1.0,0.35,0.05,0.6,2.53,1.19,2.0515,0.9994168496085662,1.6242606910883848
211,0.0,0.05,0.95,0.0,0.05,0.95,2.5115,1.19,2.188,0.983732480220894,1.5101481257198364
212,0.0,0.05,0.95,0.0,0.1,0.9,2.5115,1.19,2.176,0.9847186680962392,1.5329461192375136
213,0.0,0.05,0.95,0.0,0.15,0.85,2.5115,1.19,2.164,0.9857119127721236,1.559238875294588
214,0.0,0.05,0.95,0.0,0.2,0.8,2.5115,1.19,2.152,0.986712290264352,1.559238875294588
215,0.0,0.05,0.95,0.0,0.25,0.75,2.5115,1.19,2.14,0.9877198776844522,1.5746127009339697
216,0.0,0.05,0.95,0.0,0.3,0.7,2.5115,1.19,2.128,0.9887347532594898,1.6483965879878788
230,0.0,0.05,0.95,0.05,0.0,0.95,2.5115,1.19,2.1805,0.984348024722528,1.5086687324029486
231,0.0,0.05,0.95,0.05,0.05,0.9,2.5115,1.19,2.1685000000000003,0.9853386142483376,1.5127233674824163
232,0.0,0.05,0.95,0.05,0.1,0.85,2.5115,1.19,2.1565000000000003,0.98633630795721,1.532474328057273
233,0.0,0.05,0.95,0.05,0.15,0.8,2.5115,1.19,2.1445000000000003,0.987341182547478,1.559238875294588
234,0.0,0.05,0.95,0.05,0.2,0.75,2.5115,1.19,2.1325000000000003,0.9883533158255308,1.5740943126856723
235,0.0,0.05,0.95,0.05,0.25,0.7,2.5115,1.19,2.1205,0.9893727867258988,1.633410067589153
249,0.0,0.05,0.95,0.1,0.0,0.9,2.5115,1.19,2.161,0.985961335450356,1.510772182985288
250,0.0,0.05,0.95,0.1,0.05,0.85,2.5115,1.19,2.149,0.9869635081521128,1.5122515763021758
251,0.0,0.05,0.95,0.1,0.1,0.8,2.5115,1.19,2.1370000000000005,0.9879729102331426,1.5353066230933925
252,0.0,0.05,0.95,0.1,0.15,0.75,2.5115,1.19,2.125,0.988989620202542,1.5869348321807346
253,0.0,0.05,0.95,0.1,0.2,0.7,2.5115,1.19,2.113,0.9900137177103204,1.633410067589153
254,0.0,0.05,0.95,0.1,0.25,0.65,2.5115,1.19,2.101,0.9910452835682012,1.644098024711032
267,0.0,0.05,0.95,0.15,0.0,0.85,2.5115,1.19,2.1415,0.9875935323010672,1.5141228662697053
268,0.0,0.05,0.95,0.15,0.05,0.8,2.5115,1.19,2.1295,0.9886074925400712,1.5279243908333575
269,0.0,0.05,0.95,0.15,0.1,0.75,2.5115,1.19,2.1175,0.9896288103136894,1.6062155197099983
270,0.0,0.05,0.95,0.15,0.15,0.7,2.5115,1.19,2.1055,0.990657565995536,1.644098024711032
271,0.0,0.05,0.95,0.15,0.2,0.65,2.5115,1.19,2.0935,0.9916938411341713,1.6591638192502731
272,0.0,0.05,0.95,0.15,0.25,0.6,2.5115,1.19,2.0815,0.9927377184746484,1.6591809268267756
284,0.0,0.05,0.95,0.2,0.0,0.8,2.5115,1.19,2.1220000000000003,0.9892449488610712,1.5747827066570144
285,0.0,0.05,0.95,0.2,0.05,0.75,2.5115,1.19,2.1100000000000003,0.990270905834433,1.59668072507678
286,0.0,0.05,0.95,0.2,0.1,0.7,2.5115,1.19,2.098,0.9913043515448268,1.6169034768318769
287,0.0,0.05,0.95,0.2,0.15,0.65,2.5115,1.19,2.0860000000000003,0.992345368286066,1.6591638192502731
288,0.0,0.05,0.95,0.2,0.2,0.6,2.5115,1.19,2.074,0.9933940395621672,1.6591809268267756
289,0.0,0.05,0.95,0.2,0.25,0.55,2.5115,1.19,2.0620000000000003,0.9944504501096786,1.690720503777053
300,0.0,0.05,0.95,0.25,0.0,0.75,2.5115,1.19,2.1025,0.990915926619508,1.5952013317598923
301,0.0,0.05,0.95,0.25,0.05,0.7,2.5115,1.19,2.0905,0.9919540945040364,1.6078302812878527
302,0.0,0.05,0.95,0.25,0.1,0.65,2.5115,1.19,2.0785,0.9929998854661932,1.6280701406194524
303,0.0,0.05,0.95,0.25,0.15,0.6,2.5115,1.19,2.0665,0.9940533837776796,1.6782390856585494
304,0.0,0.05,0.95,0.25,0.2,0.55,2.5115,1.19,2.0545,0.9951146749569352,1.690720503777053
315,0.0,0.05,0.95,0.3,0.0,0.7,2.5115,1.19,2.083,0.992606815203664,1.6063679955474675
316,0.0,0.05,0.95,0.3,0.05,0.65,2.5115,1.19,2.071,0.9936574133049229,1.6078473888643552
317,0.0,0.05,0.95,0.3,0.1,0.6,2.5115,1.19,2.059,0.994715772056976,1.6471282994512262
329,0.0,0.05,0.95,0.35,0.0,0.65,2.5115,1.19,2.0635000000000003,0.9943179726228536,1.6254261543792412
330,0.0,0.05,0.95,0.35,0.05,0.6,2.5115,1.19,2.0515,0.9953812255296054,1.626905547696129
421,0.0,0.1,0.9,0.0,0.05,0.95,2.493,1.19,2.188,0.9798599297614649,1.513259215006473
422,0.0,0.1,0.9,0.0,0.1,0.9,2.493,1.19,2.176,0.9808323117528196,1.5360572085241502
423,0.0,0.1,0.9,0.0,0.15,0.85,2.493,1.19,2.164,0.9818116517548454,1.5628981193230744
424,0.0,0.1,0.9,0.0,0.2,0.8,2.493,1.19,2.152,0.982798024719184,1.5628981193230744
425,0.0,0.1,0.9,0.0,0.25,0.75,2.493,1.19,2.14,0.9837915066778602,1.578271944962456
426,0.0,0.1,0.9,0.0,0.3,0.7,2.493,1.19,2.128,0.9847921747628198,1.6518254399874033
440,0.0,0.1,0.9,0.05,0.0,0.95,2.493,1.19,2.1805,0.9804668571058685,1.5117798216895852
441,0.0,0.1,0.9,0.05,0.05,0.9,2.493,1.19,2.1685000000000003,0.9814435791279116,1.515834456769053
442,0.0,0.1,0.9,0.05,0.1,0.85,2.493,1.19,2.1565000000000003,0.9824273058798304,1.5355854173439096
443,0.0,0.1,0.9,0.05,0.15,0.8,2.493,1.19,2.1445000000000003,0.9834181129862388,1.5628981193230744
444,0.0,0.1,0.9,0.05,0.2,0.75,2.493,1.19,2.1325000000000003,0.9844160771642968,1.578271944962456
445,0.0,0.1,0.9,0.05,0.25,0.7,2.493,1.19,2.1205,0.9854212762435092,1.6409472492057369
459,0.0,0.1,0.9,0.1,0.0,0.9,2.493,1.19,2.161,0.9820575827043246,1.5138832722719247
460,0.0,0.1,0.9,0.1,0.05,0.85,2.493,1.19,2.149,0.9830457257466167,1.5153626655888124
461,0.0,0.1,0.9,0.1,0.1,0.8,2.493,1.19,2.1370000000000005,0.9840409969623428,1.5389361006283264
462,0.0,0.1,0.9,0.1,0.15,0.75,2.493,1.19,2.125,0.9850434737615312,1.5911124644575183
463,0.0,0.1,0.9,0.1,0.2,0.7,2.493,1.19,2.113,0.9860532346791516,1.6409472492057369
464,0.0,0.1,0.9,0.1,0.25,0.65,2.493,1.19,2.101,0.987070359395624,1.6516352063276158
477,0.0,0.1,0.9,0.15,0.0,0.85,2.493,1.19,2.1415,0.9836669300342352,1.5172339555563419
478,0.0,0.1,0.9,0.15,0.05,0.8,2.493,1.19,2.1295,0.984666695597173,1.5315538683682914
479,0.0,0.1,0.9,0.15,0.1,0.75,2.493,1.19,2.1175,0.985673715694808,1.6132045465847324
480,0.0,0.1,0.9,0.15,0.15,0.7,2.493,1.19,2.1055,0.9866880695755844,1.6516352063276158
481,0.0,0.1,0.9,0.15,0.2,0.65,2.493,1.19,2.0935,0.9877098376464444,1.6654979126734692
482,0.0,0.1,0.9,0.15,0.25,0.6,2.493,1.19,2.0815,0.9887391014940736,1.6660415963938422
494,0.0,0.1,0.9,0.2,0.0,0.8,2.493,1.19,2.1220000000000003,0.985295228012052,1.5799092597996227
495,0.0,0.1,0.9,0.2,0.05,0.75,2.493,1.19,2.1100000000000003,0.9863068223641448,1.6036697519515142
496,0.0,0.1,0.9,0.2,0.1,0.7,2.493,1.19,2.098,0.9873258006166178,1.623892503706611
497,0.0,0.1,0.9,0.2,0.15,0.65,2.493,1.19,2.0860000000000003,0.9883522439112336,1.664979524425172
498,0.0,0.1,0.9,0.2,0.2,0.6,2.493,1.19,2.074,0.9893862345830156,1.6616370826618743
499,0.0,0.1,0.9,0.2,0.25,0.55,2.493,1.19,2.0620000000000003,0.9904278561822644,1.6931766596121516
510,0.0,0.1,0.9,0.25,0.0,0.75,2.493,1.19,2.1025,0.9869428133463262,1.6021903586346264
511,0.0,0.1,0.9,0.25,0.05,0.7,2.493,1.19,2.0905,0.9879664476660692,1.6136459864627515
512,0.0,0.1,0.9,0.25,0.1,0.65,2.493,1.19,2.0785,0.9889975983461228,1.634930810186519
513,0.0,0.1,0.9,0.25,0.15,0.6,2.493,1.19,2.0665,0.9900363484784472,1.680695241493648
514,0.0,0.1,0.9,0.25,0.2,0.55,2.493,1.19,2.0545,0.9910827823842886,1.6931766596121516
525,0.0,0.1,0.9,0.3,0.0,0.7,2.493,1.19,2.083,0.9886100307698262,1.613228665114534
526,0.0,0.1,0.9,0.3,0.05,0.65,2.493,1.19,2.071,0.9896459212926716,1.6103035446994538
527,0.0,0.1,0.9,0.3,0.1,0.6,2.493,1.19,2.059,0.9906894638230728,1.6495844552863248
539,0.0,0.1,0.9,0.35,0.0,0.65,2.493,1.19,2.0635000000000003,0.9902972332800072,1.6278823102143398
540,0.0,0.1,0.9,0.35,0.05,0.6,2.493,1.19,2.0515,0.9913456014506448,1.6293617035312276
631,0.0,0.15,0.85,0.0,0.05,0.95,2.4744999999999995,1.19,2.188,0.975987379302036,1.5117060693759985
632,0.0,0.15,0.85,0.0,0.1,0.9,2.4744999999999995,1.19,2.176,0.9769459554093994,1.5436220967265961
633,0.0,0.15,0.85,0.0,0.15,0.85,2.4744999999999995,1.19,2.164,0.9779113907375672,1.5704630075255208
634,0.0,0.15,0.85,0.0,0.2,0.8,2.4744999999999995,1.19,2.152,0.978883759174016,1.5704630075255208
635,0.0,0.15,0.85,0.0,0.25,0.75,2.4744999999999995,1.19,2.14,0.979863135671268,1.5858368331649022
636,0.0,0.15,0.85,0.0,0.3,0.7,2.4744999999999995,1.19,2.128,0.9808495962661496,1.6593903281898494
650,0.0,0.15,0.85,0.05,0.0,0.95,2.4744999999999995,1.19,2.1805,0.9765856894892088,1.5110733484456702
651,0.0,0.15,0.85,0.05,0.05,0.9,2.4744999999999995,1.19,2.1685000000000003,0.9775485440074854,1.5142813111385784
652,0.0,0.15,0.85,0.05,0.1,0.85,2.4744999999999995,1.19,2.1565000000000003,0.9785183038024508,1.5431503055463556
653,0.0,0.15,0.85,0.05,0.15,0.8,2.4744999999999995,1.19,2.1445000000000003,0.979495043425,1.5704630075255208
654,0.0,0.15,0.85,0.05,0.2,0.75,2.4744999999999995,1.19,2.1325000000000003,0.980478838503062,1.5858368331649022
655,0.0,0.15,0.85,0.05,0.25,0.7,2.4744999999999995,1.19,2.1205,0.9814697657611192,1.648512137408183
669,0.0,0.15,0.85,0.1,0.0,0.9,2.4744999999999995,1.19,2.161,0.9781538299582933,1.5131767990280096
670,0.0,0.15,0.85,0.1,0.05,0.85,2.4744999999999995,1.19,2.149,0.9791279433411209,1.513809519958338
671,0.0,0.15,0.85,0.1,0.1,0.8,2.4744999999999995,1.19,2.1370000000000005,0.9801090836915428,1.5465009888307728
672,0.0,0.15,0.85,0.1,0.15,0.75,2.4744999999999995,1.19,2.125,0.9810973273205202,1.598677352659964
673,0.0,0.15,0.85,0.1,0.2,0.7,2.4744999999999995,1.19,2.113,0.9820927516479824,1.648512137408183
674,0.0,0.15,0.85,0.1,0.25,0.65,2.4744999999999995,1.19,2.101,0.983095435223047,1.6592000945300616
687,0.0,0.15,0.85,0.15,0.0,0.85,2.4744999999999995,1.19,2.1415,0.9797403277674028,1.5165274823124268
688,0.0,0.15,0.85,0.15,0.05,0.8,2.4744999999999995,1.19,2.1295,0.9807258986542744,1.530000722737817
689,0.0,0.15,0.85,0.15,0.1,0.75,2.4744999999999995,1.19,2.1175,0.981718621075926,1.6207694347871782
690,0.0,0.15,0.85,0.15,0.15,0.7,2.4744999999999995,1.19,2.1055,0.9827185731556326,1.6592000945300616
691,0.0,0.15,0.85,0.15,0.2,0.65,2.4744999999999995,1.19,2.0935,0.9837258341587174,1.6730628008759154
692,0.0,0.15,0.85,0.15,0.25,0.6,2.4744999999999995,1.19,2.0815,0.9847404845134984,1.6741248728445857
704,0.0,0.15,0.85,0.2,0.0,0.8,2.4744999999999995,1.19,2.1220000000000003,0.981345507163033,1.5792027865557077
705,0.0,0.15,0.85,0.2,0.05,0.75,2.4744999999999995,1.19,2.1100000000000003,0.9823427388938566,1.6021166063210395
706,0.0,0.15,0.85,0.2,0.1,0.7,2.4744999999999995,1.19,2.098,0.9833472496884088,1.6314573919090571
707,0.0,0.15,0.85,0.2,0.15,0.65,2.4744999999999995,1.19,2.0860000000000003,0.9843591195364008,1.6730628008759154
708,0.0,0.15,0.85,0.2,0.2,0.6,2.4744999999999995,1.19,2.074,0.9853784296038636,1.6741248728445857
720,0.0,0.15,0.85,0.25,0.0,0.75,2.4744999999999995,1.19,2.1025,0.9829697000731444,1.6014838853907116
721,0.0,0.15,0.85,0.25,0.05,0.7,2.4744999999999995,1.19,2.0905,0.9839788008281022,1.612611229080574
722,0.0,0.15,0.85,0.25,0.1,0.65,2.4744999999999995,1.19,2.0785,0.9849953112260518,1.643014086637262
723,0.0,0.15,0.85,0.25,0.15,0.6,2.4744999999999995,1.19,2.0665,0.9860193131792144,1.6996422344556101
735,0.0,0.15,0.85,0.3,0.0,0.7,2.4744999999999995,1.19,2.083,0.984613246335988,1.6130405801189165
736,0.0,0.15,0.85,0.3,0.05,0.65,2.4744999999999995,1.19,2.071,0.9856344292804206,1.6136733010492443
737,0.0,0.15,0.85,0.3,0.1,0.6,2.4744999999999995,1.19,2.059,0.9866631555891698,1.668531448248287
749,0.0,0.15,0.85,0.35,0.0,0.65,2.4744999999999995,1.19,2.0635000000000003,0.9862764939371608,1.6385579417299414
750,0.0,0.15,0.85,0.35,0.05,0.6,2.4744999999999995,1.19,2.0515,0.987309977371684,1.6391906626602692
841,0.0,0.2,0.8,0.0,0.05,0.95,2.456,1.19,2.188,0.9721148288426072,1.5076043740927179
842,0.0,0.2,0.8,0.0,0.1,0.9,2.456,1.19,2.176,0.9730595990659796,1.5395204014433155
843,0.0,0.2,0.8,0.0,0.15,0.85,2.456,1.19,2.164,0.974011129720289,1.5663613122422402
844,0.0,0.2,0.8,0.0,0.2,0.8,2.456,1.19,2.152,0.9749694936288482,1.5663613122422402
845,0.0,0.2,0.8,0.0,0.25,0.75,2.456,1.19,2.14,0.9759347646646764,1.5854438682350873
846,0.0,0.2,0.8,0.0,0.3,0.7,2.456,1.19,2.128,0.9769070177694796,1.6589973632600343
860,0.0,0.2,0.8,0.05,0.0,0.95,2.456,1.19,2.1805,0.9727045218725492,1.5069716531623898
861,0.0,0.2,0.8,0.05,0.05,0.9,2.456,1.19,2.1685000000000003,0.9736535088870594,1.5101796158552978
862,0.0,0.2,0.8,0.05,0.1,0.85,2.456,1.19,2.1565000000000003,0.9746093017250712,1.539048610263075
863,0.0,0.2,0.8,0.05,0.15,0.8,2.456,1.19,2.1445000000000003,0.9755719738637612,1.5663613122422402
864,0.0,0.2,0.8,0.05,0.2,0.75,2.456,1.19,2.1325000000000003,0.9765415998418278,1.5854438682350873
865,0.0,0.2,0.8,0.05,0.25,0.7,2.456,1.19,2.1205,0.9775182552787296,1.6481191724783681
879,0.0,0.2,0.8,0.1,0.0,0.9,2.456,1.19,2.161,0.974250077212262,1.5090751037447292
880,0.0,0.2,0.8,0.1,0.05,0.85,2.456,1.19,2.149,0.9752101609356248,1.5097078246750573
881,0.0,0.2,0.8,0.1,0.1,0.8,2.456,1.19,2.1370000000000005,0.976177170420743,1.5461080239009577
882,0.0,0.2,0.8,0.1,0.15,0.75,2.456,1.19,2.125,0.9771511808795096,1.5982843877301491
883,0.0,0.2,0.8,0.1,0.2,0.7,2.456,1.19,2.113,0.9781322686168136,1.6481191724783681
884,0.0,0.2,0.8,0.1,0.25,0.65,2.456,1.19,2.101,0.9791205110504702,1.6588071296002467
897,0.0,0.2,0.8,0.15,0.0,0.85,2.456,1.19,2.1415,0.975813725500571,1.516134517382612
898,0.0,0.2,0.8,0.15,0.05,0.8,2.456,1.19,2.1295,0.9767851017113762,1.5296077578080018
899,0.0,0.2,0.8,0.15,0.1,0.75,2.456,1.19,2.1175,0.9777635264570446,1.6203764698573633
900,0.0,0.2,0.8,0.15,0.15,0.7,2.456,1.19,2.1055,0.9787490767356808,1.6588071296002467
901,0.0,0.2,0.8,0.15,0.2,0.65,2.456,1.19,2.0935,0.9797418306709906,1.6726698359461005
902,0.0,0.2,0.8,0.15,0.25,0.6,2.456,1.19,2.0815,0.9807418675329234,1.6737319079147708
914,0.0,0.2,0.8,0.2,0.0,0.8,2.456,1.19,2.1220000000000003,0.977395786314014,1.5788098216258928
915,0.0,0.2,0.8,0.2,0.05,0.75,2.456,1.19,2.1100000000000003,0.9783786554235684,1.6017236413912246
916,0.0,0.2,0.8,0.2,0.1,0.7,2.456,1.19,2.098,0.9793686987602,1.6310644269792423
917,0.0,0.2,0.8,0.2,0.15,0.65,2.456,1.19,2.0860000000000003,0.9803659951615684,1.6726698359461005
918,0.0,0.2,0.8,0.2,0.2,0.6,2.456,1.19,2.074,0.981370624624712,1.6737319079147708
930,0.0,0.2,0.8,0.25,0.0,0.75,2.456,1.19,2.1025,0.9789965867999628,1.6010909204608965
931,0.0,0.2,0.8,0.25,0.05,0.7,2.456,1.19,2.0905,0.9799911539901353,1.6122182641507592
932,0.0,0.2,0.8,0.25,0.1,0.65,2.456,1.19,2.0785,0.9809930241059812,1.6426211217074471
945,0.0,0.2,0.8,0.3,0.0,0.7,2.456,1.19,2.083,0.9806164619021503,1.6126476151891014
946,0.0,0.2,0.8,0.3,0.05,0.65,2.456,1.19,2.071,0.9816229372681694,1.6132803361194294
947,0.0,0.2,0.8,0.3,0.1,0.6,2.456,1.19,2.059,0.9826368473552668,1.6698749055844615
959,0.0,0.2,0.8,0.35,0.0,0.65,2.456,1.19,2.0635000000000003,0.9822557545943144,1.6399013990661158
960,0.0,0.2,0.8,0.35,0.05,0.6,2.456,1.19,2.0515,0.9832743532927236,1.6405341199964438
1051,0.0,0.25,0.75,0.0,0.05,0.95,2.4375,1.19,2.188,0.968242278383178,1.501673278827364
1052,0.0,0.25,0.75,0.0,0.1,0.9,2.4375,1.19,2.176,0.96917324272256,1.541021342551695
1053,0.0,0.25,0.75,0.0,0.15,0.85,2.4375,1.19,2.164,0.9701108687030108,1.5577939780359948
1054,0.0,0.25,0.75,0.0,0.2,0.8,2.4375,1.19,2.152,0.9710552280836804,1.5577939780359948
1055,0.0,0.25,0.75,0.0,0.25,0.75,2.4375,1.19,2.14,0.9720063936580844,1.569918304784024
1056,0.0,0.25,0.75,0.0,0.3,0.7,2.4375,1.19,2.128,0.9729644392728096,1.6434717998089712
1070,0.0,0.25,0.75,0.05,0.0,0.95,2.4375,1.19,2.1805,0.9688233542558896,1.5084725942707693
1072,0.0,0.25,0.75,0.05,0.1,0.85,2.4375,1.19,2.1565000000000003,0.9707002996476912,1.53005127541499
1073,0.0,0.25,0.75,0.05,0.15,0.8,2.4375,1.19,2.1445000000000003,0.9716489043025224,1.5577939780359948
1074,0.0,0.25,0.75,0.05,0.2,0.75,2.4375,1.19,2.1325000000000003,0.9726043611805936,1.569918304784024
1075,0.0,0.25,0.75,0.05,0.25,0.7,2.4375,1.19,2.1205,0.97356674479634,1.6325936090273048
1089,0.0,0.25,0.75,0.1,0.0,0.9,2.4375,1.19,2.161,0.9703463244662304,1.5000777688966442
1090,0.0,0.25,0.75,0.1,0.05,0.85,2.4375,1.19,2.149,0.9712923785301288,1.5007104898269723
1091,0.0,0.25,0.75,0.1,0.1,0.8,2.4375,1.19,2.1370000000000005,0.9722452571499434,1.5334019586994072
1092,0.0,0.25,0.75,0.1,0.15,0.75,2.4375,1.19,2.125,0.9732050344384986,1.5827588242790858
1093,0.0,0.25,0.75,0.1,0.2,0.7,2.4375,1.19,2.113,0.9741717855856448,1.6325936090273048
1094,0.0,0.25,0.75,0.1,0.25,0.65,2.4375,1.19,2.101,0.975145586877893,1.6432815661491833
1107,0.0,0.25,0.75,0.15,0.0,0.85,2.4375,1.19,2.1415,0.9718871232337388,1.5034284521810615
1108,0.0,0.25,0.75,0.15,0.05,0.8,2.4375,1.19,2.1295,0.972844304768478,1.5169016926064514
1109,0.0,0.25,0.75,0.15,0.1,0.75,2.4375,1.19,2.1175,0.9738084318381628,1.6048509064063
1110,0.0,0.25,0.75,0.15,0.15,0.7,2.4375,1.19,2.1055,0.9747795803157292,1.6432815661491833
1111,0.0,0.25,0.75,0.15,0.2,0.65,2.4375,1.19,2.0935,0.975757827183264,1.6608530028485027
1112,0.0,0.25,0.75,0.15,0.25,0.6,2.4375,1.19,2.0815,0.9767432505523485,1.661915074817173
1124,0.0,0.25,0.75,0.2,0.0,0.8,2.4375,1.19,2.1220000000000003,0.9734460654649948,1.5661037564243423
1125,0.0,0.25,0.75,0.2,0.05,0.75,2.4375,1.19,2.1100000000000003,0.9744145719532802,1.5861980779401612
1126,0.0,0.25,0.75,0.2,0.1,0.7,2.4375,1.19,2.098,0.975390147831991,1.6155388635281789
1127,0.0,0.25,0.75,0.2,0.15,0.65,2.4375,1.19,2.0860000000000003,0.976372870786736,1.6608530028485027
1128,0.0,0.25,0.75,0.2,0.2,0.6,2.4375,1.19,2.074,0.9773628196455604,1.661915074817173
1140,0.0,0.25,0.75,0.25,0.0,0.75,2.4375,1.19,2.1025,0.9750234735267806,1.5855653570098331
1141,0.0,0.25,0.75,0.25,0.05,0.7,2.4375,1.19,2.0905,0.976003507152168,1.6004014310531613
1142,0.0,0.25,0.75,0.25,0.1,0.65,2.4375,1.19,2.0785,0.9769907369859104,1.6308042886098493
1143,0.0,0.25,0.75,0.25,0.15,0.6,2.4375,1.19,2.0665,0.9779852425807491,1.6891688586941869
1155,0.0,0.25,0.75,0.3,0.0,0.7,2.4375,1.19,2.083,0.9766196774683128,1.6008307820915035
1156,0.0,0.25,0.75,0.3,0.05,0.65,2.4375,1.19,2.071,0.977611445255918,1.6014635030218316
1157,0.0,0.25,0.75,0.3,0.1,0.6,2.4375,1.19,2.059,0.9786105391213638,1.6580580724868637
1169,0.0,0.25,0.75,0.35,0.0,0.65,2.4375,1.19,2.0635000000000003,0.9782350152514676,1.628084565968518
1170,0.0,0.25,0.75,0.35,0.05,0.6,2.4375,1.19,2.0515,0.9792387292137628,1.628717286898846
1262,0.0,0.3,0.7,0.0,0.1,0.9,2.419,1.19,2.176,0.96528688637914,1.528899003139173
1263,0.0,0.3,0.7,0.0,0.15,0.85,2.419,1.19,2.164,0.9662106076857326,1.5627563114240466
1264,0.0,0.3,0.7,0.0,0.2,0.8,2.419,1.19,2.152,0.9671409625385124,1.5776939945240482
1265,0.0,0.3,0.7,0.0,0.25,0.75,2.419,1.19,2.14,0.9680780226514925,1.5880316373671004
1266,0.0,0.3,0.7,0.0,0.3,0.7,2.419,1.19,2.128,0.9690218607761396,1.6679573384261104
1282,0.0,0.3,0.7,0.05,0.1,0.85,2.419,1.19,2.1565000000000003,0.9667912975703116,1.5499512919030436
1283,0.0,0.3,0.7,0.05,0.15,0.8,2.419,1.19,2.1445000000000003,0.9677258347412832,1.5776939945240482
1284,0.0,0.3,0.7,0.05,0.2,0.75,2.419,1.19,2.1325000000000003,0.9686671225193592,1.5880316373671004
1285,0.0,0.3,0.7,0.05,0.25,0.7,2.419,1.19,2.1205,0.9696152343139502,1.6422418221438344
1299,0.0,0.3,0.7,0.1,0.0,0.9,2.419,1.19,2.161,0.9664425717201992,1.5050401022846962
1300,0.0,0.3,0.7,0.1,0.05,0.85,2.419,1.19,2.149,0.9673745961246328,1.520610506315026
1301,0.0,0.3,0.7,0.1,0.1,0.8,2.419,1.19,2.1370000000000005,0.9683133438791436,1.5515152912824837
1302,0.0,0.3,0.7,0.1,0.15,0.75,2.419,1.19,2.125,0.9692588879974876,1.6083041932358961
1303,0.0,0.3,0.7,0.1,0.2,0.7,2.419,1.19,2.113,0.9702113025544756,1.644150106735785
1304,0.0,0.3,0.7,0.1,0.25,0.65,2.419,1.19,2.101,0.9711706627053158,1.6548380638576636
1317,0.0,0.3,0.7,0.15,0.0,0.85,2.419,1.19,2.1415,0.9679605209669064,1.521541784764138
1318,0.0,0.3,0.7,0.15,0.05,0.8,2.419,1.19,2.1295,0.9689035078255794,1.5424470615632617
1319,0.0,0.3,0.7,0.15,0.1,0.75,2.419,1.19,2.1175,0.9698533372192812,1.6144991195228295
1320,0.0,0.3,0.7,0.15,0.15,0.7,2.419,1.19,2.1055,0.9708100838957772,1.6548380638576636
1321,0.0,0.3,0.7,0.15,0.2,0.65,2.419,1.19,2.0935,0.9717738236955368,1.6687007702035175
1322,0.0,0.3,0.7,0.15,0.25,0.6,2.419,1.19,2.0815,0.9727446335717734,1.6697628421721877
1334,0.0,0.3,0.7,0.2,0.0,0.8,2.419,1.19,2.1220000000000003,0.9694963446159758,1.5916491253811524
1335,0.0,0.3,0.7,0.2,0.05,0.75,2.419,1.19,2.1100000000000003,0.970450488482992,1.5977545756486415
1336,0.0,0.3,0.7,0.2,0.1,0.7,2.419,1.19,2.098,0.971411596903782,1.6270953612366592
1337,0.0,0.3,0.7,0.2,0.15,0.65,2.419,1.19,2.0860000000000003,0.9723797464119036,1.6687007702035175
1338,0.0,0.3,0.7,0.2,0.2,0.6,2.419,1.19,2.074,0.9733550146664086,1.6697628421721877
1350,0.0,0.3,0.7,0.25,0.0,0.75,2.419,1.19,2.1025,0.9710503602535988,1.5971218547183135
1351,0.0,0.3,0.7,0.25,0.05,0.7,2.419,1.19,2.0905,0.9720158603142006,1.6082491984081762
1352,0.0,0.3,0.7,0.25,0.1,0.65,2.419,1.19,2.0785,0.9729884498658397,1.638652055964864
1353,0.0,0.3,0.7,0.25,0.15,0.6,2.419,1.19,2.0665,0.9739682072815168,1.6970166260492017
1365,0.0,0.3,0.7,0.3,0.0,0.7,2.419,1.19,2.083,0.9726228930344748,1.6086785494465183
1366,0.0,0.3,0.7,0.3,0.05,0.65,2.419,1.19,2.071,0.9735999532436672,1.6093112703768464
1367,0.0,0.3,0.7,0.3,0.1,0.6,2.419,1.19,2.059,0.9745842308874606,1.6659058398418785
1379,0.0,0.3,0.7,0.35,0.0,0.65,2.419,1.19,2.0635000000000003,0.9742142759086212,1.6359323333235327
1380,0.0,0.3,0.7,0.35,0.05,0.6,2.419,1.19,2.0515,0.9752031051348018,1.6365650542538608
1470,0.0,0.35,0.65,0.0,0.0,1.0,2.4005,1.19,2.2,0.9596002203093544,1.500065738888813
1471,0.0,0.35,0.65,0.0,0.05,0.95,2.4005,1.19,2.188,0.96049717746432,1.5183294241750294
1472,0.0,0.35,0.65,0.0,0.1,0.9,2.4005,1.19,2.176,0.9614005300357202,1.550245451525627
1473,0.0,0.35,0.65,0.0,0.15,0.85,2.4005,1.19,2.164,0.9623103466684544,1.5747472144327017
1474,0.0,0.35,0.65,0.0,0.2,0.8,2.4005,1.19,2.152,0.9632266969933446,1.5747472144327017
1475,0.0,0.35,0.65,0.0,0.25,0.75,2.4005,1.19,2.14,0.9641496516449004,1.5850848572757539
1476,0.0,0.35,0.65,0.0,0.3,0.7,2.4005,1.19,2.128,0.9650792822794696,1.6575785219610302
1490,0.0,0.35,0.65,0.05,0.0,0.95,2.4005,1.19,2.1805,0.9610610190225704,1.5176967032447013
1491,0.0,0.35,0.65,0.05,0.05,0.9,2.4005,1.19,2.1685000000000003,0.9619684035257812,1.5209046659376093
1492,0.0,0.35,0.65,0.05,0.1,0.85,2.4005,1.19,2.1565000000000003,0.962882295492932,1.547004511811697
1493,0.0,0.35,0.65,0.05,0.15,0.8,2.4005,1.19,2.1445000000000003,0.9638027651800444,1.5747472144327017
1494,0.0,0.35,0.65,0.05,0.2,0.75,2.4005,1.19,2.1325000000000003,0.9647298838581247,1.5850848572757539
1495,0.0,0.35,0.65,0.05,0.25,0.7,2.4005,1.19,2.1205,0.9656637238315606,1.6489311328290883
1509,0.0,0.35,0.65,0.1,0.0,0.9,2.4005,1.19,2.161,0.962538818974168,1.5170310052933513
1510,0.0,0.35,0.65,0.1,0.05,0.85,2.4005,1.19,2.149,0.9634568137191368,1.5176637262236794
1511,0.0,0.35,0.65,0.1,0.1,0.8,2.4005,1.19,2.1370000000000005,0.9643814306083436,1.5485685111911371
1512,0.0,0.35,0.65,0.1,0.15,0.75,2.4005,1.19,2.125,0.9653127415564768,1.5990963480808695
1513,0.0,0.35,0.65,0.1,0.2,0.7,2.4005,1.19,2.113,0.9662508195233068,1.6502690491810759
1514,0.0,0.35,0.65,0.1,0.25,0.65,2.4005,1.19,2.101,0.9671957385327388,1.6669799570858441
1527,0.0,0.35,0.65,0.15,0.0,0.85,2.4005,1.19,2.1415,0.9640339187000746,1.5185950046727914
1528,0.0,0.35,0.65,0.15,0.05,0.8,2.4005,1.19,2.1295,0.9649627108826812,1.5320682450981815
1529,0.0,0.35,0.65,0.15,0.1,0.75,2.4005,1.19,2.1175,0.9658982426003996,1.6225263465600712
1530,0.0,0.35,0.65,0.15,0.15,0.7,2.4005,1.19,2.1055,0.9668405874758256,1.6669799570858441
1531,0.0,0.35,0.65,0.15,0.2,0.65,2.4005,1.19,2.0935,0.96778982020781,1.6808426634316977
1532,0.0,0.35,0.65,0.15,0.25,0.6,2.4005,1.19,2.0815,0.9687460165911984,1.682466645508905
1544,0.0,0.35,0.65,0.2,0.0,0.8,2.4005,1.19,2.1220000000000003,0.9655466237669568,1.5824412802261258
1545,0.0,0.35,0.65,0.2,0.05,0.75,2.4005,1.19,2.1100000000000003,0.9664864050127036,1.6038735180939323
1546,0.0,0.35,0.65,0.2,0.1,0.7,2.4005,1.19,2.098,0.9674330459755728,1.6392372544648395
1547,0.0,0.35,0.65,0.2,0.15,0.65,2.4005,1.19,2.0860000000000003,0.9683866220370712,1.6808426634316977
1548,0.0,0.35,0.65,0.2,0.2,0.6,2.4005,1.19,2.074,0.9693472096872572,1.6871975810710145
1560,0.0,0.35,0.65,0.25,0.0,0.75,2.4005,1.19,2.1025,0.9670772469804172,1.6092637479464937
1561,0.0,0.35,0.65,0.25,0.05,0.7,2.4005,1.19,2.0905,0.9680282134762336,1.6203910916363566
1562,0.0,0.35,0.65,0.25,0.1,0.65,2.4005,1.19,2.0785,0.968986162745769,1.656086794863691
1563,0.0,0.35,0.65,0.25,0.15,0.6,2.4005,1.19,2.0665,0.969951171982284,1.693186810982609
1575,0.0,0.35,0.65,0.3,0.0,0.7,2.4005,1.19,2.083,0.9686261086006372,1.6213823527832358
1576,0.0,0.35,0.65,0.3,0.05,0.65,2.4005,1.19,2.071,0.969588461231416,1.6102869433268556
1577,0.0,0.35,0.65,0.3,0.1,0.6,2.4005,1.19,2.059,0.9705579226535576,1.6687897973838384
1589,0.0,0.35,0.65,0.35,0.0,0.65,2.4005,1.19,2.0635000000000003,0.9701935365657748,1.6388162908654926
1590,0.0,0.35,0.65,0.35,0.05,0.6,2.4005,1.19,2.0515,0.9711674810558412,1.6394490117958207
1680,0.0,0.4,0.6,0.0,0.0,1.0,2.382,1.19,2.2,0.9557413779931446,1.504604234861531
1681,0.0,0.4,0.6,0.0,0.05,0.95,2.382,1.19,2.188,0.956624627004891,1.5228679201477473
1682,0.0,0.4,0.6,0.0,0.1,0.9,2.382,1.19,2.176,0.9575141736923004,1.554783947498345
1683,0.0,0.4,0.6,0.0,0.15,0.85,2.382,1.19,2.164,0.958410085651176,1.5825266501193496
1684,0.0,0.4,0.6,0.0,0.2,0.8,2.382,1.19,2.152,0.9593124314481764,1.5825266501193496
1685,0.0,0.4,0.6,0.0,0.25,0.75,2.382,1.19,2.14,0.9602212806383088,1.5928642929624017
1686,0.0,0.4,0.6,0.0,0.3,0.7,2.382,1.19,2.128,0.9611367037827996,1.665357957647678
1700,0.0,0.4,0.6,0.05,0.0,0.95,2.382,1.19,2.1805,0.957179851405911,1.5222351992174192
1701,0.0,0.4,0.6,0.05,0.05,0.9,2.382,1.19,2.1685000000000003,0.9580733684053548,1.5254431619103272
1702,0.0,0.4,0.6,0.05,0.1,0.85,2.382,1.19,2.1565000000000003,0.9589732934155522,1.554783947498345
1703,0.0,0.4,0.6,0.05,0.15,0.8,2.382,1.19,2.1445000000000003,0.9598796956188056,1.5825266501193496
1704,0.0,0.4,0.6,0.05,0.2,0.75,2.382,1.19,2.1325000000000003,0.9607926451968904,1.5928642929624017
1705,0.0,0.4,0.6,0.05,0.25,0.7,2.382,1.19,2.1205,0.9617122133491708,1.6555395972056826
1719,0.0,0.4,0.6,0.1,0.0,0.9,2.382,1.19,2.161,0.9586350662281364,1.5248104409799992
1720,0.0,0.4,0.6,0.1,0.05,0.85,2.382,1.19,2.149,0.9595390313136408,1.5254431619103272
1721,0.0,0.4,0.6,0.1,0.1,0.8,2.382,1.19,2.1370000000000005,0.9604495173375436,1.556347946877785
1722,0.0,0.4,0.6,0.1,0.15,0.75,2.382,1.19,2.125,0.9613665951154658,1.6057048124574638
1723,0.0,0.4,0.6,0.1,0.2,0.7,2.382,1.19,2.113,0.9622903364921376,1.6522986574917526
1724,0.0,0.4,0.6,0.1,0.25,0.65,2.382,1.19,2.101,0.9632208143601616,1.6629866146136314
1737,0.0,0.4,0.6,0.15,0.0,0.85,2.382,1.19,2.1415,0.9601073164332424,1.5263744403594393
1738,0.0,0.4,0.6,0.15,0.05,0.8,2.382,1.19,2.1295,0.9610219139397828,1.5398476807848294
1739,0.0,0.4,0.6,0.15,0.1,0.75,2.382,1.19,2.1175,0.9619431479815176,1.627796894584678
1740,0.0,0.4,0.6,0.15,0.15,0.7,2.382,1.19,2.1055,0.9628710910558737,1.6629866146136314
1741,0.0,0.4,0.6,0.15,0.2,0.65,2.382,1.19,2.0935,0.9638058167200833,1.676849320959485
1742,0.0,0.4,0.6,0.15,0.25,0.6,2.382,1.19,2.0815,0.9647473996106234,1.6784733030366923
1754,0.0,0.4,0.6,0.2,0.0,0.8,2.382,1.19,2.1220000000000003,0.9615969029179376,1.58904974460272
1755,0.0,0.4,0.6,0.2,0.05,0.75,2.382,1.19,2.1100000000000003,0.9625223215424156,1.605903126404609
1756,0.0,0.4,0.6,0.2,0.1,0.7,2.382,1.19,2.098,0.963454495047364,1.6352439119926268
1757,0.0,0.4,0.6,0.2,0.15,0.65,2.382,1.19,2.0860000000000003,0.9643934976622386,1.676849320959485
1758,0.0,0.4,0.6,0.2,0.2,0.6,2.382,1.19,2.074,0.9653394047081052,1.679644274346746
1770,0.0,0.4,0.6,0.25,0.0,0.75,2.382,1.19,2.1025,0.9631041337072352,1.605270405474281
1771,0.0,0.4,0.6,0.25,0.05,0.7,2.382,1.19,2.0905,0.9640405666382666,1.616397749164144
1772,0.0,0.4,0.6,0.25,0.1,0.65,2.382,1.19,2.0785,0.9649838756256982,1.6473625168293689
1785,0.0,0.4,0.6,0.3,0.0,0.7,2.382,1.19,2.083,0.9646293241667994,1.6173890103110231
1786,0.0,0.4,0.6,0.3,0.05,0.65,2.382,1.19,2.071,0.9655769692191644,1.6191927025514048
1787,0.0,0.4,0.6,0.3,0.1,0.6,2.382,1.19,2.059,0.9665316144196544,1.6771251883684242
1799,0.0,0.4,0.6,0.35,0.0,0.65,2.382,1.19,2.0635000000000003,0.966172797222928,1.6471516818500784
1800,0.0,0.4,0.6,0.35,0.05,0.6,2.382,1.19,2.0515,0.9671318569768804,1.653807353563296
1891,0.0,0.45,0.55,0.0,0.05,0.95,2.3635,1.19,2.188,0.952752076545462,1.5178908432582925
1892,0.0,0.45,0.55,0.0,0.1,0.9,2.3635,1.19,2.176,0.9536278173488808,1.54980687060889
1893,0.0,0.45,0.55,0.0,0.15,0.85,2.3635,1.19,2.164,0.954509824633898,1.5775495732298948
1894,0.0,0.45,0.55,0.0,0.2,0.8,2.3635,1.19,2.152,0.9553981659030087,1.5775495732298948
1895,0.0,0.45,0.55,0.0,0.25,0.75,2.3635,1.19,2.14,0.9562929096317168,1.587887216072947
1896,0.0,0.45,0.55,0.0,0.3,0.7,2.3635,1.19,2.128,0.9571941252861296,1.6603808807582232
1910,0.0,0.45,0.55,0.05,0.0,0.95,2.3635,1.19,2.1805,0.9532986837892516,1.5172581223279644
1911,0.0,0.45,0.55,0.05,0.05,0.9,2.3635,1.19,2.1685000000000003,0.9541783332849288,1.5204660850208724
1912,0.0,0.45,0.55,0.05,0.1,0.85,2.3635,1.19,2.1565000000000003,0.9550642913381726,1.54980687060889
1913,0.0,0.45,0.55,0.05,0.15,0.8,2.3635,1.19,2.1445000000000003,0.9559566260575668,1.5775495732298948
1914,0.0,0.45,0.55,0.05,0.2,0.75,2.3635,1.19,2.1325000000000003,0.956855406535656,1.587887216072947
1915,0.0,0.45,0.55,0.05,0.25,0.7,2.3635,1.19,2.1205,0.9577607028667812,1.6505625203162277
1929,0.0,0.45,0.55,0.1,0.0,0.9,2.3635,1.19,2.161,0.954731313482105,1.5198333640905444
1930,0.0,0.45,0.55,0.1,0.05,0.85,2.3635,1.19,2.149,0.9556212489081448,1.5204660850208724
1931,0.0,0.45,0.55,0.1,0.1,0.8,2.3635,1.19,2.1370000000000005,0.956517604066744,1.5513708699883302
1932,0.0,0.45,0.55,0.1,0.15,0.75,2.3635,1.19,2.125,0.957420448674455,1.600727735568009
1933,0.0,0.45,0.55,0.1,0.2,0.7,2.3635,1.19,2.113,0.9583298534609688,1.6505625203162277
1934,0.0,0.45,0.55,0.1,0.25,0.65,2.3635,1.19,2.101,0.9592458901875848,1.6612504774381065
1947,0.0,0.45,0.55,0.15,0.0,0.85,2.3635,1.19,2.1415,0.9561807141664106,1.5213973634699844
1948,0.0,0.45,0.55,0.15,0.05,0.8,2.3635,1.19,2.1295,0.9570811169968844,1.5348706038953746
1949,0.0,0.45,0.55,0.15,0.1,0.75,2.3635,1.19,2.1175,0.957988053362636,1.622819817695223
1950,0.0,0.45,0.55,0.15,0.15,0.7,2.3635,1.19,2.1055,0.958901594635922,1.6612504774381065
1951,0.0,0.45,0.55,0.15,0.2,0.65,2.3635,1.19,2.0935,0.9598218132323564,1.6751131837839601
1952,0.0,0.45,0.55,0.15,0.25,0.6,2.3635,1.19,2.0815,0.9607487826300484,1.6767371658611674
1964,0.0,0.45,0.55,0.2,0.0,0.8,2.3635,1.19,2.1220000000000003,0.9576471820689186,1.5840726677132653
1965,0.0,0.45,0.55,0.2,0.05,0.75,2.3635,1.19,2.1100000000000003,0.9585582380721274,1.6041669892290842
1966,0.0,0.45,0.55,0.2,0.1,0.7,2.3635,1.19,2.098,0.959475944119155,1.6335077748171019
1967,0.0,0.45,0.55,0.2,0.15,0.65,2.3635,1.19,2.0860000000000003,0.9604003732874062,1.6751131837839601
1968,0.0,0.45,0.55,0.2,0.2,0.6,2.3635,1.19,2.074,0.9613315997289535,1.6767371658611674
1980,0.0,0.45,0.55,0.25,0.0,0.75,2.3635,1.19,2.1025,0.9591310204340536,1.6035342682987561
1981,0.0,0.45,0.55,0.25,0.05,0.7,2.3635,1.19,2.0905,0.9600529198002996,1.614661611988619
1982,0.0,0.45,0.55,0.25,0.1,0.65,2.3635,1.19,2.0785,0.9609815885056276,1.645626379653844
1995,0.0,0.45,0.55,0.3,0.0,0.7,2.3635,1.19,2.083,0.9606325397329616,1.6156528731354982
1996,0.0,0.45,0.55,0.3,0.05,0.65,2.3635,1.19,2.071,0.9615654772069134,1.6162855940658263
1997,0.0,0.45,0.55,0.3,0.1,0.6,2.3635,1.19,2.059,0.9625053061857514,1.672880163530858
2009,0.0,0.45,0.55,0.35,0.0,0.65,2.3635,1.19,2.0635000000000003,0.9621520578800816,1.6429066570125124
2010,0.0,0.45,0.55,0.35,0.05,0.6,2.3635,1.19,2.0515,0.96309623289792,1.6435393779428404
2101,0.0,0.5,0.5,0.0,0.05,0.95,2.345,1.19,2.188,0.948879526086033,1.5042054625695336
2102,0.0,0.5,0.5,0.0,0.1,0.9,2.345,1.19,2.176,0.9497414610054608,1.5361214899201312
2103,0.0,0.5,0.5,0.0,0.15,0.85,2.345,1.19,2.164,0.9506095636166196,1.563864192541136
2104,0.0,0.5,0.5,0.0,0.2,0.8,2.345,1.19,2.152,0.9514839003578408,1.563864192541136
2105,0.0,0.5,0.5,0.0,0.25,0.75,2.345,1.19,2.14,0.9523645386251246,1.574201835384188
2106,0.0,0.5,0.5,0.0,0.3,0.7,2.345,1.19,2.128,0.9532515467894594,1.6466955000694643
2120,0.0,0.5,0.5,0.05,0.0,0.95,2.345,1.19,2.1805,0.9494175161725916,1.5035727416392057
2121,0.0,0.5,0.5,0.05,0.05,0.9,2.345,1.19,2.1685000000000003,0.9502832981645026,1.5067807043321135
2122,0.0,0.5,0.5,0.05,0.1,0.85,2.345,1.19,2.1565000000000003,0.9511552892607928,1.5361214899201312
2123,0.0,0.5,0.5,0.05,0.15,0.8,2.345,1.19,2.1445000000000003,0.9520335564963276,1.563864192541136
2124,0.0,0.5,0.5,0.05,0.2,0.75,2.345,1.19,2.1325000000000003,0.9529181678744216,1.574201835384188
2125,0.0,0.5,0.5,0.05,0.25,0.7,2.345,1.19,2.1205,0.9538091923843912,1.6368771396274688
2139,0.0,0.5,0.5,0.1,0.0,0.9,2.345,1.19,2.161,0.9508275607360738,1.5061479834017857
2140,0.0,0.5,0.5,0.1,0.05,0.85,2.345,1.19,2.149,0.9517034665026488,1.5067807043321135
2141,0.0,0.5,0.5,0.1,0.1,0.8,2.345,1.19,2.1370000000000005,0.952585690795944,1.5376854892995713
2142,0.0,0.5,0.5,0.1,0.15,0.75,2.345,1.19,2.125,0.953474302233444,1.5870423548792503
2143,0.0,0.5,0.5,0.1,0.2,0.7,2.345,1.19,2.113,0.9543693704297996,1.6368771396274688
2144,0.0,0.5,0.5,0.1,0.25,0.65,2.345,1.19,2.101,0.9552709660150076,1.6475650967493478
2157,0.0,0.5,0.5,0.15,0.0,0.85,2.345,1.19,2.1415,0.9522541118995782,1.5077119827812258
2158,0.0,0.5,0.5,0.15,0.05,0.8,2.345,1.19,2.1295,0.953140320053986,1.5211852232066159
2159,0.0,0.5,0.5,0.15,0.1,0.75,2.345,1.19,2.1175,0.9540329587437546,1.6091344370064644
2160,0.0,0.5,0.5,0.15,0.15,0.7,2.345,1.19,2.1055,0.95493209821597,1.6475650967493478
2161,0.0,0.5,0.5,0.15,0.2,0.65,2.345,1.19,2.0935,0.9558378097446294,1.6614278030952012
2162,0.0,0.5,0.5,0.15,0.25,0.6,2.345,1.19,2.0815,0.9567501656494732,1.6630517851724087
2174,0.0,0.5,0.5,0.2,0.0,0.8,2.345,1.19,2.1220000000000003,0.9536974612198996,1.5703872870245066
2175,0.0,0.5,0.5,0.2,0.05,0.75,2.345,1.19,2.1100000000000003,0.954594154601839,1.5904816085403253
2176,0.0,0.5,0.5,0.2,0.1,0.7,2.345,1.19,2.098,0.955497393190946,1.619822394128343
2177,0.0,0.5,0.5,0.2,0.15,0.65,2.345,1.19,2.0860000000000003,0.9564072489125738,1.6614278030952012
2178,0.0,0.5,0.5,0.2,0.2,0.6,2.345,1.19,2.074,0.9573237947498018,1.6630517851724087
2190,0.0,0.5,0.5,0.25,0.0,0.75,2.345,1.19,2.1025,0.9551579071608716,1.5898488876099974
2191,0.0,0.5,0.5,0.25,0.05,0.7,2.345,1.19,2.0905,0.9560652729623323,1.6009762312998603
2192,0.0,0.5,0.5,0.25,0.1,0.65,2.345,1.19,2.0785,0.9569793013855568,1.631940998965085
2193,0.0,0.5,0.5,0.25,0.15,0.6,2.345,1.19,2.0665,0.957900066084586,1.6903055690494226
2205,0.0,0.5,0.5,0.3,0.0,0.7,2.345,1.19,2.083,0.9566357552991238,1.6019674924467395
2206,0.0,0.5,0.5,0.3,0.05,0.65,2.345,1.19,2.071,0.9575539851946624,1.6026002133770674
2207,0.0,0.5,0.5,0.3,0.1,0.6,2.345,1.19,2.059,0.9584789979518482,1.6591947828420994
2219,0.0,0.5,0.5,0.35,0.0,0.65,2.345,1.19,2.0635000000000003,0.9581313185372352,1.6292212763237535
2220,0.0,0.5,0.5,0.35,0.05,0.6,2.345,1.19,2.0515,0.9590606088189592,1.6298539972540818
2311,0.0,0.55,0.45,0.0,0.05,0.95,2.3265,1.19,2.188,0.9450069756266042,1.5159533433295553
2312,0.0,0.55,0.45,0.0,0.1,0.9,2.3265,1.19,2.176,0.945855104662041,1.5459540747279417
2313,0.0,0.55,0.45,0.0,0.15,0.85,2.3265,1.19,2.164,0.9467093025993416,1.5736967773489463
2314,0.0,0.55,0.45,0.0,0.2,0.8,2.3265,1.19,2.152,0.947569634812673,1.5736224992013466
2315,0.0,0.55,0.45,0.0,0.25,0.75,2.3265,1.19,2.14,0.9484361676185328,1.5839601420443987
2316,0.0,0.55,0.45,0.0,0.3,0.7,2.3265,1.19,2.128,0.9493089682927895,1.656453806729675
2330,0.0,0.55,0.45,0.05,0.0,0.95,2.3265,1.19,2.1805,0.9455363485559322,1.5153206223992273
2331,0.0,0.55,0.45,0.05,0.05,0.9,2.3265,1.19,2.1685000000000003,0.9463882630440766,1.5185285850921353
2332,0.0,0.55,0.45,0.05,0.1,0.85,2.3265,1.19,2.1565000000000003,0.9472462871834132,1.5459540747279417
2333,0.0,0.55,0.45,0.05,0.15,0.8,2.3265,1.19,2.1445000000000003,0.9481104869350888,1.5736224992013466
2334,0.0,0.55,0.45,0.05,0.2,0.75,2.3265,1.19,2.1325000000000003,0.9489809292131874,1.5839601420443987
2335,0.0,0.55,0.45,0.05,0.25,0.7,2.3265,1.19,2.1205,0.9498576819020016,1.6466354462876795
2349,0.0,0.55,0.45,0.1,0.0,0.9,2.3265,1.19,2.161,0.9469238079900424,1.5178958641618072
2350,0.0,0.55,0.45,0.1,0.05,0.85,2.3265,1.19,2.149,0.9477856840971528,1.5184543069445355
2351,0.0,0.55,0.45,0.1,0.1,0.8,2.3265,1.19,2.1370000000000005,0.9486537775251442,1.547443795959782
2352,0.0,0.55,0.45,0.1,0.15,0.75,2.3265,1.19,2.125,0.9495281557924332,1.5968006615394608
2353,0.0,0.55,0.45,0.1,0.2,0.7,2.3265,1.19,2.113,0.9504088873986308,1.6466354462876795
2354,0.0,0.55,0.45,0.1,0.25,0.65,2.3265,1.19,2.101,0.9512960418424306,1.6573234034095583
2367,0.0,0.55,0.45,0.15,0.0,0.85,2.3265,1.19,2.1415,0.948327509632746,1.5193855853936475
2368,0.0,0.55,0.45,0.15,0.05,0.8,2.3265,1.19,2.1295,0.9491995231110878,1.5328588258190377
2369,0.0,0.55,0.45,0.15,0.1,0.75,2.3265,1.19,2.1175,0.9500778641248728,1.618892743666675
2370,0.0,0.55,0.45,0.15,0.15,0.7,2.3265,1.19,2.1055,0.9509626017960184,1.6573234034095583
2371,0.0,0.55,0.45,0.15,0.2,0.65,2.3265,1.19,2.0935,0.9518538062569026,1.671186109755412
2372,0.0,0.55,0.45,0.15,0.25,0.6,2.3265,1.19,2.0815,0.9527515486688984,1.6728100918326192
2384,0.0,0.55,0.45,0.2,0.0,0.8,2.3265,1.19,2.1220000000000003,0.9497477403708808,1.5820608896369284
2385,0.0,0.55,0.45,0.2,0.05,0.75,2.3265,1.19,2.1100000000000003,0.950630071131551,1.6021552111527473
2386,0.0,0.55,0.45,0.2,0.1,0.7,2.3265,1.19,2.098,0.9515188422627372,1.6295807007885537
2387,0.0,0.55,0.45,0.2,0.15,0.65,2.3265,1.19,2.0860000000000003,0.9524141245377414,1.671186109755412
2388,0.0,0.55,0.45,0.2,0.2,0.6,2.3265,1.19,2.074,0.9533159897706502,1.6728100918326192
2400,0.0,0.55,0.45,0.25,0.0,0.75,2.3265,1.19,2.1025,0.95118479388769,1.6015224902224192
2401,0.0,0.55,0.45,0.25,0.05,0.7,2.3265,1.19,2.0905,0.9520776261243652,1.6126498339122821
2402,0.0,0.55,0.45,0.25,0.1,0.65,2.3265,1.19,2.0785,0.9529770142654864,1.6416993056252958
2415,0.0,0.55,0.45,0.3,0.0,0.7,2.3265,1.19,2.083,0.952638970865286,1.6136410950591613
2416,0.0,0.55,0.45,0.3,0.05,0.65,2.3265,1.19,2.071,0.9535424931824112,1.6142738159894894
2417,0.0,0.55,0.45,0.3,0.1,0.6,2.3265,1.19,2.059,0.9544526897179452,1.66895308950231
2429,0.0,0.55,0.45,0.35,0.0,0.65,2.3265,1.19,2.0635000000000003,0.9541105791943888,1.6408948789361755
2430,0.0,0.55,0.45,0.35,0.05,0.6,2.3265,1.19,2.0515,0.9550249847399984,1.6415275998665035
2521,0.0,0.6,0.4,0.0,0.05,0.95,2.308,1.19,2.188,0.941134425167175,1.5159533433295553
2522,0.0,0.6,0.4,0.0,0.1,0.9,2.308,1.19,2.176,0.9419687483186212,1.5459540747279417
2523,0.0,0.6,0.4,0.0,0.15,0.85,2.308,1.19,2.164,0.9428090415820632,1.5736967773489463
2524,0.0,0.6,0.4,0.0,0.2,0.8,2.308,1.19,2.152,0.943655369267505,1.5736967773489463
2525,0.0,0.6,0.4,0.0,0.25,0.75,2.308,1.19,2.14,0.944507796611941,1.5840344201919985
2526,0.0,0.6,0.4,0.0,0.3,0.7,2.308,1.19,2.128,0.9453663897961194,1.6565280848772748
2540,0.0,0.6,0.4,0.05,0.0,0.95,2.308,1.19,2.1805,0.9416551809392728,1.5153206223992273
2541,0.0,0.6,0.4,0.05,0.05,0.9,2.308,1.19,2.1685000000000003,0.9424932279236502,1.5185285850921353
2542,0.0,0.6,0.4,0.05,0.1,0.85,2.308,1.19,2.1565000000000003,0.9433372851060337,1.5459540747279417
2543,0.0,0.6,0.4,0.05,0.15,0.8,2.308,1.19,2.1445000000000003,0.94418741737385,1.5736967773489463
2544,0.0,0.6,0.4,0.05,0.2,0.75,2.308,1.19,2.1325000000000003,0.945043690551953,1.5840344201919985
2545,0.0,0.6,0.4,0.05,0.25,0.7,2.308,1.19,2.1205,0.945906171419612,1.6467097244352793
2559,0.0,0.6,0.4,0.1,0.0,0.9,2.308,1.19,2.161,0.9430200552440108,1.5178958641618072
2560,0.0,0.6,0.4,0.1,0.05,0.85,2.308,1.19,2.149,0.9438679016916568,1.5185285850921353
2561,0.0,0.6,0.4,0.1,0.1,0.8,2.308,1.19,2.1370000000000005,0.9447218642543443,1.5475180741073817
2562,0.0,0.6,0.4,0.1,0.15,0.75,2.308,1.19,2.125,0.9455820093514224,1.5968749396870605
2563,0.0,0.6,0.4,0.1,0.2,0.7,2.308,1.19,2.113,0.9464484043674618,1.6467097244352793
2564,0.0,0.6,0.4,0.1,0.25,0.65,2.308,1.19,2.101,0.9473211176698536,1.657397681557158
2577,0.0,0.6,0.4,0.15,0.0,0.85,2.308,1.19,2.1415,0.9444009073659142,1.5194598635412473
2578,0.0,0.6,0.4,0.15,0.05,0.8,2.308,1.19,2.1295,0.9452587261681892,1.5329331039666374
2579,0.0,0.6,0.4,0.15,0.1,0.75,2.308,1.19,2.1175,0.9461227695059912,1.6189670218142747
2580,0.0,0.6,0.4,0.15,0.15,0.7,2.308,1.19,2.1055,0.9469931053760664,1.657397681557158
2581,0.0,0.6,0.4,0.15,0.2,0.65,2.308,1.19,2.0935,0.947869802769176,1.671186109755412
2582,0.0,0.6,0.4,0.15,0.25,0.6,2.308,1.19,2.0815,0.9487529316883234,1.6728100918326192
2594,0.0,0.6,0.4,0.2,0.0,0.8,2.308,1.19,2.1220000000000003,0.9457980195218614,1.5821351677845281
2595,0.0,0.6,0.4,0.2,0.05,0.75,2.308,1.19,2.1100000000000003,0.9466659876612626,1.602229489300347
2596,0.0,0.6,0.4,0.2,0.1,0.7,2.308,1.19,2.098,0.947540291334528,1.6296549789361534
2597,0.0,0.6,0.4,0.2,0.15,0.65,2.308,1.19,2.0860000000000003,0.9484210001629088,1.671186109755412
2598,0.0,0.6,0.4,0.2,0.2,0.6,2.308,1.19,2.074,0.9493081847914984,1.6728100918326192
2610,0.0,0.6,0.4,0.25,0.0,0.75,2.308,1.19,2.1025,0.947211680614508,1.601596768370019
2611,0.0,0.6,0.4,0.25,0.05,0.7,2.308,1.19,2.0905,0.9480899792863984,1.6126498339122821
2612,0.0,0.6,0.4,0.25,0.1,0.65,2.308,1.19,2.0785,0.9489747271454156,1.6416993056252958
2625,0.0,0.6,0.4,0.3,0.0,0.7,2.308,1.19,2.083,0.9486421864314482,1.6136410950591613
2626,0.0,0.6,0.4,0.3,0.05,0.65,2.308,1.19,2.071,0.9495310011701598,1.6142738159894894
2627,0.0,0.6,0.4,0.3,0.1,0.6,2.308,1.19,2.059,0.950426381484042,1.66895308950231
2639,0.0,0.6,0.4,0.35,0.0,0.65,2.308,1.19,2.0635000000000003,0.950089839851542,1.6408948789361755
2640,0.0,0.6,0.4,0.35,0.05,0.6,2.308,1.19,2.0515,0.9509893606610376,1.6415275998665035
2731,0.0,0.65,0.35,0.0,0.05,0.95,2.2895,1.19,2.188,0.937261874707746,1.515594685248364
2732,0.0,0.65,0.35,0.0,0.1,0.9,2.2895,1.19,2.176,0.9380823919752016,1.5455954166467503
2733,0.0,0.65,0.35,0.0,0.15,0.85,2.2895,1.19,2.164,0.9389087805647852,1.573338119267755
2734,0.0,0.65,0.35,0.0,0.2,0.8,2.2895,1.19,2.152,0.9397411037223372,1.573338119267755
2735,0.0,0.65,0.35,0.0,0.25,0.75,2.2895,1.19,2.14,0.9405794256053488,1.583675762110807
2736,0.0,0.65,0.35,0.0,0.3,0.7,2.2895,1.19,2.128,0.9414238112994496,1.6561694267960834
2750,0.0,0.65,0.35,0.05,0.0,0.95,2.2895,1.19,2.1805,0.937774013322613,1.5149619643180359
2751,0.0,0.65,0.35,0.05,0.05,0.9,2.2895,1.19,2.1685000000000003,0.9385981928032242,1.5181699270109439
2752,0.0,0.65,0.35,0.05,0.1,0.85,2.2895,1.19,2.1565000000000003,0.9394282830286536,1.5455954166467503
2753,0.0,0.65,0.35,0.05,0.15,0.8,2.2895,1.19,2.1445000000000003,0.940264347812611,1.573338119267755
2754,0.0,0.65,0.35,0.05,0.2,0.75,2.2895,1.19,2.1325000000000003,0.9411064518907188,1.583675762110807
2755,0.0,0.65,0.35,0.05,0.25,0.7,2.2895,1.19,2.1205,0.9419546609372224,1.646351066354088
2769,0.0,0.65,0.35,0.1,0.0,0.9,2.2895,1.19,2.161,0.9391163024979796,1.5175372060806158
2770,0.0,0.65,0.35,0.1,0.05,0.85,2.2895,1.19,2.149,0.9399501192861608,1.5181699270109439
2771,0.0,0.65,0.35,0.1,0.1,0.8,2.2895,1.19,2.1370000000000005,0.9407899509835446,1.5471594160261903
2772,0.0,0.65,0.35,0.1,0.15,0.75,2.2895,1.19,2.125,0.9416358629104116,1.5965162816058691
2773,0.0,0.65,0.35,0.1,0.2,0.7,2.2895,1.19,2.113,0.9424879213362928,1.646351066354088
2774,0.0,0.65,0.35,0.1,0.25,0.65,2.2895,1.19,2.101,0.9433461934972764,1.6570390234759667
2787,0.0,0.65,0.35,0.15,0.0,0.85,2.2895,1.19,2.1415,0.940474305099082,1.519101205460056
2788,0.0,0.65,0.35,0.15,0.05,0.8,2.2895,1.19,2.1295,0.9413179292252912,1.532574445885446
2789,0.0,0.65,0.35,0.15,0.1,0.75,2.2895,1.19,2.1175,0.9421676748871094,1.6186083637330833
2790,0.0,0.65,0.35,0.15,0.15,0.7,2.2895,1.19,2.1055,0.9430236089561146,1.6570390234759667
2791,0.0,0.65,0.35,0.15,0.2,0.65,2.2895,1.19,2.0935,0.9438857992814488,1.6709017298218203
2792,0.0,0.65,0.35,0.15,0.25,0.6,2.2895,1.19,2.0815,0.9447543147077484,1.6725257118990275
2804,0.0,0.65,0.35,0.2,0.0,0.8,2.2895,1.19,2.1220000000000003,0.9418482986728424,1.5817765097033367
2805,0.0,0.65,0.35,0.2,0.05,0.75,2.2895,1.19,2.1100000000000003,0.9427019041909742,1.6018708312191556
2806,0.0,0.65,0.35,0.2,0.1,0.7,2.2895,1.19,2.098,0.9435617404063188,1.629296320854962
2807,0.0,0.65,0.35,0.2,0.15,0.65,2.2895,1.19,2.0860000000000003,0.9444278757880764,1.6709017298218203
2808,0.0,0.65,0.35,0.2,0.2,0.6,2.2895,1.19,2.074,0.9453003798123468,1.6725257118990275
2820,0.0,0.65,0.35,0.25,0.0,0.75,2.2895,1.19,2.1025,0.943238567341326,1.6012381102888276
2821,0.0,0.65,0.35,0.25,0.05,0.7,2.2895,1.19,2.0905,0.944102332448431,1.6123654539786905
2822,0.0,0.65,0.35,0.25,0.1,0.65,2.2895,1.19,2.0785,0.9449724400253448,1.641414925691704
2823,0.0,0.65,0.35,0.25,0.15,0.6,2.2895,1.19,2.0665,0.945848960186888,1.699705217628442
2835,0.0,0.65,0.35,0.3,0.0,0.7,2.2895,1.19,2.083,0.9446454019976104,1.6133567151255697
2836,0.0,0.65,0.35,0.3,0.05,0.65,2.2895,1.19,2.071,0.9455195091579086,1.6139894360558977
2837,0.0,0.65,0.35,0.3,0.1,0.6,2.2895,1.19,2.059,0.9464000732501388,1.6685944314211185
2849,0.0,0.65,0.35,0.35,0.0,0.65,2.2895,1.19,2.0635000000000003,0.9460691005086954,1.640536220854984
2850,0.0,0.65,0.35,0.35,0.05,0.6,2.2895,1.19,2.0515,0.9469537365820768,1.6411689417853121
2941,0.0,0.7,0.3,0.0,0.05,0.95,2.271,1.19,2.188,0.9333893242483172,1.515594685248364
2942,0.0,0.7,0.3,0.0,0.1,0.9,2.271,1.19,2.176,0.9341960356317814,1.5455954166467503
2943,0.0,0.7,0.3,0.0,0.15,0.85,2.271,1.19,2.164,0.935008519547507,1.573338119267755
2944,0.0,0.7,0.3,0.0,0.2,0.8,2.271,1.19,2.152,0.9358268381771692,1.573338119267755
2945,0.0,0.7,0.3,0.0,0.25,0.75,2.271,1.19,2.14,0.936651054598757,1.583675762110807
2946,0.0,0.7,0.3,0.0,0.3,0.7,2.271,1.19,2.128,0.9374812328027796,1.6561694267960834
2960,0.0,0.7,0.3,0.05,0.0,0.95,2.271,1.19,2.1805,0.9338928457059534,1.5149619643180359
2961,0.0,0.7,0.3,0.05,0.05,0.9,2.271,1.19,2.1685000000000003,0.934703157682798,1.5181699270109439
2962,0.0,0.7,0.3,0.05,0.1,0.85,2.271,1.19,2.1565000000000003,0.935519280951274,1.5455954166467503
2963,0.0,0.7,0.3,0.05,0.15,0.8,2.271,1.19,2.1445000000000003,0.936341278251372,1.573338119267755
2964,0.0,0.7,0.3,0.05,0.2,0.75,2.271,1.19,2.1325000000000003,0.9371692132294844,1.583675762110807
2965,0.0,0.7,0.3,0.05,0.25,0.7,2.271,1.19,2.1205,0.9380031504548326,1.646351066354088
2979,0.0,0.7,0.3,0.1,0.0,0.9,2.271,1.19,2.161,0.9352125497519482,1.5175372060806158
2980,0.0,0.7,0.3,0.1,0.05,0.85,2.271,1.19,2.149,0.9360323368806648,1.5181699270109439
2981,0.0,0.7,0.3,0.1,0.1,0.8,2.271,1.19,2.1370000000000005,0.9368580377127445,1.5471594160261903
2982,0.0,0.7,0.3,0.1,0.15,0.75,2.271,1.19,2.125,0.9376897164694004,1.5965162816058691
2983,0.0,0.7,0.3,0.1,0.2,0.7,2.271,1.19,2.113,0.938527438305124,1.646351066354088
2984,0.0,0.7,0.3,0.1,0.25,0.65,2.271,1.19,2.101,0.9393712693246994,1.6570390234759667
2997,0.0,0.7,0.3,0.15,0.0,0.85,2.271,1.19,2.1415,0.93654770283225,1.519101205460056
2998,0.0,0.7,0.3,0.15,0.05,0.8,2.271,1.19,2.1295,0.9373771322823924,1.532574445885446
2999,0.0,0.7,0.3,0.15,0.1,0.75,2.271,1.19,2.1175,0.938212580268228,1.6186083637330833
3000,0.0,0.7,0.3,0.15,0.15,0.7,2.271,1.19,2.1055,0.939054112536163,1.6570390234759667
3001,0.0,0.7,0.3,0.15,0.2,0.65,2.271,1.19,2.0935,0.939901795793722,1.6709017298218203
3002,0.0,0.7,0.3,0.15,0.25,0.6,2.271,1.19,2.0815,0.9407556977271736,1.6725257118990275
3014,0.0,0.7,0.3,0.2,0.0,0.8,2.271,1.19,2.1220000000000003,0.9378985778238236,1.5817765097033367
3015,0.0,0.7,0.3,0.2,0.05,0.75,2.271,1.19,2.1100000000000003,0.938737820720686,1.6018708312191556
3016,0.0,0.7,0.3,0.2,0.1,0.7,2.271,1.19,2.098,0.93958318947811,1.629296320854962
3017,0.0,0.7,0.3,0.2,0.15,0.65,2.271,1.19,2.0860000000000003,0.940434751413244,1.6709017298218203
3018,0.0,0.7,0.3,0.2,0.2,0.6,2.271,1.19,2.074,0.9412925748331952,1.6725257118990275
3030,0.0,0.7,0.3,0.25,0.0,0.75,2.271,1.19,2.1025,0.9392654540681444,1.6012381102888276
3031,0.0,0.7,0.3,0.25,0.05,0.7,2.271,1.19,2.0905,0.940114685610464,1.6123654539786905
3032,0.0,0.7,0.3,0.25,0.1,0.65,2.271,1.19,2.0785,0.940970152905274,1.641414925691704
3033,0.0,0.7,0.3,0.25,0.15,0.6,2.271,1.19,2.0665,0.9418319248876554,1.699705217628442
3045,0.0,0.7,0.3,0.3,0.0,0.7,2.271,1.19,2.083,0.9406486175637726,1.6133567151255697
3046,0.0,0.7,0.3,0.3,0.05,0.65,2.271,1.19,2.071,0.9415080171456576,1.6139894360558977
3047,0.0,0.7,0.3,0.3,0.1,0.6,2.271,1.19,2.059,0.9423737650162358,1.6685944314211185
3059,0.0,0.7,0.3,0.35,0.0,0.65,2.271,1.19,2.0635000000000003,0.942048361165849,1.640536220854984
3060,0.0,0.7,0.3,0.35,0.05,0.6,2.271,1.19,2.0515,0.9429181125031164,1.6411689417853121
3150,0.0,0.75,0.25,0.0,0.0,1.0,2.2525,1.19,2.2,0.9287294817796764,1.5015063958584023
3151,0.0,0.75,0.25,0.0,0.05,0.95,2.2525,1.19,2.188,0.9295167737888882,1.5203808394866538
3152,0.0,0.75,0.25,0.0,0.1,0.9,2.2525,1.19,2.176,0.9303096792883616,1.5455954166467503
3153,0.0,0.75,0.25,0.0,0.15,0.85,2.2525,1.19,2.164,0.9311082585302286,1.573338119267755
3154,0.0,0.75,0.25,0.0,0.2,0.8,2.2525,1.19,2.152,0.9319125726320014,1.573338119267755
3155,0.0,0.75,0.25,0.0,0.25,0.75,2.2525,1.19,2.14,0.9327226835921651,1.583675762110807
3156,0.0,0.75,0.25,0.0,0.3,0.7,2.2525,1.19,2.128,0.9335386543061094,1.6561694267960834
3170,0.0,0.75,0.25,0.05,0.0,0.95,2.2525,1.19,2.1805,0.930011678089294,1.5197481185563257
3171,0.0,0.75,0.25,0.05,0.05,0.9,2.2525,1.19,2.1685000000000003,0.930808122562372,1.5181699270109439
3172,0.0,0.75,0.25,0.05,0.1,0.85,2.2525,1.19,2.1565000000000003,0.9316102788738944,1.5455954166467503
3173,0.0,0.75,0.25,0.05,0.15,0.8,2.2525,1.19,2.1445000000000003,0.9324182086901333,1.573338119267755
3174,0.0,0.75,0.25,0.05,0.2,0.75,2.2525,1.19,2.1325000000000003,0.93323197456825,1.583675762110807
3175,0.0,0.75,0.25,0.05,0.25,0.7,2.2525,1.19,2.1205,0.9340516399724428,1.646351066354088
3189,0.0,0.75,0.25,0.1,0.0,0.9,2.2525,1.19,2.161,0.9313087970059168,1.5175372060806158
3190,0.0,0.75,0.25,0.1,0.05,0.85,2.2525,1.19,2.149,0.9321145544751688,1.5181699270109439
3191,0.0,0.75,0.25,0.1,0.1,0.8,2.2525,1.19,2.1370000000000005,0.9329261244419446,1.5471594160261903
3192,0.0,0.75,0.25,0.1,0.15,0.75,2.2525,1.19,2.125,0.9337435700283896,1.5965162816058691
3193,0.0,0.75,0.25,0.1,0.2,0.7,2.2525,1.19,2.113,0.9345669552739548,1.646351066354088
3194,0.0,0.75,0.25,0.1,0.25,0.65,2.2525,1.19,2.101,0.9353963451521224,1.6570390234759667
3207,0.0,0.75,0.25,0.15,0.0,0.85,2.2525,1.19,2.1415,0.932621100565418,1.519101205460056
3208,0.0,0.75,0.25,0.15,0.05,0.8,2.2525,1.19,2.1295,0.933436335339494,1.532574445885446
3209,0.0,0.75,0.25,0.15,0.1,0.75,2.2525,1.19,2.1175,0.9342574856493462,1.6186083637330833
3210,0.0,0.75,0.25,0.15,0.15,0.7,2.2525,1.19,2.1055,0.9350846161162112,1.6570390234759667
3211,0.0,0.75,0.25,0.15,0.2,0.65,2.2525,1.19,2.0935,0.9359177923059953,1.6709017298218203
3212,0.0,0.75,0.25,0.15,0.25,0.6,2.2525,1.19,2.0815,0.9367570807465984,1.6725257118990275
3224,0.0,0.75,0.25,0.2,0.0,0.8,2.2525,1.19,2.1220000000000003,0.9339488569748045,1.5817765097033367
3225,0.0,0.75,0.25,0.2,0.05,0.75,2.2525,1.19,2.1100000000000003,0.934773737250398,1.6018708312191556
3226,0.0,0.75,0.25,0.2,0.1,0.7,2.2525,1.19,2.098,0.9356046385499012,1.629296320854962
3227,0.0,0.75,0.25,0.2,0.15,0.65,2.2525,1.19,2.0860000000000003,0.9364416270384114,1.6709017298218203
3228,0.0,0.75,0.25,0.2,0.2,0.6,2.2525,1.19,2.074,0.9372847698540432,1.6725257118990275
3240,0.0,0.75,0.25,0.25,0.0,0.75,2.2525,1.19,2.1025,0.9352923407949628,1.6012381102888276
3241,0.0,0.75,0.25,0.25,0.05,0.7,2.2525,1.19,2.0905,0.9361270387724968,1.6123654539786905
3242,0.0,0.75,0.25,0.25,0.1,0.65,2.2525,1.19,2.0785,0.9369678657852032,1.641414925691704
3243,0.0,0.75,0.25,0.25,0.15,0.6,2.2525,1.19,2.0665,0.9378148895884226,1.699705217628442
3255,0.0,0.75,0.25,0.3,0.0,0.7,2.2525,1.19,2.083,0.9366518331299348,1.6133567151255697
3256,0.0,0.75,0.25,0.3,0.05,0.65,2.2525,1.19,2.071,0.9374965251334064,1.6139894360558977
3257,0.0,0.75,0.25,0.3,0.1,0.6,2.2525,1.19,2.059,0.938347456782333,1.6685944314211185
3269,0.0,0.75,0.25,0.35,0.0,0.65,2.2525,1.19,2.0635000000000003,0.9380276218230026,1.640536220854984
3270,0.0,0.75,0.25,0.35,0.05,0.6,2.2525,1.19,2.0515,0.9388824884241556,1.6411689417853121
3360,0.0,0.8,0.2,0.0,0.0,1.0,2.234,1.19,2.2,0.9248706394634666,1.520154073617236
3361,0.0,0.8,0.2,0.0,0.05,0.95,2.234,1.19,2.188,0.9256442233294592,1.5298924895827133
3362,0.0,0.8,0.2,0.0,0.1,0.9,2.234,1.19,2.176,0.926423322944942,1.5577630630645107
3363,0.0,0.8,0.2,0.0,0.15,0.85,2.234,1.19,2.164,0.9272079975129504,1.5821424184553592
3364,0.0,0.8,0.2,0.0,0.2,0.8,2.234,1.19,2.152,0.9279983070868334,1.5821424184553592
3365,0.0,0.8,0.2,0.0,0.25,0.75,2.234,1.19,2.14,0.9287943125855732,1.5924800612984114
3366,0.0,0.8,0.2,0.0,0.3,0.7,2.234,1.19,2.128,0.9295960758094396,1.6649737259836876
3380,0.0,0.8,0.2,0.05,0.0,0.95,2.234,1.19,2.1805,0.9261305104726344,1.5292597686523852
3381,0.0,0.8,0.2,0.05,0.05,0.9,2.234,1.19,2.1685000000000003,0.9269130874419458,1.527943774974486
3382,0.0,0.8,0.2,0.05,0.1,0.85,2.234,1.19,2.1565000000000003,0.9277012767965148,1.5553692646102923
3383,0.0,0.8,0.2,0.05,0.15,0.8,2.234,1.19,2.1445000000000003,0.9284951391288944,1.5821424184553592
3384,0.0,0.8,0.2,0.05,0.2,0.75,2.234,1.19,2.1325000000000003,0.9292947359070156,1.5924800612984114
3385,0.0,0.8,0.2,0.05,0.25,0.7,2.234,1.19,2.1205,0.9301001294900532,1.6551553655416922
3399,0.0,0.8,0.2,0.1,0.0,0.9,2.234,1.19,2.161,0.9274050442598852,1.527311054044158
3400,0.0,0.8,0.2,0.1,0.05,0.85,2.234,1.19,2.149,0.9281967720696728,1.527943774974486
3401,0.0,0.8,0.2,0.1,0.1,0.8,2.234,1.19,2.1370000000000005,0.9289942111711448,1.5569332639897324
3402,0.0,0.8,0.2,0.1,0.15,0.75,2.234,1.19,2.125,0.9297974235873788,1.6053205807934734
3403,0.0,0.8,0.2,0.1,0.2,0.7,2.234,1.19,2.113,0.9306064722427858,1.6503692113034023
3404,0.0,0.8,0.2,0.1,0.25,0.65,2.234,1.19,2.101,0.9314214209795452,1.661057168425281
3417,0.0,0.8,0.2,0.15,0.0,0.85,2.234,1.19,2.1415,0.928694498298586,1.528875053423598
3418,0.0,0.8,0.2,0.15,0.05,0.8,2.234,1.19,2.1295,0.9294955383965958,1.542348293848988
3419,0.0,0.8,0.2,0.15,0.1,0.75,2.234,1.19,2.1175,0.9303023910304644,1.6235960574583355
3420,0.0,0.8,0.2,0.15,0.15,0.7,2.234,1.19,2.1055,0.9311151196962594,1.661057168425281
3421,0.0,0.8,0.2,0.15,0.2,0.65,2.234,1.19,2.0935,0.9319337888182684,1.6749198747711347
3422,0.0,0.8,0.2,0.15,0.25,0.6,2.234,1.19,2.0815,0.9327584637660234,1.676543856848342
3434,0.0,0.8,0.2,0.2,0.0,0.8,2.234,1.19,2.1220000000000003,0.9299991361257852,1.5915503576668788
3435,0.0,0.8,0.2,0.2,0.05,0.75,2.234,1.19,2.1100000000000003,0.9308096537801096,1.6068585249444078
3436,0.0,0.8,0.2,0.2,0.1,0.7,2.234,1.19,2.098,0.9316260876216922,1.6342840145802142
3437,0.0,0.8,0.2,0.2,0.15,0.65,2.234,1.19,2.0860000000000003,0.932448502663579,1.6749198747711347
3438,0.0,0.8,0.2,0.2,0.2,0.6,2.234,1.19,2.074,0.9332769648748916,1.676543856848342
3450,0.0,0.8,0.2,0.25,0.0,0.75,2.234,1.19,2.1025,0.9313192275217808,1.6062258040140798
3451,0.0,0.8,0.2,0.25,0.05,0.7,2.234,1.19,2.0905,0.9321393919345298,1.6173531477039427
3452,0.0,0.8,0.2,0.25,0.1,0.65,2.234,1.19,2.0785,0.9329655786651326,1.6464026194169563
3465,0.0,0.8,0.2,0.3,0.0,0.7,2.234,1.19,2.083,0.932655048696097,1.6183444088508219
3466,0.0,0.8,0.2,0.3,0.05,0.65,2.234,1.19,2.071,0.933485033121155,1.61897712978115
3467,0.0,0.8,0.2,0.3,0.1,0.6,2.234,1.19,2.059,0.9343211485484296,1.6722987922575412
3479,0.0,0.8,0.2,0.35,0.0,0.65,2.234,1.19,2.0635000000000003,0.934006882480156,1.6442405816914067
3480,0.0,0.8,0.2,0.35,0.05,0.6,2.234,1.19,2.0515,0.9348468643451948,1.6448733026217348
3570,0.0,0.85,0.15,0.0,0.0,1.0,2.2155,1.19,2.2,0.9210117971472568,1.520154073617236
3571,0.0,0.85,0.15,0.0,0.05,0.95,2.2155,1.19,2.188,0.92177167287003,1.5298924895827133
3572,0.0,0.85,0.15,0.0,0.1,0.9,2.2155,1.19,2.176,0.9225369666015222,1.5577630630645107
3573,0.0,0.85,0.15,0.0,0.15,0.85,2.2155,1.19,2.164,0.9233077364956722,1.5833812556508482
3574,0.0,0.85,0.15,0.0,0.2,0.8,2.2155,1.19,2.152,0.9240840415416656,1.5833812556508482
3575,0.0,0.85,0.15,0.0,0.25,0.75,2.2155,1.19,2.14,0.9248659415789812,1.5937188984939004
3576,0.0,0.85,0.15,0.0,0.3,0.7,2.2155,1.19,2.128,0.9256534973127696,1.6662125631791767
3590,0.0,0.85,0.15,0.05,0.0,0.95,2.2155,1.19,2.1805,0.9222493428559748,1.5292597686523852
3591,0.0,0.85,0.15,0.05,0.05,0.9,2.2155,1.19,2.1685000000000003,0.9230180523215198,1.529182612169975
3592,0.0,0.85,0.15,0.05,0.1,0.85,2.2155,1.19,2.1565000000000003,0.923792274719135,1.5566081018057814
3593,0.0,0.85,0.15,0.05,0.15,0.8,2.2155,1.19,2.1445000000000003,0.9245720695676554,1.5833812556508482
3594,0.0,0.85,0.15,0.05,0.2,0.75,2.2155,1.19,2.1325000000000003,0.9253574972457814,1.5937188984939004
3595,0.0,0.85,0.15,0.05,0.25,0.7,2.2155,1.19,2.1205,0.9261486190076637,1.6563942027371812
3609,0.0,0.85,0.15,0.1,0.0,0.9,2.2155,1.19,2.161,0.9235012915138542,1.528549891239647
3610,0.0,0.85,0.15,0.1,0.05,0.85,2.2155,1.19,2.149,0.9242789896641768,1.529182612169975
3611,0.0,0.85,0.15,0.1,0.1,0.8,2.2155,1.19,2.1370000000000005,0.9250622979003452,1.5581721011852214
3612,0.0,0.85,0.15,0.1,0.15,0.75,2.2155,1.19,2.125,0.925851277146368,1.6065594179889624
3613,0.0,0.85,0.15,0.1,0.2,0.7,2.2155,1.19,2.113,0.9266459892116168,1.6551553655416922
3614,0.0,0.85,0.15,0.1,0.25,0.65,2.2155,1.19,2.101,0.927446496806968,1.665843322663571
3627,0.0,0.85,0.15,0.15,0.0,0.85,2.2155,1.19,2.1415,0.9247678960317536,1.530113890619087
3628,0.0,0.85,0.15,0.15,0.05,0.8,2.2155,1.19,2.1295,0.9255547414536976,1.543587131044477
3629,0.0,0.85,0.15,0.15,0.1,0.75,2.2155,1.19,2.1175,0.9263472964115828,1.6296210488921143
3630,0.0,0.85,0.15,0.15,0.15,0.7,2.2155,1.19,2.1055,0.9271456232763076,1.665843322663571
3631,0.0,0.85,0.15,0.15,0.2,0.65,2.2155,1.19,2.0935,0.9279497853305416,1.6775482436924085
3632,0.0,0.85,0.15,0.15,0.25,0.6,2.2155,1.19,2.0815,0.9287598467854484,1.6791722257696158
3644,0.0,0.85,0.15,0.2,0.0,0.8,2.2155,1.19,2.1220000000000003,0.9260494152767662,1.5927891948623678
3645,0.0,0.85,0.15,0.2,0.05,0.75,2.2155,1.19,2.1100000000000003,0.9268455703098216,1.6116446791826977
3646,0.0,0.85,0.15,0.2,0.1,0.7,2.2155,1.19,2.098,0.9276475366934832,1.639070168818504
3647,0.0,0.85,0.15,0.2,0.15,0.65,2.2155,1.19,2.0860000000000003,0.9284553782887468,1.6775482436924085
3648,0.0,0.85,0.15,0.2,0.2,0.6,2.2155,1.19,2.074,0.92926915989574,1.6791722257696158
3660,0.0,0.85,0.15,0.25,0.0,0.75,2.2155,1.19,2.1025,0.9273461142485988,1.6110119582523696
3661,0.0,0.85,0.15,0.25,0.05,0.7,2.2155,1.19,2.0905,0.9281517450965626,1.6199815166252165
3662,0.0,0.85,0.15,0.25,0.1,0.65,2.2155,1.19,2.0785,0.928963291545062,1.6490309883382301
3675,0.0,0.85,0.15,0.3,0.0,0.7,2.2155,1.19,2.083,0.9286582642622592,1.6209727777720957
3676,0.0,0.85,0.15,0.3,0.05,0.65,2.2155,1.19,2.071,0.929473541108904,1.6216054987024238
3677,0.0,0.85,0.15,0.3,0.1,0.6,2.2155,1.19,2.059,0.9302948403145266,1.6722987922575412
3689,0.0,0.85,0.15,0.35,0.0,0.65,2.2155,1.19,2.0635000000000003,0.9299861431373097,1.6442405816914067
3690,0.0,0.85,0.15,0.35,0.05,0.6,2.2155,1.19,2.0515,0.9308112402662342,1.6448733026217348
3780,0.0,0.9,0.1,0.0,0.0,1.0,2.197,1.19,2.2,0.917152954831047,1.5097504695996953
3781,0.0,0.9,0.1,0.0,0.05,0.95,2.197,1.19,2.188,0.9178991224106012,1.5256788193450177
3782,0.0,0.9,0.1,0.0,0.1,0.9,2.197,1.19,2.176,0.9186506102581022,1.5546127180730531
3783,0.0,0.9,0.1,0.0,0.15,0.85,2.197,1.19,2.164,0.919407475478394,1.58138587191812
3784,0.0,0.9,0.1,0.0,0.2,0.8,2.197,1.19,2.152,0.9201697759964976,1.58138587191812
3785,0.0,0.9,0.1,0.0,0.25,0.75,2.197,1.19,2.14,0.9209375705723892,1.5917235147611721
3786,0.0,0.9,0.1,0.0,0.3,0.7,2.197,1.19,2.128,0.9217109188160992,1.6642171794464484
3800,0.0,0.9,0.1,0.05,0.0,0.95,2.197,1.19,2.1805,0.918368175239315,1.5250460984146896
3801,0.0,0.9,0.1,0.05,0.05,0.9,2.197,1.19,2.1685000000000003,0.9191230172010938,1.5271872284372467
3802,0.0,0.9,0.1,0.05,0.1,0.85,2.197,1.19,2.1565000000000003,0.9198832726417554,1.5546127180730531
3803,0.0,0.9,0.1,0.05,0.15,0.8,2.197,1.19,2.1445000000000003,0.9206490000064164,1.58138587191812
3804,0.0,0.9,0.1,0.05,0.2,0.75,2.197,1.19,2.1325000000000003,0.9214202585845468,1.5917235147611721
3805,0.0,0.9,0.1,0.05,0.25,0.7,2.197,1.19,2.1205,0.9221971085252738,1.654398819004453
3819,0.0,0.9,0.1,0.1,0.0,0.9,2.197,1.19,2.161,0.9195975387678228,1.5265545075069187
3820,0.0,0.9,0.1,0.1,0.05,0.85,2.197,1.19,2.149,0.920361207258681,1.5271872284372467
3821,0.0,0.9,0.1,0.1,0.1,0.8,2.197,1.19,2.1370000000000005,0.9211303846295452,1.5561767174524932
3822,0.0,0.9,0.1,0.1,0.15,0.75,2.197,1.19,2.125,0.921905130705357,1.6045640342562342
3823,0.0,0.9,0.1,0.1,0.2,0.7,2.197,1.19,2.113,0.922685506180448,1.654398819004453
3824,0.0,0.9,0.1,0.1,0.25,0.65,2.197,1.19,2.101,0.9234715726343912,1.6650867761263317
3837,0.0,0.9,0.1,0.15,0.0,0.85,2.197,1.19,2.1415,0.9208412937649214,1.5281185068863588
3838,0.0,0.9,0.1,0.15,0.05,0.8,2.197,1.19,2.1295,0.9216139445107993,1.5415917473117489
3839,0.0,0.9,0.1,0.15,0.1,0.75,2.197,1.19,2.1175,0.9223922017927012,1.6276256651593861
3840,0.0,0.9,0.1,0.15,0.15,0.7,2.197,1.19,2.1055,0.923176126856356,1.6650867761263317
3841,0.0,0.9,0.1,0.15,0.2,0.65,2.197,1.19,2.0935,0.9239657818428146,1.6767916971551693
3842,0.0,0.9,0.1,0.15,0.25,0.6,2.197,1.19,2.0815,0.9247612298048734,1.6784156792323766
3854,0.0,0.9,0.1,0.2,0.0,0.8,2.197,1.19,2.1220000000000003,0.9220996944277472,1.5907938111296396
3855,0.0,0.9,0.1,0.2,0.05,0.75,2.197,1.19,2.1100000000000003,0.9228814868395334,1.6108881326454585
3856,0.0,0.9,0.1,0.2,0.1,0.7,2.197,1.19,2.098,0.9236689857652742,1.6383136222812649
3857,0.0,0.9,0.1,0.2,0.15,0.65,2.197,1.19,2.0860000000000003,0.924462253913914,1.6767916971551693
3858,0.0,0.9,0.1,0.2,0.2,0.6,2.197,1.19,2.074,0.9252613549165885,1.6784156792323766
3870,0.0,0.9,0.1,0.25,0.0,0.75,2.197,1.19,2.1025,0.9233730009754172,1.6102554117151304
3871,0.0,0.9,0.1,0.25,0.05,0.7,2.197,1.19,2.0905,0.9241640982585952,1.6192249700879773
3872,0.0,0.9,0.1,0.25,0.1,0.65,2.197,1.19,2.0785,0.9249610044249912,1.648274441800991
3885,0.0,0.9,0.1,0.3,0.0,0.7,2.197,1.19,2.083,0.9246614798284216,1.6202162312348565
3886,0.0,0.9,0.1,0.3,0.05,0.65,2.197,1.19,2.071,0.9254620490966528,1.6208489521651845
3887,0.0,0.9,0.1,0.3,0.1,0.6,2.197,1.19,2.059,0.9262685320806237,1.671542245720302
3899,0.0,0.9,0.1,0.35,0.0,0.65,2.197,1.19,2.0635000000000003,0.9259654037944632,1.6434840351541675
3900,0.0,0.9,0.1,0.35,0.05,0.6,2.197,1.19,2.0515,0.9267756161872736,1.6437685936324906
3990,0.0,0.95,0.05,0.0,0.0,1.0,2.1785,1.19,2.2,0.9132941125148372,1.5621419548399322
3991,0.0,0.95,0.05,0.0,0.05,0.95,2.1785,1.19,2.188,0.9140265719511722,1.570347915576831
3992,0.0,0.95,0.05,0.0,0.1,0.9,2.1785,1.19,2.176,0.9147642539146824,1.590966009711899
3993,0.0,0.95,0.05,0.0,0.15,0.85,2.1785,1.19,2.164,0.9155072144611158,1.61160839153159
3994,0.0,0.95,0.05,0.0,0.2,0.8,2.1785,1.19,2.152,0.9162555104513298,1.61160839153159
3995,0.0,0.95,0.05,0.0,0.25,0.75,2.1785,1.19,2.14,0.9170091995657974,1.6177283955857076
3996,0.0,0.95,0.05,0.0,0.3,0.7,2.1785,1.19,2.128,0.9177683403194292,1.668829681803058
4010,0.0,0.95,0.05,0.05,0.0,0.95,2.1785,1.19,2.1805,0.9144870076226556,1.5603325573831845
4011,0.0,0.95,0.05,0.05,0.05,0.9,2.1785,1.19,2.1685000000000003,0.9152279820806676,1.5635405200760926
4012,0.0,0.95,0.05,0.05,0.1,0.85,2.1785,1.19,2.1565000000000003,0.915974270564376,1.590966009711899
4013,0.0,0.95,0.05,0.05,0.15,0.8,2.1785,1.19,2.1445000000000003,0.9167259304451776,1.61160839153159
4014,0.0,0.95,0.05,0.05,0.2,0.75,2.1785,1.19,2.1325000000000003,0.9174830199233126,1.6177283955857076
4015,0.0,0.95,0.05,0.05,0.25,0.7,2.1785,1.19,2.1205,0.918245598042884,1.676931851584875
4029,0.0,0.95,0.05,0.1,0.0,0.9,2.1785,1.19,2.161,0.9156937860217912,1.5629077991457645
4030,0.0,0.95,0.05,0.1,0.05,0.85,2.1785,1.19,2.149,0.916443424853185,1.5635405200760926
4031,0.0,0.95,0.05,0.1,0.1,0.8,2.1785,1.19,2.1370000000000005,0.9171984713587452,1.5920499672317574
4032,0.0,0.95,0.05,0.1,0.15,0.75,2.1785,1.19,2.125,0.917958984264346,1.6270970668366562
4033,0.0,0.95,0.05,0.1,0.2,0.7,2.1785,1.19,2.113,0.9187250231492792,1.676931851584875
4034,0.0,0.95,0.05,0.1,0.25,0.65,2.1785,1.19,2.101,0.919496648461814,1.6876198087067538
4047,0.0,0.95,0.05,0.15,0.0,0.85,2.1785,1.19,2.1415,0.9169146914980896,1.563991756665623
4048,0.0,0.95,0.05,0.15,0.05,0.8,2.1785,1.19,2.1295,0.9176731475679006,1.5749626976228375
4049,0.0,0.95,0.05,0.15,0.1,0.75,2.1785,1.19,2.1175,0.9184371071738195,1.6572590185411218
4050,0.0,0.95,0.05,0.15,0.15,0.7,2.1785,1.19,2.1055,0.9192066304364042,1.6876198087067538
4051,0.0,0.95,0.05,0.15,0.2,0.65,2.1785,1.19,2.0935,0.919981778355088,1.6993247297355913
4064,0.0,0.95,0.05,0.2,0.0,0.8,2.1785,1.19,2.1220000000000003,0.918149973578728,1.6241647614407282
4065,0.0,0.95,0.05,0.2,0.05,0.75,2.1785,1.19,2.1100000000000003,0.9189174033692452,1.6405214860271942
4066,0.0,0.95,0.05,0.2,0.1,0.7,2.1785,1.19,2.098,0.9196904348370654,1.6679469756630005
4067,0.0,0.95,0.05,0.2,0.15,0.65,2.1785,1.19,2.0860000000000003,0.9204691295390816,1.6993247297355913
4080,0.0,0.95,0.05,0.25,0.0,0.75,2.1785,1.19,2.1025,0.9193998877022356,1.639888765096866
4081,0.0,0.95,0.05,0.25,0.05,0.7,2.1785,1.19,2.0905,0.9201764514206284,1.648858323469713
4082,0.0,0.95,0.05,0.25,0.1,0.65,2.1785,1.19,2.0785,0.9209587173049204,1.6779077951827266
4095,0.0,0.95,0.05,0.3,0.0,0.7,2.1785,1.19,2.083,0.9206646953945836,1.6498495846165921
4096,0.0,0.95,0.05,0.3,0.05,0.65,2.1785,1.19,2.071,0.9214505570844016,1.6504823055469202
4097,0.0,0.95,0.05,0.3,0.1,0.6,2.1785,1.19,2.059,0.9222422238467206,1.6980127832087575
4109,0.0,0.95,0.05,0.35,0.0,0.65,2.1785,1.19,2.0635000000000003,0.9219446644516168,1.669954572642623
4110,0.0,0.95,0.05,0.35,0.05,0.6,2.1785,1.19,2.0515,0.9227399921083128,1.670587293572951
4200,0.05,0.0,0.95,0.0,0.0,1.0,2.487,1.19,2.2,0.9776429154635244,1.5162076661557025
4201,0.05,0.0,0.95,0.0,0.05,0.95,2.487,1.19,2.188,0.9786039674502988,1.5451748797703628
4202,0.05,0.0,0.95,0.0,0.1,0.9,2.487,1.19,2.176,0.9795718718576564,1.5553096487428972
4203,0.05,0.0,0.95,0.0,0.15,0.85,2.487,1.19,2.164,0.980546702235728,1.5816024047999717
4204,0.05,0.0,0.95,0.0,0.2,0.8,2.487,1.19,2.152,0.9815285331910212,1.5816024047999717
4205,0.05,0.0,0.95,0.0,0.25,0.75,2.487,1.19,2.14,0.982517440405452,1.5944170424071376
4206,0.05,0.0,0.95,0.0,0.3,0.7,2.487,1.19,2.128,0.9835135006557916,1.6558983289972293
4220,0.05,0.0,0.95,0.05,0.0,0.95,2.487,1.19,2.1805,0.979208100041006,1.543695486453475
4221,0.05,0.0,0.95,0.05,0.05,0.9,2.487,1.19,2.1685000000000003,0.9801803244942596,1.5477501215329428
4222,0.05,0.0,0.95,0.05,0.1,0.85,2.487,1.19,2.1565000000000003,0.9811595214223016,1.5548378575626567
4223,0.05,0.0,0.95,0.05,0.15,0.8,2.487,1.19,2.1445000000000003,0.9821457661015128,1.5816024047999717
4224,0.05,0.0,0.95,0.05,0.2,0.75,2.487,1.19,2.1325000000000003,0.9831391348957882,1.5944170424071376
4225,0.05,0.0,0.95,0.05,0.25,0.7,2.487,1.19,2.1205,0.9841397052762476,1.6517846687296502
4239,0.05,0.0,0.95,0.1,0.0,0.9,2.487,1.19,2.161,0.9807915007326388,1.5457989370358145
4240,0.05,0.0,0.95,0.1,0.05,0.85,2.487,1.19,2.149,0.9817750936151044,1.5472783303527022
4241,0.05,0.0,0.95,0.1,0.1,0.8,2.487,1.19,2.1370000000000005,0.9827657818474888,1.5567412017667015
4242,0.05,0.0,0.95,0.1,0.15,0.75,2.487,1.19,2.125,0.9837636424833656,1.605982453272287
4243,0.05,0.0,0.95,0.1,0.2,0.7,2.487,1.19,2.113,0.9847687536960696,1.6517846687296502
4244,0.05,0.0,0.95,0.1,0.25,0.65,2.487,1.19,2.101,0.9857811947991124,1.6624726258515292
4257,0.05,0.0,0.95,0.15,0.0,0.85,2.487,1.19,2.1415,0.9823934374071543,1.5477022812398593
4258,0.05,0.0,0.95,0.15,0.05,0.8,2.487,1.19,2.1295,0.983388599291368,1.5607470854218966
4259,0.05,0.0,0.95,0.15,0.1,0.75,2.487,1.19,2.1175,0.9843909823049004,1.6245901208504956
4260,0.05,0.0,0.95,0.15,0.15,0.7,2.487,1.19,2.1055,0.9854006653312756,1.6624726258515292
4261,0.05,0.0,0.95,0.15,0.2,0.65,2.487,1.19,2.0935,0.9864177284071814,1.6763353321973826
4262,0.05,0.0,0.95,0.15,0.25,0.6,2.487,1.19,2.0815,0.9874422527436169,1.6773974041660529
4274,0.05,0.0,0.95,0.2,0.0,0.8,2.487,1.19,2.1220000000000003,0.9840142374664242,1.605069907562372
4275,0.05,0.0,0.95,0.2,0.05,0.75,2.487,1.19,2.1100000000000003,0.9850211736710782,1.6277185507624197
4276,0.05,0.0,0.95,0.2,0.1,0.7,2.487,1.19,2.098,0.9860354597750364,1.6352780779723741
4277,0.05,0.0,0.95,0.2,0.15,0.65,2.487,1.19,2.0860000000000003,0.987057176546423,1.6763353321973826
4278,0.05,0.0,0.95,0.2,0.2,0.6,2.487,1.19,2.074,0.9880864059411284,1.6768790159177556
4290,0.05,0.0,0.95,0.25,0.0,0.75,2.487,1.19,2.1025,0.9856542360685374,1.626239157445532
4291,0.05,0.0,0.95,0.25,0.05,0.7,2.487,1.19,2.0905,0.9866731567997016,1.6382131735219547
4292,0.05,0.0,0.95,0.25,0.1,0.65,2.487,1.19,2.0785,0.9876995592801536,1.6468347727005794
4293,0.05,0.0,0.95,0.25,0.15,0.6,2.487,1.19,2.0665,0.9887335262192364,1.6957367565515362
4305,0.05,0.0,0.95,0.3,0.0,0.7,2.487,1.19,2.083,0.987313776358852,1.6377958521737372
4306,0.05,0.0,0.95,0.3,0.05,0.65,2.487,1.19,2.071,0.988344896856266,1.6387568572423277
4307,0.05,0.0,0.95,0.3,0.1,0.6,2.487,1.19,2.059,0.9893836341255908,1.6607696113540944
4319,0.05,0.0,0.95,0.35,0.0,0.65,2.487,1.19,2.0635000000000003,0.988993209709354,1.6561352045592201
4320,0.05,0.0,0.95,0.35,0.05,0.6,2.487,1.19,2.0515,0.9900367503980088,1.65321008414414
4410,0.05,0.05,0.9,0.0,0.0,1.0,2.4685,1.19,2.2,0.9737840731473149,1.5149783163595207
4411,0.05,0.05,0.9,0.0,0.05,0.95,2.4685,1.19,2.188,0.9747314169908698,1.5433001535419653
4412,0.05,0.05,0.9,0.0,0.1,0.9,2.4685,1.19,2.176,0.9756855155142364,1.5534349225144997
4413,0.05,0.05,0.9,0.0,0.15,0.85,2.4685,1.19,2.164,0.97664644121845,1.5839845636668894
4414,0.05,0.05,0.9,0.0,0.2,0.8,2.4685,1.19,2.152,0.9776142676458536,1.5839845636668894
4415,0.05,0.05,0.9,0.0,0.25,0.75,2.4685,1.19,2.14,0.97858906939886,1.5967992012740553
4416,0.05,0.05,0.9,0.0,0.3,0.7,2.4685,1.19,2.128,0.9795709221591216,1.6575317075868878
4430,0.05,0.05,0.9,0.05,0.0,0.95,2.4685,1.19,2.1805,0.975326932424346,1.5418207602250775
4431,0.05,0.05,0.9,0.05,0.05,0.9,2.4685,1.19,2.1685000000000003,0.9762852893738336,1.5495841256580107
4432,0.05,0.05,0.9,0.05,0.1,0.85,2.4685,1.19,2.1565000000000003,0.977250519344922,1.5566718616877246
4433,0.05,0.05,0.9,0.05,0.15,0.8,2.4685,1.19,2.1445000000000003,0.9782226965402738,1.5839845636668894
4434,0.05,0.05,0.9,0.05,0.2,0.75,2.4685,1.19,2.1325000000000003,0.9792018962345536,1.5967992012740553
4435,0.05,0.05,0.9,0.05,0.25,0.7,2.4685,1.19,2.1205,0.9801881947938578,1.654166827596568
4449,0.05,0.05,0.9,0.1,0.0,0.9,2.4685,1.19,2.161,0.9768877479866076,1.5476329411608825
4450,0.05,0.05,0.9,0.1,0.05,0.85,2.4685,1.19,2.149,0.9778573112096084,1.5491123344777702
4451,0.05,0.05,0.9,0.1,0.1,0.8,2.4685,1.19,2.1370000000000005,0.978833868576689,1.5585752058917695
4452,0.05,0.05,0.9,0.1,0.15,0.75,2.4685,1.19,2.125,0.9798174960423548,1.6083646121392048
4453,0.05,0.05,0.9,0.1,0.2,0.7,2.4685,1.19,2.113,0.9808082706649008,1.654166827596568
4454,0.05,0.05,0.9,0.1,0.25,0.65,2.4685,1.19,2.101,0.9818062706265356,1.664854784718447
4467,0.05,0.05,0.9,0.15,0.0,0.85,2.4685,1.19,2.1415,0.978466835140322,1.5495362853649273
4468,0.05,0.05,0.9,0.15,0.05,0.8,2.4685,1.19,2.1295,0.9794478023484696,1.5625810895469645
4469,0.05,0.05,0.9,0.15,0.1,0.75,2.4685,1.19,2.1175,0.9804358876860186,1.6264241249755635
4470,0.05,0.05,0.9,0.15,0.15,0.7,2.4685,1.19,2.1055,0.981431168911324,1.664854784718447
4471,0.05,0.05,0.9,0.15,0.2,0.65,2.4685,1.19,2.0935,0.9824337249194546,1.6787174910643003
4472,0.05,0.05,0.9,0.15,0.25,0.6,2.4685,1.19,2.0815,0.9834436357630416,1.6797795630329706
4484,0.05,0.05,0.9,0.2,0.0,0.8,2.4685,1.19,2.1220000000000003,0.9800645166174052,1.60690391168744
4485,0.05,0.05,0.9,0.2,0.05,0.75,2.4685,1.19,2.1100000000000003,0.98105709020079,1.6295525548874876
4486,0.05,0.05,0.9,0.2,0.1,0.7,2.4685,1.19,2.098,0.9820569088468276,1.637112082097442
4487,0.05,0.05,0.9,0.2,0.15,0.65,2.4685,1.19,2.0860000000000003,0.9830640521715904,1.6787174910643003
4488,0.05,0.05,0.9,0.2,0.2,0.6,2.4685,1.19,2.074,0.9840786009619766,1.6797795630329706
4500,0.05,0.05,0.9,0.25,0.0,0.75,2.4685,1.19,2.1025,0.9816811227953556,1.6280731615706
4501,0.05,0.05,0.9,0.25,0.05,0.7,2.4685,1.19,2.0905,0.9826855099617344,1.6400471776470227
4502,0.05,0.05,0.9,0.25,0.1,0.65,2.4685,1.19,2.0785,0.983697272160083,1.6486687768256474
4503,0.05,0.05,0.9,0.25,0.15,0.6,2.4685,1.19,2.0665,0.984716490920004,1.6986373036667513
4515,0.05,0.05,0.9,0.3,0.0,0.7,2.4685,1.19,2.083,0.983316991925014,1.6396298562988052
4516,0.05,0.05,0.9,0.3,0.05,0.65,2.4685,1.19,2.071,0.9843334048440148,1.641109249615693
4517,0.05,0.05,0.9,0.3,0.1,0.6,2.4685,1.19,2.059,0.9853573258916878,1.6675265174594276
4529,0.05,0.05,0.9,0.35,0.0,0.65,2.4685,1.19,2.0635000000000003,0.9849724703665076,1.6584875969325854
4530,0.05,0.05,0.9,0.35,0.05,0.6,2.4685,1.19,2.0515,0.986001126319048,1.6599669902494731
4620,0.05,0.1,0.85,0.0,0.0,1.0,2.45,1.19,2.2,0.969925230831105,1.5229697517926164
4621,0.05,0.1,0.85,0.0,0.05,0.95,2.45,1.19,2.188,0.9708588665314408,1.5455321692713033
4622,0.05,0.1,0.85,0.0,0.1,0.9,2.45,1.19,2.176,0.9717991591708164,1.5556669382438377
4623,0.05,0.1,0.85,0.0,0.15,0.85,2.45,1.19,2.164,0.9727461802011717,1.5834096408648421
4624,0.05,0.1,0.85,0.0,0.2,0.8,2.45,1.19,2.152,0.9737000021006856,1.5834096408648421
4625,0.05,0.1,0.85,0.0,0.25,0.75,2.45,1.19,2.14,0.974660698392268,1.5929747795806555
4626,0.05,0.1,0.85,0.0,0.3,0.7,2.45,1.19,2.128,0.9756283436624514,1.653707285893488
4640,0.05,0.1,0.85,0.05,0.0,0.95,2.45,1.19,2.1805,0.9714457648076866,1.5448994483409753
4641,0.05,0.1,0.85,0.05,0.05,0.9,2.45,1.19,2.1685000000000003,0.9723902542534076,1.5481074110338833
4642,0.05,0.1,0.85,0.05,0.1,0.85,2.45,1.19,2.1565000000000003,0.9733415172675424,1.5556669382438377
4643,0.05,0.1,0.85,0.05,0.15,0.8,2.45,1.19,2.1445000000000003,0.9742996269790348,1.5834096408648421
4644,0.05,0.1,0.85,0.05,0.2,0.75,2.45,1.19,2.1325000000000003,0.9752646575733191,1.5929747795806555
4645,0.05,0.1,0.85,0.05,0.25,0.7,2.45,1.19,2.1205,0.976236684311468,1.6540511362566337
4659,0.05,0.1,0.85,0.1,0.0,0.9,2.45,1.19,2.161,0.972983995240576,1.5474746901035552
4660,0.05,0.1,0.85,0.1,0.05,0.85,2.45,1.19,2.149,0.9739395288041126,1.5481074110338833
4661,0.05,0.1,0.85,0.1,0.1,0.8,2.45,1.19,2.1370000000000005,0.9749019553058892,1.5575702824478825
4662,0.05,0.1,0.85,0.1,0.15,0.75,2.45,1.19,2.125,0.9758713496013436,1.6082489207992705
4663,0.05,0.1,0.85,0.1,0.2,0.7,2.45,1.19,2.113,0.9768477876337316,1.6540511362566337
4664,0.05,0.1,0.85,0.1,0.25,0.65,2.45,1.19,2.101,0.9778313464539584,1.6647390933785127
4677,0.05,0.1,0.85,0.15,0.0,0.85,2.45,1.19,2.1415,0.9745402328734902,1.5493780343076
4678,0.05,0.1,0.85,0.15,0.05,0.8,2.45,1.19,2.1295,0.9755070054055712,1.5615761661030776
4679,0.05,0.1,0.85,0.15,0.1,0.75,2.45,1.19,2.1175,0.976480793067137,1.6263084336356293
4680,0.05,0.1,0.85,0.15,0.15,0.7,2.45,1.19,2.1055,0.9774616724913722,1.6647390933785127
4681,0.05,0.1,0.85,0.15,0.2,0.65,2.45,1.19,2.0935,0.9784497214317278,1.678601799724366
4682,0.05,0.1,0.85,0.15,0.25,0.6,2.45,1.19,2.0815,0.9794450187824666,1.6796638716930363
4694,0.05,0.1,0.85,0.2,0.0,0.8,2.45,1.19,2.1220000000000003,0.9761147957683862,1.6104543909835782
4695,0.05,0.1,0.85,0.2,0.05,0.75,2.45,1.19,2.1100000000000003,0.977093006730502,1.6294368635475533
4696,0.05,0.1,0.85,0.2,0.1,0.7,2.45,1.19,2.098,0.9780783579186186,1.6369963907575078
4697,0.05,0.1,0.85,0.2,0.15,0.65,2.45,1.19,2.0860000000000003,0.979070927796758,1.678601799724366
4698,0.05,0.1,0.85,0.2,0.2,0.6,2.45,1.19,2.074,0.9800707959828248,1.6796638716930363
4710,0.05,0.1,0.85,0.25,0.0,0.75,2.45,1.19,2.1025,0.977708009522174,1.6288041426172253
4711,0.05,0.1,0.85,0.25,0.05,0.7,2.45,1.19,2.0905,0.9786978631237674,1.6399314863070884
4712,0.05,0.1,0.85,0.25,0.1,0.65,2.45,1.19,2.0785,0.9796949850400122,1.648553085485713
4713,0.05,0.1,0.85,0.25,0.15,0.6,2.45,1.19,2.0665,0.9806994556207712,1.698521612326817
4725,0.05,0.1,0.85,0.3,0.0,0.7,2.45,1.19,2.083,0.979320207491176,1.6403608373454306
4726,0.05,0.1,0.85,0.3,0.05,0.65,2.45,1.19,2.071,0.9803219128317636,1.6409935582757587
4727,0.05,0.1,0.85,0.3,0.1,0.6,2.45,1.19,2.059,0.9813310176577849,1.6674108261194933
4739,0.05,0.1,0.85,0.35,0.0,0.65,2.45,1.19,2.0635000000000003,0.9809517310236612,1.6592185779792108
4740,0.05,0.1,0.85,0.35,0.05,0.6,2.45,1.19,2.0515,0.9819655022400876,1.6598512989095389
4830,0.05,0.15,0.8,0.0,0.0,1.0,2.4315,1.19,2.2,0.9660663885148952,1.5225246089250446
4831,0.05,0.15,0.8,0.0,0.05,0.95,2.4315,1.19,2.188,0.966986316072012,1.5569765626499528
4832,0.05,0.15,0.8,0.0,0.1,0.9,2.4315,1.19,2.176,0.9679128028273968,1.5762293654554078
4833,0.05,0.15,0.8,0.0,0.15,0.85,2.4315,1.19,2.164,0.9688459191838936,1.6114041044501461
4834,0.05,0.15,0.8,0.0,0.2,0.8,2.4315,1.19,2.152,0.9697857365555178,1.5924962877919409
4835,0.05,0.15,0.8,0.0,0.25,0.75,2.4315,1.19,2.14,0.9707323273856762,1.6039697110997044
4836,0.05,0.15,0.8,0.0,0.3,0.7,2.4315,1.19,2.128,0.9716857651657814,1.6647022174125372
4850,0.05,0.15,0.8,0.05,0.0,0.95,2.4315,1.19,2.1805,0.9675645971910272,1.5563438417196247
4851,0.05,0.15,0.8,0.05,0.05,0.9,2.4315,1.19,2.1685000000000003,0.9684952191329816,1.5595518044125327
4852,0.05,0.15,0.8,0.05,0.1,0.85,2.4315,1.19,2.1565000000000003,0.9694325151901628,1.5836614018291415
4853,0.05,0.15,0.8,0.05,0.15,0.8,2.4315,1.19,2.1445000000000003,0.9703765574177962,1.5944045723838915
4854,0.05,0.15,0.8,0.05,0.2,0.75,2.4315,1.19,2.1325000000000003,0.971327418912085,1.6039697110997044
4855,0.05,0.15,0.8,0.05,0.25,0.7,2.4315,1.19,2.1205,0.9722851738290784,1.6613373374222176
4869,0.05,0.15,0.8,0.1,0.0,0.9,2.4315,1.19,2.161,0.9690802424945448,1.5663511198559383
4870,0.05,0.15,0.8,0.1,0.05,0.85,2.4315,1.19,2.149,0.9700217463986168,1.5499843087200118
4871,0.05,0.15,0.8,0.1,0.1,0.8,2.4315,1.19,2.1370000000000005,0.9709700420350892,1.5685652139669315
4872,0.05,0.15,0.8,0.1,0.15,0.75,2.4315,1.19,2.125,0.9719252031603328,1.615535121964854
4873,0.05,0.15,0.8,0.1,0.2,0.7,2.4315,1.19,2.113,0.9728873046025628,1.6613373374222176
4874,0.05,0.15,0.8,0.1,0.25,0.65,2.4315,1.19,2.101,0.9738564222813816,1.672025294544096
4887,0.05,0.15,0.8,0.15,0.0,0.85,2.4315,1.19,2.1415,0.9706136306066584,1.5512549319937285
4888,0.05,0.15,0.8,0.15,0.05,0.8,2.4315,1.19,2.1295,0.971566208462673,1.5634530637892061
4889,0.05,0.15,0.8,0.15,0.1,0.75,2.4315,1.19,2.1175,0.9725256984482554,1.6335946348012127
4890,0.05,0.15,0.8,0.15,0.15,0.7,2.4315,1.19,2.1055,0.9734921760714204,1.672025294544096
4891,0.05,0.15,0.8,0.15,0.2,0.65,2.4315,1.19,2.0935,0.974465717944001,1.68588800088995
4892,0.05,0.15,0.8,0.15,0.25,0.6,2.4315,1.19,2.0815,0.9754464018018916,1.6869500728586202
4904,0.05,0.15,0.8,0.2,0.0,0.8,2.4315,1.19,2.1220000000000003,0.9721650749193672,1.6086225583162412
4905,0.05,0.15,0.8,0.2,0.05,0.75,2.4315,1.19,2.1100000000000003,0.9731289232602138,1.6276050308802164
4906,0.05,0.15,0.8,0.2,0.1,0.7,2.4315,1.19,2.098,0.9740998069904098,1.6442825919230917
4907,0.05,0.15,0.8,0.2,0.15,0.65,2.4315,1.19,2.0860000000000003,0.9750778034219256,1.68588800088995
4908,0.05,0.15,0.8,0.2,0.2,0.6,2.4315,1.19,2.074,0.9760629910036732,1.6906588032120857
4920,0.05,0.15,0.8,0.25,0.0,0.75,2.4315,1.19,2.1025,0.9737348962489922,1.6269723099498883
4921,0.05,0.15,0.8,0.25,0.05,0.7,2.4315,1.19,2.0905,0.9747102162858003,1.6380996536397514
4922,0.05,0.15,0.8,0.25,0.1,0.65,2.4315,1.19,2.0785,0.9756926979199416,1.6558392866512965
4935,0.05,0.15,0.8,0.3,0.0,0.7,2.4315,1.19,2.083,0.9753234230573384,1.6385290046780936
4936,0.05,0.15,0.8,0.3,0.05,0.65,2.4315,1.19,2.071,0.9763104208195124,1.6428704559618872
4937,0.05,0.15,0.8,0.3,0.1,0.6,2.4315,1.19,2.059,0.9773047094238816,1.6832400983339668
4949,0.05,0.15,0.8,0.35,0.0,0.65,2.4315,1.19,2.0635000000000003,0.9769309916808148,1.6659298163607634
4950,0.05,0.15,0.8,0.35,0.05,0.6,2.4315,1.19,2.0515,0.9779298781611268,1.6665625372910915
5040,0.05,0.2,0.75,0.0,0.0,1.0,2.4130000000000003,1.19,2.2,0.9622075461986854,1.5072945369974913
5041,0.05,0.2,0.75,0.0,0.05,0.95,2.4130000000000003,1.19,2.188,0.9631137656125828,1.5330168803100386
5042,0.05,0.2,0.75,0.0,0.1,0.9,2.4130000000000003,1.19,2.176,0.9640264464839772,1.5522696831154938
5043,0.05,0.2,0.75,0.0,0.15,0.85,2.4130000000000003,1.19,2.164,0.9649456581666154,1.5800123857364983
5044,0.05,0.2,0.75,0.0,0.2,0.8,2.4130000000000003,1.19,2.152,0.96587147101035,1.5872979627104213
5045,0.05,0.2,0.75,0.0,0.25,0.75,2.4130000000000003,1.19,2.14,0.9668039563790845,1.6100141006212592
5046,0.05,0.2,0.75,0.0,0.3,0.7,2.4130000000000003,1.19,2.128,0.9677431866691116,1.669686776594421
5060,0.05,0.2,0.75,0.05,0.0,0.95,2.4130000000000003,1.19,2.1805,0.9636834295743676,1.5323841593797107
5061,0.05,0.2,0.75,0.05,0.05,0.9,2.4130000000000003,1.19,2.1685000000000003,0.9646001840125552,1.5355921220726185
5062,0.05,0.2,0.75,0.05,0.1,0.85,2.4130000000000003,1.19,2.1565000000000003,0.9655235131127832,1.5534406544255477
5063,0.05,0.2,0.75,0.05,0.15,0.8,2.4130000000000003,1.19,2.1445000000000003,0.9664534878565574,1.5872979627104213
5064,0.05,0.2,0.75,0.05,0.2,0.75,2.4130000000000003,1.19,2.1325000000000003,0.9673901802508508,1.6100141006212592
5065,0.05,0.2,0.75,0.05,0.25,0.7,2.4130000000000003,1.19,2.1205,0.9683336633466888,1.667381726943772
5079,0.05,0.2,0.75,0.1,0.0,0.9,2.4130000000000003,1.19,2.161,0.9651764897485132,1.5361303724523445
5080,0.05,0.2,0.75,0.1,0.05,0.85,2.4130000000000003,1.19,2.149,0.9661039639931208,1.5428776990465416
5081,0.05,0.2,0.75,0.1,0.1,0.8,2.4130000000000003,1.19,2.1370000000000005,0.9670381287642896,1.5746096034884862
5082,0.05,0.2,0.75,0.1,0.15,0.75,2.4130000000000003,1.19,2.125,0.967979056719322,1.6215795114864087
5083,0.05,0.2,0.75,0.1,0.2,0.7,2.4130000000000003,1.19,2.113,0.968926821571394,1.6748137633175058
5084,0.05,0.2,0.75,0.1,0.25,0.65,2.4130000000000003,1.19,2.101,0.9698814981088044,1.663575099669554
5097,0.05,0.2,0.75,0.15,0.0,0.85,2.4130000000000003,1.19,2.1415,0.9666870283398262,1.557299321515283
5098,0.05,0.2,0.75,0.15,0.05,0.8,2.4130000000000003,1.19,2.1295,0.9676254115197748,1.5694974533107606
5099,0.05,0.2,0.75,0.15,0.1,0.75,2.4130000000000003,1.19,2.1175,0.9685706038293737,1.6396390243227674
5100,0.05,0.2,0.75,0.15,0.15,0.7,2.4130000000000003,1.19,2.1055,0.9695226796514688,1.6855017204393845
5101,0.05,0.2,0.75,0.15,0.2,0.65,2.4130000000000003,1.19,2.0935,0.9704817144562744,1.6841515786239605
5102,0.05,0.2,0.75,0.15,0.25,0.6,2.4130000000000003,1.19,2.0815,0.9714477848213168,1.6852136505926307
5114,0.05,0.2,0.75,0.2,0.0,0.8,2.4130000000000003,1.19,2.1220000000000003,0.968215354070348,1.614666947837796
5115,0.05,0.2,0.75,0.2,0.05,0.75,2.4130000000000003,1.19,2.1100000000000003,0.9691648397899256,1.6410814567755048
5116,0.05,0.2,0.75,0.2,0.1,0.7,2.4130000000000003,1.19,2.098,0.9701212560622008,1.6425461696571022
5117,0.05,0.2,0.75,0.2,0.15,0.65,2.4130000000000003,1.19,2.0860000000000003,0.9710846790470932,1.6841515786239605
5118,0.05,0.2,0.75,0.2,0.2,0.6,2.4130000000000003,1.19,2.074,0.9720551860245216,1.6852136505926307
5130,0.05,0.2,0.75,0.25,0.0,0.75,2.4130000000000003,1.19,2.1025,0.9697617829758102,1.6233276030919481
5131,0.05,0.2,0.75,0.25,0.05,0.7,2.4130000000000003,1.19,2.0905,0.9707225694478332,1.636363231373762
5132,0.05,0.2,0.75,0.25,0.1,0.65,2.4130000000000003,1.19,2.0785,0.971690410799871,1.654102864385307
5145,0.05,0.2,0.75,0.3,0.0,0.7,2.4130000000000003,1.19,2.083,0.9713266386235008,1.6367925824121041
5146,0.05,0.2,0.75,0.3,0.05,0.65,2.4130000000000003,1.19,2.071,0.9722989288072612,1.6374253033424322
5147,0.05,0.2,0.75,0.3,0.1,0.6,2.4130000000000003,1.19,2.059,0.9732784011899788,1.6795313679805013
5159,0.05,0.2,0.75,0.35,0.0,0.65,2.4130000000000003,1.19,2.0635000000000003,0.9729102523379684,1.662221086007298
5160,0.05,0.2,0.75,0.35,0.05,0.6,2.4130000000000003,1.19,2.0515,0.973894254082166,1.662853806937626
5250,0.05,0.25,0.7,0.0,0.0,1.0,2.3945,1.19,2.2,0.9583487038824756,1.53683138532563
5251,0.05,0.25,0.7,0.0,0.05,0.95,2.3945,1.19,2.188,0.959241215153154,1.5543103230935988
5252,0.05,0.25,0.7,0.0,0.1,0.9,2.3945,1.19,2.176,0.960140090140557,1.573563125899054
5253,0.05,0.25,0.7,0.0,0.15,0.85,2.3945,1.19,2.164,0.9610453971493372,1.6013058285200585
5254,0.05,0.25,0.7,0.0,0.2,0.8,2.3945,1.19,2.152,0.961957205465182,1.6013058285200585
5255,0.05,0.25,0.7,0.0,0.25,0.75,2.3945,1.19,2.14,0.9628755853724924,1.6058433436169648
5256,0.05,0.25,0.7,0.0,0.3,0.7,2.3945,1.19,2.128,0.9638006081724416,1.6655160195901266
5270,0.05,0.25,0.7,0.05,0.0,0.95,2.3945,1.19,2.1805,0.959802261957708,1.5536776021632708
5271,0.05,0.25,0.7,0.05,0.05,0.9,2.3945,1.19,2.1685000000000003,0.9607051488921294,1.5568855648561788
5272,0.05,0.25,0.7,0.05,0.1,0.85,2.3945,1.19,2.1565000000000003,0.9616145110354032,1.573563125899054
5273,0.05,0.25,0.7,0.05,0.15,0.8,2.3945,1.19,2.1445000000000003,0.9625304182953182,1.5980648888061286
5274,0.05,0.25,0.7,0.05,0.2,0.75,2.3945,1.19,2.1325000000000003,0.9634529415896164,1.6058433436169648
5275,0.05,0.25,0.7,0.05,0.25,0.7,2.3945,1.19,2.1205,0.9643821528642992,1.6632109699394777
5289,0.05,0.25,0.7,0.1,0.0,0.9,2.3945,1.19,2.161,0.961272737002482,1.5562528439258507
5290,0.05,0.25,0.7,0.1,0.05,0.85,2.3945,1.19,2.149,0.9621861815876244,1.5568855648561788
5291,0.05,0.25,0.7,0.1,0.1,0.8,2.3945,1.19,2.1370000000000005,0.9631062154934896,1.5704388464841919
5292,0.05,0.25,0.7,0.1,0.15,0.75,2.3945,1.19,2.125,0.9640329102783112,1.6174087544821143
5293,0.05,0.25,0.7,0.1,0.2,0.7,2.3945,1.19,2.113,0.964966338540225,1.6632109699394777
5294,0.05,0.25,0.7,0.1,0.25,0.65,2.3945,1.19,2.101,0.9659065739362274,1.6764078147233976
5307,0.05,0.25,0.7,0.15,0.0,0.85,2.3945,1.19,2.1415,0.9627604260729938,1.5531285645109887
5308,0.05,0.25,0.7,0.15,0.05,0.8,2.3945,1.19,2.1295,0.9636846145768762,1.5653266963064663
5309,0.05,0.25,0.7,0.15,0.1,0.75,2.3945,1.19,2.1175,0.964615509210492,1.635468267318473
5310,0.05,0.25,0.7,0.15,0.15,0.7,2.3945,1.19,2.1055,0.9655531832315168,1.67506989837141
5311,0.05,0.25,0.7,0.15,0.2,0.65,2.3945,1.19,2.0935,0.9664977109685472,1.6902705210692512
5312,0.05,0.25,0.7,0.15,0.25,0.6,2.3945,1.19,2.0815,0.9674491678407416,1.697917453929348
5324,0.05,0.25,0.7,0.2,0.0,0.8,2.3945,1.19,2.1220000000000003,0.964265633221329,1.6104961908335016
5325,0.05,0.25,0.7,0.2,0.05,0.75,2.3945,1.19,2.1100000000000003,0.9652007563196372,1.6306496347075303
5326,0.05,0.25,0.7,0.2,0.1,0.7,2.3945,1.19,2.098,0.9661427051339916,1.648665112102393
5327,0.05,0.25,0.7,0.2,0.15,0.65,2.3945,1.19,2.0860000000000003,0.9670915546722608,1.6962934718521407
5328,0.05,0.25,0.7,0.2,0.2,0.6,2.3945,1.19,2.074,0.96804738104537,1.697917453929348
5340,0.05,0.25,0.7,0.25,0.0,0.75,2.3945,1.19,2.1025,0.9657886697026284,1.6300169137772023
5341,0.05,0.25,0.7,0.25,0.05,0.7,2.3945,1.19,2.0905,0.966734922609866,1.6485051246019422
5342,0.05,0.25,0.7,0.25,0.1,0.65,2.3945,1.19,2.0785,0.9676881236798,1.6668066677220246
5355,0.05,0.25,0.7,0.3,0.0,0.7,2.3945,1.19,2.083,0.9673298541896628,1.6494963857488214
5356,0.05,0.25,0.7,0.3,0.05,0.65,2.3945,1.19,2.071,0.9682874367950102,1.6501291066791495
5357,0.05,0.25,0.7,0.3,0.1,0.6,2.3945,1.19,2.059,0.9692520929560756,1.696966106879328
5369,0.05,0.25,0.7,0.35,0.0,0.65,2.3945,1.19,2.0635000000000003,0.9688895129951216,1.6796558249061249
5370,0.05,0.25,0.7,0.35,0.05,0.6,2.3945,1.19,2.0515,0.9698586300032052,1.6638294798876352
5460,0.05,0.3,0.65,0.0,0.0,1.0,2.376,1.19,2.2,0.954489861566266,1.53683138532563
5461,0.05,0.3,0.65,0.0,0.05,0.95,2.376,1.19,2.188,0.955368664693725,1.5543103230935988
5462,0.05,0.3,0.65,0.0,0.1,0.9,2.376,1.19,2.176,0.9562537337971372,1.573563125899054
5463,0.05,0.3,0.65,0.0,0.15,0.85,2.376,1.19,2.164,0.9571451361320588,1.6013058285200585
5464,0.05,0.3,0.65,0.0,0.2,0.8,2.376,1.19,2.152,0.958042939920014,1.6013058285200585
5465,0.05,0.3,0.65,0.0,0.25,0.75,2.376,1.19,2.14,0.9589472143659004,1.6090842833308947
5466,0.05,0.3,0.65,0.0,0.3,0.7,2.376,1.19,2.128,0.9598580296757714,1.6687569593040565
5480,0.05,0.3,0.65,0.05,0.0,0.95,2.376,1.19,2.1805,0.9559210943410484,1.5536776021632708
5481,0.05,0.3,0.65,0.05,0.05,0.9,2.376,1.19,2.1685000000000003,0.9568101137717032,1.5568855648561788
5482,0.05,0.3,0.65,0.05,0.1,0.85,2.376,1.19,2.1565000000000003,0.957705508958024,1.573563125899054
5483,0.05,0.3,0.65,0.05,0.15,0.8,2.376,1.19,2.1445000000000003,0.9586073487340796,1.6013058285200585
5484,0.05,0.3,0.65,0.05,0.2,0.75,2.376,1.19,2.1325000000000003,0.9595157029283818,1.6090842833308947
5485,0.05,0.3,0.65,0.05,0.25,0.7,2.376,1.19,2.1205,0.9604306423819092,1.6664519096534076
5499,0.05,0.3,0.65,0.1,0.0,0.9,2.376,1.19,2.161,0.9573689842564506,1.5562528439258507
5500,0.05,0.3,0.65,0.1,0.05,0.85,2.376,1.19,2.149,0.9582683991821286,1.5568855648561788
5501,0.05,0.3,0.65,0.1,0.1,0.8,2.376,1.19,2.1370000000000005,0.9591743022226896,1.5736797861981218
5502,0.05,0.3,0.65,0.1,0.15,0.75,2.376,1.19,2.125,0.9600867638373,1.6206496941960442
5503,0.05,0.3,0.65,0.1,0.2,0.7,2.376,1.19,2.113,0.961005855509056,1.6664519096534076
5504,0.05,0.3,0.65,0.1,0.25,0.65,2.376,1.19,2.101,0.9619316497636504,1.6771398667752864
5517,0.05,0.3,0.65,0.15,0.0,0.85,2.376,1.19,2.1415,0.9588338238061618,1.5563695042249186
5518,0.05,0.3,0.65,0.15,0.05,0.8,2.376,1.19,2.1295,0.9597438176339778,1.5685676360203962
5519,0.05,0.3,0.65,0.15,0.1,0.75,2.376,1.19,2.1175,0.9606604145916102,1.638709207032403
5520,0.05,0.3,0.65,0.15,0.15,0.7,2.376,1.19,2.1055,0.9615836868115653,1.6771398667752864
5521,0.05,0.3,0.65,0.15,0.2,0.65,2.376,1.19,2.0935,0.9625137074808204,1.68776163340721
5522,0.05,0.3,0.65,0.15,0.25,0.6,2.376,1.19,2.0815,0.9634505508601666,1.6893856154844173
5534,0.05,0.3,0.65,0.2,0.0,0.8,2.376,1.19,2.1220000000000003,0.96031591237231,1.6137371305474315
5535,0.05,0.3,0.65,0.2,0.05,0.75,2.376,1.19,2.1100000000000003,0.9612366728493492,1.6327196031114066
5536,0.05,0.3,0.65,0.2,0.1,0.7,2.376,1.19,2.098,0.9621641542057828,1.6493971641542817
5537,0.05,0.3,0.65,0.2,0.15,0.65,2.376,1.19,2.0860000000000003,0.963098430297428,1.68776163340721
5538,0.05,0.3,0.65,0.2,0.2,0.6,2.376,1.19,2.074,0.964039576066218,1.6893856154844173
5550,0.05,0.3,0.65,0.25,0.0,0.75,2.376,1.19,2.1025,0.9618155564294466,1.6320868821810786
5551,0.05,0.3,0.65,0.25,0.05,0.7,2.376,1.19,2.0905,0.9627472757718988,1.6399732861570115
5552,0.05,0.3,0.65,0.25,0.1,0.65,2.376,1.19,2.0785,0.9636858365597292,1.658274829277094
5565,0.05,0.3,0.65,0.3,0.0,0.7,2.376,1.19,2.083,0.9633330697558248,1.6409645473038907
5566,0.05,0.3,0.65,0.3,0.05,0.65,2.376,1.19,2.071,0.9642759447827588,1.6415972682342188
5567,0.05,0.3,0.65,0.3,0.1,0.6,2.376,1.19,2.059,0.9652257847221724,1.6848743041823415
5579,0.05,0.3,0.65,0.35,0.0,0.65,2.376,1.19,2.0635000000000003,0.9648687736522752,1.6663930508990847
5580,0.05,0.3,0.65,0.35,0.05,0.6,2.376,1.19,2.0515,0.9658230059242446,1.6681967431394664
5670,0.05,0.35,0.6,0.0,0.0,1.0,2.3575,1.19,2.2,0.950631019250056,1.528461657149325
5671,0.05,0.35,0.6,0.0,0.05,0.95,2.3575,1.19,2.188,0.951496114234296,1.5473645142306556
5672,0.05,0.35,0.6,0.0,0.1,0.9,2.3575,1.19,2.176,0.9523673774537176,1.5666173170361106
5673,0.05,0.35,0.6,0.0,0.15,0.85,2.3575,1.19,2.164,0.9532448751147806,1.5943600196571153
5674,0.05,0.35,0.6,0.0,0.2,0.8,2.3575,1.19,2.152,0.954128674374846,1.5943600196571153
5675,0.05,0.35,0.6,0.0,0.25,0.75,2.3575,1.19,2.14,0.9550188433593086,1.6021384744679514
5676,0.05,0.35,0.6,0.0,0.3,0.7,2.3575,1.19,2.128,0.9559154511791016,1.6618111504411133
5690,0.05,0.35,0.6,0.05,0.0,0.95,2.3575,1.19,2.1805,0.9520399267243888,1.5467317933003275
5691,0.05,0.35,0.6,0.05,0.05,0.9,2.3575,1.19,2.1685000000000003,0.9529150786512768,1.5499397559932355
5692,0.05,0.35,0.6,0.05,0.1,0.85,2.3575,1.19,2.1565000000000003,0.953796506880644,1.5666173170361106
5693,0.05,0.35,0.6,0.05,0.15,0.8,2.3575,1.19,2.1445000000000003,0.9546842791728406,1.5943600196571153
5694,0.05,0.35,0.6,0.05,0.2,0.75,2.3575,1.19,2.1325000000000003,0.9555784642671478,1.6021384744679514
5695,0.05,0.35,0.6,0.05,0.25,0.7,2.3575,1.19,2.1205,0.9564791318995196,1.6595061007904643
5709,0.05,0.35,0.6,0.1,0.0,0.9,2.3575,1.19,2.161,0.9534652315104192,1.5493070350629075
5710,0.05,0.35,0.6,0.1,0.05,0.85,2.3575,1.19,2.149,0.9543506167766326,1.5499397559932355
5711,0.05,0.35,0.6,0.1,0.1,0.8,2.3575,1.19,2.1370000000000005,0.9552423889518898,1.5667339773351785
5712,0.05,0.35,0.6,0.1,0.15,0.75,2.3575,1.19,2.125,0.9561406173962892,1.613703885333101
5713,0.05,0.35,0.6,0.1,0.2,0.7,2.3575,1.19,2.113,0.9570453724778868,1.6595061007904643
5714,0.05,0.35,0.6,0.1,0.25,0.65,2.3575,1.19,2.101,0.9579567255910733,1.670194057912343
5727,0.05,0.35,0.6,0.15,0.0,0.85,2.3575,1.19,2.1415,0.9549072215393298,1.5494236953619753
5728,0.05,0.35,0.6,0.15,0.05,0.8,2.3575,1.19,2.1295,0.9558030206910796,1.561621827157453
5729,0.05,0.35,0.6,0.15,0.1,0.75,2.3575,1.19,2.1175,0.9567053199727286,1.6317633981694597
5730,0.05,0.35,0.6,0.15,0.15,0.7,2.3575,1.19,2.1055,0.9576141903916132,1.670194057912343
5731,0.05,0.35,0.6,0.15,0.2,0.65,2.3575,1.19,2.0935,0.9585297039930936,1.6840567642581967
5732,0.05,0.35,0.6,0.15,0.25,0.6,2.3575,1.19,2.0815,0.9594519338795916,1.685680746335404
5744,0.05,0.35,0.6,0.2,0.0,0.8,2.3575,1.19,2.1220000000000003,0.9563661915232908,1.6067913216844882
5745,0.05,0.35,0.6,0.2,0.05,0.75,2.3575,1.19,2.1100000000000003,0.9572725893790608,1.6257737942484634
5746,0.05,0.35,0.6,0.2,0.1,0.7,2.3575,1.19,2.098,0.9581856032775736,1.6424513552913385
5747,0.05,0.35,0.6,0.2,0.15,0.65,2.3575,1.19,2.0860000000000003,0.9591053059225956,1.6840567642581967
5748,0.05,0.35,0.6,0.2,0.2,0.6,2.3575,1.19,2.074,0.9600317710870664,1.685680746335404
5760,0.05,0.35,0.6,0.25,0.0,0.75,2.3575,1.19,2.1025,0.9578424431562648,1.6251410733181353
5761,0.05,0.35,0.6,0.25,0.05,0.7,2.3575,1.19,2.0905,0.958759628933932,1.6362684170079982
5762,0.05,0.35,0.6,0.25,0.1,0.65,2.3575,1.19,2.0785,0.9596835494396588,1.6545699601280806
5775,0.05,0.35,0.6,0.3,0.0,0.7,2.3575,1.19,2.083,0.9593362853219872,1.6372596781548774
5776,0.05,0.35,0.6,0.3,0.05,0.65,2.3575,1.19,2.071,0.9602644527705076,1.6378923990852055
5777,0.05,0.35,0.6,0.3,0.1,0.6,2.3575,1.19,2.059,0.9611994764882692,1.6799984637232745
5789,0.05,0.35,0.6,0.35,0.0,0.65,2.3575,1.19,2.0635000000000003,0.9608480343094288,1.6626881817500714
5790,0.05,0.35,0.6,0.35,0.05,0.6,2.3575,1.19,2.0515,0.961787381845284,1.6633209026803994
5880,0.05,0.4,0.55,0.0,0.0,1.0,2.339,1.19,2.2,0.9467721769338462,1.5348105971757946
5881,0.05,0.4,0.55,0.0,0.05,0.95,2.339,1.19,2.188,0.9476235637748668,1.5519030102033735
5882,0.05,0.4,0.55,0.0,0.1,0.9,2.339,1.19,2.176,0.9484810211102978,1.5711558130088286
5883,0.05,0.4,0.55,0.0,0.15,0.85,2.339,1.19,2.164,0.9493446140975024,1.5988985156298332
5884,0.05,0.4,0.55,0.0,0.2,0.8,2.339,1.19,2.152,0.950214408829678,1.5988985156298332
5885,0.05,0.4,0.55,0.0,0.25,0.75,2.339,1.19,2.14,0.9510904723527164,1.6066769704406694
5886,0.05,0.4,0.55,0.0,0.3,0.7,2.339,1.19,2.128,0.9519728726824316,1.6663496464138312
5900,0.05,0.4,0.55,0.05,0.0,0.95,2.339,1.19,2.1805,0.9481587591077292,1.5512702892730454
5901,0.05,0.4,0.55,0.05,0.05,0.9,2.339,1.19,2.1685000000000003,0.9490200435308508,1.5544782519659535
5902,0.05,0.4,0.55,0.05,0.1,0.85,2.339,1.19,2.1565000000000003,0.9498875048032642,1.5711558130088286
5903,0.05,0.4,0.55,0.05,0.15,0.8,2.339,1.19,2.1445000000000003,0.9507612096116016,1.5988985156298332
5904,0.05,0.4,0.55,0.05,0.2,0.75,2.339,1.19,2.1325000000000003,0.9516412256059136,1.6066769704406694
5905,0.05,0.4,0.55,0.05,0.25,0.7,2.339,1.19,2.1205,0.95252762141713,1.6640445967631823
5919,0.05,0.4,0.55,0.1,0.0,0.9,2.339,1.19,2.161,0.949561478764388,1.5538455310356254
5920,0.05,0.4,0.55,0.1,0.05,0.85,2.339,1.19,2.149,0.9504328343711366,1.5544782519659535
5921,0.05,0.4,0.55,0.1,0.1,0.8,2.339,1.19,2.1370000000000005,0.95131047568109,1.5712724733078964
5922,0.05,0.4,0.55,0.1,0.15,0.75,2.339,1.19,2.125,0.9521944709552784,1.6182423813058189
5923,0.05,0.4,0.55,0.1,0.2,0.7,2.339,1.19,2.113,0.953084889446718,1.6640445967631823
5924,0.05,0.4,0.55,0.1,0.25,0.65,2.339,1.19,2.101,0.953981801418496,1.674732553885061
5937,0.05,0.4,0.55,0.15,0.0,0.85,2.339,1.19,2.1415,0.9509806192724976,1.5539621913346933
5938,0.05,0.4,0.55,0.15,0.05,0.8,2.339,1.19,2.1295,0.9518622237481812,1.5661603231301708
5939,0.05,0.4,0.55,0.15,0.1,0.75,2.339,1.19,2.1175,0.9527502253538468,1.6363018941421776
5940,0.05,0.4,0.55,0.15,0.15,0.7,2.339,1.19,2.1055,0.9536446939716612,1.674732553885061
5941,0.05,0.4,0.55,0.15,0.2,0.65,2.339,1.19,2.0935,0.9545457005053668,1.6885952602309147
5942,0.05,0.4,0.55,0.15,0.25,0.6,2.339,1.19,2.0815,0.9554533168990168,1.690219242308122
5954,0.05,0.4,0.55,0.2,0.0,0.8,2.339,1.19,2.1220000000000003,0.9524164706742718,1.6113298176572062
5955,0.05,0.4,0.55,0.2,0.05,0.75,2.339,1.19,2.1100000000000003,0.9533085059087726,1.6303122902211813
5956,0.05,0.4,0.55,0.2,0.1,0.7,2.339,1.19,2.098,0.9542070523493646,1.6469898512640564
5957,0.05,0.4,0.55,0.2,0.15,0.65,2.339,1.19,2.0860000000000003,0.9551121815477636,1.6885952602309147
5958,0.05,0.4,0.55,0.2,0.2,0.6,2.339,1.19,2.074,0.9560239661079152,1.690219242308122
5970,0.05,0.4,0.55,0.25,0.0,0.75,2.339,1.19,2.1025,0.9538693298830828,1.6296795692908532
5971,0.05,0.4,0.55,0.25,0.05,0.7,2.339,1.19,2.0905,0.9547719820959648,1.6408069129807161
5972,0.05,0.4,0.55,0.25,0.1,0.65,2.339,1.19,2.0785,0.955681262319588,1.6591084561007985
5985,0.05,0.4,0.55,0.3,0.0,0.7,2.339,1.19,2.083,0.9553395008881496,1.6417981741275953
5986,0.05,0.4,0.55,0.3,0.05,0.65,2.339,1.19,2.071,0.9562529607582564,1.6424308950579234
5987,0.05,0.4,0.55,0.3,0.1,0.6,2.339,1.19,2.059,0.9571731682543662,1.6845369596959925
5999,0.05,0.4,0.55,0.35,0.0,0.65,2.339,1.19,2.0635000000000003,0.956827294966582,1.6672266777227893
6000,0.05,0.4,0.55,0.35,0.05,0.6,2.339,1.19,2.0515,0.9577517577663232,1.6678593986531174
6090,0.05,0.45,0.5,0.0,0.0,1.0,2.3205,1.19,2.2,0.9429133346176366,1.5422227355445464
6091,0.05,0.45,0.5,0.0,0.05,0.95,2.3205,1.19,2.188,0.943751013315438,1.5578628878594114
6092,0.05,0.45,0.5,0.0,0.1,0.9,2.3205,1.19,2.176,0.9445946647668778,1.5752003947126552
6093,0.05,0.45,0.5,0.0,0.15,0.85,2.3205,1.19,2.164,0.9454443530802245,1.6029430973336598
6094,0.05,0.45,0.5,0.0,0.2,0.8,2.3205,1.19,2.152,0.9463001432845104,1.6029430973336598
6095,0.05,0.45,0.5,0.0,0.25,0.75,2.3205,1.19,2.14,0.9471621013461246,1.610721552144496
6096,0.05,0.45,0.5,0.0,0.3,0.7,2.3205,1.19,2.128,0.9480302941857616,1.670319949970058
6110,0.05,0.45,0.5,0.05,0.0,0.95,2.3205,1.19,2.1805,0.9442775914910696,1.5572301669290833
6111,0.05,0.45,0.5,0.05,0.05,0.9,2.3205,1.19,2.1685000000000003,0.9451250084104248,1.5604381296219914
6112,0.05,0.45,0.5,0.05,0.1,0.85,2.3205,1.19,2.1565000000000003,0.9459785027258848,1.5752003947126552
6113,0.05,0.45,0.5,0.05,0.15,0.8,2.3205,1.19,2.1445000000000003,0.9468381400503626,1.6029430973336598
6114,0.05,0.45,0.5,0.05,0.2,0.75,2.3205,1.19,2.1325000000000003,0.9477039869446788,1.6106472739968962
6115,0.05,0.45,0.5,0.05,0.25,0.7,2.3205,1.19,2.1205,0.94857611093474,1.6680149003194091
6129,0.05,0.45,0.5,0.1,0.0,0.9,2.3205,1.19,2.161,0.9456577260183566,1.5598054086916633
6130,0.05,0.45,0.5,0.1,0.05,0.85,2.3205,1.19,2.149,0.9465150519656408,1.5604381296219914
6131,0.05,0.45,0.5,0.1,0.1,0.8,2.3205,1.19,2.1370000000000005,0.9473785624102902,1.575317055011723
6132,0.05,0.45,0.5,0.1,0.15,0.75,2.3205,1.19,2.125,0.9482483245142675,1.6222126848620457
6133,0.05,0.45,0.5,0.1,0.2,0.7,2.3205,1.19,2.113,0.9491244064155492,1.6680149003194091
6134,0.05,0.45,0.5,0.1,0.25,0.65,2.3205,1.19,2.101,0.950006877245919,1.6787028574412879
6147,0.05,0.45,0.5,0.15,0.0,0.85,2.3205,1.19,2.1415,0.9470540170056654,1.5599220689907312
6148,0.05,0.45,0.5,0.15,0.05,0.8,2.3205,1.19,2.1295,0.9479214268052828,1.572045922638609
6149,0.05,0.45,0.5,0.15,0.1,0.75,2.3205,1.19,2.1175,0.9487951307349654,1.6402721976984045
6150,0.05,0.45,0.5,0.15,0.15,0.7,2.3205,1.19,2.1055,0.9496751975517096,1.6787028574412879
6151,0.05,0.45,0.5,0.15,0.2,0.65,2.3205,1.19,2.0935,0.9505616970176398,1.6925655637871415
6152,0.05,0.45,0.5,0.15,0.25,0.6,2.3205,1.19,2.0815,0.9514546999184416,1.6941895458643488
6164,0.05,0.45,0.5,0.2,0.0,0.8,2.3205,1.19,2.1220000000000003,0.9484667498252528,1.6172154171656443
6165,0.05,0.45,0.5,0.2,0.05,0.75,2.3205,1.19,2.1100000000000003,0.9493444224384844,1.6361978897296194
6166,0.05,0.45,0.5,0.2,0.1,0.7,2.3205,1.19,2.098,0.9502285014211558,1.6509601548202832
6167,0.05,0.45,0.5,0.2,0.15,0.65,2.3205,1.19,2.0860000000000003,0.9511190571729308,1.6925655637871415
6168,0.05,0.45,0.5,0.2,0.2,0.6,2.3205,1.19,2.074,0.9520161611287632,1.6941895458643488
6180,0.05,0.45,0.5,0.25,0.0,0.75,2.3205,1.19,2.1025,0.9498962166099012,1.6355651687992914
6181,0.05,0.45,0.5,0.25,0.05,0.7,2.3205,1.19,2.0905,0.9507843352579975,1.6466925124891543
6182,0.05,0.45,0.5,0.25,0.1,0.65,2.3205,1.19,2.0785,0.9516789751995174,1.6630787596570253
6195,0.05,0.45,0.5,0.3,0.0,0.7,2.3205,1.19,2.083,0.9513427164543116,1.6476837736360335
6196,0.05,0.45,0.5,0.3,0.05,0.65,2.3205,1.19,2.071,0.9522414687460052,1.6483164945663615
6197,0.05,0.45,0.5,0.3,0.1,0.6,2.3205,1.19,2.059,0.9531468600204632,1.6885072632522193
6209,0.05,0.45,0.5,0.35,0.0,0.65,2.3205,1.19,2.0635000000000003,0.9528065556237356,1.6731122772312275
6210,0.05,0.45,0.5,0.35,0.05,0.6,2.3205,1.19,2.0515,0.9537161336873624,1.6737449981615555
6300,0.05,0.5,0.45,0.0,0.0,1.0,2.302,1.19,2.2,0.9390544923014268,1.534526378894384
6301,0.05,0.5,0.45,0.0,0.05,0.95,2.302,1.19,2.188,0.9398784628560088,1.5519342422481248
6302,0.05,0.5,0.45,0.0,0.1,0.9,2.302,1.19,2.176,0.940708308423458,1.5692717491013686
6303,0.05,0.5,0.45,0.0,0.15,0.85,2.302,1.19,2.164,0.9415440920629458,1.5970144517223732
6304,0.05,0.5,0.45,0.0,0.2,0.8,2.302,1.19,2.152,0.9423858777393423,1.5970144517223732
6305,0.05,0.5,0.45,0.0,0.25,0.75,2.302,1.19,2.14,0.9432337303395328,1.6047929065332094
6306,0.05,0.5,0.45,0.0,0.3,0.7,2.302,1.19,2.128,0.9440877156890912,1.6644655825063712
6320,0.05,0.5,0.45,0.05,0.0,0.95,2.302,1.19,2.1805,0.94039642387441,1.5513015213177967
6321,0.05,0.5,0.45,0.05,0.05,0.9,2.302,1.19,2.1685000000000003,0.9412299732899984,1.5545094840107048
6322,0.05,0.5,0.45,0.05,0.1,0.85,2.302,1.19,2.1565000000000003,0.9420695006485048,1.5692717491013686
6323,0.05,0.5,0.45,0.05,0.15,0.8,2.302,1.19,2.1445000000000003,0.9429150704891238,1.5970144517223732
6324,0.05,0.5,0.45,0.05,0.2,0.75,2.302,1.19,2.1325000000000003,0.9437667482834444,1.6047929065332094
6325,0.05,0.5,0.45,0.05,0.25,0.7,2.302,1.19,2.1205,0.9446246004523504,1.6621605328557223
6339,0.05,0.5,0.45,0.1,0.0,0.9,2.302,1.19,2.161,0.9417539732723248,1.5538767630803767
6340,0.05,0.5,0.45,0.1,0.05,0.85,2.302,1.19,2.149,0.9425972695601444,1.5545094840107048
6341,0.05,0.5,0.45,0.1,0.1,0.8,2.302,1.19,2.1370000000000005,0.9434466491394904,1.5693884094004364
6342,0.05,0.5,0.45,0.1,0.15,0.75,2.302,1.19,2.125,0.9443021780732566,1.616358317398359
6343,0.05,0.5,0.45,0.1,0.2,0.7,2.302,1.19,2.113,0.9451639233843798,1.6621605328557223
6344,0.05,0.5,0.45,0.1,0.25,0.65,2.302,1.19,2.101,0.946031953073342,1.672848489977601
6357,0.05,0.5,0.45,0.15,0.0,0.85,2.302,1.19,2.1415,0.9431274147388334,1.5539934233794446
6358,0.05,0.5,0.45,0.15,0.05,0.8,2.302,1.19,2.1295,0.9439806298623844,1.5661915551749221
6359,0.05,0.5,0.45,0.15,0.1,0.75,2.302,1.19,2.1175,0.9448400361160834,1.6344178302347177
6360,0.05,0.5,0.45,0.15,0.15,0.7,2.302,1.19,2.1055,0.9457057011317578,1.672848489977601
6361,0.05,0.5,0.45,0.15,0.2,0.65,2.302,1.19,2.0935,0.9465776935299132,1.6867111963234547
6362,0.05,0.5,0.45,0.15,0.25,0.6,2.302,1.19,2.0815,0.9474560829378664,1.688335178400662
6374,0.05,0.5,0.45,0.2,0.0,0.8,2.302,1.19,2.1220000000000003,0.9445170289762336,1.6113610497019575
6375,0.05,0.5,0.45,0.2,0.05,0.75,2.302,1.19,2.1100000000000003,0.9453803389681962,1.6303435222659326
6376,0.05,0.5,0.45,0.2,0.1,0.7,2.302,1.19,2.098,0.9462499504929466,1.6451057873565964
6377,0.05,0.5,0.45,0.2,0.15,0.65,2.302,1.19,2.0860000000000003,0.9471259327980984,1.6867111963234547
6378,0.05,0.5,0.45,0.2,0.2,0.6,2.302,1.19,2.074,0.9480083561496114,1.6882609002530622
6390,0.05,0.5,0.45,0.25,0.0,0.75,2.302,1.19,2.1025,0.9459231033367193,1.6297108013356045
6391,0.05,0.5,0.45,0.25,0.05,0.7,2.302,1.19,2.0905,0.9467966884200304,1.6408381450254674
6392,0.05,0.5,0.45,0.25,0.1,0.65,2.302,1.19,2.0785,0.9476766880794466,1.6571501140457388
6405,0.05,0.5,0.45,0.3,0.0,0.7,2.302,1.19,2.083,0.9473459320204736,1.6418294061723466
6406,0.05,0.5,0.45,0.3,0.05,0.65,2.302,1.19,2.071,0.948229976733754,1.642387848955075
6407,0.05,0.5,0.45,0.3,0.1,0.6,2.302,1.19,2.059,0.94912055178656,1.6825786176409327
6419,0.05,0.5,0.45,0.35,0.0,0.65,2.302,1.19,2.0635000000000003,0.9487858162808892,1.6671836316199409
6420,0.05,0.5,0.45,0.35,0.05,0.6,2.302,1.19,2.0515,0.9496805096084016,1.667816352550269
6510,0.05,0.55,0.4,0.0,0.0,1.0,2.2835,1.19,2.2,0.935195649985217,1.5341677208131925
6511,0.05,0.55,0.4,0.0,0.05,0.95,2.2835,1.19,2.188,0.93600591239658,1.5515755841669334
6512,0.05,0.55,0.4,0.0,0.1,0.9,2.2835,1.19,2.176,0.9368219520800384,1.5689130910201772
6513,0.05,0.55,0.4,0.0,0.15,0.85,2.2835,1.19,2.164,0.9376438310456678,1.5966557936411818
6514,0.05,0.55,0.4,0.0,0.2,0.8,2.2835,1.19,2.152,0.9384716121941746,1.5966557936411818
6515,0.05,0.55,0.4,0.0,0.25,0.75,2.2835,1.19,2.14,0.9393053593329408,1.604434248452018
6516,0.05,0.55,0.4,0.0,0.3,0.7,2.2835,1.19,2.128,0.9401451371924214,1.6641069244251798
6530,0.05,0.55,0.4,0.05,0.0,0.95,2.2835,1.19,2.1805,0.9365152562577506,1.5509428632366054
6531,0.05,0.55,0.4,0.05,0.05,0.9,2.2835,1.19,2.1685000000000003,0.9373349381695724,1.5541508259295134
6532,0.05,0.55,0.4,0.05,0.1,0.85,2.2835,1.19,2.1565000000000003,0.9381604985711254,1.5689130910201772
6533,0.05,0.55,0.4,0.05,0.15,0.8,2.2835,1.19,2.1445000000000003,0.938992000927885,1.5966557936411818
6534,0.05,0.55,0.4,0.05,0.2,0.75,2.2835,1.19,2.1325000000000003,0.9398295096222102,1.604434248452018
6535,0.05,0.55,0.4,0.05,0.25,0.7,2.2835,1.19,2.1205,0.9406730899699608,1.661801874774531
6549,0.05,0.55,0.4,0.1,0.0,0.9,2.2835,1.19,2.161,0.9378502205262936,1.5535181049991853
6550,0.05,0.55,0.4,0.1,0.05,0.85,2.2835,1.19,2.149,0.9386794871546486,1.5541508259295134
6551,0.05,0.55,0.4,0.1,0.1,0.8,2.2835,1.19,2.1370000000000005,0.9395147358686904,1.569029751319245
6552,0.05,0.55,0.4,0.1,0.15,0.75,2.2835,1.19,2.125,0.9403560316322458,1.6159996593171675
6553,0.05,0.55,0.4,0.1,0.2,0.7,2.2835,1.19,2.113,0.941203440353211,1.661801874774531
6554,0.05,0.55,0.4,0.1,0.25,0.65,2.2835,1.19,2.101,0.9420570289007648,1.6724898318964097
6567,0.05,0.55,0.4,0.15,0.0,0.85,2.2835,1.19,2.1415,0.9392008124720016,1.5536347652982532
6568,0.05,0.55,0.4,0.15,0.05,0.8,2.2835,1.19,2.1295,0.940039832919486,1.5658328970937307
6569,0.05,0.55,0.4,0.15,0.1,0.75,2.2835,1.19,2.1175,0.9408849414972018,1.6340591721535263
6570,0.05,0.55,0.4,0.15,0.15,0.7,2.2835,1.19,2.1055,0.941736204711806,1.6724898318964097
6571,0.05,0.55,0.4,0.15,0.2,0.65,2.2835,1.19,2.0935,0.9425936900421864,1.6863525382422633
6572,0.05,0.55,0.4,0.15,0.25,0.6,2.2835,1.19,2.0815,0.9434574659572916,1.6879765203194705
6584,0.05,0.55,0.4,0.2,0.0,0.8,2.2835,1.19,2.1220000000000003,0.9405673081272146,1.611002391620766
6585,0.05,0.55,0.4,0.2,0.05,0.75,2.2835,1.19,2.1100000000000003,0.941416255497908,1.6299848641847412
6586,0.05,0.55,0.4,0.2,0.1,0.7,2.2835,1.19,2.098,0.9422713995647378,1.644747129275405
6587,0.05,0.55,0.4,0.2,0.15,0.65,2.2835,1.19,2.0860000000000003,0.943132808423266,1.6863525382422633
6588,0.05,0.55,0.4,0.2,0.2,0.6,2.2835,1.19,2.074,0.9440005511704598,1.6879765203194705
6600,0.05,0.55,0.4,0.25,0.0,0.75,2.2835,1.19,2.1025,0.9419499900635376,1.6293521432544131
6601,0.05,0.55,0.4,0.25,0.05,0.7,2.2835,1.19,2.0905,0.9428090415820636,1.640479486944276
6602,0.05,0.55,0.4,0.25,0.1,0.65,2.2835,1.19,2.0785,0.943674400959376,1.656865734112147
6615,0.05,0.55,0.4,0.3,0.0,0.7,2.2835,1.19,2.083,0.943349147586636,1.6414707480911552
6616,0.05,0.55,0.4,0.3,0.05,0.65,2.2835,1.19,2.071,0.9442184847215028,1.6421034690214833
6617,0.05,0.55,0.4,0.3,0.1,0.6,2.2835,1.19,2.059,0.945094243552657,1.6822199595597414
6629,0.05,0.55,0.4,0.35,0.0,0.65,2.2835,1.19,2.0635000000000003,0.9447650769380428,1.6668249735387495
6630,0.05,0.55,0.4,0.35,0.05,0.6,2.2835,1.19,2.0515,0.945644885529441,1.6674576944690775
6720,0.05,0.6,0.35,0.0,0.0,1.0,2.265,1.19,2.2,0.9313368076690072,1.5310384881450192
6721,0.05,0.6,0.35,0.0,0.05,0.95,2.265,1.19,2.188,0.9321333619371508,1.5515755841669334
6722,0.05,0.6,0.35,0.0,0.1,0.9,2.265,1.19,2.176,0.9329355957366182,1.5689130910201772
6723,0.05,0.6,0.35,0.0,0.15,0.85,2.265,1.19,2.164,0.9337435700283896,1.5966557936411818
6724,0.05,0.6,0.35,0.0,0.2,0.8,2.265,1.19,2.152,0.9345573466490066,1.5966557936411818
6725,0.05,0.6,0.35,0.0,0.25,0.75,2.265,1.19,2.14,0.9353769883263487,1.604434248452018
6726,0.05,0.6,0.35,0.0,0.3,0.7,2.265,1.19,2.128,0.9362025586957512,1.6641069244251798
6740,0.05,0.6,0.35,0.05,0.0,0.95,2.265,1.19,2.1805,0.9326340886410908,1.5509428632366054
6741,0.05,0.6,0.35,0.05,0.05,0.9,2.265,1.19,2.1685000000000003,0.9334399030491464,1.5541508259295134
6742,0.05,0.6,0.35,0.05,0.1,0.85,2.265,1.19,2.1565000000000003,0.9342514964937456,1.5689130910201772
6743,0.05,0.6,0.35,0.05,0.15,0.8,2.265,1.19,2.1445000000000003,0.9350689313666458,1.5966557936411818
6744,0.05,0.6,0.35,0.05,0.2,0.75,2.265,1.19,2.1325000000000003,0.935892270960976,1.604434248452018
6745,0.05,0.6,0.35,0.05,0.25,0.7,2.265,1.19,2.1205,0.9367215794875712,1.661801874774531
6759,0.05,0.6,0.35,0.1,0.0,0.9,2.265,1.19,2.161,0.9339464677802624,1.5535181049991853
6760,0.05,0.6,0.35,0.1,0.05,0.85,2.265,1.19,2.149,0.9347617047491524,1.5541508259295134
6761,0.05,0.6,0.35,0.1,0.1,0.8,2.265,1.19,2.1370000000000005,0.9355828225978904,1.569029751319245
6762,0.05,0.6,0.35,0.1,0.15,0.75,2.265,1.19,2.125,0.9364098851912348,1.6159996593171675
6763,0.05,0.6,0.35,0.1,0.2,0.7,2.265,1.19,2.113,0.937242957322042,1.661801874774531
6764,0.05,0.6,0.35,0.1,0.25,0.65,2.265,1.19,2.101,0.938082104728188,1.6724898318964097
6777,0.05,0.6,0.35,0.15,0.0,0.85,2.265,1.19,2.1415,0.9352742102051692,1.5536347652982532
6778,0.05,0.6,0.35,0.15,0.05,0.8,2.265,1.19,2.1295,0.9360990359765876,1.5658328970937307
6779,0.05,0.6,0.35,0.15,0.1,0.75,2.265,1.19,2.1175,0.9369298468783204,1.6340591721535263
6780,0.05,0.6,0.35,0.15,0.15,0.7,2.265,1.19,2.1055,0.9377667082918544,1.6724898318964097
6781,0.05,0.6,0.35,0.15,0.2,0.65,2.265,1.19,2.0935,0.9386096865544592,1.6863525382422633
6782,0.05,0.6,0.35,0.15,0.25,0.6,2.265,1.19,2.0815,0.9394588489767166,1.6879765203194705
6794,0.05,0.6,0.35,0.2,0.0,0.8,2.265,1.19,2.1220000000000003,0.9366175872781956,1.611002391620766
6795,0.05,0.6,0.35,0.2,0.05,0.75,2.265,1.19,2.1100000000000003,0.9374521720276195,1.6299848641847412
6796,0.05,0.6,0.35,0.2,0.1,0.7,2.265,1.19,2.098,0.9382928486365288,1.644747129275405
6797,0.05,0.6,0.35,0.2,0.15,0.65,2.265,1.19,2.0860000000000003,0.9391396840484336,1.6863525382422633
6798,0.05,0.6,0.35,0.2,0.2,0.6,2.265,1.19,2.074,0.939992746191308,1.6879765203194705
6810,0.05,0.6,0.35,0.25,0.0,0.75,2.265,1.19,2.1025,0.9379768767903556,1.6293521432544131
6811,0.05,0.6,0.35,0.25,0.05,0.7,2.265,1.19,2.0905,0.938821394744096,1.640479486944276
6812,0.05,0.6,0.35,0.25,0.1,0.65,2.265,1.19,2.0785,0.939672113839305,1.656865734112147
6825,0.05,0.6,0.35,0.3,0.0,0.7,2.265,1.19,2.083,0.939352363152798,1.6414707480911552
6826,0.05,0.6,0.35,0.3,0.05,0.65,2.265,1.19,2.071,0.9402069927092516,1.6421034690214833
6827,0.05,0.6,0.35,0.3,0.1,0.6,2.265,1.19,2.059,0.9410679353187538,1.6822199595597414
6839,0.05,0.6,0.35,0.35,0.0,0.65,2.265,1.19,2.0635000000000003,0.940744337595196,1.6668249735387495
6840,0.05,0.6,0.35,0.35,0.05,0.6,2.265,1.19,2.0515,0.9416092614504804,1.6674576944690775
6930,0.05,0.65,0.3,0.0,0.0,1.0,2.2465,1.19,2.2,0.9274779653527976,1.5459301217455408
6931,0.05,0.65,0.3,0.0,0.05,0.95,2.2465,1.19,2.188,0.928260811477722,1.556832351376982
6932,0.05,0.65,0.3,0.0,0.1,0.9,2.2465,1.19,2.176,0.9290492393931984,1.5741698582302257
6933,0.05,0.65,0.3,0.0,0.15,0.85,2.2465,1.19,2.164,0.9298433090111116,1.6019125608512303
6934,0.05,0.65,0.3,0.0,0.2,0.8,2.2465,1.19,2.152,0.9306430811038388,1.5971264066129405
6935,0.05,0.65,0.3,0.0,0.25,0.75,2.2465,1.19,2.14,0.9314486173197568,1.6049048614237766
6936,0.05,0.65,0.3,0.0,0.3,0.7,2.2465,1.19,2.128,0.9322599801990814,1.6645775373969385
6950,0.05,0.65,0.3,0.05,0.0,0.95,2.2465,1.19,2.1805,0.9287529210244312,1.5561996304466539
6951,0.05,0.65,0.3,0.05,0.05,0.9,2.2465,1.19,2.1685000000000003,0.9295448679287204,1.559407593139562
6952,0.05,0.65,0.3,0.05,0.1,0.85,2.2465,1.19,2.1565000000000003,0.930342494416366,1.5693837039919358
6953,0.05,0.65,0.3,0.05,0.15,0.8,2.2465,1.19,2.1445000000000003,0.931145861805407,1.5971264066129405
6954,0.05,0.65,0.3,0.05,0.2,0.75,2.2465,1.19,2.1325000000000003,0.9319550322997416,1.6049048614237766
6955,0.05,0.65,0.3,0.05,0.25,0.7,2.2465,1.19,2.1205,0.9327700690051814,1.6622724877462896
6969,0.05,0.65,0.3,0.1,0.0,0.9,2.2465,1.19,2.161,0.9300427150342312,1.5587748722092338
6970,0.05,0.65,0.3,0.1,0.05,0.85,2.2465,1.19,2.149,0.9308439223436566,1.554621438901272
6971,0.05,0.65,0.3,0.1,0.1,0.8,2.2465,1.19,2.1370000000000005,0.9316509093270908,1.5695003642910037
6972,0.05,0.65,0.3,0.1,0.15,0.75,2.2465,1.19,2.125,0.932463738750224,1.6164702722889261
6973,0.05,0.65,0.3,0.1,0.2,0.7,2.2465,1.19,2.113,0.9332824742908732,1.6622724877462896
6974,0.05,0.65,0.3,0.1,0.25,0.65,2.2465,1.19,2.101,0.9341071805556108,1.6729604448681683
6987,0.05,0.65,0.3,0.15,0.0,0.85,2.2465,1.19,2.1415,0.9313476079383372,1.5541053782700118
6988,0.05,0.65,0.3,0.15,0.05,0.8,2.2465,1.19,2.1295,0.9321582390336892,1.5663035100654894
6989,0.05,0.65,0.3,0.15,0.1,0.75,2.2465,1.19,2.1175,0.9329747522594388,1.634529785125285
6990,0.05,0.65,0.3,0.15,0.15,0.7,2.2465,1.19,2.1055,0.9337972118719026,1.6729604448681683
6991,0.05,0.65,0.3,0.15,0.2,0.65,2.2465,1.19,2.0935,0.9346256830667324,1.686823151214022
6992,0.05,0.65,0.3,0.15,0.25,0.6,2.2465,1.19,2.0815,0.9354602319961416,1.6884471332912292
7004,0.05,0.65,0.3,0.2,0.0,0.8,2.2465,1.19,2.1220000000000003,0.9326678664291768,1.6114730045925247
7005,0.05,0.65,0.3,0.2,0.05,0.75,2.2465,1.19,2.1100000000000003,0.9334880885573316,1.6304554771564999
7006,0.05,0.65,0.3,0.2,0.1,0.7,2.2465,1.19,2.098,0.93431429770832,1.6452177422471637
7007,0.05,0.65,0.3,0.2,0.15,0.65,2.2465,1.19,2.0860000000000003,0.935146559673601,1.686823151214022
7008,0.05,0.65,0.3,0.2,0.2,0.6,2.2465,1.19,2.074,0.9359849412121564,1.6884471332912292
7020,0.05,0.65,0.3,0.25,0.0,0.75,2.2465,1.19,2.1025,0.934003763517174,1.6298227562261718
7021,0.05,0.65,0.3,0.25,0.05,0.7,2.2465,1.19,2.0905,0.934833747906129,1.6409500999160347
7022,0.05,0.65,0.3,0.25,0.1,0.65,2.2465,1.19,2.0785,0.9356698267192344,1.6573363470839058
7035,0.05,0.65,0.3,0.3,0.0,0.7,2.2465,1.19,2.083,0.9353555787189604,1.6419413610629139
7036,0.05,0.65,0.3,0.3,0.05,0.65,2.2465,1.19,2.071,0.9361955006970007,1.642574081993242
7037,0.05,0.65,0.3,0.3,0.1,0.6,2.2465,1.19,2.059,0.9370416270848508,1.6826905725315
7049,0.05,0.65,0.3,0.35,0.0,0.65,2.2465,1.19,2.0635000000000003,0.9367235982523496,1.6672955865105081
7050,0.05,0.65,0.3,0.35,0.05,0.6,2.2465,1.19,2.0515,0.9375736373715196,1.6679283074408362
7140,0.05,0.7,0.25,0.0,0.0,1.0,2.228,1.19,2.2,0.9236191230365876,1.5476105751659301
7141,0.05,0.7,0.25,0.0,0.05,0.95,2.228,1.19,2.188,0.924388261018293,1.557180513828987
7142,0.05,0.7,0.25,0.0,0.1,0.9,2.228,1.19,2.176,0.9251628830497788,1.5745180206822307
7143,0.05,0.7,0.25,0.0,0.15,0.85,2.228,1.19,2.164,0.9259430479938332,1.6022607233032353
7144,0.05,0.7,0.25,0.0,0.2,0.8,2.228,1.19,2.152,0.9267288155586708,1.6019125608512303
7145,0.05,0.7,0.25,0.0,0.25,0.75,2.228,1.19,2.14,0.9275202463131652,1.6096910156620665
7146,0.05,0.7,0.25,0.0,0.3,0.7,2.228,1.19,2.128,0.9283174017024112,1.6693636916352284
7160,0.05,0.7,0.25,0.05,0.0,0.95,2.228,1.19,2.1805,0.9248717534077718,1.5565477928986589
7161,0.05,0.7,0.25,0.05,0.05,0.9,2.228,1.19,2.1685000000000003,0.925649832808294,1.5597557555915669
7162,0.05,0.7,0.25,0.05,0.1,0.85,2.228,1.19,2.1565000000000003,0.9264334923389862,1.5745180206822307
7163,0.05,0.7,0.25,0.05,0.15,0.8,2.228,1.19,2.1445000000000003,0.927222792244168,1.6019125608512303
7164,0.05,0.7,0.25,0.05,0.2,0.75,2.228,1.19,2.1325000000000003,0.9280177936385072,1.6096910156620665
7165,0.05,0.7,0.25,0.05,0.25,0.7,2.228,1.19,2.1205,0.9288185585227916,1.6670586419845794
7179,0.05,0.7,0.25,0.1,0.0,0.9,2.228,1.19,2.161,0.9261389622881994,1.5591230346612388
7180,0.05,0.7,0.25,0.1,0.05,0.85,2.228,1.19,2.149,0.9269261399381606,1.559407593139562
7181,0.05,0.7,0.25,0.1,0.1,0.8,2.228,1.19,2.1370000000000005,0.9277189960562908,1.5742865185292936
7182,0.05,0.7,0.25,0.1,0.15,0.75,2.228,1.19,2.125,0.9285175923092128,1.621256426527216
7183,0.05,0.7,0.25,0.1,0.2,0.7,2.228,1.19,2.113,0.929321991259704,1.6670586419845794
7184,0.05,0.7,0.25,0.1,0.25,0.65,2.228,1.19,2.101,0.9301322563830337,1.6777465991064582
7197,0.05,0.7,0.25,0.15,0.0,0.85,2.228,1.19,2.1415,0.9274210056715052,1.5588915325083017
7198,0.05,0.7,0.25,0.15,0.05,0.8,2.228,1.19,2.1295,0.9282174420907908,1.5710896643037793
7199,0.05,0.7,0.25,0.15,0.1,0.75,2.228,1.19,2.1175,0.9290196576405568,1.6393159393635748
7200,0.05,0.7,0.25,0.15,0.15,0.7,2.228,1.19,2.1055,0.9298277154519506,1.6777465991064582
7201,0.05,0.7,0.25,0.15,0.2,0.65,2.228,1.19,2.0935,0.9306416795790056,1.686823151214022
7202,0.05,0.7,0.25,0.15,0.25,0.6,2.228,1.19,2.0815,0.9314616150155668,1.6884471332912292
7214,0.05,0.7,0.25,0.2,0.0,0.8,2.228,1.19,2.1220000000000003,0.9287181455801572,1.6162591588308146
7215,0.05,0.7,0.25,0.2,0.05,0.75,2.228,1.19,2.1100000000000003,0.9295240050870432,1.6352416313947897
7216,0.05,0.7,0.25,0.2,0.1,0.7,2.228,1.19,2.098,0.9303357467801108,1.6452177422471637
7217,0.05,0.7,0.25,0.2,0.15,0.65,2.228,1.19,2.0860000000000003,0.9311534352987684,1.686823151214022
7218,0.05,0.7,0.25,0.2,0.2,0.6,2.228,1.19,2.074,0.9319771362330046,1.6884471332912292
7230,0.05,0.7,0.25,0.25,0.0,0.75,2.228,1.19,2.1025,0.930030650243992,1.6346089104644617
7231,0.05,0.7,0.25,0.25,0.05,0.7,2.228,1.19,2.0905,0.930846101068162,1.6409500999160347
7232,0.05,0.7,0.25,0.25,0.1,0.65,2.228,1.19,2.0785,0.9316675395991636,1.6573363470839058
7245,0.05,0.7,0.25,0.3,0.0,0.7,2.228,1.19,2.083,0.9313587942851226,1.6419413610629139
7246,0.05,0.7,0.25,0.3,0.05,0.65,2.228,1.19,2.071,0.9321840086847492,1.642574081993242
7247,0.05,0.7,0.25,0.3,0.1,0.6,2.228,1.19,2.059,0.9330153188509476,1.6826905725315
7259,0.05,0.7,0.25,0.35,0.0,0.65,2.228,1.19,2.0635000000000003,0.9327028589095032,1.6672955865105081
7260,0.05,0.7,0.25,0.35,0.05,0.6,2.228,1.19,2.0515,0.9335380132925588,1.6679283074408362
7350,0.05,0.75,0.2,0.0,0.0,1.0,2.2095,1.19,2.2,0.919760280720378,1.5458524782105936
7351,0.05,0.75,0.2,0.0,0.05,0.95,2.2095,1.19,2.188,0.920515710558864,1.557180513828987
7352,0.05,0.75,0.2,0.0,0.1,0.9,2.2095,1.19,2.176,0.921276526706359,1.5745180206822307
7353,0.05,0.75,0.2,0.0,0.15,0.85,2.2095,1.19,2.164,0.922042786976555,1.6022607233032353
7354,0.05,0.75,0.2,0.0,0.2,0.8,2.2095,1.19,2.152,0.922814550013503,1.6022607233032353
7355,0.05,0.75,0.2,0.0,0.25,0.75,2.2095,1.19,2.14,0.9235918753065732,1.6100391781140715
7356,0.05,0.75,0.2,0.0,0.3,0.7,2.2095,1.19,2.128,0.9243748232057414,1.6697118540872333
7370,0.05,0.75,0.2,0.05,0.0,0.95,2.2095,1.19,2.1805,0.9209905857911124,1.5565477928986589
7371,0.05,0.75,0.2,0.05,0.05,0.9,2.2095,1.19,2.1685000000000003,0.921754797687868,1.5597557555915669
7372,0.05,0.75,0.2,0.05,0.1,0.85,2.2095,1.19,2.1565000000000003,0.9225244902616064,1.5745180206822307
7373,0.05,0.75,0.2,0.05,0.15,0.8,2.2095,1.19,2.1445000000000003,0.9232997226829296,1.6022607233032353
7374,0.05,0.75,0.2,0.05,0.2,0.75,2.2095,1.19,2.1325000000000003,0.9240805549772728,1.6100391781140715
7375,0.05,0.75,0.2,0.05,0.25,0.7,2.2095,1.19,2.1205,0.924867048040402,1.6674068044365844
7389,0.05,0.75,0.2,0.1,0.0,0.9,2.2095,1.19,2.161,0.9222352095421684,1.5591230346612388
7390,0.05,0.75,0.2,0.1,0.05,0.85,2.2095,1.19,2.149,0.9230083575326647,1.5597557555915669
7391,0.05,0.75,0.2,0.1,0.1,0.8,2.2095,1.19,2.1370000000000005,0.923787082785491,1.5746346809812986
7392,0.05,0.75,0.2,0.1,0.15,0.75,2.2095,1.19,2.125,0.9245714458682022,1.621604588979221
7393,0.05,0.75,0.2,0.1,0.2,0.7,2.2095,1.19,2.113,0.925361508228535,1.6674068044365844
7394,0.05,0.75,0.2,0.1,0.25,0.65,2.2095,1.19,2.101,0.9261573322104568,1.6780947615584632
7407,0.05,0.75,0.2,0.15,0.0,0.85,2.2095,1.19,2.1415,0.9234944034046731,1.5592396949603067
7408,0.05,0.75,0.2,0.15,0.05,0.8,2.2095,1.19,2.1295,0.9242766451478928,1.5714378267557843
7409,0.05,0.75,0.2,0.15,0.1,0.75,2.2095,1.19,2.1175,0.9250645630216752,1.6396641018155798
7410,0.05,0.75,0.2,0.15,0.15,0.7,2.2095,1.19,2.1055,0.9258582190319988,1.6780947615584632
7411,0.05,0.75,0.2,0.15,0.2,0.65,2.2095,1.19,2.0935,0.9266576760912788,1.6894515201352958
7412,0.05,0.75,0.2,0.15,0.25,0.6,2.2095,1.19,2.0815,0.9274629980349918,1.691075502212503
7424,0.05,0.75,0.2,0.2,0.0,0.8,2.2095,1.19,2.1220000000000003,0.9247684247311384,1.6166073212828196
7425,0.05,0.75,0.2,0.2,0.05,0.75,2.2095,1.19,2.1100000000000003,0.9255599216167552,1.6355897938467947
7426,0.05,0.75,0.2,0.2,0.1,0.7,2.2095,1.19,2.098,0.926357195851902,1.6503520589374585
7427,0.05,0.75,0.2,0.2,0.15,0.65,2.2095,1.19,2.0860000000000003,0.927160310923936,1.6894515201352958
7428,0.05,0.75,0.2,0.2,0.2,0.6,2.2095,1.19,2.074,0.9279693312538532,1.691075502212503
7440,0.05,0.75,0.2,0.25,0.0,0.75,2.2095,1.19,2.1025,0.9260575369708104,1.6349570729164666
7441,0.05,0.75,0.2,0.25,0.05,0.7,2.2095,1.19,2.0905,0.926858454230195,1.6435784688373085
7442,0.05,0.75,0.2,0.25,0.1,0.65,2.2095,1.19,2.0785,0.927665252479093,1.6599647160051796
7455,0.05,0.75,0.2,0.3,0.0,0.7,2.2095,1.19,2.083,0.9273620098512848,1.6445697299841877
7456,0.05,0.75,0.2,0.3,0.05,0.65,2.2095,1.19,2.071,0.928172516672498,1.6452024509145158
7457,0.05,0.75,0.2,0.3,0.1,0.6,2.2095,1.19,2.059,0.9289890106170446,1.6826905725315
7469,0.05,0.75,0.2,0.35,0.0,0.65,2.2095,1.19,2.0635000000000003,0.9286821195666568,1.6672955865105081
7470,0.05,0.75,0.2,0.35,0.05,0.6,2.2095,1.19,2.0515,0.9295023892135984,1.6679283074408362
7560,0.05,0.8,0.15,0.0,0.0,1.0,2.191,1.19,2.2,0.915901438404168,1.5483871069753523
7561,0.05,0.8,0.15,0.0,0.05,0.95,2.191,1.19,2.188,0.9166431600994348,1.5564245904098306
7562,0.05,0.8,0.15,0.0,0.1,0.9,2.191,1.19,2.176,0.917390170362939,1.5732820554034928
7563,0.05,0.8,0.15,0.0,0.15,0.85,2.191,1.19,2.164,0.9181425259592768,1.6034202134027173
7564,0.05,0.8,0.15,0.0,0.2,0.8,2.191,1.19,2.152,0.918900284468335,1.6034202134027173
7565,0.05,0.8,0.15,0.0,0.25,0.75,2.191,1.19,2.14,0.919663504299981,1.6111986682135535
7566,0.05,0.8,0.15,0.0,0.3,0.7,2.191,1.19,2.128,0.9204322447090711,1.6708713441867153
7580,0.05,0.8,0.15,0.05,0.0,0.95,2.191,1.19,2.1805,0.9171094181744524,1.555311827619921
7581,0.05,0.8,0.15,0.05,0.05,0.9,2.191,1.19,2.1685000000000003,0.917859762567442,1.5618847944669867
7582,0.05,0.8,0.15,0.05,0.1,0.85,2.191,1.19,2.1565000000000003,0.9186154881842268,1.5766470595576505
7583,0.05,0.8,0.15,0.05,0.15,0.8,2.191,1.19,2.1445000000000003,0.9193766531216904,1.6034202134027173
7584,0.05,0.8,0.15,0.05,0.2,0.75,2.191,1.19,2.1325000000000003,0.9201433163160384,1.6111986682135535
7585,0.05,0.8,0.15,0.05,0.25,0.7,2.191,1.19,2.1205,0.920915537558012,1.6685662945360664
7599,0.05,0.8,0.15,0.1,0.0,0.9,2.191,1.19,2.161,0.918331456796137,1.5612520735366586
7600,0.05,0.8,0.15,0.1,0.05,0.85,2.191,1.19,2.149,0.9190905751271686,1.5618847944669867
7601,0.05,0.8,0.15,0.1,0.1,0.8,2.191,1.19,2.1370000000000005,0.9198551695146912,1.5767637198567184
7602,0.05,0.8,0.15,0.1,0.15,0.75,2.191,1.19,2.125,0.9206252994271912,1.622764079078703
7603,0.05,0.8,0.15,0.1,0.2,0.7,2.191,1.19,2.113,0.9214010251973662,1.6685662945360664
7604,0.05,0.8,0.15,0.1,0.25,0.65,2.191,1.19,2.101,0.9221824080378797,1.6792542516579452
7617,0.05,0.8,0.15,0.15,0.0,0.85,2.191,1.19,2.1415,0.9195678011378408,1.5613687338357265
7618,0.05,0.8,0.15,0.15,0.05,0.8,2.191,1.19,2.1295,0.9203358482049944,1.573566865631204
7619,0.05,0.8,0.15,0.15,0.1,0.75,2.191,1.19,2.1175,0.9211094684027936,1.6417931406909996
7620,0.05,0.8,0.15,0.15,0.15,0.7,2.191,1.19,2.1055,0.9218887226120472,1.6792542516579452
7621,0.05,0.8,0.15,0.15,0.2,0.65,2.191,1.19,2.0935,0.9226736726035518,1.6909591726867828
7622,0.05,0.8,0.15,0.15,0.25,0.6,2.191,1.19,2.0815,0.9234643810544166,1.69258315476399
7634,0.05,0.8,0.15,0.2,0.0,0.8,2.191,1.19,2.1220000000000003,0.9208187038821194,1.6187363601582394
7635,0.05,0.8,0.15,0.2,0.05,0.75,2.191,1.19,2.1100000000000003,0.9215958381464668,1.6377188327222145
7636,0.05,0.8,0.15,0.2,0.1,0.7,2.191,1.19,2.098,0.9223786449236928,1.6524810978128783
7637,0.05,0.8,0.15,0.2,0.15,0.65,2.191,1.19,2.0860000000000003,0.9231671865491036,1.6909591726867828
7638,0.05,0.8,0.15,0.2,0.2,0.6,2.191,1.19,2.074,0.9239615262747012,1.69258315476399
7650,0.05,0.8,0.15,0.25,0.0,0.75,2.191,1.19,2.1025,0.9220844236976284,1.6370861117918865
7651,0.05,0.8,0.15,0.25,0.05,0.7,2.191,1.19,2.0905,0.9228708073922276,1.6460556701647333
7652,0.05,0.8,0.15,0.25,0.1,0.65,2.191,1.19,2.0785,0.9236629653590224,1.6624419173326044
7665,0.05,0.8,0.15,0.3,0.0,0.7,2.191,1.19,2.083,0.923365225417447,1.6470469313116125
7666,0.05,0.8,0.15,0.3,0.05,0.65,2.191,1.19,2.071,0.9241610246602472,1.6476796522419406
7667,0.05,0.8,0.15,0.3,0.1,0.6,2.191,1.19,2.059,0.9249627023831416,1.6820049579656446
7679,0.05,0.8,0.15,0.35,0.0,0.65,2.191,1.19,2.0635000000000003,0.9246613802238102,1.6666099719446528
7680,0.05,0.8,0.15,0.35,0.05,0.6,2.191,1.19,2.0515,0.9254667651346375,1.6672426928749808
7770,0.05,0.85,0.1,0.0,0.0,1.0,2.1725,1.19,2.2,0.9120425960879583,1.5811757814749552
7771,0.05,0.85,0.1,0.0,0.05,0.95,2.1725,1.19,2.188,0.912770609640006,1.5892132649094335
7772,0.05,0.85,0.1,0.0,0.1,0.9,2.1725,1.19,2.176,0.9135038140195192,1.6065507717626772
7773,0.05,0.85,0.1,0.0,0.15,0.85,2.1725,1.19,2.164,0.9142422649419986,1.619655049252658
7774,0.05,0.85,0.1,0.0,0.2,0.8,2.1725,1.19,2.152,0.9149860189231672,1.619655049252658
7775,0.05,0.85,0.1,0.0,0.25,0.75,2.1725,1.19,2.14,0.9157351332933892,1.6236959071341412
7776,0.05,0.85,0.1,0.0,0.3,0.7,2.1725,1.19,2.128,0.9164896662124012,1.6694321366278269
7790,0.05,0.85,0.1,0.05,0.0,0.95,2.1725,1.19,2.1805,0.9132282505577928,1.5885805439791054
7791,0.05,0.85,0.1,0.05,0.05,0.9,2.1725,1.19,2.1685000000000003,0.9139647274470158,1.5917885066720134
7792,0.05,0.85,0.1,0.05,0.1,0.85,2.1725,1.19,2.1565000000000003,0.9147064861068472,1.597168134499359
7793,0.05,0.85,0.1,0.05,0.15,0.8,2.1725,1.19,2.1445000000000003,0.9154535835604516,1.619655049252658
7794,0.05,0.85,0.1,0.05,0.2,0.75,2.1725,1.19,2.1325000000000003,0.916206077654804,1.6236959071341412
7795,0.05,0.85,0.1,0.05,0.25,0.7,2.1725,1.19,2.1205,0.9169640270756224,1.6747161879747392
7809,0.05,0.85,0.1,0.1,0.0,0.9,2.1725,1.19,2.161,0.9144277040501054,1.581773148478367
7810,0.05,0.85,0.1,0.1,0.05,0.85,2.1725,1.19,2.149,0.9151727927216728,1.582405869408695
7811,0.05,0.85,0.1,0.1,0.1,0.8,2.1725,1.19,2.1370000000000005,0.9159232562438911,1.5972847947984268
7812,0.05,0.85,0.1,0.1,0.15,0.75,2.1725,1.19,2.125,0.9166791529861804,1.6293940143769574
7813,0.05,0.85,0.1,0.1,0.2,0.7,2.1725,1.19,2.113,0.9174405421661972,1.6747161879747392
7814,0.05,0.85,0.1,0.1,0.25,0.65,2.1725,1.19,2.101,0.9182074838653026,1.687799600474838
7827,0.05,0.85,0.1,0.15,0.0,0.85,2.1725,1.19,2.1415,0.9156411988710088,1.581889808777435
7828,0.05,0.85,0.1,0.15,0.05,0.8,2.1725,1.19,2.1295,0.9163950512620958,1.5882206369505791
7829,0.05,0.85,0.1,0.15,0.1,0.75,2.1725,1.19,2.1175,0.917154373783912,1.65222927322144
7830,0.05,0.85,0.1,0.15,0.15,0.7,2.1725,1.19,2.1055,0.9179192261920954,1.687799600474838
7831,0.05,0.85,0.1,0.15,0.2,0.65,2.1725,1.19,2.0935,0.9186896691158252,1.6995045215036755
7844,0.05,0.85,0.1,0.2,0.0,0.8,2.1725,1.19,2.1220000000000003,0.9168689830331002,1.6329100896180329
7845,0.05,0.85,0.1,0.2,0.05,0.75,2.1725,1.19,2.1100000000000003,0.9176317546761787,1.6515199694068128
7846,0.05,0.85,0.1,0.2,0.1,0.7,2.1725,1.19,2.098,0.918400093995484,1.6662822344974766
7847,0.05,0.85,0.1,0.2,0.15,0.65,2.1725,1.19,2.0860000000000003,0.9191740621742712,1.6995045215036755
7860,0.05,0.85,0.1,0.25,0.0,0.75,2.1725,1.19,2.1025,0.9181113104244468,1.6508872484764847
7861,0.05,0.85,0.1,0.25,0.05,0.7,2.1725,1.19,2.0905,0.9188831605542606,1.6598568068493316
7862,0.05,0.85,0.1,0.25,0.1,0.65,2.1725,1.19,2.0785,0.9196606782389516,1.6762430540172026
7875,0.05,0.85,0.1,0.3,0.0,0.7,2.1725,1.19,2.083,0.919368440983609,1.6608480679962108
7876,0.05,0.85,0.1,0.3,0.05,0.65,2.1725,1.19,2.071,0.9201495326479958,1.6614807889265388
7877,0.05,0.85,0.1,0.3,0.1,0.6,2.1725,1.19,2.059,0.9209363941492386,1.695806094650243
7889,0.05,0.85,0.1,0.35,0.0,0.65,2.1725,1.19,2.0635000000000003,0.9206406408809638,1.680411108629251
7890,0.05,0.85,0.1,0.35,0.05,0.6,2.1725,1.19,2.0515,0.921431141055677,1.681043829559579
7980,0.05,0.9,0.05,0.0,0.0,1.0,2.1540000000000004,1.19,2.2,0.9081837537717488,1.5983945063744307
7981,0.05,0.9,0.05,0.0,0.05,0.95,2.1540000000000004,1.19,2.188,0.9088980591805772,1.607166085855196
7982,0.05,0.9,0.05,0.0,0.1,0.9,2.1540000000000004,1.19,2.176,0.9096174576760994,1.6245035927084397
7983,0.05,0.9,0.05,0.0,0.15,0.85,2.1540000000000004,1.19,2.164,0.9103420039247204,1.6410454867869941
7984,0.05,0.9,0.05,0.0,0.2,0.8,2.1540000000000004,1.19,2.152,0.9110717533779994,1.6410454867869941
7985,0.05,0.9,0.05,0.0,0.25,0.75,2.1540000000000004,1.19,2.14,0.9118067622867974,1.6425861769472772
7986,0.05,0.9,0.05,0.0,0.3,0.7,2.1540000000000004,1.19,2.128,0.9125470877157312,1.678471019074293
8000,0.05,0.9,0.05,0.05,0.0,0.95,2.1540000000000004,1.19,2.1805,0.9093470829411334,1.606533364924868
8001,0.05,0.9,0.05,0.05,0.05,0.9,2.1540000000000004,1.19,2.1685000000000003,0.91006969232659,1.6097413276177759
8002,0.05,0.9,0.05,0.05,0.1,0.85,2.1540000000000004,1.19,2.1565000000000003,0.9107974840294676,1.6245035927084397
8003,0.05,0.9,0.05,0.05,0.15,0.8,2.1540000000000004,1.19,2.1445000000000003,0.9115305139992128,1.6410454867869941
8004,0.05,0.9,0.05,0.05,0.2,0.75,2.1540000000000004,1.19,2.1325000000000003,0.9122688389935698,1.6425861769472772
8005,0.05,0.9,0.05,0.05,0.25,0.7,2.1540000000000004,1.19,2.1205,0.9130125165932328,1.687357034029899
8019,0.05,0.9,0.05,0.1,0.0,0.9,2.1540000000000004,1.19,2.161,0.9105239513040742,1.609108606687448
8020,0.05,0.9,0.05,0.1,0.05,0.85,2.1540000000000004,1.19,2.149,0.9112550103161768,1.6097413276177759
8021,0.05,0.9,0.05,0.1,0.1,0.8,2.1540000000000004,1.19,2.1370000000000005,0.9119913429730916,1.6221200852863074
8022,0.05,0.9,0.05,0.1,0.15,0.75,2.1540000000000004,1.19,2.125,0.9127330065451694,1.6482842841900933
8023,0.05,0.9,0.05,0.1,0.2,0.7,2.1540000000000004,1.19,2.113,0.9134800591350284,1.687357034029899
8024,0.05,0.9,0.05,0.1,0.25,0.65,2.1540000000000004,1.19,2.101,0.9142325596927257,1.6980449911517776
8037,0.05,0.9,0.05,0.15,0.0,0.85,2.1540000000000004,1.19,2.1415,0.9117145966041768,1.6092252669865157
8038,0.05,0.9,0.05,0.15,0.05,0.8,2.1540000000000004,1.19,2.1295,0.9124542543191976,1.6130559274384597
8039,0.05,0.9,0.05,0.15,0.1,0.75,2.1540000000000004,1.19,2.1175,0.9131992791650304,1.6708151399513445
8040,0.05,0.9,0.05,0.15,0.15,0.7,2.1540000000000004,1.19,2.1055,0.9139497297721436,1.6980449911517776
8054,0.05,0.9,0.05,0.2,0.0,0.8,2.1540000000000004,1.19,2.1220000000000003,0.9129192621840814,1.6514959563479372
8055,0.05,0.9,0.05,0.2,0.05,0.75,2.1540000000000004,1.19,2.1100000000000003,0.9136676712058908,1.6667408319825594
8056,0.05,0.9,0.05,0.2,0.1,0.7,2.1540000000000004,1.19,2.098,0.9144215430672752,1.6788499254274627
8070,0.05,0.9,0.05,0.25,0.0,0.75,2.1540000000000004,1.19,2.1025,0.914138197151265,1.6661081110522313
8071,0.05,0.9,0.05,0.25,0.05,0.7,2.1540000000000004,1.19,2.0905,0.9148955137162936,1.6724244977793177
8072,0.05,0.9,0.05,0.25,0.1,0.65,2.1540000000000004,1.19,2.0785,0.9156583911188808,1.6888107449471887
8085,0.05,0.9,0.05,0.3,0.0,0.7,2.1540000000000004,1.19,2.083,0.9153716565497712,1.6734157589261969
8086,0.05,0.9,0.05,0.3,0.05,0.65,2.1540000000000004,1.19,2.071,0.9161380406357448,1.674048479856525
8099,0.05,0.9,0.05,0.35,0.0,0.65,2.1540000000000004,1.19,2.0635000000000003,0.9166199015381172,1.6929787995592371
8100,0.05,0.9,0.05,0.35,0.05,0.6,2.1540000000000004,1.19,2.0515,0.9173955169767164,1.6931314786299836
8190,0.1,0.0,0.9,0.0,0.0,1.0,2.4439999999999995,1.19,2.2,0.968673714404226,1.5146901726607211
8191,0.1,0.0,0.9,0.0,0.05,0.95,2.4439999999999995,1.19,2.188,0.9696029042202748,1.5361469942956092
8192,0.1,0.0,0.9,0.0,0.1,0.9,2.4439999999999995,1.19,2.176,0.9705387192756532,1.5529955358766963
8193,0.1,0.0,0.9,0.0,0.15,0.85,2.4439999999999995,1.19,2.164,0.9714812306820544,1.5807382384977007
8194,0.1,0.0,0.9,0.0,0.2,0.8,2.4439999999999995,1.19,2.152,0.972430510572523,1.5807382384977007
8195,0.1,0.0,0.9,0.0,0.25,0.75,2.4439999999999995,1.19,2.14,0.9733866321198598,1.590303377213514
8196,0.1,0.0,0.9,0.0,0.3,0.7,2.4439999999999995,1.19,2.128,0.9743496695554232,1.6510358835263466
8210,0.1,0.0,0.9,0.05,0.0,0.95,2.4439999999999995,1.19,2.1805,0.970187007742824,1.5413813735872741
8211,0.1,0.0,0.9,0.05,0.05,0.9,2.4439999999999995,1.19,2.1685000000000003,0.9711269996197558,1.5454360086667418
8212,0.1,0.0,0.9,0.05,0.1,0.85,2.4439999999999995,1.19,2.1565000000000003,0.972073732810014,1.5529955358766963
8213,0.1,0.0,0.9,0.05,0.15,0.8,2.4439999999999995,1.19,2.1445000000000003,0.9730272800943088,1.5807382384977007
8214,0.1,0.0,0.9,0.05,0.2,0.75,2.4439999999999995,1.19,2.1325000000000003,0.9739877153048108,1.590303377213514
8215,0.1,0.0,0.9,0.05,0.25,0.7,2.4439999999999995,1.19,2.1205,0.9749551133442064,1.6476710035360267
8229,0.1,0.0,0.9,0.1,0.0,0.9,2.4439999999999995,1.19,2.161,0.97171791326889,1.543956615349854
8230,0.1,0.0,0.9,0.1,0.05,0.85,2.4439999999999995,1.19,2.149,0.9726688966726004,1.5454360086667418
8231,0.1,0.0,0.9,0.1,0.1,0.8,2.4439999999999995,1.19,2.1370000000000005,0.973626740191035,1.554898880080741
8232,0.1,0.0,0.9,0.1,0.15,0.75,2.4439999999999995,1.19,2.125,0.974591518323178,1.6018687880786635
8233,0.1,0.0,0.9,0.1,0.2,0.7,2.4439999999999995,1.19,2.113,0.9755633066506498,1.6476710035360267
8234,0.1,0.0,0.9,0.1,0.25,0.65,2.4439999999999995,1.19,2.101,0.976542181857447,1.6620676910113712
8247,0.1,0.0,0.9,0.15,0.0,0.85,2.4439999999999995,1.19,2.1415,0.9732667402464096,1.5458599595538989
8248,0.1,0.0,0.9,0.15,0.05,0.8,2.4439999999999995,1.19,2.1295,0.9742289090997662,1.5589047637359361
8249,0.1,0.0,0.9,0.15,0.1,0.75,2.4439999999999995,1.19,2.1175,0.9751980596772294,1.6199283009150223
8250,0.1,0.0,0.9,0.15,0.15,0.7,2.4439999999999995,1.19,2.1055,0.9761742682470634,1.6620676910113712
8251,0.1,0.0,0.9,0.15,0.2,0.65,2.4439999999999995,1.19,2.0935,0.977157612192465,1.6759303973572246
8252,0.1,0.0,0.9,0.15,0.25,0.6,2.4439999999999995,1.19,2.0815,0.9781481700320096,1.6769924693258949
8264,0.1,0.0,0.9,0.2,0.0,0.8,2.4439999999999995,1.19,2.1220000000000003,0.9748338052227584,1.6032275858764116
8265,0.1,0.0,0.9,0.2,0.05,0.75,2.4439999999999995,1.19,2.1100000000000003,0.9758073580374356,1.6267654611804119
8266,0.1,0.0,0.9,0.2,0.1,0.7,2.4439999999999995,1.19,2.098,0.9767880170770372,1.6343249883903663
8267,0.1,0.0,0.9,0.2,0.15,0.65,2.4439999999999995,1.19,2.0860000000000003,0.9777758604319472,1.6759303973572246
8268,0.1,0.0,0.9,0.2,0.2,0.6,2.4439999999999995,1.19,2.074,0.9787709673409378,1.6769924693258949
8280,0.1,0.0,0.9,0.25,0.0,0.75,2.4439999999999995,1.19,2.1025,0.9764194322443852,1.6252860678635241
8281,0.1,0.0,0.9,0.25,0.05,0.7,2.4439999999999995,1.19,2.0905,0.9774045722573996,1.637260083939947
8282,0.1,0.0,0.9,0.25,0.1,0.65,2.4439999999999995,1.19,2.0785,0.9783969459740433,1.6458816831185716
8283,0.1,0.0,0.9,0.25,0.15,0.6,2.4439999999999995,1.19,2.0665,0.9793966333615606,1.6958502099596755
8295,0.1,0.0,0.9,0.3,0.0,0.7,2.4439999999999995,1.19,2.083,0.9780239530802016,1.6368427625917294
8296,0.1,0.0,0.9,0.3,0.05,0.65,2.4439999999999995,1.19,2.071,0.9790208883953576,1.6383221559086172
8297,0.1,0.0,0.9,0.3,0.1,0.6,2.4439999999999995,1.19,2.059,0.9800251879603026,1.6647394237523518
8309,0.1,0.0,0.9,0.35,0.0,0.65,2.4439999999999995,1.19,2.0635000000000003,0.9796477074530084,1.6557005032255097
8310,0.1,0.0,0.9,0.35,0.05,0.6,2.4439999999999995,1.19,2.0515,0.9806566511874516,1.6571798965423974
8400,0.1,0.05,0.85,0.0,0.0,1.0,2.4254999999999995,1.19,2.2,0.9648148720880162,1.5145492927966435
8401,0.1,0.05,0.85,0.0,0.05,0.95,2.4254999999999995,1.19,2.188,0.9657303537608456,1.5348241278990722
8402,0.1,0.05,0.85,0.0,0.1,0.9,2.4254999999999995,1.19,2.176,0.9666523629322336,1.5646684490230809
8403,0.1,0.05,0.85,0.0,0.15,0.85,2.4254999999999995,1.19,2.164,0.967580969664776,1.5924111516440855
8404,0.1,0.05,0.85,0.0,0.2,0.8,2.4254999999999995,1.19,2.152,0.9685162450273552,1.5924111516440855
8405,0.1,0.05,0.85,0.0,0.25,0.75,2.4254999999999995,1.19,2.14,0.969458261113268,1.6089314771099652
8406,0.1,0.05,0.85,0.0,0.3,0.7,2.4254999999999995,1.19,2.128,0.9704070910587532,1.6557938718739167
8420,0.1,0.05,0.85,0.05,0.0,0.95,2.4254999999999995,1.19,2.1805,0.9663058401261644,1.5389632760202168
8421,0.1,0.05,0.85,0.05,0.05,0.9,2.4254999999999995,1.19,2.1685000000000003,0.9672319644993296,1.5571089218131264
8422,0.1,0.05,0.85,0.05,0.1,0.85,2.4254999999999995,1.19,2.1565000000000003,0.9681647307326342,1.5646684490230809
8423,0.1,0.05,0.85,0.05,0.15,0.8,2.4254999999999995,1.19,2.1445000000000003,0.96910421053307,1.601153022299129
8424,0.1,0.05,0.85,0.05,0.2,0.75,2.4254999999999995,1.19,2.1325000000000003,0.9700504766435766,1.5950613655610841
8425,0.1,0.05,0.85,0.05,0.25,0.7,2.4254999999999995,1.19,2.1205,0.9710036028618168,1.6524289918835968
8439,0.1,0.05,0.85,0.1,0.0,0.9,2.4254999999999995,1.19,2.161,0.9678141605228586,1.5564762008827984
8440,0.1,0.05,0.85,0.1,0.05,0.85,2.4254999999999995,1.19,2.149,0.9687511142671044,1.5571089218131264
8441,0.1,0.05,0.85,0.1,0.1,0.8,2.4254999999999995,1.19,2.1370000000000005,0.9696948269202352,1.5577485838363605
8442,0.1,0.05,0.85,0.1,0.15,0.75,2.4254999999999995,1.19,2.125,0.9706453718821672,1.6066267764262336
8443,0.1,0.05,0.85,0.1,0.2,0.7,2.4254999999999995,1.19,2.113,0.9716028236194808,1.6524289918835968
8444,0.1,0.05,0.85,0.1,0.25,0.65,2.4254999999999995,1.19,2.101,0.9725672576848698,1.6631169490054758
8457,0.1,0.05,0.85,0.15,0.0,0.85,2.4254999999999995,1.19,2.1415,0.9693401379795776,1.5653347318369097
8458,0.1,0.05,0.85,0.15,0.05,0.8,2.4254999999999995,1.19,2.1295,0.970288112156868,1.5636627520835062
8459,0.1,0.05,0.85,0.15,0.1,0.75,2.4254999999999995,1.19,2.1175,0.9712429650583476,1.6246862892625924
8460,0.1,0.05,0.85,0.15,0.15,0.7,2.4254999999999995,1.19,2.1055,0.9722047718271116,1.6631169490054758
8461,0.1,0.05,0.85,0.15,0.2,0.65,2.4254999999999995,1.19,2.0935,0.9731736087047382,1.6769796553513292
8462,0.1,0.05,0.85,0.15,0.25,0.6,2.4254999999999995,1.19,2.0815,0.9741495530514348,1.6780417273199995
8474,0.1,0.05,0.85,0.2,0.0,0.8,2.4254999999999995,1.19,2.1220000000000003,0.9708840843737392,1.6088322466105414
8475,0.1,0.05,0.85,0.2,0.05,0.75,2.4254999999999995,1.19,2.1100000000000003,0.9718432745671473,1.6278147191745165
8476,0.1,0.05,0.85,0.2,0.1,0.7,2.4254999999999995,1.19,2.098,0.9728094661488284,1.635374246384471
8477,0.1,0.05,0.85,0.2,0.15,0.65,2.4254999999999995,1.19,2.0860000000000003,0.973782736057115,1.6769796553513292
8478,0.1,0.05,0.85,0.2,0.2,0.6,2.4254999999999995,1.19,2.074,0.9747631623617862,1.6780417273199995
8490,0.1,0.05,0.85,0.25,0.0,0.75,2.4254999999999995,1.19,2.1025,0.9724463189712031,1.6271819982441884
8491,0.1,0.05,0.85,0.25,0.05,0.7,2.4254999999999995,1.19,2.0905,0.9734169254194326,1.6383093419340515
8492,0.1,0.05,0.85,0.25,0.1,0.65,2.4254999999999995,1.19,2.0785,0.9743946588539728,1.6469309411126762
8493,0.1,0.05,0.85,0.25,0.15,0.6,2.4254999999999995,1.19,2.0665,0.975379598062328,1.6952746058699535
8505,0.1,0.05,0.85,0.3,0.0,0.7,2.4254999999999995,1.19,2.083,0.974027168646364,1.6387386929723937
8506,0.1,0.05,0.85,0.3,0.05,0.65,2.4254999999999995,1.19,2.071,0.9750093963831064,1.6393714139027218
8507,0.1,0.05,0.85,0.3,0.1,0.6,2.4254999999999995,1.19,2.059,0.9759988797263996,1.6678725500160954
8519,0.1,0.05,0.85,0.35,0.0,0.65,2.4254999999999995,1.19,2.0635000000000003,0.9756269681101618,1.6559715715223473
8520,0.1,0.05,0.85,0.35,0.05,0.6,2.4254999999999995,1.19,2.0515,0.9766210271084907,1.660313022806141
8610,0.1,0.1,0.8,0.0,0.0,1.0,2.407,1.19,2.2,0.9609560297718064,1.5180041652685405
8611,0.1,0.1,0.8,0.0,0.05,0.95,2.407,1.19,2.188,0.9618578033014168,1.537518435893447
8612,0.1,0.1,0.8,0.0,0.1,0.9,2.407,1.19,2.176,0.9627660065888138,1.5449522371151767
8613,0.1,0.1,0.8,0.0,0.15,0.85,2.407,1.19,2.164,0.963680708647498,1.5726949397361816
8614,0.1,0.1,0.8,0.0,0.2,0.8,2.407,1.19,2.152,0.9646019794821872,1.5726949397361816
8615,0.1,0.1,0.8,0.0,0.25,0.75,2.407,1.19,2.14,0.965529890106676,1.5816443658570711
8616,0.1,0.1,0.8,0.0,0.3,0.7,2.407,1.19,2.128,0.9664645125620834,1.6474316474941022
8630,0.1,0.1,0.8,0.05,0.0,0.95,2.407,1.19,2.1805,0.962424672509505,1.5341847472123145
8631,0.1,0.1,0.8,0.05,0.05,0.9,2.407,1.19,2.1685000000000003,0.9633369293789036,1.5373927099052223
8632,0.1,0.1,0.8,0.05,0.1,0.85,2.407,1.19,2.1565000000000003,0.9642557286552546,1.5449522371151767
8633,0.1,0.1,0.8,0.05,0.15,0.8,2.407,1.19,2.1445000000000003,0.9651811409718312,1.573865911046235
8634,0.1,0.1,0.8,0.05,0.2,0.75,2.407,1.19,2.1325000000000003,0.9661132379823424,1.5877589715209404
8635,0.1,0.1,0.8,0.05,0.25,0.7,2.407,1.19,2.1205,0.9670520923794272,1.660064280943455
8649,0.1,0.1,0.8,0.1,0.0,0.9,2.407,1.19,2.161,0.9639104077768272,1.5367599889748944
8650,0.1,0.1,0.8,0.1,0.05,0.85,2.407,1.19,2.149,0.9648333318616084,1.5373927099052223
8651,0.1,0.1,0.8,0.1,0.1,0.8,2.407,1.19,2.1370000000000005,0.9657629136494356,1.5462398687242982
8652,0.1,0.1,0.8,0.1,0.15,0.75,2.407,1.19,2.125,0.9666992254411564,1.6142620654860915
8653,0.1,0.1,0.8,0.1,0.2,0.7,2.407,1.19,2.113,0.967642340588312,1.660064280943455
8654,0.1,0.1,0.8,0.1,0.25,0.65,2.407,1.19,2.101,0.9685923335122928,1.6707522380653337
8667,0.1,0.1,0.8,0.15,0.0,0.85,2.407,1.19,2.1415,0.9654135357127456,1.5380476205840155
8668,0.1,0.1,0.8,0.15,0.05,0.8,2.407,1.19,2.1295,0.9663473152139698,1.5563603580433625
8669,0.1,0.1,0.8,0.15,0.1,0.75,2.407,1.19,2.1175,0.967287870439466,1.6323215783224503
8670,0.1,0.1,0.8,0.15,0.15,0.7,2.407,1.19,2.1055,0.96823527540716,1.6707522380653337
8671,0.1,0.1,0.8,0.15,0.2,0.65,2.407,1.19,2.0935,0.9691896052170116,1.692046980784921
8672,0.1,0.1,0.8,0.15,0.25,0.6,2.407,1.19,2.0815,0.97015093607086,1.6778962045923134
8684,0.1,0.1,0.8,0.2,0.0,0.8,2.407,1.19,2.1220000000000003,0.96693436352472,1.6164675356703995
8685,0.1,0.1,0.8,0.2,0.05,0.75,2.407,1.19,2.1100000000000003,0.9678791910968592,1.6354500082343746
8686,0.1,0.1,0.8,0.2,0.1,0.7,2.407,1.19,2.098,0.9688309152206194,1.6504415718180627
8687,0.1,0.1,0.8,0.2,0.15,0.65,2.407,1.19,2.0860000000000003,0.9697896116822826,1.6749258480316924
8688,0.1,0.1,0.8,0.2,0.2,0.6,2.407,1.19,2.074,0.9707553573826346,1.6778962045923134
8700,0.1,0.1,0.8,0.25,0.0,0.75,2.407,1.19,2.1025,0.9684732056980214,1.6348172873040465
8701,0.1,0.1,0.8,0.25,0.05,0.7,2.407,1.19,2.0905,0.9694292785814655,1.653376667367643
8702,0.1,0.1,0.8,0.25,0.1,0.65,2.407,1.19,2.0785,0.970392371733902,1.6467854183849902
8703,0.1,0.1,0.8,0.25,0.15,0.6,2.407,1.19,2.0665,0.9713625627630952,1.6951290831422674
8715,0.1,0.1,0.8,0.3,0.0,0.7,2.407,1.19,2.083,0.9700303842125262,1.6385931702447076
8716,0.1,0.1,0.8,0.3,0.05,0.65,2.407,1.19,2.071,0.9709979043708554,1.6392258911750357
8717,0.1,0.1,0.8,0.3,0.1,0.6,2.407,1.19,2.059,0.9719725714924964,1.6640182969349437
8729,0.1,0.1,0.8,0.35,0.0,0.65,2.407,1.19,2.0635000000000003,0.9716062287673154,1.6558260487946612
8730,0.1,0.1,0.8,0.35,0.05,0.6,2.407,1.19,2.0515,0.9725854030295302,1.6564587697249893
8820,0.1,0.15,0.75,0.0,0.0,1.0,2.3885,1.19,2.2,0.9570971874555968,1.5441889704670302
8821,0.1,0.15,0.75,0.0,0.05,0.95,2.3885,1.19,2.188,0.9579852528419875,1.5567307503094112
8822,0.1,0.15,0.75,0.0,0.1,0.9,2.3885,1.19,2.176,0.958879650245394,1.575983553114866
8823,0.1,0.15,0.75,0.0,0.15,0.85,2.3885,1.19,2.164,0.95978044763022,1.603726255735871
8824,0.1,0.15,0.75,0.0,0.2,0.8,2.3885,1.19,2.152,0.9606877139370192,1.603726255735871
8825,0.1,0.15,0.75,0.0,0.25,0.75,2.3885,1.19,2.14,0.9616015191000842,1.611504710546707
8826,0.1,0.15,0.75,0.0,0.3,0.7,2.3885,1.19,2.128,0.9625219340654134,1.668476418769064
8840,0.1,0.15,0.75,0.05,0.0,0.95,2.3885,1.19,2.1805,0.9585435048928456,1.556098029379083
8841,0.1,0.15,0.75,0.05,0.05,0.9,2.3885,1.19,2.1685000000000003,0.9594418942584776,1.5593059920719912
8842,0.1,0.15,0.75,0.05,0.1,0.85,2.3885,1.19,2.1565000000000003,0.9603467265778748,1.575983553114866
8843,0.1,0.15,0.75,0.05,0.15,0.8,2.3885,1.19,2.1445000000000003,0.9612580714105924,1.603726255735871
8844,0.1,0.15,0.75,0.05,0.2,0.75,2.3885,1.19,2.1325000000000003,0.962175999321108,1.611504710546707
8845,0.1,0.15,0.75,0.05,0.25,0.7,2.3885,1.19,2.1205,0.9631005818970376,1.666171369118415
8859,0.1,0.15,0.75,0.1,0.0,0.9,2.3885,1.19,2.161,0.960006655030796,1.5586732711416629
8860,0.1,0.15,0.75,0.1,0.05,0.85,2.3885,1.19,2.149,0.9609155494561122,1.5593059920719912
8861,0.1,0.15,0.75,0.1,0.1,0.8,2.3885,1.19,2.1370000000000005,0.9618310003786356,1.5761002134139341
8862,0.1,0.15,0.75,0.1,0.15,0.75,2.3885,1.19,2.125,0.9627530790001456,1.6203691536610516
8863,0.1,0.15,0.75,0.1,0.2,0.7,2.3885,1.19,2.113,0.9636818575571432,1.666171369118415
8864,0.1,0.15,0.75,0.1,0.25,0.65,2.3885,1.19,2.101,0.9646174093397158,1.6768593262402938
8877,0.1,0.15,0.75,0.15,0.0,0.85,2.3885,1.19,2.1415,0.9614869334459132,1.558789931440731
8878,0.1,0.15,0.75,0.15,0.05,0.8,2.3885,1.19,2.1295,0.9624065182710716,1.5682870954854036
8879,0.1,0.15,0.75,0.15,0.1,0.75,2.3885,1.19,2.1175,0.9633327758205844,1.6384286664974104
8880,0.1,0.15,0.75,0.15,0.15,0.7,2.3885,1.19,2.1055,0.964265778987208,1.6768593262402938
8881,0.1,0.15,0.75,0.15,0.2,0.65,2.3885,1.19,2.0935,0.9652056017292846,1.691893003896201
8882,0.1,0.15,0.75,0.15,0.25,0.6,2.3885,1.19,2.0815,0.966152319090285,1.693630925412448
8894,0.1,0.15,0.75,0.2,0.0,0.8,2.3885,1.19,2.1220000000000003,0.9629846426757012,1.613456590012439
8895,0.1,0.15,0.75,0.2,0.05,0.75,2.3885,1.19,2.1100000000000003,0.9639151076265708,1.632439062576414
8896,0.1,0.15,0.75,0.2,0.1,0.7,2.3885,1.19,2.098,0.9648523642924104,1.6491166236192891
8897,0.1,0.15,0.75,0.2,0.15,0.65,2.3885,1.19,2.0860000000000003,0.9657964873074504,1.691893003896201
8898,0.1,0.15,0.75,0.2,0.2,0.6,2.3885,1.19,2.074,0.966747552403483,1.6996538761953375
8910,0.1,0.15,0.75,0.25,0.0,0.75,2.3885,1.19,2.1025,0.9645000924248396,1.631806341646086
8911,0.1,0.15,0.75,0.25,0.05,0.7,2.3885,1.19,2.0905,0.9654416317434984,1.6441046566460025
8912,0.1,0.15,0.75,0.25,0.1,0.65,2.3885,1.19,2.0785,0.9663900846138316,1.6625201392051245
8925,0.1,0.15,0.75,0.3,0.0,0.7,2.3885,1.19,2.083,0.9660335997786884,1.6452098572319214
8926,0.1,0.15,0.75,0.3,0.05,0.65,2.3885,1.19,2.071,0.9669864123586044,1.651865528945139
8927,0.1,0.15,0.75,0.3,0.1,0.6,2.3885,1.19,2.059,0.9679462632585932,1.6922351713172186
8939,0.1,0.15,0.75,0.35,0.0,0.65,2.3885,1.19,2.0635000000000003,0.9675854894244686,1.6749248893440154
8940,0.1,0.15,0.75,0.35,0.05,0.6,2.3885,1.19,2.0515,0.9685497789505694,1.6755576102743435
9030,0.1,0.2,0.7,0.0,0.0,1.0,2.37,1.19,2.2,0.953238345139387,1.533078285349123
9031,0.1,0.2,0.7,0.0,0.05,0.95,2.37,1.19,2.188,0.9541127023825589,1.5505572231170919
9032,0.1,0.2,0.7,0.0,0.1,0.9,2.37,1.19,2.176,0.954993293901974,1.569810025922547
9033,0.1,0.2,0.7,0.0,0.15,0.85,2.37,1.19,2.164,0.9558801866129416,1.5975527285435516
9034,0.1,0.2,0.7,0.0,0.2,0.8,2.37,1.19,2.152,0.9567734483918516,1.5975527285435516
9035,0.1,0.2,0.7,0.0,0.25,0.75,2.37,1.19,2.14,0.9576731480934922,1.6053311833543877
9036,0.1,0.2,0.7,0.0,0.3,0.7,2.37,1.19,2.128,0.9585793555687432,1.6650038593275496
9050,0.1,0.2,0.7,0.05,0.0,0.95,2.37,1.19,2.1805,0.9546623372761858,1.5499245021867638
9051,0.1,0.2,0.7,0.05,0.05,0.9,2.37,1.19,2.1685000000000003,0.9555468591380514,1.5531324648796718
9052,0.1,0.2,0.7,0.05,0.1,0.85,2.37,1.19,2.1565000000000003,0.9564377245004952,1.569810025922547
9053,0.1,0.2,0.7,0.05,0.15,0.8,2.37,1.19,2.1445000000000003,0.9573350018493532,1.5975527285435516
9054,0.1,0.2,0.7,0.05,0.2,0.75,2.37,1.19,2.1325000000000003,0.9582387606598732,1.6053311833543877
9055,0.1,0.2,0.7,0.05,0.25,0.7,2.37,1.19,2.1205,0.9591490714146476,1.6626988096769006
9069,0.1,0.2,0.7,0.1,0.0,0.9,2.37,1.19,2.161,0.9561029022847648,1.5524997439493438
9070,0.1,0.2,0.7,0.1,0.05,0.85,2.37,1.19,2.149,0.9569977670506165,1.5531324648796718
9071,0.1,0.2,0.7,0.1,0.1,0.8,2.37,1.19,2.1370000000000005,0.9578990871078356,1.5699266862216148
9072,0.1,0.2,0.7,0.1,0.15,0.75,2.37,1.19,2.125,0.9588069325591344,1.6168965942195372
9073,0.1,0.2,0.7,0.1,0.2,0.7,2.37,1.19,2.113,0.959721374525974,1.6626988096769006
9074,0.1,0.2,0.7,0.1,0.25,0.65,2.37,1.19,2.101,0.9606424851671388,1.6733867667987794
9087,0.1,0.2,0.7,0.15,0.0,0.85,2.37,1.19,2.1415,0.9575603311790812,1.5526164042484116
9088,0.1,0.2,0.7,0.15,0.05,0.8,2.37,1.19,2.1295,0.9584657213281728,1.5648145360438892
9089,0.1,0.2,0.7,0.15,0.1,0.75,2.37,1.19,2.1175,0.9593776812017026,1.634956107055896
9090,0.1,0.2,0.7,0.15,0.15,0.7,2.37,1.19,2.1055,0.9602962825672564,1.6733867667987794
9091,0.1,0.2,0.7,0.15,0.2,0.65,2.37,1.19,2.0935,0.9612215982415576,1.687249473144633
9092,0.1,0.2,0.7,0.15,0.25,0.6,2.37,1.19,2.0815,0.96215370210971,1.6876494783088924
9104,0.1,0.2,0.7,0.2,0.0,0.8,2.37,1.19,2.1220000000000003,0.959034921826682,1.6099840305709245
9105,0.1,0.2,0.7,0.2,0.05,0.75,2.37,1.19,2.1100000000000003,0.9599510241562826,1.6289665031348997
9106,0.1,0.2,0.7,0.2,0.1,0.7,2.37,1.19,2.098,0.9608738133642014,1.6456440641777748
9107,0.1,0.2,0.7,0.2,0.15,0.65,2.37,1.19,2.0860000000000003,0.9618033629326176,1.687249473144633
9108,0.1,0.2,0.7,0.2,0.2,0.6,2.37,1.19,2.074,0.962739747424331,1.6876494783088924
9120,0.1,0.2,0.7,0.25,0.0,0.75,2.37,1.19,2.1025,0.960526979151658,1.6283337822045716
9121,0.1,0.2,0.7,0.25,0.05,0.7,2.37,1.19,2.0905,0.9614539849055312,1.6394611258944345
9122,0.1,0.2,0.7,0.25,0.1,0.65,2.37,1.19,2.0785,0.9623877974937604,1.656538692101569
9135,0.1,0.2,0.7,0.3,0.0,0.7,2.37,1.19,2.083,0.9620368153448504,1.6392284101283658
9136,0.1,0.2,0.7,0.3,0.05,0.65,2.37,1.19,2.071,0.962974920346353,1.639861131058694
9137,0.1,0.2,0.7,0.3,0.1,0.6,2.37,1.19,2.059,0.9639199550246904,1.681967195696763
9149,0.1,0.2,0.7,0.35,0.0,0.65,2.37,1.19,2.0635000000000003,0.9635647500816222,1.6646569137235598
9150,0.1,0.2,0.7,0.35,0.05,0.6,2.37,1.19,2.0515,0.9645141548716089,1.665289634653888
9240,0.1,0.25,0.65,0.0,0.0,1.0,2.3515,1.19,2.2,0.9493795028231772,1.528461657149325
9241,0.1,0.25,0.65,0.0,0.05,0.95,2.3515,1.19,2.188,0.9502401519231296,1.5473645142306556
9242,0.1,0.25,0.65,0.0,0.1,0.9,2.3515,1.19,2.176,0.9511069375585542,1.5666173170361106
9243,0.1,0.25,0.65,0.0,0.15,0.85,2.3515,1.19,2.164,0.9519799255956632,1.5943600196571153
9244,0.1,0.25,0.65,0.0,0.2,0.8,2.3515,1.19,2.152,0.9528591828466836,1.5943600196571153
9245,0.1,0.25,0.65,0.0,0.25,0.75,2.3515,1.19,2.14,0.9537447770869004,1.6021384744679514
9246,0.1,0.25,0.65,0.0,0.3,0.7,2.3515,1.19,2.128,0.9546367770720732,1.6618111504411133
9260,0.1,0.25,0.65,0.05,0.0,0.95,2.3515,1.19,2.1805,0.9507811696595264,1.5467317933003275
9261,0.1,0.25,0.65,0.05,0.05,0.9,2.3515,1.19,2.1685000000000003,0.9516518240176252,1.5499397559932355
9262,0.1,0.25,0.65,0.05,0.1,0.85,2.3515,1.19,2.1565000000000003,0.9525287224231154,1.5666173170361106
9263,0.1,0.25,0.65,0.05,0.15,0.8,2.3515,1.19,2.1445000000000003,0.9534119322881144,1.5943600196571153
9264,0.1,0.25,0.65,0.05,0.2,0.75,2.3515,1.19,2.1325000000000003,0.9543015219986392,1.6021384744679514
9265,0.1,0.25,0.65,0.05,0.25,0.7,2.3515,1.19,2.1205,0.955197560932258,1.6595061007904643
9279,0.1,0.25,0.65,0.1,0.0,0.9,2.3515,1.19,2.161,0.9521991495387332,1.5493070350629075
9280,0.1,0.25,0.65,0.1,0.05,0.85,2.3515,1.19,2.149,0.9530799846451204,1.5499397559932355
9281,0.1,0.25,0.65,0.1,0.1,0.8,2.3515,1.19,2.1370000000000005,0.9539671738370358,1.5667339773351785
9282,0.1,0.25,0.65,0.1,0.15,0.75,2.3515,1.19,2.125,0.9548607861181236,1.613703885333101
9283,0.1,0.25,0.65,0.1,0.2,0.7,2.3515,1.19,2.113,0.9557608914948048,1.6595061007904643
9284,0.1,0.25,0.65,0.1,0.25,0.65,2.3515,1.19,2.101,0.9566675609945616,1.670194057912343
9297,0.1,0.25,0.65,0.15,0.0,0.85,2.3515,1.19,2.1415,0.9536337289122492,1.5494236953619753
9298,0.1,0.25,0.65,0.15,0.05,0.8,2.3515,1.19,2.1295,0.9545249243852746,1.561621827157453
9299,0.1,0.25,0.65,0.15,0.1,0.75,2.3515,1.19,2.1175,0.9554225865828208,1.6317633981694597
9300,0.1,0.25,0.65,0.15,0.15,0.7,2.3515,1.19,2.1055,0.9563267861473044,1.670194057912343
9301,0.1,0.25,0.65,0.15,0.2,0.65,2.3515,1.19,2.0935,0.9572375947538307,1.6840567642581967
9302,0.1,0.25,0.65,0.15,0.25,0.6,2.3515,1.19,2.0815,0.9581550851291348,1.685680746335404
9314,0.1,0.25,0.65,0.2,0.0,0.8,2.3515,1.19,2.1220000000000003,0.9550852009776628,1.6067913216844882
9315,0.1,0.25,0.65,0.2,0.05,0.75,2.3515,1.19,2.1100000000000003,0.9559869406859944,1.6257737942484634
9316,0.1,0.25,0.65,0.2,0.1,0.7,2.3515,1.19,2.098,0.9568952624359924,1.6424513552913385
9317,0.1,0.25,0.65,0.2,0.15,0.65,2.3515,1.19,2.0860000000000003,0.9578102385577852,1.6840567642581967
9318,0.1,0.25,0.65,0.2,0.2,0.6,2.3515,1.19,2.074,0.9587319424451792,1.685680746335404
9330,0.1,0.25,0.65,0.25,0.0,0.75,2.3515,1.19,2.1025,0.956553865878476,1.6251410733181353
9331,0.1,0.25,0.65,0.25,0.05,0.7,2.3515,1.19,2.0905,0.957466338067564,1.6362684170079982
9332,0.1,0.25,0.65,0.25,0.1,0.65,2.3515,1.19,2.0785,0.9583855103736898,1.6545699601280806
9345,0.1,0.25,0.65,0.3,0.0,0.7,2.3515,1.19,2.083,0.9580400309110128,1.6372596781548774
9346,0.1,0.25,0.65,0.3,0.05,0.65,2.3515,1.19,2.071,0.9589634283341018,1.6378923990852055
9347,0.1,0.25,0.65,0.3,0.1,0.6,2.3515,1.19,2.059,0.9598936467907871,1.6799984637232745
9359,0.1,0.25,0.65,0.35,0.0,0.65,2.3515,1.19,2.0635000000000003,0.9595440107387756,1.6626881817500714
9360,0.1,0.25,0.65,0.35,0.05,0.6,2.3515,1.19,2.0515,0.960478530792648,1.6633209026803994
9450,0.1,0.3,0.6,0.0,0.0,1.0,2.333,1.19,2.2,0.9455206605069671,1.5302721012030767
9451,0.1,0.3,0.6,0.0,0.05,0.95,2.333,1.19,2.188,0.9463676014637006,1.5474387923782553
9452,0.1,0.3,0.6,0.0,0.1,0.9,2.333,1.19,2.176,0.9472205812151344,1.5666915951837104
9453,0.1,0.3,0.6,0.0,0.15,0.85,2.333,1.19,2.164,0.9480796645783852,1.5943600196571153
9454,0.1,0.3,0.6,0.0,0.2,0.8,2.333,1.19,2.152,0.9489449173015156,1.5943600196571153
9455,0.1,0.3,0.6,0.0,0.25,0.75,2.333,1.19,2.14,0.9498164060803084,1.6021384744679514
9456,0.1,0.3,0.6,0.0,0.3,0.7,2.333,1.19,2.128,0.9506941985754034,1.6618111504411133
9470,0.1,0.3,0.6,0.05,0.0,0.95,2.333,1.19,2.1805,0.9469000020428668,1.5468060714479273
9471,0.1,0.3,0.6,0.05,0.05,0.9,2.333,1.19,2.1685000000000003,0.9477567888971992,1.5499397559932355
9472,0.1,0.3,0.6,0.05,0.1,0.85,2.333,1.19,2.1565000000000003,0.9486197203457356,1.5666173170361106
9473,0.1,0.3,0.6,0.05,0.15,0.8,2.333,1.19,2.1445000000000003,0.9494888627268754,1.5943600196571153
9474,0.1,0.3,0.6,0.05,0.2,0.75,2.333,1.19,2.1325000000000003,0.950364283337405,1.6021384744679514
9475,0.1,0.3,0.6,0.05,0.25,0.7,2.333,1.19,2.1205,0.9512460504498684,1.6595061007904643
9489,0.1,0.3,0.6,0.1,0.0,0.9,2.333,1.19,2.161,0.948295396792702,1.5493070350629075
9490,0.1,0.3,0.6,0.1,0.05,0.85,2.333,1.19,2.149,0.9491622022396244,1.5499397559932355
9491,0.1,0.3,0.6,0.1,0.1,0.8,2.333,1.19,2.1370000000000005,0.950035260566236,1.5667339773351785
9492,0.1,0.3,0.6,0.1,0.15,0.75,2.333,1.19,2.125,0.9509146396771128,1.613703885333101
9493,0.1,0.3,0.6,0.1,0.2,0.7,2.333,1.19,2.113,0.951800408463636,1.6595061007904643
9494,0.1,0.3,0.6,0.1,0.25,0.65,2.333,1.19,2.101,0.9526926368219844,1.670194057912343
9507,0.1,0.3,0.6,0.15,0.0,0.85,2.333,1.19,2.1415,0.949707126645417,1.5494236953619753
9508,0.1,0.3,0.6,0.15,0.05,0.8,2.333,1.19,2.1295,0.9505841274423764,1.561621827157453
9509,0.1,0.3,0.6,0.15,0.1,0.75,2.333,1.19,2.1175,0.9514674919639392,1.6317633981694597
9510,0.1,0.3,0.6,0.15,0.15,0.7,2.333,1.19,2.1055,0.9523572897273526,1.670194057912343
9511,0.1,0.3,0.6,0.15,0.2,0.65,2.333,1.19,2.0935,0.953253591266104,1.6840567642581967
9512,0.1,0.3,0.6,0.15,0.25,0.6,2.333,1.19,2.0815,0.95415646814856,1.685680746335404
9524,0.1,0.3,0.6,0.2,0.0,0.8,2.333,1.19,2.1220000000000003,0.951135480128644,1.6067913216844882
9525,0.1,0.3,0.6,0.2,0.05,0.75,2.333,1.19,2.1100000000000003,0.952022857215706,1.6257737942484634
9526,0.1,0.3,0.6,0.2,0.1,0.7,2.333,1.19,2.098,0.9529167115077832,1.6424513552913385
9527,0.1,0.3,0.6,0.2,0.15,0.65,2.333,1.19,2.0860000000000003,0.9538171141829528,1.6840567642581967
9528,0.1,0.3,0.6,0.2,0.2,0.6,2.333,1.19,2.074,0.9547241374660278,1.685680746335404
9540,0.1,0.3,0.6,0.25,0.0,0.75,2.333,1.19,2.1025,0.9525807526052942,1.6251410733181353
9541,0.1,0.3,0.6,0.25,0.05,0.7,2.333,1.19,2.0905,0.9534786912295968,1.6362684170079982
9542,0.1,0.3,0.6,0.25,0.1,0.65,2.333,1.19,2.0785,0.9543832232536192,1.6545699601280806
9555,0.1,0.3,0.6,0.3,0.0,0.7,2.333,1.19,2.083,0.954043246477175,1.6372596781548774
9556,0.1,0.3,0.6,0.3,0.05,0.65,2.333,1.19,2.071,0.9549519363218506,1.6378923990852055
9557,0.1,0.3,0.6,0.3,0.1,0.6,2.333,1.19,2.059,0.955867338556884,1.6799984637232745
9569,0.1,0.3,0.6,0.35,0.0,0.65,2.333,1.19,2.0635000000000003,0.9555232713959292,1.6626881817500714
9570,0.1,0.3,0.6,0.35,0.05,0.6,2.333,1.19,2.0515,0.9564429067136871,1.6633209026803994
9660,0.1,0.35,0.55,0.0,0.0,1.0,2.3145,1.19,2.2,0.9416618181907576,1.5376842395718284
9661,0.1,0.35,0.55,0.0,0.05,0.95,2.3145,1.19,2.188,0.9424950510042716,1.5533243918866935
9662,0.1,0.35,0.55,0.0,0.1,0.9,2.3145,1.19,2.176,0.9433342248717146,1.5706618987399372
9663,0.1,0.35,0.55,0.0,0.15,0.85,2.3145,1.19,2.164,0.944179403561107,1.5984046013609419
9664,0.1,0.35,0.55,0.0,0.2,0.8,2.3145,1.19,2.152,0.9450306517563476,1.5984046013609419
9665,0.1,0.35,0.55,0.0,0.25,0.75,2.3145,1.19,2.14,0.9458880350737164,1.606183056171778
9666,0.1,0.35,0.55,0.0,0.3,0.7,2.3145,1.19,2.128,0.9467516200787334,1.6658557321449399
9680,0.1,0.35,0.55,0.05,0.0,0.95,2.3145,1.19,2.1805,0.9430188344262068,1.5526916709563654
9681,0.1,0.35,0.55,0.05,0.05,0.9,2.3145,1.19,2.1685000000000003,0.9438617537767732,1.5558996336492734
9682,0.1,0.35,0.55,0.05,0.1,0.85,2.3145,1.19,2.1565000000000003,0.944710718268356,1.5706618987399372
9683,0.1,0.35,0.55,0.05,0.15,0.8,2.3145,1.19,2.1445000000000003,0.9455657931656364,1.5984046013609419
9684,0.1,0.35,0.55,0.05,0.2,0.75,2.3145,1.19,2.1325000000000003,0.9464270446761704,1.606183056171778
9685,0.1,0.35,0.55,0.05,0.25,0.7,2.3145,1.19,2.1205,0.9472945399674786,1.663550682494291
9699,0.1,0.35,0.55,0.1,0.0,0.9,2.3145,1.19,2.161,0.9443916440466708,1.5552669127189453
9700,0.1,0.35,0.55,0.1,0.05,0.85,2.3145,1.19,2.149,0.9452444198341284,1.5558996336492734
9701,0.1,0.35,0.55,0.1,0.1,0.8,2.3145,1.19,2.1370000000000005,0.946103347295436,1.570778559039005
9702,0.1,0.35,0.55,0.1,0.15,0.75,2.3145,1.19,2.125,0.9469684932361018,1.6177484670369275
9703,0.1,0.35,0.55,0.1,0.2,0.7,2.3145,1.19,2.113,0.9478399254324672,1.6634764043466912
9704,0.1,0.35,0.55,0.1,0.25,0.65,2.3145,1.19,2.101,0.9487177126494076,1.67416436146857
9717,0.1,0.35,0.55,0.15,0.0,0.85,2.3145,1.19,2.1415,0.9457805243785848,1.5553835730180132
9718,0.1,0.35,0.55,0.15,0.05,0.8,2.3145,1.19,2.1295,0.946643330499478,1.5675817048134908
9719,0.1,0.35,0.55,0.15,0.1,0.75,2.3145,1.19,2.1175,0.9475123973450578,1.6358079798732863
9720,0.1,0.35,0.55,0.15,0.15,0.7,2.3145,1.19,2.1055,0.9483877933074008,1.67416436146857
9721,0.1,0.35,0.55,0.15,0.2,0.65,2.3145,1.19,2.0935,0.949269587778377,1.6880270678144236
9722,0.1,0.35,0.55,0.15,0.25,0.6,2.3145,1.19,2.0815,0.9501578511679848,1.6896510498916308
9734,0.1,0.35,0.55,0.2,0.0,0.8,2.3145,1.19,2.1220000000000003,0.947185759279625,1.6127511993405261
9735,0.1,0.35,0.55,0.2,0.05,0.75,2.3145,1.19,2.1100000000000003,0.948058773745418,1.6316593937569015
9736,0.1,0.35,0.55,0.2,0.1,0.7,2.3145,1.19,2.098,0.9489381605795744,1.6464216588475653
9737,0.1,0.35,0.55,0.2,0.15,0.65,2.3145,1.19,2.0860000000000003,0.9498239898081202,1.6880270678144236
9738,0.1,0.35,0.55,0.2,0.2,0.6,2.3145,1.19,2.074,0.950716332486876,1.6896510498916308
9750,0.1,0.35,0.55,0.25,0.0,0.75,2.3145,1.19,2.1025,0.9486076393321125,1.6310266728265734
9751,0.1,0.35,0.55,0.25,0.05,0.7,2.3145,1.19,2.0905,0.9494910443916298,1.6421540165164363
9752,0.1,0.35,0.55,0.25,0.1,0.65,2.3145,1.19,2.0785,0.9503809361335483,1.6585402636843074
9765,0.1,0.35,0.55,0.3,0.0,0.7,2.3145,1.19,2.083,0.9500464620433372,1.6431452776633155
9766,0.1,0.35,0.55,0.3,0.05,0.65,2.3145,1.19,2.071,0.9509404443095996,1.6437779985936436
9767,0.1,0.35,0.55,0.3,0.1,0.6,2.3145,1.19,2.059,0.951841030322981,1.6839687672795014
9779,0.1,0.35,0.55,0.35,0.0,0.65,2.3145,1.19,2.0635000000000003,0.9515025320530828,1.6685737812585095
9780,0.1,0.35,0.55,0.35,0.05,0.6,2.3145,1.19,2.0515,0.9524072826347266,1.6692065021888376
9870,0.1,0.4,0.5,0.0,0.0,1.0,2.2960000000000003,1.19,2.2,0.937802975874548,1.5422227355445464
9871,0.1,0.4,0.5,0.0,0.05,0.95,2.2960000000000003,1.19,2.188,0.938622500544843,1.5578628878594114
9872,0.1,0.4,0.5,0.0,0.1,0.9,2.2960000000000003,1.19,2.176,0.9394478685282948,1.5752003947126552
9873,0.1,0.4,0.5,0.0,0.15,0.85,2.2960000000000003,1.19,2.164,0.9402791425438288,1.6029430973336598
9874,0.1,0.4,0.5,0.0,0.2,0.8,2.2960000000000003,1.19,2.152,0.94111638621118,1.6029430973336598
9875,0.1,0.4,0.5,0.0,0.25,0.75,2.2960000000000003,1.19,2.14,0.9419596640671244,1.610721552144496
9876,0.1,0.4,0.5,0.0,0.3,0.7,2.2960000000000003,1.19,2.128,0.9428090415820636,1.6703942281176578
9890,0.1,0.4,0.5,0.05,0.0,0.95,2.2960000000000003,1.19,2.1805,0.9391376668095476,1.5572301669290833
9891,0.1,0.4,0.5,0.05,0.05,0.9,2.2960000000000003,1.19,2.1685000000000003,0.9399667186563472,1.5604381296219914
9892,0.1,0.4,0.5,0.05,0.1,0.85,2.2960000000000003,1.19,2.1565000000000003,0.9408017161909764,1.5752003947126552
9893,0.1,0.4,0.5,0.05,0.15,0.8,2.2960000000000003,1.19,2.1445000000000003,0.9416427236043976,1.6029430973336598
9894,0.1,0.4,0.5,0.05,0.2,0.75,2.2960000000000003,1.19,2.1325000000000003,0.942489806014936,1.610721552144496
9895,0.1,0.4,0.5,0.05,0.25,0.7,2.2960000000000003,1.19,2.1205,0.943343029485089,1.6680891784670089
9909,0.1,0.4,0.5,0.1,0.0,0.9,2.2960000000000003,1.19,2.161,0.9404878913006396,1.5598054086916633
9910,0.1,0.4,0.5,0.1,0.05,0.85,2.2960000000000003,1.19,2.149,0.9413266374286324,1.5604381296219914
9911,0.1,0.4,0.5,0.1,0.1,0.8,2.2960000000000003,1.19,2.1370000000000005,0.9421714340246364,1.575317055011723
9912,0.1,0.4,0.5,0.1,0.15,0.75,2.2960000000000003,1.19,2.125,0.943022346795091,1.6222869630096455
9913,0.1,0.4,0.5,0.1,0.2,0.7,2.2960000000000003,1.19,2.113,0.9438794424012984,1.6680891784670089
9914,0.1,0.4,0.5,0.1,0.25,0.65,2.2960000000000003,1.19,2.101,0.9447427884768306,1.6787771355888876
9927,0.1,0.4,0.5,0.15,0.0,0.85,2.2960000000000003,1.19,2.1415,0.9418539221117528,1.5599220689907312
9928,0.1,0.4,0.5,0.15,0.05,0.8,2.2960000000000003,1.19,2.1295,0.9427025335565796,1.5721202007862087
9929,0.1,0.4,0.5,0.15,0.1,0.75,2.2960000000000003,1.19,2.1175,0.9435573027261762,1.6403464758460042
9930,0.1,0.4,0.5,0.15,0.15,0.7,2.2960000000000003,1.19,2.1055,0.9444182968874492,1.6787771355888876
9931,0.1,0.4,0.5,0.15,0.2,0.65,2.2960000000000003,1.19,2.0935,0.9452855842906502,1.6926398419347413
9932,0.1,0.4,0.5,0.15,0.25,0.6,2.2960000000000003,1.19,2.0815,0.94615923418741,1.6942638240119485
9944,0.1,0.4,0.5,0.2,0.0,0.8,2.2960000000000003,1.19,2.1220000000000003,0.943236038430606,1.617289695313244
9945,0.1,0.4,0.5,0.2,0.05,0.75,2.2960000000000003,1.19,2.1100000000000003,0.9440946902751298,1.6362721678772192
9946,0.1,0.4,0.5,0.2,0.1,0.7,2.2960000000000003,1.19,2.098,0.9449596096513656,1.651034432967883
9947,0.1,0.4,0.5,0.2,0.15,0.65,2.2960000000000003,1.19,2.0860000000000003,0.945830865433288,1.6926398419347413
9948,0.1,0.4,0.5,0.2,0.2,0.6,2.2960000000000003,1.19,2.074,0.9467085275077244,1.6942638240119485
9960,0.1,0.4,0.5,0.25,0.0,0.75,2.2960000000000003,1.19,2.1025,0.9446345260589308,1.6356394469468911
9961,0.1,0.4,0.5,0.25,0.05,0.7,2.2960000000000003,1.19,2.0905,0.9455033975536627,1.646766790636754
9962,0.1,0.4,0.5,0.25,0.1,0.65,2.2960000000000003,1.19,2.0785,0.9463786490134778,1.663153037804625
9975,0.1,0.4,0.5,0.3,0.0,0.7,2.2960000000000003,1.19,2.083,0.9460496776094994,1.6477580517836332
9976,0.1,0.4,0.5,0.3,0.05,0.65,2.2960000000000003,1.19,2.071,0.9469289522973484,1.6483907727139613
9977,0.1,0.4,0.5,0.3,0.1,0.6,2.2960000000000003,1.19,2.059,0.947814722089078,1.6885072632522193
9989,0.1,0.4,0.5,0.35,0.0,0.65,2.2960000000000003,1.19,2.0635000000000003,0.9474817927102364,1.6731122772312275
9990,0.1,0.4,0.5,0.35,0.05,0.6,2.2960000000000003,1.19,2.0515,0.948371658555766,1.6737449981615555
10080,0.1,0.45,0.45,0.0,0.0,1.0,2.2775,1.19,2.2,0.933944133558338,1.541864077463355
10081,0.1,0.45,0.45,0.0,0.05,0.95,2.2775,1.19,2.188,0.9347499500854136,1.55750422977822
10082,0.1,0.45,0.45,0.0,0.1,0.9,2.2775,1.19,2.176,0.935561512184875,1.5748417366314638
10083,0.1,0.45,0.45,0.0,0.15,0.85,2.2775,1.19,2.164,0.9363788815265504,1.6025844392524684
10084,0.1,0.45,0.45,0.0,0.2,0.8,2.2775,1.19,2.152,0.937202120666012,1.6025844392524684
10085,0.1,0.45,0.45,0.0,0.25,0.75,2.2775,1.19,2.14,0.9380312930605326,1.6103628940633046
10086,0.1,0.45,0.45,0.0,0.3,0.7,2.2775,1.19,2.128,0.9388664630853932,1.6700355700364664
10100,0.1,0.45,0.45,0.05,0.0,0.95,2.2775,1.19,2.1805,0.935256499192888,1.556871508847892
10101,0.1,0.45,0.45,0.05,0.05,0.9,2.2775,1.19,2.1685000000000003,0.9360716835359206,1.5600794715408
10102,0.1,0.45,0.45,0.05,0.1,0.85,2.2775,1.19,2.1565000000000003,0.9368927141135968,1.5748417366314638
10103,0.1,0.45,0.45,0.05,0.15,0.8,2.2775,1.19,2.1445000000000003,0.9377196540431588,1.6025844392524684
10104,0.1,0.45,0.45,0.05,0.2,0.75,2.2775,1.19,2.1325000000000003,0.9385525673537018,1.6103628940633046
10105,0.1,0.45,0.45,0.05,0.25,0.7,2.2775,1.19,2.1205,0.9393915190026992,1.6677305203858175
10119,0.1,0.45,0.45,0.1,0.0,0.9,2.2775,1.19,2.161,0.9365841385546078,1.5594467506104719
10120,0.1,0.45,0.45,0.1,0.05,0.85,2.2775,1.19,2.149,0.9374088550231364,1.5600794715408
10121,0.1,0.45,0.45,0.1,0.1,0.8,2.2775,1.19,2.1370000000000005,0.9382395207538364,1.5749583969305316
10122,0.1,0.45,0.45,0.1,0.15,0.75,2.2775,1.19,2.125,0.93907620035408,1.621928304928454
10123,0.1,0.45,0.45,0.1,0.2,0.7,2.2775,1.19,2.113,0.9399189593701291,1.6677305203858175
10124,0.1,0.45,0.45,0.1,0.25,0.65,2.2775,1.19,2.101,0.9407678643042534,1.6784184775076962
10137,0.1,0.45,0.45,0.15,0.0,0.85,2.2775,1.19,2.1415,0.9379273198449208,1.5595634109095398
10138,0.1,0.45,0.45,0.15,0.05,0.8,2.2775,1.19,2.1295,0.9387617366136812,1.5717615427050173
10139,0.1,0.45,0.45,0.15,0.1,0.75,2.2775,1.19,2.1175,0.9396022081072942,1.6399878177648128
10140,0.1,0.45,0.45,0.15,0.15,0.7,2.2775,1.19,2.1055,0.9404488004674972,1.6784184775076962
10141,0.1,0.45,0.45,0.15,0.2,0.65,2.2775,1.19,2.0935,0.9413015808029236,1.6922811838535499
10142,0.1,0.45,0.45,0.15,0.25,0.6,2.2775,1.19,2.0815,0.9421606172068347,1.6939051659307571
10154,0.1,0.45,0.45,0.2,0.0,0.8,2.2775,1.19,2.1220000000000003,0.9392863175815866,1.6169310372320527
10155,0.1,0.45,0.45,0.2,0.05,0.75,2.2775,1.19,2.1100000000000003,0.9401306068048416,1.6359135097960278
10156,0.1,0.45,0.45,0.2,0.1,0.7,2.2775,1.19,2.098,0.9409810587231564,1.6506757748866916
10157,0.1,0.45,0.45,0.2,0.15,0.65,2.2775,1.19,2.0860000000000003,0.9418377410584554,1.6922811838535499
10158,0.1,0.45,0.45,0.2,0.2,0.6,2.2775,1.19,2.074,0.9427007225285728,1.6939051659307571
10170,0.1,0.45,0.45,0.25,0.0,0.75,2.2775,1.19,2.1025,0.9406614127857488,1.6352807888656997
10171,0.1,0.45,0.45,0.25,0.05,0.7,2.2775,1.19,2.0905,0.9415157507156956,1.6464081325555626
10172,0.1,0.45,0.45,0.25,0.1,0.65,2.2775,1.19,2.0785,0.942376361893407,1.6627943797234337
10185,0.1,0.45,0.45,0.3,0.0,0.7,2.2775,1.19,2.083,0.9420528931756614,1.6473993937024418
10186,0.1,0.45,0.45,0.3,0.05,0.65,2.2775,1.19,2.071,0.9429174602850968,1.6480321146327699
10187,0.1,0.45,0.45,0.3,0.1,0.6,2.2775,1.19,2.059,0.9437884138551748,1.688148605171028
10199,0.1,0.45,0.45,0.35,0.0,0.65,2.2775,1.19,2.0635000000000003,0.9434610533673898,1.672753619150036
10200,0.1,0.45,0.45,0.35,0.05,0.6,2.2775,1.19,2.0515,0.9443360344768053,1.6733863400803641
10290,0.1,0.5,0.4,0.0,0.0,1.0,2.2590000000000003,1.19,2.2,0.9300852912421284,1.5397644477251362
10291,0.1,0.5,0.4,0.0,0.05,0.95,2.2590000000000003,1.19,2.188,0.9308773996259848,1.5515755841669334
10292,0.1,0.5,0.4,0.0,0.1,0.9,2.2590000000000003,1.19,2.176,0.9316751558414552,1.5689130910201772
10293,0.1,0.5,0.4,0.0,0.15,0.85,2.2590000000000003,1.19,2.164,0.9324786205092724,1.5966557936411818
10294,0.1,0.5,0.4,0.0,0.2,0.8,2.2590000000000003,1.19,2.152,0.933287855120844,1.5966557936411818
10295,0.1,0.5,0.4,0.0,0.25,0.75,2.2590000000000003,1.19,2.14,0.9341029220539409,1.604434248452018
10296,0.1,0.5,0.4,0.0,0.3,0.7,2.2590000000000003,1.19,2.128,0.9349238845887232,1.6641069244251798
10310,0.1,0.5,0.4,0.05,0.0,0.95,2.2590000000000003,1.19,2.1805,0.9313753315762284,1.5509428632366054
10311,0.1,0.5,0.4,0.05,0.05,0.9,2.2590000000000003,1.19,2.1685000000000003,0.9321766484154946,1.5541508259295134
10312,0.1,0.5,0.4,0.05,0.1,0.85,2.2590000000000003,1.19,2.1565000000000003,0.9329837120362172,1.5689130910201772
10313,0.1,0.5,0.4,0.05,0.15,0.8,2.2590000000000003,1.19,2.1445000000000003,0.93379658448192,1.5966557936411818
10314,0.1,0.5,0.4,0.05,0.2,0.75,2.2590000000000003,1.19,2.1325000000000003,0.9346153286924676,1.604434248452018
10315,0.1,0.5,0.4,0.05,0.25,0.7,2.2590000000000003,1.19,2.1205,0.9354400085203096,1.661801874774531
10329,0.1,0.5,0.4,0.1,0.0,0.9,2.2590000000000003,1.19,2.161,0.9326803858085764,1.5535181049991853
10330,0.1,0.5,0.4,0.1,0.05,0.85,2.2590000000000003,1.19,2.149,0.9334910726176404,1.5541508259295134
10331,0.1,0.5,0.4,0.1,0.1,0.8,2.2590000000000003,1.19,2.1370000000000005,0.9343076074830368,1.569029751319245
10332,0.1,0.5,0.4,0.1,0.15,0.75,2.2590000000000003,1.19,2.125,0.9351300539130692,1.6159996593171675
10333,0.1,0.5,0.4,0.1,0.2,0.7,2.2590000000000003,1.19,2.113,0.9359584763389602,1.661801874774531
10334,0.1,0.5,0.4,0.1,0.25,0.65,2.2590000000000003,1.19,2.101,0.9367929401316764,1.6724898318964097
10347,0.1,0.5,0.4,0.15,0.0,0.85,2.2590000000000003,1.19,2.1415,0.9340007175780888,1.5536347652982532
10348,0.1,0.5,0.4,0.15,0.05,0.8,2.2590000000000003,1.19,2.1295,0.934820939670783,1.5658328970937307
10349,0.1,0.5,0.4,0.15,0.1,0.75,2.2590000000000003,1.19,2.1175,0.9356471134884128,1.6340591721535263
10350,0.1,0.5,0.4,0.15,0.15,0.7,2.2590000000000003,1.19,2.1055,0.9364793040475456,1.6724898318964097
10351,0.1,0.5,0.4,0.15,0.2,0.65,2.2590000000000003,1.19,2.0935,0.9373175773151968,1.6863525382422633
10352,0.1,0.5,0.4,0.15,0.25,0.6,2.2590000000000003,1.19,2.0815,0.93816200022626,1.6879765203194705
10364,0.1,0.5,0.4,0.2,0.0,0.8,2.2590000000000003,1.19,2.1220000000000003,0.9353365967325676,1.611002391620766
10365,0.1,0.5,0.4,0.2,0.05,0.75,2.2590000000000003,1.19,2.1100000000000003,0.9361665233345534,1.6299848641847412
10366,0.1,0.5,0.4,0.2,0.1,0.7,2.2590000000000003,1.19,2.098,0.9370025077949476,1.644747129275405
10367,0.1,0.5,0.4,0.2,0.15,0.65,2.2590000000000003,1.19,2.0860000000000003,0.9378446166836232,1.6863525382422633
10368,0.1,0.5,0.4,0.2,0.2,0.6,2.2590000000000003,1.19,2.074,0.9386929175494212,1.6879765203194705
10380,0.1,0.5,0.4,0.25,0.0,0.75,2.2590000000000003,1.19,2.1025,0.936688299512567,1.6293521432544131
10381,0.1,0.5,0.4,0.25,0.05,0.7,2.2590000000000003,1.19,2.0905,0.9375281038777288,1.640479486944276
10382,0.1,0.5,0.4,0.25,0.1,0.65,2.2590000000000003,1.19,2.0785,0.9383740747733365,1.656865734112147
10395,0.1,0.5,0.4,0.3,0.0,0.7,2.2590000000000003,1.19,2.083,0.9380561087418238,1.6414707480911552
10396,0.1,0.5,0.4,0.3,0.05,0.65,2.2590000000000003,1.19,2.071,0.938905968272846,1.6421034690214833
10397,0.1,0.5,0.4,0.3,0.1,0.6,2.2590000000000003,1.19,2.059,0.9397621056212718,1.6822199595597414
10409,0.1,0.5,0.4,0.35,0.0,0.65,2.2590000000000003,1.19,2.0635000000000003,0.9394403140245434,1.6668249735387495
10410,0.1,0.5,0.4,0.35,0.05,0.6,2.2590000000000003,1.19,2.0515,0.9403004103978446,1.6674576944690775
10500,0.1,0.55,0.35,0.0,0.0,1.0,2.2405,1.19,2.2,0.9262264489259184,1.5476105751659301
10501,0.1,0.55,0.35,0.0,0.05,0.95,2.2405,1.19,2.188,0.9270048491665558,1.556832351376982
10502,0.1,0.55,0.35,0.0,0.1,0.9,2.2405,1.19,2.176,0.9277887994980352,1.5741698582302257
10503,0.1,0.55,0.35,0.0,0.15,0.85,2.2405,1.19,2.164,0.9285783594919944,1.6019125608512303
10504,0.1,0.55,0.35,0.0,0.2,0.8,2.2405,1.19,2.152,0.9293735895756762,1.6019125608512303
10505,0.1,0.55,0.35,0.0,0.25,0.75,2.2405,1.19,2.14,0.9301745510473488,1.6096910156620665
10506,0.1,0.55,0.35,0.0,0.3,0.7,2.2405,1.19,2.128,0.9309813060920532,1.6645775373969385
10520,0.1,0.55,0.35,0.05,0.0,0.95,2.2405,1.19,2.1805,0.9274941639595689,1.5561996304466539
10521,0.1,0.55,0.35,0.05,0.05,0.9,2.2405,1.19,2.1685000000000003,0.9282816132950686,1.559407593139562
10522,0.1,0.55,0.35,0.05,0.1,0.85,2.2405,1.19,2.1565000000000003,0.9290747099588372,1.5741698582302257
10523,0.1,0.55,0.35,0.05,0.15,0.8,2.2405,1.19,2.1445000000000003,0.9298735149206808,1.6019125608512303
10524,0.1,0.55,0.35,0.05,0.2,0.75,2.2405,1.19,2.1325000000000003,0.9306780900312333,1.6049048614237766
10525,0.1,0.55,0.35,0.05,0.25,0.7,2.2405,1.19,2.1205,0.93148849803792,1.6622724877462896
10539,0.1,0.55,0.35,0.1,0.0,0.9,2.2405,1.19,2.161,0.9287766330625452,1.5587748722092338
10540,0.1,0.55,0.35,0.1,0.05,0.85,2.2405,1.19,2.149,0.9295732902121444,1.559407593139562
10541,0.1,0.55,0.35,0.1,0.1,0.8,2.2405,1.19,2.1370000000000005,0.9303756942122366,1.5695003642910037
10542,0.1,0.55,0.35,0.1,0.15,0.75,2.2405,1.19,2.125,0.931183907472058,1.6164702722889261
10543,0.1,0.55,0.35,0.1,0.2,0.7,2.2405,1.19,2.113,0.9319979933077912,1.6622724877462896
10544,0.1,0.55,0.35,0.1,0.25,0.65,2.2405,1.19,2.101,0.9328180159590992,1.6729604448681683
10557,0.1,0.55,0.35,0.15,0.0,0.85,2.2405,1.19,2.1415,0.9300741153112564,1.5588915325083017
10558,0.1,0.55,0.35,0.15,0.05,0.8,2.2405,1.19,2.1295,0.9308801427278844,1.5663035100654894
10559,0.1,0.55,0.35,0.15,0.1,0.75,2.2405,1.19,2.1175,0.9316920188695312,1.634529785125285
10560,0.1,0.55,0.35,0.15,0.15,0.7,2.2405,1.19,2.1055,0.9325098076275938,1.6729604448681683
10561,0.1,0.55,0.35,0.15,0.2,0.65,2.2405,1.19,2.0935,0.9333335738274696,1.686823151214022
10562,0.1,0.55,0.35,0.15,0.25,0.6,2.2405,1.19,2.0815,0.9341633832456848,1.6884471332912292
10574,0.1,0.55,0.35,0.2,0.0,0.8,2.2405,1.19,2.1220000000000003,0.9313868758835488,1.6114730045925247
10575,0.1,0.55,0.35,0.2,0.05,0.75,2.2405,1.19,2.1100000000000003,0.932202439864265,1.6304554771564999
10576,0.1,0.55,0.35,0.2,0.1,0.7,2.2405,1.19,2.098,0.9330239568667384,1.6452177422471637
10577,0.1,0.55,0.35,0.2,0.15,0.65,2.2405,1.19,2.0860000000000003,0.9338514923087904,1.686823151214022
10578,0.1,0.55,0.35,0.2,0.2,0.6,2.2405,1.19,2.074,0.9346851125702694,1.6884471332912292
10590,0.1,0.55,0.35,0.25,0.0,0.75,2.2405,1.19,2.1025,0.9327151862393852,1.6298227562261718
10591,0.1,0.55,0.35,0.25,0.05,0.7,2.2405,1.19,2.0905,0.9335404570397612,1.6409500999160347
10592,0.1,0.55,0.35,0.25,0.1,0.65,2.2405,1.19,2.0785,0.9343717876532656,1.6573363470839058
10605,0.1,0.55,0.35,0.3,0.0,0.7,2.2405,1.19,2.083,0.934059324307986,1.6419413610629139
10606,0.1,0.55,0.35,0.3,0.05,0.65,2.2405,1.19,2.071,0.9348944762605949,1.642574081993242
10607,0.1,0.55,0.35,0.3,0.1,0.6,2.2405,1.19,2.059,0.9357357973873686,1.6826905725315
10619,0.1,0.55,0.35,0.35,0.0,0.65,2.2405,1.19,2.0635000000000003,0.9354195746816968,1.6672955865105081
10620,0.1,0.55,0.35,0.35,0.05,0.6,2.2405,1.19,2.0515,0.9362647863188838,1.6679283074408362
10710,0.1,0.6,0.3,0.0,0.0,1.0,2.222,1.19,2.2,0.922367606609709,1.5476105751659301
10711,0.1,0.6,0.3,0.0,0.05,0.95,2.222,1.19,2.188,0.923132298707127,1.557180513828987
10712,0.1,0.6,0.3,0.0,0.1,0.9,2.222,1.19,2.176,0.9239024431546154,1.5745180206822307
10713,0.1,0.6,0.3,0.0,0.15,0.85,2.222,1.19,2.164,0.924678098474716,1.6022607233032353
10714,0.1,0.6,0.3,0.0,0.2,0.8,2.222,1.19,2.152,0.9254593240305083,1.6022607233032353
10715,0.1,0.6,0.3,0.0,0.25,0.75,2.222,1.19,2.14,0.9262461800407568,1.6100391781140715
10716,0.1,0.6,0.3,0.0,0.3,0.7,2.222,1.19,2.128,0.9270387275953832,1.6693636916352284
10730,0.1,0.6,0.3,0.05,0.0,0.95,2.222,1.19,2.1805,0.9236129963429092,1.5565477928986589
10731,0.1,0.6,0.3,0.05,0.05,0.9,2.222,1.19,2.1685000000000003,0.9243865781746424,1.5597557555915669
10732,0.1,0.6,0.3,0.05,0.1,0.85,2.222,1.19,2.1565000000000003,0.9251657078814576,1.5745180206822307
10733,0.1,0.6,0.3,0.05,0.15,0.8,2.222,1.19,2.1445000000000003,0.925950445359442,1.6022607233032353
10734,0.1,0.6,0.3,0.05,0.2,0.75,2.222,1.19,2.1325000000000003,0.9267408513699986,1.6096910156620665
10735,0.1,0.6,0.3,0.05,0.25,0.7,2.222,1.19,2.1205,0.92753698755553,1.6670586419845794
10749,0.1,0.6,0.3,0.1,0.0,0.9,2.222,1.19,2.161,0.9248728803165138,1.5591230346612388
10750,0.1,0.6,0.3,0.1,0.05,0.85,2.222,1.19,2.149,0.9256555078066484,1.5597557555915669
10751,0.1,0.6,0.3,0.1,0.1,0.8,2.222,1.19,2.1370000000000005,0.9264437809414368,1.5742865185292936
10752,0.1,0.6,0.3,0.1,0.15,0.75,2.222,1.19,2.125,0.9272377610310472,1.621256426527216
10753,0.1,0.6,0.3,0.1,0.2,0.7,2.222,1.19,2.113,0.9280375102766222,1.6670586419845794
10754,0.1,0.6,0.3,0.1,0.25,0.65,2.222,1.19,2.101,0.9288430917865224,1.6777465991064582
10767,0.1,0.6,0.3,0.15,0.0,0.85,2.222,1.19,2.1415,0.9261475130444244,1.5592396949603067
10768,0.1,0.6,0.3,0.15,0.05,0.8,2.222,1.19,2.1295,0.926939345784986,1.5710896643037793
10769,0.1,0.6,0.3,0.15,0.1,0.75,2.222,1.19,2.1175,0.9277369242506494,1.6393159393635748
10770,0.1,0.6,0.3,0.15,0.15,0.7,2.222,1.19,2.1055,0.928540311207642,1.6777465991064582
10771,0.1,0.6,0.3,0.15,0.2,0.65,2.222,1.19,2.0935,0.9293495703397427,1.6894515201352958
10772,0.1,0.6,0.3,0.15,0.25,0.6,2.222,1.19,2.0815,0.93016476626511,1.691075502212503
10784,0.1,0.6,0.3,0.2,0.0,0.8,2.222,1.19,2.1220000000000003,0.9274371550345296,1.6162591588308146
10785,0.1,0.6,0.3,0.2,0.05,0.75,2.222,1.19,2.1100000000000003,0.9282383563939768,1.6352416313947897
10786,0.1,0.6,0.3,0.2,0.1,0.7,2.222,1.19,2.098,0.9290454059385296,1.6500038964854535
10787,0.1,0.6,0.3,0.2,0.15,0.65,2.222,1.19,2.0860000000000003,0.929858367933958,1.6894515201352958
10788,0.1,0.6,0.3,0.2,0.2,0.6,2.222,1.19,2.074,0.9306773075911176,1.6884471332912292
10800,0.1,0.6,0.3,0.25,0.0,0.75,2.222,1.19,2.1025,0.9287420729662036,1.6346089104644617
10801,0.1,0.6,0.3,0.25,0.05,0.7,2.222,1.19,2.0905,0.9295528102017944,1.6435784688373085
10802,0.1,0.6,0.3,0.25,0.1,0.65,2.222,1.19,2.0785,0.9303695005331948,1.6573363470839058
10815,0.1,0.6,0.3,0.3,0.0,0.7,2.222,1.19,2.083,0.930062539874148,1.6445697299841877
10816,0.1,0.6,0.3,0.3,0.05,0.65,2.222,1.19,2.071,0.9308829842483436,1.642574081993242
10817,0.1,0.6,0.3,0.3,0.1,0.6,2.222,1.19,2.059,0.9317094891534656,1.6826905725315
10829,0.1,0.6,0.3,0.35,0.0,0.65,2.222,1.19,2.0635000000000003,0.9313988353388504,1.6672955865105081
10830,0.1,0.6,0.3,0.35,0.05,0.6,2.222,1.19,2.0515,0.9322291622399232,1.6679283074408362
10920,0.1,0.65,0.25,0.0,0.0,1.0,2.2035,1.19,2.2,0.9185087642934991,1.5458524782105936
10921,0.1,0.65,0.25,0.0,0.05,0.95,2.2035,1.19,2.188,0.9192597482476978,1.557180513828987
10922,0.1,0.65,0.25,0.0,0.1,0.9,2.2035,1.19,2.176,0.9200160868111956,1.5745180206822307
10923,0.1,0.65,0.25,0.0,0.15,0.85,2.2035,1.19,2.164,0.9207778374574376,1.6022607233032353
10924,0.1,0.65,0.25,0.0,0.2,0.8,2.2035,1.19,2.152,0.9215450584853404,1.6022607233032353
10925,0.1,0.65,0.25,0.0,0.25,0.75,2.2035,1.19,2.14,0.9223178090341648,1.6100391781140715
10926,0.1,0.65,0.25,0.0,0.3,0.7,2.2035,1.19,2.128,0.9230961490987132,1.6697118540872333
10940,0.1,0.65,0.25,0.05,0.0,0.95,2.2035,1.19,2.1805,0.9197318287262496,1.5565477928986589
10941,0.1,0.65,0.25,0.05,0.05,0.9,2.2035,1.19,2.1685000000000003,0.9204915430542164,1.5597557555915669
10942,0.1,0.65,0.25,0.05,0.1,0.85,2.2035,1.19,2.1565000000000003,0.921256705804078,1.5745180206822307
10943,0.1,0.65,0.25,0.05,0.15,0.8,2.2035,1.19,2.1445000000000003,0.9220273757982032,1.6022607233032353
10944,0.1,0.65,0.25,0.05,0.2,0.75,2.2035,1.19,2.1325000000000003,0.9228036127087644,1.6100391781140715
10945,0.1,0.65,0.25,0.05,0.25,0.7,2.2035,1.19,2.1205,0.9235854770731404,1.6674068044365844
10959,0.1,0.65,0.25,0.1,0.0,0.9,2.2035,1.19,2.161,0.9209691275704822,1.5591230346612388
10960,0.1,0.65,0.25,0.1,0.05,0.85,2.2035,1.19,2.149,0.9217377254011524,1.5597557555915669
10961,0.1,0.65,0.25,0.1,0.1,0.8,2.2035,1.19,2.1370000000000005,0.922511867670637,1.5746346809812986
10962,0.1,0.65,0.25,0.1,0.15,0.75,2.2035,1.19,2.125,0.9232916145900364,1.621604588979221
10963,0.1,0.65,0.25,0.1,0.2,0.7,2.2035,1.19,2.113,0.9240770272454532,1.6674068044365844
10964,0.1,0.65,0.25,0.1,0.25,0.65,2.2035,1.19,2.101,0.9248681676139452,1.6780947615584632
10977,0.1,0.65,0.25,0.15,0.0,0.85,2.2035,1.19,2.1415,0.9222209107775924,1.5592396949603067
10978,0.1,0.65,0.25,0.15,0.05,0.8,2.2035,1.19,2.1295,0.9229985488420878,1.5714378267557843
10979,0.1,0.65,0.25,0.15,0.1,0.75,2.2035,1.19,2.1175,0.9237818296317676,1.6396641018155798
10980,0.1,0.65,0.25,0.15,0.15,0.7,2.2035,1.19,2.1055,0.9245708147876902,1.6780947615584632
10981,0.1,0.65,0.25,0.15,0.2,0.65,2.2035,1.19,2.0935,0.925365566852016,1.6897996825873007
10982,0.1,0.65,0.25,0.15,0.25,0.6,2.2035,1.19,2.0815,0.926166149284535,1.691423664664508
10994,0.1,0.65,0.25,0.2,0.0,0.8,2.2035,1.19,2.1220000000000003,0.9234874341855104,1.6166073212828196
10995,0.1,0.65,0.25,0.2,0.05,0.75,2.2035,1.19,2.1100000000000003,0.9242742729236888,1.6355897938467947
10996,0.1,0.65,0.25,0.2,0.1,0.7,2.2035,1.19,2.098,0.9250668550103206,1.6503520589374585
10997,0.1,0.65,0.25,0.2,0.15,0.65,2.2035,1.19,2.0860000000000003,0.9258652435591256,1.6897996825873007
10998,0.1,0.65,0.25,0.2,0.2,0.6,2.2035,1.19,2.074,0.926669502611966,1.691075502212503
11010,0.1,0.65,0.25,0.25,0.0,0.75,2.2035,1.19,2.1025,0.9247689596930216,1.6349570729164666
11011,0.1,0.65,0.25,0.25,0.05,0.7,2.2035,1.19,2.0905,0.9255651633638272,1.6439266312893135
11012,0.1,0.65,0.25,0.25,0.1,0.65,2.2035,1.19,2.0785,0.926367213413124,1.6603128784571846
11025,0.1,0.65,0.25,0.3,0.0,0.7,2.2035,1.19,2.083,0.9260657554403104,1.6449178924361927
11026,0.1,0.65,0.25,0.3,0.05,0.65,2.2035,1.19,2.071,0.9268714922360924,1.6452024509145158
11027,0.1,0.65,0.25,0.3,0.1,0.6,2.2035,1.19,2.059,0.9276831809195624,1.6826905725315
11039,0.1,0.65,0.25,0.35,0.0,0.65,2.2035,1.19,2.0635000000000003,0.9273780959960036,1.6672955865105081
11040,0.1,0.65,0.25,0.35,0.05,0.6,2.2035,1.19,2.0515,0.9281935381609624,1.6679283074408362
11130,0.1,0.7,0.2,0.0,0.0,1.0,2.185,1.19,2.2,0.9146499219772892,1.5496230722540902
11131,0.1,0.7,0.2,0.0,0.05,0.95,2.185,1.19,2.188,0.9153871977882688,1.5576605556885685
11132,0.1,0.7,0.2,0.0,0.1,0.9,2.185,1.19,2.176,0.916129730467776,1.5749980625418123
11133,0.1,0.7,0.2,0.0,0.15,0.85,2.185,1.19,2.164,0.9168775764401595,1.6022607233032353
11134,0.1,0.7,0.2,0.0,0.2,0.8,2.185,1.19,2.152,0.9176307929401724,1.6022607233032353
11135,0.1,0.7,0.2,0.0,0.25,0.75,2.185,1.19,2.14,0.9183894380275728,1.6100391781140715
11136,0.1,0.7,0.2,0.0,0.3,0.7,2.185,1.19,2.128,0.9191535706020432,1.6697118540872333
11150,0.1,0.7,0.2,0.05,0.0,0.95,2.185,1.19,2.1805,0.91585066110959,1.5570278347582405
11151,0.1,0.7,0.2,0.05,0.05,0.9,2.185,1.19,2.1685000000000003,0.9165965079337902,1.5602357974511485
11152,0.1,0.7,0.2,0.05,0.1,0.85,2.185,1.19,2.1565000000000003,0.9173477037266984,1.5745180206822307
11153,0.1,0.7,0.2,0.05,0.15,0.8,2.185,1.19,2.1445000000000003,0.9181043062369644,1.6022607233032353
11154,0.1,0.7,0.2,0.05,0.2,0.75,2.185,1.19,2.1325000000000003,0.9188663740475302,1.6100391781140715
11155,0.1,0.7,0.2,0.05,0.25,0.7,2.185,1.19,2.1205,0.9196339665907508,1.6674068044365844
11169,0.1,0.7,0.2,0.1,0.0,0.9,2.185,1.19,2.161,0.917065374824451,1.5591230346612388
11170,0.1,0.7,0.2,0.1,0.05,0.85,2.185,1.19,2.149,0.9178199429956564,1.5597557555915669
11171,0.1,0.7,0.2,0.1,0.1,0.8,2.185,1.19,2.1370000000000005,0.9185799543998372,1.5746346809812986
11172,0.1,0.7,0.2,0.1,0.15,0.75,2.185,1.19,2.125,0.9193454681490256,1.621604588979221
11173,0.1,0.7,0.2,0.1,0.2,0.7,2.185,1.19,2.113,0.9201165442142843,1.6674068044365844
11174,0.1,0.7,0.2,0.1,0.25,0.65,2.185,1.19,2.101,0.920893243441368,1.6780947615584632
11187,0.1,0.7,0.2,0.15,0.0,0.85,2.185,1.19,2.1415,0.9182943085107604,1.5592396949603067
11188,0.1,0.7,0.2,0.15,0.05,0.8,2.185,1.19,2.1295,0.9190577518991896,1.5714378267557843
11189,0.1,0.7,0.2,0.15,0.1,0.75,2.185,1.19,2.1175,0.919826735012886,1.6396641018155798
11190,0.1,0.7,0.2,0.15,0.15,0.7,2.185,1.19,2.1055,0.9206013183677384,1.6780947615584632
11191,0.1,0.7,0.2,0.15,0.2,0.65,2.185,1.19,2.0935,0.9213815633642892,1.6897996825873007
11192,0.1,0.7,0.2,0.15,0.25,0.6,2.185,1.19,2.0815,0.92216753230396,1.691423664664508
11204,0.1,0.7,0.2,0.2,0.0,0.8,2.185,1.19,2.1220000000000003,0.9195377133364916,1.6166073212828196
11205,0.1,0.7,0.2,0.2,0.05,0.75,2.185,1.19,2.1100000000000003,0.9203101894534004,1.6355897938467947
11206,0.1,0.7,0.2,0.2,0.1,0.7,2.185,1.19,2.098,0.9210883040821116,1.6503520589374585
11207,0.1,0.7,0.2,0.2,0.15,0.65,2.185,1.19,2.0860000000000003,0.9218721191842932,1.6897996825873007
11208,0.1,0.7,0.2,0.2,0.2,0.6,2.185,1.19,2.074,0.9226616976328144,1.691423664664508
11220,0.1,0.7,0.2,0.25,0.0,0.75,2.185,1.19,2.1025,0.9207958464198396,1.6349570729164666
11221,0.1,0.7,0.2,0.25,0.05,0.7,2.185,1.19,2.0905,0.92157751652586,1.6439266312893135
11222,0.1,0.7,0.2,0.25,0.1,0.65,2.185,1.19,2.0785,0.9223649262930536,1.6603128784571846
11235,0.1,0.7,0.2,0.3,0.0,0.7,2.185,1.19,2.083,0.9220689710064728,1.6449178924361927
11236,0.1,0.7,0.2,0.3,0.05,0.65,2.185,1.19,2.071,0.9228600002238412,1.6455506133665208
11237,0.1,0.7,0.2,0.3,0.1,0.6,2.185,1.19,2.059,0.9236568726856592,1.6798759190902248
11249,0.1,0.7,0.2,0.35,0.0,0.65,2.185,1.19,2.0635000000000003,0.9233573566531572,1.664480933069233
11250,0.1,0.7,0.2,0.35,0.05,0.6,2.185,1.19,2.0515,0.9241579140820017,1.665113653999561
11340,0.1,0.75,0.15,0.0,0.0,1.0,2.1665,1.19,2.2,0.9107910796610796,1.5819355407939433
11341,0.1,0.75,0.15,0.0,0.05,0.95,2.1665,1.19,2.188,0.9115146473288398,1.5907071202747087
11342,0.1,0.75,0.15,0.0,0.1,0.9,2.1665,1.19,2.176,0.912243374124356,1.6073105310816653
11343,0.1,0.75,0.15,0.0,0.15,0.85,2.1665,1.19,2.164,0.9129773154228814,1.6297974458349644
11344,0.1,0.75,0.15,0.0,0.2,0.8,2.1665,1.19,2.152,0.9137165273950044,1.6297974458349644
11345,0.1,0.75,0.15,0.0,0.25,0.75,2.1665,1.19,2.14,0.914461067020981,1.6244556664531293
11346,0.1,0.75,0.15,0.0,0.3,0.7,2.1665,1.19,2.128,0.9152109921053732,1.670191895946815
11360,0.1,0.75,0.15,0.05,0.0,0.95,2.1665,1.19,2.1805,0.9119694934929304,1.5893403032980935
11361,0.1,0.75,0.15,0.05,0.05,0.9,2.1665,1.19,2.1685000000000003,0.9127014728133642,1.5925482659910015
11362,0.1,0.75,0.15,0.05,0.1,0.85,2.1665,1.19,2.1565000000000003,0.9134387016493186,1.6073105310816653
11363,0.1,0.75,0.15,0.05,0.15,0.8,2.1665,1.19,2.1445000000000003,0.9141812366757252,1.6297974458349644
11364,0.1,0.75,0.15,0.05,0.2,0.75,2.1665,1.19,2.1325000000000003,0.9149291353862956,1.6244556664531293
11365,0.1,0.75,0.15,0.05,0.25,0.7,2.1665,1.19,2.1205,0.915682456108361,1.675955989153309
11379,0.1,0.75,0.15,0.1,0.0,0.9,2.1665,1.19,2.161,0.9131616220784198,1.5919155450606735
11380,0.1,0.75,0.15,0.1,0.05,0.85,2.1665,1.19,2.149,0.9139021605901604,1.5925482659910015
11381,0.1,0.75,0.15,0.1,0.1,0.8,2.1665,1.19,2.1370000000000005,0.9146480411290372,1.5980445541174149
11382,0.1,0.75,0.15,0.1,0.15,0.75,2.1665,1.19,2.125,0.9153993217080146,1.6301537736959455
11383,0.1,0.75,0.15,0.1,0.2,0.7,2.1665,1.19,2.113,0.9161560611831154,1.675955989153309
11384,0.1,0.75,0.15,0.1,0.25,0.65,2.1665,1.19,2.101,0.9169183192687912,1.686163904415606
11397,0.1,0.75,0.15,0.15,0.0,0.85,2.1665,1.19,2.1415,0.914367706243928,1.582649568096423
11398,0.1,0.75,0.15,0.15,0.05,0.8,2.1665,1.19,2.1295,0.9151169549562912,1.5889803962695672
11399,0.1,0.75,0.15,0.15,0.1,0.75,2.1665,1.19,2.1175,0.9158716403940044,1.6534690744000098
11400,0.1,0.75,0.15,0.15,0.15,0.7,2.1665,1.19,2.1055,0.9166318219477868,1.6866439462751877
11401,0.1,0.75,0.15,0.15,0.2,0.65,2.1665,1.19,2.0935,0.9173975598765622,1.6978688254444436
11402,0.1,0.75,0.15,0.15,0.25,0.6,2.1665,1.19,2.0815,0.9181689153233848,1.6994928075216509
11414,0.1,0.75,0.15,0.2,0.0,0.8,2.1665,1.19,2.1220000000000003,0.9155879924874726,1.6341498907966026
11415,0.1,0.75,0.15,0.2,0.05,0.75,2.1665,1.19,2.1100000000000003,0.9163461059831124,1.6493947664312247
11416,0.1,0.75,0.15,0.2,0.1,0.7,2.1665,1.19,2.098,0.9171097531539026,1.663676989662307
11417,0.1,0.75,0.15,0.2,0.15,0.65,2.1665,1.19,2.0860000000000003,0.9178789948094608,1.6978688254444436
11418,0.1,0.75,0.15,0.2,0.2,0.6,2.1665,1.19,2.074,0.9186538926536626,1.6994928075216509
11430,0.1,0.75,0.15,0.25,0.0,0.75,2.1665,1.19,2.1025,0.916822733146658,1.648282003641315
11431,0.1,0.75,0.15,0.25,0.05,0.7,2.1665,1.19,2.0905,0.9175898696878928,1.657251562014162
11432,0.1,0.75,0.15,0.25,0.1,0.65,2.1665,1.19,2.0785,0.9183626391729828,1.673637809182033
11445,0.1,0.75,0.15,0.3,0.0,0.7,2.1665,1.19,2.083,0.9180721865726348,1.658242823161041
11446,0.1,0.75,0.15,0.3,0.05,0.65,2.1665,1.19,2.071,0.91884850821159,1.6588755440913692
11447,0.1,0.75,0.15,0.3,0.1,0.6,2.1665,1.19,2.059,0.9196305644517564,1.6932008498150732
11459,0.1,0.75,0.15,0.35,0.0,0.65,2.1665,1.19,2.0635000000000003,0.9193366173103108,1.6778058637940814
11460,0.1,0.75,0.15,0.35,0.05,0.6,2.1665,1.19,2.0515,0.920122290003041,1.6784385847244094
11550,0.1,0.8,0.1,0.0,0.0,1.0,2.148,1.19,2.2,0.90693223734487,1.5829418531498685
11551,0.1,0.8,0.1,0.0,0.05,0.95,2.148,1.19,2.188,0.907642096869411,1.591713432630634
11552,0.1,0.8,0.1,0.0,0.1,0.9,2.148,1.19,2.176,0.908357017780936,1.6090509394838777
11553,0.1,0.8,0.1,0.0,0.15,0.85,2.148,1.19,2.164,0.9090770544056032,1.6315378542371768
11554,0.1,0.8,0.1,0.0,0.2,0.8,2.148,1.19,2.152,0.9098022618498368,1.6315378542371768
11555,0.1,0.8,0.1,0.0,0.25,0.75,2.148,1.19,2.14,0.9105326960143892,1.6355787121186598
11556,0.1,0.8,0.1,0.0,0.3,0.7,2.148,1.19,2.128,0.911268413608703,1.6813149416123454
11570,0.1,0.8,0.1,0.05,0.0,0.95,2.148,1.19,2.1805,0.9080883258762708,1.5910807117003056
11571,0.1,0.8,0.1,0.05,0.05,0.9,2.148,1.19,2.1685000000000003,0.908806437692938,1.5942886743932139
11572,0.1,0.8,0.1,0.05,0.1,0.85,2.148,1.19,2.1565000000000003,0.9095296995719392,1.6090509394838777
11573,0.1,0.8,0.1,0.05,0.15,0.8,2.148,1.19,2.1445000000000003,0.9102581671144864,1.6315378542371768
11574,0.1,0.8,0.1,0.05,0.2,0.75,2.148,1.19,2.1325000000000003,0.9109918967250612,1.6355787121186598
11575,0.1,0.8,0.1,0.05,0.25,0.7,2.148,1.19,2.1205,0.9117309456259712,1.6803495692012818
11589,0.1,0.8,0.1,0.1,0.0,0.9,2.148,1.19,2.161,0.9092578693323884,1.5936559534628856
11590,0.1,0.8,0.1,0.1,0.05,0.85,2.148,1.19,2.149,0.9099843781846646,1.5942886743932139
11591,0.1,0.8,0.1,0.1,0.1,0.8,2.148,1.19,2.1370000000000005,0.9107161278582374,1.6091675997829453
11592,0.1,0.8,0.1,0.1,0.15,0.75,2.148,1.19,2.125,0.9114531752670038,1.641276819361476
11593,0.1,0.8,0.1,0.1,0.2,0.7,2.148,1.19,2.113,0.9121955781519464,1.6778494014800813
11594,0.1,0.8,0.1,0.1,0.25,0.65,2.148,1.19,2.101,0.912943395096214,1.68853735860196
11607,0.1,0.8,0.1,0.15,0.0,0.85,2.148,1.19,2.1415,0.910441103977096,1.5937726137619537
11608,0.1,0.8,0.1,0.15,0.05,0.8,2.148,1.19,2.1295,0.9111761580133924,1.6001034419350977
11609,0.1,0.8,0.1,0.15,0.1,0.75,2.148,1.19,2.1175,0.9119165457751228,1.6553624867267822
11610,0.1,0.8,0.1,0.15,0.15,0.7,2.148,1.19,2.1055,0.912662325527835,1.68853735860196
11611,0.1,0.8,0.1,0.15,0.2,0.65,2.148,1.19,2.0935,0.9134135563888356,1.6975891079850371
11612,0.1,0.8,0.1,0.15,0.25,0.6,2.148,1.19,2.0815,0.9141702983428098,1.6992130900622444
11624,0.1,0.8,0.1,0.2,0.0,0.8,2.148,1.19,2.1220000000000003,0.9116382716384532,1.6385434708445752
11625,0.1,0.8,0.1,0.2,0.05,0.75,2.148,1.19,2.1100000000000003,0.912382022512824,1.6512881787579972
11626,0.1,0.8,0.1,0.2,0.1,0.7,2.148,1.19,2.098,0.9131312022256938,1.666050443848661
11627,0.1,0.8,0.1,0.2,0.15,0.65,2.148,1.19,2.0860000000000003,0.9138858704346282,1.6975891079850371
11628,0.1,0.8,0.1,0.2,0.2,0.6,2.148,1.19,2.074,0.9146460876745108,1.6992130900622444
11640,0.1,0.8,0.1,0.25,0.0,0.75,2.148,1.19,2.1025,0.9128496198734762,1.650655457827669
11641,0.1,0.8,0.1,0.25,0.05,0.7,2.148,1.19,2.0905,0.913602222849926,1.6569718445547554
11642,0.1,0.8,0.1,0.25,0.1,0.65,2.148,1.19,2.0785,0.914360352052912,1.6733580917226265
11655,0.1,0.8,0.1,0.3,0.0,0.7,2.148,1.19,2.083,0.9140754021387968,1.6579631057016346
11656,0.1,0.8,0.1,0.3,0.05,0.65,2.148,1.19,2.071,0.9148370161993388,1.6585958266319627
11657,0.1,0.8,0.1,0.3,0.1,0.6,2.148,1.19,2.059,0.9156042562178534,1.6929211323556668
11669,0.1,0.8,0.1,0.35,0.0,0.65,2.148,1.19,2.0635000000000003,0.9153158779674644,1.677526146334675
11670,0.1,0.8,0.1,0.35,0.05,0.6,2.148,1.19,2.0515,0.9160866659240804,1.678158867265003
11760,0.1,0.85,0.05,0.0,0.0,1.0,2.1295,1.19,2.2,0.90307339502866,1.5983945063744307
11761,0.1,0.85,0.05,0.0,0.05,0.95,2.1295,1.19,2.188,0.903769546409982,1.607166085855196
11762,0.1,0.85,0.05,0.0,0.1,0.9,2.1295,1.19,2.176,0.9044706614375164,1.6245035927084397
11763,0.1,0.85,0.05,0.0,0.15,0.85,2.1295,1.19,2.164,0.9051767933883248,1.6410454867869941
11764,0.1,0.85,0.05,0.0,0.2,0.8,2.1295,1.19,2.152,0.9058879963046688,1.6410454867869941
11765,0.1,0.85,0.05,0.0,0.25,0.75,2.1295,1.19,2.14,0.9066043250077972,1.6450863446684776
11766,0.1,0.85,0.05,0.0,0.3,0.7,2.1295,1.19,2.128,0.9073258351120332,1.6809711867954935
11780,0.1,0.85,0.05,0.05,0.0,0.95,2.1295,1.19,2.1805,0.9042071582596112,1.606533364924868
11781,0.1,0.85,0.05,0.05,0.05,0.9,2.1295,1.19,2.1685000000000003,0.9049114025725118,1.6097413276177759
11782,0.1,0.85,0.05,0.05,0.1,0.85,2.1295,1.19,2.1565000000000003,0.9056206974945592,1.6245035927084397
11783,0.1,0.85,0.05,0.05,0.15,0.8,2.1295,1.19,2.1445000000000003,0.9063350975532476,1.6410454867869941
11784,0.1,0.85,0.05,0.05,0.2,0.75,2.1295,1.19,2.1325000000000003,0.9070546580638272,1.6450863446684776
11785,0.1,0.85,0.05,0.05,0.25,0.7,2.1295,1.19,2.1205,0.9077794351435816,1.689857201751099
11799,0.1,0.85,0.05,0.1,0.0,0.9,2.1295,1.19,2.161,0.9053541165863568,1.609108606687448
11800,0.1,0.85,0.05,0.1,0.05,0.85,2.1295,1.19,2.149,0.9060665957791684,1.6097413276177759
11801,0.1,0.85,0.05,0.1,0.1,0.8,2.1295,1.19,2.1370000000000005,0.9067842145874376,1.6246202530075078
11802,0.1,0.85,0.05,0.1,0.15,0.75,2.1295,1.19,2.125,0.9075070288259928,1.6507844519112937
11803,0.1,0.85,0.05,0.1,0.2,0.7,2.1295,1.19,2.113,0.9082350951207774,1.689857201751099
11817,0.1,0.85,0.05,0.15,0.0,0.85,2.1295,1.19,2.1415,0.906514501710264,1.6092252669865157
11818,0.1,0.85,0.05,0.15,0.05,0.8,2.1295,1.19,2.1295,0.9072353610704944,1.6155560951596601
11819,0.1,0.85,0.05,0.15,0.1,0.75,2.1295,1.19,2.1175,0.9079614511562408,1.6733153076725447
11834,0.1,0.85,0.05,0.2,0.0,0.8,2.1295,1.19,2.1220000000000003,0.9076885507894342,1.6539961240691377
11835,0.1,0.85,0.05,0.2,0.05,0.75,2.1295,1.19,2.1100000000000003,0.908417939042536,1.6692409997037598
11836,0.1,0.85,0.05,0.2,0.1,0.7,2.1295,1.19,2.098,0.9091526512974846,1.6840032647944236
11850,0.1,0.85,0.05,0.25,0.0,0.75,2.1295,1.19,2.1025,0.9088765066002944,1.6686082787734315
11851,0.1,0.85,0.05,0.25,0.05,0.7,2.1295,1.19,2.0905,0.9096145760119588,1.6749246655005179
11852,0.1,0.85,0.05,0.25,0.1,0.65,2.1295,1.19,2.0785,0.9103580649328414,1.6913109126683892
11865,0.1,0.85,0.05,0.3,0.0,0.7,2.1295,1.19,2.083,0.9100786177049592,1.675915926647397
11866,0.1,0.85,0.05,0.3,0.05,0.65,2.1295,1.19,2.071,0.9108255241870876,1.6765486475777254
11879,0.1,0.85,0.05,0.35,0.0,0.65,2.1295,1.19,2.0635000000000003,0.9112951386246176,1.6926741704601953
11880,0.1,0.85,0.05,0.35,0.05,0.6,2.1295,1.19,2.0515,0.9120510418451196,1.690806723669323
11970,0.15,0.0,0.85,0.0,0.0,1.0,2.401,1.19,2.2,0.9597045133449276,1.5452053272471116
11971,0.15,0.0,0.85,0.0,0.05,0.95,2.401,1.19,2.188,0.9606018409902504,1.5643091910394868
11972,0.15,0.0,0.85,0.0,0.1,0.9,2.401,1.19,2.176,0.9615055666936506,1.5690838302813919
11973,0.15,0.0,0.85,0.0,0.15,0.85,2.401,1.19,2.164,0.9624157591283808,1.5908071081651356
11974,0.15,0.0,0.85,0.0,0.2,0.8,2.401,1.19,2.152,0.9633324879540248,1.5908071081651356
11975,0.15,0.0,0.85,0.0,0.25,0.75,2.401,1.19,2.14,0.964255823834268,1.5985855629759718
11976,0.15,0.0,0.85,0.0,0.3,0.7,2.401,1.19,2.128,0.9651858384550552,1.6594292102591872
11990,0.15,0.0,0.85,0.05,0.0,0.95,2.401,1.19,2.1805,0.9611659154446424,1.5636764701091586
11991,0.15,0.0,0.85,0.05,0.05,0.9,2.401,1.19,2.1685000000000003,0.9620736747452516,1.5668844328020668
11992,0.15,0.0,0.85,0.05,0.1,0.85,2.401,1.19,2.1565000000000003,0.962987944197726,1.5663828625305871
11993,0.15,0.0,0.85,0.05,0.15,0.8,2.401,1.19,2.1445000000000003,0.963908794087105,1.5908071081651356
11994,0.15,0.0,0.85,0.05,0.2,0.75,2.401,1.19,2.1325000000000003,0.9648362957138338,1.5985855629759718
11995,0.15,0.0,0.85,0.05,0.25,0.7,2.401,1.19,2.1205,0.9657705214121656,1.6571241606085383
12009,0.15,0.0,0.85,0.1,0.0,0.9,2.401,1.19,2.161,0.9626443258051416,1.5635507441209338
12010,0.15,0.0,0.85,0.1,0.05,0.85,2.401,1.19,2.149,0.9635626997300962,1.5641834650512618
12011,0.15,0.0,0.85,0.1,0.1,0.8,2.401,1.19,2.1370000000000005,0.9644876985345814,1.566499522829655
12012,0.15,0.0,0.85,0.1,0.15,0.75,2.401,1.19,2.125,0.9654193941629906,1.6113219451511749
12013,0.15,0.0,0.85,0.1,0.2,0.7,2.401,1.19,2.113,0.96635785960523,1.6571193403481292
12014,0.15,0.0,0.85,0.1,0.25,0.65,2.401,1.19,2.101,0.9673031689157814,1.6738302482528975
12027,0.15,0.0,0.85,0.15,0.0,0.85,2.401,1.19,2.1415,0.9641400430856648,1.5636674044200016
12028,0.15,0.0,0.85,0.15,0.05,0.8,2.401,1.19,2.1295,0.9650692189081648,1.5758655362154792
12029,0.15,0.0,0.85,0.15,0.1,0.75,2.401,1.19,2.1175,0.9660051370495584,1.6326950947135808
12030,0.15,0.0,0.85,0.15,0.15,0.7,2.401,1.19,2.1055,0.9669478711628512,1.6738302482528975
12031,0.15,0.0,0.85,0.15,0.2,0.65,2.401,1.19,2.0935,0.9678974959777488,1.6876929545987511
12032,0.15,0.0,0.85,0.15,0.25,0.6,2.401,1.19,2.0815,0.9688540873204032,1.6941337296064298
12044,0.15,0.0,0.85,0.2,0.0,0.8,2.401,1.19,2.1220000000000003,0.9656533729790924,1.6222060020525682
12045,0.15,0.0,0.85,0.2,0.05,0.75,2.401,1.19,2.1100000000000003,0.9665935424037926,1.6472066051390237
12046,0.15,0.0,0.85,0.2,0.1,0.7,2.401,1.19,2.098,0.967540574379038,1.649406002618349
12047,0.15,0.0,0.85,0.2,0.15,0.65,2.401,1.19,2.0860000000000003,0.968494544317472,1.6876929545987511
12048,0.15,0.0,0.85,0.2,0.2,0.6,2.401,1.19,2.074,0.9694555287407476,1.6941337296064298
12060,0.15,0.0,0.85,0.25,0.0,0.75,2.401,1.19,2.1025,0.9671846284202328,1.6465738842086957
12061,0.15,0.0,0.85,0.25,0.05,0.7,2.401,1.19,2.0905,0.9681359877150978,1.6577012278985586
12062,0.15,0.0,0.85,0.25,0.1,0.65,2.401,1.19,2.0785,0.9690943326679332,1.6663414003855626
12063,0.15,0.0,0.85,0.25,0.15,0.6,2.401,1.19,2.0665,0.9700597405038848,1.6981585634119134
12075,0.15,0.0,0.85,0.3,0.0,0.7,2.401,1.19,2.083,0.9687341298015518,1.65746851213249
12076,0.15,0.0,0.85,0.3,0.05,0.65,2.401,1.19,2.071,0.9696968799344494,1.6490256735698163
12077,0.15,0.0,0.85,0.3,0.1,0.6,2.401,1.19,2.059,0.9706667417950144,1.6703662341910461
12089,0.15,0.0,0.85,0.35,0.0,0.65,2.401,1.19,2.0635000000000003,0.9703022051966624,1.6675341157813925
12090,0.15,0.0,0.85,0.35,0.05,0.6,2.401,1.19,2.0515,0.9712765519768942,1.6681668367117206
12180,0.15,0.05,0.8,0.0,0.0,1.0,2.3825000000000003,1.19,2.2,0.955845671028718,1.5529317227507293
12181,0.15,0.05,0.8,0.0,0.05,0.95,2.3825000000000003,1.19,2.188,0.9567292905308216,1.5654735025931104
12182,0.15,0.05,0.8,0.0,0.1,0.9,2.3825000000000003,1.19,2.176,0.9576192103502308,1.5702481418350158
12183,0.15,0.05,0.8,0.0,0.15,0.85,2.3825000000000003,1.19,2.164,0.9585154981111026,1.5946723874695643
12184,0.15,0.05,0.8,0.0,0.2,0.8,2.3825000000000003,1.19,2.152,0.9594182224088568,1.5946723874695643
12185,0.15,0.05,0.8,0.0,0.25,0.75,2.3825000000000003,1.19,2.14,0.960327452827676,1.6024508422804005
12186,0.15,0.05,0.8,0.0,0.3,0.7,2.3825000000000003,1.19,2.128,0.9612432599583852,1.6621235182535623
12200,0.15,0.05,0.8,0.05,0.0,0.95,2.3825000000000003,1.19,2.1805,0.9572847478279832,1.5648407816627825
12201,0.15,0.05,0.8,0.05,0.05,0.9,2.3825000000000003,1.19,2.1685000000000003,0.9581786396248256,1.5680487443556903
12202,0.15,0.05,0.8,0.05,0.1,0.85,2.3825000000000003,1.19,2.1565000000000003,0.9590789421203464,1.5702481418350158
12203,0.15,0.05,0.8,0.05,0.15,0.8,2.3825000000000003,1.19,2.1445000000000003,0.9599857245258662,1.5946723874695643
12204,0.15,0.05,0.8,0.05,0.2,0.75,2.3825000000000003,1.19,2.1325000000000003,0.9608990570525996,1.6024508422804005
12205,0.15,0.05,0.8,0.05,0.25,0.7,2.3825000000000003,1.19,2.1205,0.961819010929776,1.6598184686029132
12219,0.15,0.05,0.8,0.1,0.0,0.9,2.3825000000000003,1.19,2.161,0.9587405730591102,1.5674160234253625
12220,0.15,0.05,0.8,0.1,0.05,0.85,2.3825000000000003,1.19,2.149,0.9596449173246002,1.5680487443556903
12221,0.15,0.05,0.8,0.1,0.1,0.8,2.3825000000000003,1.19,2.1370000000000005,0.9605557852637816,1.5703648021340835
12222,0.15,0.05,0.8,0.1,0.15,0.75,2.3825000000000003,1.19,2.125,0.9614732477219798,1.61401625314555
12223,0.15,0.05,0.8,0.1,0.2,0.7,2.3825000000000003,1.19,2.113,0.9623973765740612,1.6571175008521084
12224,0.15,0.05,0.8,0.1,0.25,0.65,2.3825000000000003,1.19,2.101,0.9633282447432044,1.6678054579739872
12237,0.15,0.05,0.8,0.15,0.0,0.85,2.3825000000000003,1.19,2.1415,0.9602134408188328,1.56753268372443
12238,0.15,0.05,0.8,0.15,0.05,0.8,2.3825000000000003,1.19,2.1295,0.9611284219652666,1.579730815519908
12239,0.15,0.05,0.8,0.15,0.1,0.75,2.3825000000000003,1.19,2.1175,0.9620500424306768,1.6353942229683647
12240,0.15,0.05,0.8,0.15,0.15,0.7,2.3825000000000003,1.19,2.1055,0.9629783747428996,1.6678054579739872
12241,0.15,0.05,0.8,0.15,0.2,0.65,2.3825000000000003,1.19,2.0935,0.963913492490022,1.6816681643198408
12242,0.15,0.05,0.8,0.15,0.25,0.6,2.3825000000000003,1.19,2.0815,0.9648554703398282,1.6820681694841002
12254,0.15,0.05,0.8,0.2,0.0,0.8,2.3825000000000003,1.19,2.1220000000000003,0.9617036521300732,1.6249003100469432
12255,0.15,0.05,0.8,0.2,0.05,0.75,2.3825000000000003,1.19,2.1100000000000003,0.9626294589335044,1.6411818148601134
12256,0.15,0.05,0.8,0.2,0.1,0.7,2.3825000000000003,1.19,2.098,0.9635620234508292,1.6433812123394387
12257,0.15,0.05,0.8,0.2,0.15,0.65,2.3825000000000003,1.19,2.0860000000000003,0.9645014199426396,1.6816681643198408
12258,0.15,0.05,0.8,0.2,0.2,0.6,2.3825000000000003,1.19,2.074,0.965447723761596,1.6832391407941538
12270,0.15,0.05,0.8,0.25,0.0,0.75,2.3825000000000003,1.19,2.1025,0.9632115151470512,1.6405490939297853
12271,0.15,0.05,0.8,0.25,0.05,0.7,2.3825000000000003,1.19,2.0905,0.9641483408771307,1.6516764376196482
12272,0.15,0.05,0.8,0.25,0.1,0.65,2.3825000000000003,1.19,2.0785,0.9650920455478624,1.654275840263233
12285,0.15,0.05,0.8,0.3,0.0,0.7,2.3825000000000003,1.19,2.083,0.964737345367714,1.6514437218535796
12286,0.15,0.05,0.8,0.3,0.05,0.65,2.3825000000000003,1.19,2.071,0.9656853879221984,1.6532474140939613
12287,0.15,0.05,0.8,0.3,0.1,0.6,2.3825000000000003,1.19,2.059,0.9666404335611114,1.6786978206457208
12299,0.15,0.05,0.8,0.35,0.0,0.65,2.3825000000000003,1.19,2.0635000000000003,0.966281465853816,1.6698427514531777
12300,0.15,0.05,0.8,0.35,0.05,0.6,2.3825000000000003,1.19,2.0515,0.9672409278979336,1.6764984231663953
12390,0.15,0.1,0.75,0.0,0.0,1.0,2.364,1.19,2.2,0.9519868287125082,1.5484946178243997
12391,0.15,0.1,0.75,0.0,0.05,0.95,2.364,1.19,2.188,0.9528567400713924,1.5610363976667807
12392,0.15,0.1,0.75,0.0,0.1,0.9,2.364,1.19,2.176,0.9537328540068108,1.565811036908686
12393,0.15,0.1,0.75,0.0,0.15,0.85,2.364,1.19,2.164,0.9546152370938245,1.5902352825432344
12394,0.15,0.1,0.75,0.0,0.2,0.8,2.364,1.19,2.152,0.9555039568636888,1.5902352825432344
12395,0.15,0.1,0.75,0.0,0.25,0.75,2.364,1.19,2.14,0.956399081821084,1.5980137373540706
12396,0.15,0.1,0.75,0.0,0.3,0.7,2.364,1.19,2.128,0.9573006814617152,1.6576864133272324
12410,0.15,0.1,0.75,0.05,0.0,0.95,2.364,1.19,2.1805,0.9534035802113232,1.5604036767364526
12411,0.15,0.1,0.75,0.05,0.05,0.9,2.364,1.19,2.1685000000000003,0.9542836045044,1.5636116394293607
12412,0.15,0.1,0.75,0.05,0.1,0.85,2.364,1.19,2.1565000000000003,0.9551699400429666,1.565811036908686
12413,0.15,0.1,0.75,0.05,0.15,0.8,2.364,1.19,2.1445000000000003,0.956062654964627,1.5902352825432344
12414,0.15,0.1,0.75,0.05,0.2,0.75,2.364,1.19,2.1325000000000003,0.9569618183913652,1.5980137373540706
12415,0.15,0.1,0.75,0.05,0.25,0.7,2.364,1.19,2.1205,0.9578675004473862,1.6553813636765835
12429,0.15,0.1,0.75,0.1,0.0,0.9,2.364,1.19,2.161,0.9548368203130788,1.5629789184990326
12430,0.15,0.1,0.75,0.1,0.05,0.85,2.364,1.19,2.149,0.955727134919104,1.5636116394293607
12431,0.15,0.1,0.75,0.1,0.1,0.8,2.364,1.19,2.1370000000000005,0.9566238719929816,1.5659276972077538
12432,0.15,0.1,0.75,0.1,0.15,0.75,2.364,1.19,2.125,0.9575271012809689,1.60957914821922
12433,0.15,0.1,0.75,0.1,0.2,0.7,2.364,1.19,2.113,0.9584368935428924,1.6553813636765835
12434,0.15,0.1,0.75,0.1,0.25,0.65,2.364,1.19,2.101,0.9593533205706272,1.6660693207984623
12447,0.15,0.1,0.75,0.15,0.0,0.85,2.364,1.19,2.1415,0.9562868385520004,1.5630955787981005
12448,0.15,0.1,0.75,0.15,0.05,0.8,2.364,1.19,2.1295,0.957187625022368,1.575293710593578
12449,0.15,0.1,0.75,0.15,0.1,0.75,2.364,1.19,2.1175,0.9580949478117952,1.630957118042035
12450,0.15,0.1,0.75,0.15,0.15,0.7,2.364,1.19,2.1055,0.9590088783229476,1.6660693207984623
12451,0.15,0.1,0.75,0.15,0.2,0.65,2.364,1.19,2.0935,0.9599294890022948,1.6799320271443159
12452,0.15,0.1,0.75,0.15,0.25,0.6,2.364,1.19,2.0815,0.9608568533592532,1.6803320323085753
12464,0.15,0.1,0.75,0.2,0.0,0.8,2.364,1.19,2.1220000000000003,0.9577539312810543,1.6204632051206134
12465,0.15,0.1,0.75,0.2,0.05,0.75,2.364,1.19,2.1100000000000003,0.958665375463216,1.6394456776845885
12466,0.15,0.1,0.75,0.2,0.1,0.7,2.364,1.19,2.098,0.95958347252262,1.6416450751639138
12467,0.15,0.1,0.75,0.2,0.15,0.65,2.364,1.19,2.0860000000000003,0.9605082955678071,1.6799320271443159
12468,0.15,0.1,0.75,0.2,0.2,0.6,2.364,1.19,2.074,0.9614399187824442,1.6803320323085753
12480,0.15,0.1,0.75,0.25,0.0,0.75,2.364,1.19,2.1025,0.9592384018738692,1.6388129567542604
12481,0.15,0.1,0.75,0.25,0.05,0.7,2.364,1.19,2.0905,0.9601606940391634,1.6499403004441233
12482,0.15,0.1,0.75,0.25,0.1,0.65,2.364,1.19,2.0785,0.9610897584277918,1.652539703087708
12483,0.15,0.1,0.75,0.25,0.15,0.6,2.364,1.19,2.0665,0.9620256699054196,1.6975649108585291
12495,0.15,0.1,0.75,0.3,0.0,0.7,2.364,1.19,2.083,0.960740560933876,1.6497075846780547
12496,0.15,0.1,0.75,0.3,0.05,0.65,2.364,1.19,2.071,0.9616738959099472,1.6503403056083827
12497,0.15,0.1,0.75,0.3,0.1,0.6,2.364,1.19,2.059,0.9626141253272082,1.6697725816376618
12509,0.15,0.1,0.75,0.35,0.0,0.65,2.364,1.19,2.0635000000000003,0.9622607265109692,1.6669404632280083
12510,0.15,0.1,0.75,0.35,0.05,0.6,2.364,1.19,2.0515,0.9632053038189728,1.6675731841583363
12600,0.15,0.15,0.7,0.0,0.0,1.0,2.3454999999999995,1.19,2.2,0.9481279863962984,1.5450378009709356
12601,0.15,0.15,0.7,0.0,0.05,0.95,2.3454999999999995,1.19,2.188,0.9489841896119636,1.5590035001266782
12602,0.15,0.15,0.7,0.0,0.1,0.9,2.3454999999999995,1.19,2.176,0.949846497663391,1.572896173201504
12603,0.15,0.15,0.7,0.0,0.15,0.85,2.3454999999999995,1.19,2.164,0.950714976076546,1.5973204188360526
12604,0.15,0.15,0.7,0.0,0.2,0.8,2.3454999999999995,1.19,2.152,0.9515896913185208,1.5973204188360526
12605,0.15,0.15,0.7,0.0,0.25,0.75,2.3454999999999995,1.19,2.14,0.952470710814492,1.6050988736468887
12606,0.15,0.15,0.7,0.0,0.3,0.7,2.3454999999999995,1.19,2.128,0.9533581029650452,1.6647715496200506
12620,0.15,0.15,0.7,0.05,0.0,0.95,2.3454999999999995,1.19,2.1805,0.9495224125946636,1.5583707791963501
12621,0.15,0.15,0.7,0.05,0.05,0.9,2.3454999999999995,1.19,2.1685000000000003,0.9503885693839734,1.5615787418892582
12622,0.15,0.15,0.7,0.05,0.1,0.85,2.3454999999999995,1.19,2.1565000000000003,0.9512609379655868,1.572896173201504
12623,0.15,0.15,0.7,0.05,0.15,0.8,2.3454999999999995,1.19,2.1445000000000003,0.9521395854033884,1.5973204188360526
12624,0.15,0.15,0.7,0.05,0.2,0.75,2.3454999999999995,1.19,2.1325000000000003,0.9530245797301308,1.6050988736468887
12625,0.15,0.15,0.7,0.05,0.25,0.7,2.3454999999999995,1.19,2.1205,0.9539159899649964,1.6624664999694017
12639,0.15,0.15,0.7,0.1,0.0,0.9,2.3454999999999995,1.19,2.161,0.9509330675670474,1.56094602095893
12640,0.15,0.15,0.7,0.1,0.05,0.85,2.3454999999999995,1.19,2.149,0.951809352513608,1.5615787418892582
12641,0.15,0.15,0.7,0.1,0.1,0.8,2.3454999999999995,1.19,2.1370000000000005,0.9526919587221816,1.573012833500572
12642,0.15,0.15,0.7,0.1,0.15,0.75,2.3454999999999995,1.19,2.125,0.9535809548399578,1.6166642845120383
12643,0.15,0.15,0.7,0.1,0.2,0.7,2.3454999999999995,1.19,2.113,0.954476410511723,1.6624664999694017
12644,0.15,0.15,0.7,0.1,0.25,0.65,2.3454999999999995,1.19,2.101,0.9553783963980502,1.6731544570912804
12657,0.15,0.15,0.7,0.15,0.0,0.85,2.3454999999999995,1.19,2.1415,0.9523602362851684,1.561062681257998
12658,0.15,0.15,0.7,0.15,0.05,0.8,2.3454999999999995,1.19,2.1295,0.9532468280794696,1.5732608130534755
12659,0.15,0.15,0.7,0.15,0.1,0.75,2.3454999999999995,1.19,2.1175,0.9541398531929132,1.6380422543348532
12660,0.15,0.15,0.7,0.15,0.15,0.7,2.3454999999999995,1.19,2.1055,0.9550393819029956,1.6731544570912804
12661,0.15,0.15,0.7,0.15,0.2,0.65,2.3454999999999995,1.19,2.0935,0.955945485514568,1.687017163437134
12662,0.15,0.15,0.7,0.15,0.25,0.6,2.3454999999999995,1.19,2.0815,0.9568582363786782,1.6874171686013935
12674,0.15,0.15,0.7,0.2,0.0,0.8,2.3454999999999995,1.19,2.1220000000000003,0.9538042104320352,1.6184303075805109
12675,0.15,0.15,0.7,0.2,0.05,0.75,2.3454999999999995,1.19,2.1100000000000003,0.954701291992928,1.637412780144486
12676,0.15,0.15,0.7,0.2,0.1,0.7,2.3454999999999995,1.19,2.098,0.955604921594411,1.648730211456732
12677,0.15,0.15,0.7,0.2,0.15,0.65,2.3454999999999995,1.19,2.0860000000000003,0.9565151711929746,1.687017163437134
12678,0.15,0.15,0.7,0.2,0.2,0.6,2.3454999999999995,1.19,2.074,0.9574321138032924,1.6874171686013935
12690,0.15,0.15,0.7,0.25,0.0,0.75,2.3454999999999995,1.19,2.1025,0.9552652886006872,1.636780059214158
12691,0.15,0.15,0.7,0.25,0.05,0.7,2.3454999999999995,1.19,2.0905,0.9561730472011964,1.6479074029040208
12692,0.15,0.15,0.7,0.25,0.1,0.65,2.3454999999999995,1.19,2.0785,0.9570874713077208,1.6596248393805262
12705,0.15,0.15,0.7,0.3,0.0,0.7,2.3454999999999995,1.19,2.083,0.9567437765000384,1.6476746871379522
12706,0.15,0.15,0.7,0.3,0.05,0.65,2.3454999999999995,1.19,2.071,0.957662403897696,1.6483074080682802
12707,0.15,0.15,0.7,0.3,0.1,0.6,2.3454999999999995,1.19,2.059,0.958587817093305,1.6833169207097307
12719,0.15,0.15,0.7,0.35,0.0,0.65,2.3454999999999995,1.19,2.0635000000000003,0.9582399871681228,1.6713667684671567
12720,0.15,0.15,0.7,0.35,0.05,0.6,2.3454999999999995,1.19,2.0515,0.959169679740012,1.6719994893974848
12810,0.15,0.2,0.65,0.0,0.0,1.0,2.327,1.19,2.2,0.9442691440800888,1.5489195854683424
12811,0.15,0.2,0.65,0.0,0.05,0.95,2.327,1.19,2.188,0.9451116391525346,1.5645597377832074
12812,0.15,0.2,0.65,0.0,0.1,0.9,2.327,1.19,2.176,0.9459601413199712,1.576537114905822
12813,0.15,0.2,0.65,0.0,0.15,0.85,2.327,1.19,2.164,0.9468147150592678,1.6009613605403705
12814,0.15,0.2,0.65,0.0,0.2,0.8,2.327,1.19,2.152,0.9476754257733532,1.59955430012629
12815,0.15,0.2,0.65,0.0,0.25,0.75,2.327,1.19,2.14,0.9485423398079004,1.6073327549371261
12816,0.15,0.2,0.65,0.0,0.3,0.7,2.327,1.19,2.128,0.9494155244683752,1.667005430910288
12830,0.15,0.2,0.65,0.05,0.0,0.95,2.327,1.19,2.1805,0.9456412449780042,1.5639270168528794
12831,0.15,0.2,0.65,0.05,0.05,0.9,2.327,1.19,2.1685000000000003,0.9464935342635474,1.5671349795457874
12832,0.15,0.2,0.65,0.05,0.1,0.85,2.327,1.19,2.1565000000000003,0.9473519358882072,1.576537114905822
12833,0.15,0.2,0.65,0.05,0.15,0.8,2.327,1.19,2.1445000000000003,0.9482165158421496,1.59955430012629
12834,0.15,0.2,0.65,0.05,0.2,0.75,2.327,1.19,2.1325000000000003,0.9490873410688964,1.6073327549371261
12835,0.15,0.2,0.65,0.05,0.25,0.7,2.327,1.19,2.1205,0.9499644794826068,1.664700381259639
12849,0.15,0.2,0.65,0.1,0.0,0.9,2.327,1.19,2.161,0.947029314821016,1.5665022586154593
12850,0.15,0.2,0.65,0.1,0.05,0.85,2.327,1.19,2.149,0.9478915701081122,1.5657279191317068
12851,0.15,0.2,0.65,0.1,0.1,0.8,2.327,1.19,2.1370000000000005,0.948760045451382,1.5752467147908094
12852,0.15,0.2,0.65,0.1,0.15,0.75,2.327,1.19,2.125,0.949634808398947,1.6188981658022756
12853,0.15,0.2,0.65,0.1,0.2,0.7,2.327,1.19,2.113,0.950515927480554,1.664700381259639
12854,0.15,0.2,0.65,0.1,0.25,0.65,2.327,1.19,2.101,0.9514034722254732,1.6753883383815178
12867,0.15,0.2,0.65,0.15,0.0,0.85,2.327,1.19,2.1415,0.9484336340183364,1.5652118585004466
12868,0.15,0.2,0.65,0.15,0.05,0.8,2.327,1.19,2.1295,0.9493060311365714,1.5774099902959242
12869,0.15,0.2,0.65,0.15,0.1,0.75,2.327,1.19,2.1175,0.9501847585740316,1.6402761356250906
12870,0.15,0.2,0.65,0.15,0.15,0.7,2.327,1.19,2.1055,0.951069885483044,1.6753883383815178
12871,0.15,0.2,0.65,0.15,0.2,0.65,2.327,1.19,2.0935,0.9519614820268412,1.6892510447273714
12872,0.15,0.2,0.65,0.15,0.25,0.6,2.327,1.19,2.0815,0.9528596193981032,1.6896510498916308
12884,0.15,0.2,0.65,0.2,0.0,0.8,2.327,1.19,2.1220000000000003,0.949854489583016,1.6225794848229596
12885,0.15,0.2,0.65,0.2,0.05,0.75,2.327,1.19,2.1100000000000003,0.9507372085226397,1.6415619573869347
12886,0.15,0.2,0.65,0.2,0.1,0.7,2.327,1.19,2.098,0.951626370666202,1.6509640927469693
12887,0.15,0.2,0.65,0.2,0.15,0.65,2.327,1.19,2.0860000000000003,0.9525220468181425,1.6892510447273714
12888,0.15,0.2,0.65,0.2,0.2,0.6,2.327,1.19,2.074,0.9534243088241408,1.6896510498916308
12900,0.15,0.2,0.65,0.25,0.0,0.75,2.327,1.19,2.1025,0.9512921753275057,1.6409292364566066
12901,0.15,0.2,0.65,0.25,0.05,0.7,2.327,1.19,2.0905,0.9521854003632292,1.6520565801464695
12902,0.15,0.2,0.65,0.25,0.1,0.65,2.327,1.19,2.0785,0.9530851841876502,1.6618587206707636
12915,0.15,0.2,0.65,0.3,0.0,0.7,2.327,1.19,2.083,0.9527469920662004,1.6518238643804009
12916,0.15,0.2,0.65,0.3,0.05,0.65,2.327,1.19,2.071,0.9536509118854448,1.652456585310729
12917,0.15,0.2,0.65,0.3,0.1,0.6,2.327,1.19,2.059,0.954561508859402,1.6872872242659576
12929,0.15,0.2,0.65,0.35,0.0,0.65,2.327,1.19,2.0635000000000003,0.9542192478252765,1.6772523679755948
12930,0.15,0.2,0.65,0.35,0.05,0.6,2.327,1.19,2.0515,0.9551340556610514,1.677885088905923
13020,0.15,0.25,0.6,0.0,0.0,1.0,2.3085,1.19,2.2,0.9404103017638789,1.5463628262889137
13021,0.15,0.25,0.6,0.0,0.05,0.95,2.3085,1.19,2.188,0.9412390886931056,1.5620029786037788
13022,0.15,0.25,0.6,0.0,0.1,0.9,2.3085,1.19,2.176,0.9420737849765514,1.5739803557263934
13023,0.15,0.25,0.6,0.0,0.15,0.85,2.3085,1.19,2.164,0.9429144540419896,1.5984046013609419
13024,0.15,0.25,0.6,0.0,0.2,0.8,2.3085,1.19,2.152,0.9437611602281852,1.5984046013609419
13025,0.15,0.25,0.6,0.0,0.25,0.75,2.3085,1.19,2.14,0.944613968801308,1.606183056171778
13026,0.15,0.25,0.6,0.0,0.3,0.7,2.3085,1.19,2.128,0.9454729459717052,1.6658557321449399
13040,0.15,0.25,0.6,0.05,0.0,0.95,2.3085,1.19,2.1805,0.9417600773613444,1.5613702576734507
13041,0.15,0.25,0.6,0.05,0.05,0.9,2.3085,1.19,2.1685000000000003,0.9425984991431212,1.5645782203663587
13042,0.15,0.25,0.6,0.05,0.1,0.85,2.3085,1.19,2.1565000000000003,0.9434429338108274,1.5739803557263934
13043,0.15,0.25,0.6,0.05,0.15,0.8,2.3085,1.19,2.1445000000000003,0.9442934462809104,1.5984046013609419
13044,0.15,0.25,0.6,0.05,0.2,0.75,2.3085,1.19,2.1325000000000003,0.945150102407662,1.606183056171778
13045,0.15,0.25,0.6,0.05,0.25,0.7,2.3085,1.19,2.1205,0.946012969000217,1.663550682494291
13059,0.15,0.25,0.6,0.1,0.0,0.9,2.3085,1.19,2.161,0.9431255620749848,1.5639454994360307
13060,0.15,0.25,0.6,0.1,0.05,0.85,2.3085,1.19,2.149,0.943973787702616,1.5645782203663587
13061,0.15,0.25,0.6,0.1,0.1,0.8,2.3085,1.19,2.1370000000000005,0.944828132180582,1.5740970160254613
13062,0.15,0.25,0.6,0.1,0.15,0.75,2.3085,1.19,2.125,0.945688661957936,1.6177484670369275
13063,0.15,0.25,0.6,0.1,0.2,0.7,2.3085,1.19,2.113,0.9465554444493852,1.663550682494291
13064,0.15,0.25,0.6,0.1,0.25,0.65,2.3085,1.19,2.101,0.947428548052896,1.6742386396161697
13077,0.15,0.25,0.6,0.15,0.0,0.85,2.3085,1.19,2.1415,0.944507031751504,1.5640621597350985
13078,0.15,0.25,0.6,0.15,0.05,0.8,2.3085,1.19,2.1295,0.945365234193673,1.5762602915305761
13079,0.15,0.25,0.6,0.15,0.1,0.75,2.3085,1.19,2.1175,0.9462296639551502,1.6391264368597425
13080,0.15,0.25,0.6,0.15,0.15,0.7,2.3085,1.19,2.1055,0.947100389063092,1.6742386396161697
13081,0.15,0.25,0.6,0.15,0.2,0.65,2.3085,1.19,2.0935,0.9479774785391142,1.6880270678144236
13082,0.15,0.25,0.6,0.15,0.25,0.6,2.3085,1.19,2.0815,0.948861002417528,1.6896510498916308
13094,0.15,0.25,0.6,0.2,0.0,0.8,2.3085,1.19,2.1220000000000003,0.9459047687339972,1.6214297860576115
13095,0.15,0.25,0.6,0.2,0.05,0.75,2.3085,1.19,2.1100000000000003,0.9467731250523514,1.6404122586215866
13096,0.15,0.25,0.6,0.2,0.1,0.7,2.3085,1.19,2.098,0.9476478197379932,1.6497401158340215
13097,0.15,0.25,0.6,0.2,0.15,0.65,2.3085,1.19,2.0860000000000003,0.9485289224433096,1.6880270678144236
13098,0.15,0.25,0.6,0.2,0.2,0.6,2.3085,1.19,2.074,0.949416503844989,1.6896510498916308
13110,0.15,0.25,0.6,0.25,0.0,0.75,2.3085,1.19,2.1025,0.9473190620543236,1.6397795376912585
13111,0.15,0.25,0.6,0.25,0.05,0.7,2.3085,1.19,2.0905,0.948197753525262,1.6508326032335217
13112,0.15,0.25,0.6,0.25,0.1,0.65,2.3085,1.19,2.0785,0.9490828970675796,1.6618587206707636
13125,0.15,0.25,0.6,0.3,0.0,0.7,2.3085,1.19,2.083,0.9487502076323628,1.6518238643804009
13126,0.15,0.25,0.6,0.3,0.05,0.65,2.3085,1.19,2.071,0.9496394198731936,1.652456585310729
13127,0.15,0.25,0.6,0.3,0.1,0.6,2.3085,1.19,2.059,0.9505352006254988,1.6872872242659576
13139,0.15,0.25,0.6,0.35,0.0,0.65,2.3085,1.19,2.0635000000000003,0.9501985084824298,1.6772523679755948
13140,0.15,0.25,0.6,0.35,0.05,0.6,2.3085,1.19,2.0515,0.9510984315820906,1.677885088905923
13230,0.15,0.3,0.55,0.0,0.0,1.0,2.29,1.19,2.2,0.9365514594476692,1.5460041682077224
13231,0.15,0.3,0.55,0.0,0.05,0.95,2.29,1.19,2.188,0.9373665382336768,1.5616443205225874
13232,0.15,0.3,0.55,0.0,0.1,0.9,2.29,1.19,2.176,0.9381874286331316,1.573621697645202
13233,0.15,0.3,0.55,0.0,0.15,0.85,2.29,1.19,2.164,0.9390141930247116,1.5980459432797505
13234,0.15,0.3,0.55,0.0,0.2,0.8,2.29,1.19,2.152,0.9398468946830172,1.5980459432797505
13235,0.15,0.3,0.55,0.0,0.25,0.75,2.29,1.19,2.14,0.9406855977947162,1.6058243980905866
13236,0.15,0.3,0.55,0.0,0.3,0.7,2.29,1.19,2.128,0.9415303674750352,1.6654970740637485
13250,0.15,0.3,0.55,0.05,0.0,0.95,2.29,1.19,2.1805,0.9378789097446848,1.5610115995922593
13251,0.15,0.3,0.55,0.05,0.05,0.9,2.29,1.19,2.1685000000000003,0.9387034640226952,1.5642195622851673
13252,0.15,0.3,0.55,0.05,0.1,0.85,2.29,1.19,2.1565000000000003,0.939533931733448,1.573621697645202
13253,0.15,0.3,0.55,0.05,0.15,0.8,2.29,1.19,2.1445000000000003,0.9403703767196716,1.5980459432797505
13254,0.15,0.3,0.55,0.05,0.2,0.75,2.29,1.19,2.1325000000000003,0.9412128637464278,1.6058243980905866
13255,0.15,0.3,0.55,0.05,0.25,0.7,2.29,1.19,2.1205,0.9420614585178274,1.6631920244130995
13269,0.15,0.3,0.55,0.1,0.0,0.9,2.29,1.19,2.161,0.9392218093289536,1.5635868413548393
13270,0.15,0.3,0.55,0.1,0.05,0.85,2.29,1.19,2.149,0.9400560052971202,1.5642195622851673
13271,0.15,0.3,0.55,0.1,0.1,0.8,2.29,1.19,2.1370000000000005,0.9408962189097824,1.5737383579442699
13272,0.15,0.3,0.55,0.1,0.15,0.75,2.29,1.19,2.125,0.9417425155169252,1.6173898089557361
13273,0.15,0.3,0.55,0.1,0.2,0.7,2.29,1.19,2.113,0.9425949614182164,1.6631920244130995
13274,0.15,0.3,0.55,0.1,0.25,0.65,2.29,1.19,2.101,0.9434536238803192,1.6738799815349783
13287,0.15,0.3,0.55,0.15,0.0,0.85,2.29,1.19,2.1415,0.940580429484672,1.5637035016539071
13288,0.15,0.3,0.55,0.15,0.05,0.8,2.29,1.19,2.1295,0.9414244372507748,1.5759016334493847
13289,0.15,0.3,0.55,0.15,0.1,0.75,2.29,1.19,2.1175,0.9422745693362684,1.638767778778551
13290,0.15,0.3,0.55,0.15,0.15,0.7,2.29,1.19,2.1055,0.9431308926431404,1.6738799815349783
13291,0.15,0.3,0.55,0.15,0.2,0.65,2.29,1.19,2.0935,0.9439934750513874,1.687742687880832
13292,0.15,0.3,0.55,0.15,0.25,0.6,2.29,1.19,2.0815,0.9448623854369532,1.6893666699580392
13304,0.15,0.3,0.55,0.2,0.0,0.8,2.29,1.19,2.1220000000000003,0.9419550478849782,1.62107112797642
13305,0.15,0.3,0.55,0.2,0.05,0.75,2.29,1.19,2.1100000000000003,0.9428090415820634,1.6400536005403952
13306,0.15,0.3,0.55,0.2,0.1,0.7,2.29,1.19,2.098,0.9436692688097842,1.6494557359004298
13307,0.15,0.3,0.55,0.2,0.15,0.65,2.29,1.19,2.0860000000000003,0.9445357980684772,1.687742687880832
13308,0.15,0.3,0.55,0.2,0.2,0.6,2.29,1.19,2.074,0.9454086988658372,1.6893666699580392
13320,0.15,0.3,0.55,0.25,0.0,0.75,2.29,1.19,2.1025,0.943345948781142,1.639420879610067
13321,0.15,0.3,0.55,0.25,0.05,0.7,2.29,1.19,2.0905,0.944210106687295,1.65054822329993
13322,0.15,0.3,0.55,0.25,0.1,0.65,2.29,1.19,2.0785,0.9450806099475088,1.661574340737172
13335,0.15,0.3,0.55,0.3,0.0,0.7,2.29,1.19,2.083,0.944753423198525,1.6515394844468092
13336,0.15,0.3,0.55,0.3,0.05,0.65,2.29,1.19,2.071,0.9456279278609426,1.6521722053771373
13337,0.15,0.3,0.55,0.3,0.1,0.6,2.29,1.19,2.059,0.946508892391596,1.6869285661847662
13349,0.15,0.3,0.55,0.35,0.0,0.65,2.29,1.19,2.0635000000000003,0.9461777691395834,1.6768937098944035
13350,0.15,0.3,0.55,0.35,0.05,0.6,2.29,1.19,2.0515,0.94706280750313,1.6775264308247315
13440,0.15,0.35,0.5,0.0,0.0,1.0,2.2715,1.19,2.2,0.9326926171314592,1.544367340969466
13441,0.15,0.35,0.5,0.0,0.05,0.95,2.2715,1.19,2.188,0.9334939877742476,1.5616443205225874
13442,0.15,0.35,0.5,0.0,0.1,0.9,2.2715,1.19,2.176,0.9343010722897118,1.573621697645202
13443,0.15,0.35,0.5,0.0,0.15,0.85,2.2715,1.19,2.164,0.9351139320074332,1.5980459432797505
13444,0.15,0.35,0.5,0.0,0.2,0.8,2.2715,1.19,2.152,0.9359326291378494,1.5980459432797505
13445,0.15,0.35,0.5,0.0,0.25,0.75,2.2715,1.19,2.14,0.9367572267881245,1.6058243980905866
13446,0.15,0.35,0.5,0.0,0.3,0.7,2.2715,1.19,2.128,0.937587788978365,1.6654970740637485
13460,0.15,0.35,0.5,0.05,0.0,0.95,2.2715,1.19,2.1805,0.9339977421280252,1.5610115995922593
13461,0.15,0.35,0.5,0.05,0.05,0.9,2.2715,1.19,2.1685000000000003,0.9348084289022688,1.5642195622851673
13462,0.15,0.35,0.5,0.05,0.1,0.85,2.2715,1.19,2.1565000000000003,0.935624929656068,1.573621697645202
13463,0.15,0.35,0.5,0.05,0.15,0.8,2.2715,1.19,2.1445000000000003,0.9364473071584326,1.5980459432797505
13464,0.15,0.35,0.5,0.05,0.2,0.75,2.2715,1.19,2.1325000000000003,0.9372756250851934,1.6058243980905866
13465,0.15,0.35,0.5,0.05,0.25,0.7,2.2715,1.19,2.1205,0.9381099480354376,1.6631920244130995
13479,0.15,0.35,0.5,0.1,0.0,0.9,2.2715,1.19,2.161,0.935318056582922,1.5635868413548393
13480,0.15,0.35,0.5,0.1,0.05,0.85,2.2715,1.19,2.149,0.936138222891624,1.5642195622851673
13481,0.15,0.35,0.5,0.1,0.1,0.8,2.2715,1.19,2.1370000000000005,0.9369643056389824,1.5737383579442699
13482,0.15,0.35,0.5,0.1,0.15,0.75,2.2715,1.19,2.125,0.9377963690759143,1.6173898089557361
13483,0.15,0.35,0.5,0.1,0.2,0.7,2.2715,1.19,2.113,0.9386344783870472,1.6631920244130995
13484,0.15,0.35,0.5,0.1,0.25,0.65,2.2715,1.19,2.101,0.939478699707742,1.6738799815349783
13497,0.15,0.35,0.5,0.15,0.0,0.85,2.2715,1.19,2.1415,0.93665382721784,1.5637035016539071
13498,0.15,0.35,0.5,0.15,0.05,0.8,2.2715,1.19,2.1295,0.9374836403078762,1.5759016334493847
13499,0.15,0.35,0.5,0.15,0.1,0.75,2.2715,1.19,2.1175,0.9383194747173866,1.638767778778551
13500,0.15,0.35,0.5,0.15,0.15,0.7,2.2715,1.19,2.1055,0.9391613962231886,1.6738799815349783
13501,0.15,0.35,0.5,0.15,0.2,0.65,2.2715,1.19,2.0935,0.9400094715636608,1.687742687880832
13502,0.15,0.35,0.5,0.15,0.25,0.6,2.2715,1.19,2.0815,0.940863768456378,1.6893666699580392
13514,0.15,0.35,0.5,0.2,0.0,0.8,2.2715,1.19,2.1220000000000003,0.9380053270359588,1.62107112797642
13515,0.15,0.35,0.5,0.2,0.05,0.75,2.2715,1.19,2.1100000000000003,0.938844958111775,1.6400536005403952
13516,0.15,0.35,0.5,0.2,0.1,0.7,2.2715,1.19,2.098,0.9396907178815752,1.6494557359004298
13517,0.15,0.35,0.5,0.2,0.15,0.65,2.2715,1.19,2.0860000000000003,0.9405426736936447,1.687742687880832
13518,0.15,0.35,0.5,0.2,0.2,0.6,2.2715,1.19,2.074,0.9414008938866856,1.6893666699580392
13530,0.15,0.35,0.5,0.25,0.0,0.75,2.2715,1.19,2.1025,0.93937283550796,1.639420879610067
13531,0.15,0.35,0.5,0.25,0.05,0.7,2.2715,1.19,2.0905,0.940222459849328,1.65054822329993
13532,0.15,0.35,0.5,0.25,0.1,0.65,2.2715,1.19,2.0785,0.941078322827438,1.661574340737172
13545,0.15,0.35,0.5,0.3,0.0,0.7,2.2715,1.19,2.083,0.940756638764687,1.6515394844468092
13546,0.15,0.35,0.5,0.3,0.05,0.65,2.2715,1.19,2.071,0.9416164358486911,1.6521722053771373
13547,0.15,0.35,0.5,0.3,0.1,0.6,2.2715,1.19,2.059,0.9424825841576928,1.6869285661847662
13559,0.15,0.35,0.5,0.35,0.0,0.65,2.2715,1.19,2.0635000000000003,0.9421570297967368,1.6768937098944035
13560,0.15,0.35,0.5,0.35,0.05,0.6,2.2715,1.19,2.0515,0.9430271834241692,1.6775264308247315
13650,0.15,0.4,0.45,0.0,0.0,1.0,2.253,1.19,2.2,0.9288337748152496,1.556139391092384
13651,0.15,0.4,0.45,0.0,0.05,0.95,2.253,1.19,2.188,0.9296214373148186,1.5709689707335952
13652,0.15,0.4,0.45,0.0,0.1,0.9,2.253,1.19,2.176,0.930414715946292,1.57816019361792
13653,0.15,0.4,0.45,0.0,0.15,0.85,2.253,1.19,2.164,0.9312136709901552,1.6025844392524684
13654,0.15,0.4,0.45,0.0,0.2,0.8,2.253,1.19,2.152,0.9320183635926816,1.6025844392524684
13655,0.15,0.4,0.45,0.0,0.25,0.75,2.253,1.19,2.14,0.9328288557815324,1.6103628940633046
13656,0.15,0.4,0.45,0.0,0.3,0.7,2.253,1.19,2.128,0.9336452104816952,1.6700355700364664
13670,0.15,0.4,0.45,0.05,0.0,0.95,2.253,1.19,2.1805,0.930116574511366,1.5703362498032671
13671,0.15,0.4,0.45,0.05,0.05,0.9,2.253,1.19,2.1685000000000003,0.9309133937818428,1.5687580582578853
13672,0.15,0.4,0.45,0.05,0.1,0.85,2.253,1.19,2.1565000000000003,0.9317159275786886,1.57816019361792
13673,0.15,0.4,0.45,0.05,0.15,0.8,2.253,1.19,2.1445000000000003,0.9325242375971938,1.6025844392524684
13674,0.15,0.4,0.45,0.05,0.2,0.75,2.253,1.19,2.1325000000000003,0.933338386423959,1.6103628940633046
13675,0.15,0.4,0.45,0.05,0.25,0.7,2.253,1.19,2.1205,0.934158437553048,1.6677305203858175
13689,0.15,0.4,0.45,0.1,0.0,0.9,2.253,1.19,2.161,0.9314143038368906,1.5681253373275572
13690,0.15,0.4,0.45,0.1,0.05,0.85,2.253,1.19,2.149,0.9322204404861282,1.5687580582578853
13691,0.15,0.4,0.45,0.1,0.1,0.8,2.253,1.19,2.1370000000000005,0.9330323923681826,1.5782768539169878
13692,0.15,0.4,0.45,0.1,0.15,0.75,2.253,1.19,2.125,0.9338502226349036,1.621928304928454
13693,0.15,0.4,0.45,0.1,0.2,0.7,2.253,1.19,2.113,0.9346739953558784,1.6677305203858175
13694,0.15,0.4,0.45,0.1,0.25,0.65,2.253,1.19,2.101,0.935503775535165,1.6784184775076962
13707,0.15,0.4,0.45,0.15,0.0,0.85,2.253,1.19,2.1415,0.932727224951008,1.568241997626625
13708,0.15,0.4,0.45,0.15,0.05,0.8,2.253,1.19,2.1295,0.933542843364978,1.5804401294221027
13709,0.15,0.4,0.45,0.15,0.1,0.75,2.253,1.19,2.1175,0.9343643800985052,1.643306274751269
13710,0.15,0.4,0.45,0.15,0.15,0.7,2.253,1.19,2.1055,0.9351918998032368,1.6784184775076962
13711,0.15,0.4,0.45,0.15,0.2,0.65,2.253,1.19,2.0935,0.936025468075934,1.6922811838535499
13712,0.15,0.4,0.45,0.15,0.25,0.6,2.253,1.19,2.0815,0.9368651514758032,1.6939051659307571
13724,0.15,0.4,0.45,0.2,0.0,0.8,2.253,1.19,2.1220000000000003,0.9340556061869398,1.625609623949138
13725,0.15,0.4,0.45,0.2,0.05,0.75,2.253,1.19,2.1100000000000003,0.934880874641487,1.644592096513113
13726,0.15,0.4,0.45,0.2,0.1,0.7,2.253,1.19,2.098,0.9357121669533665,1.6539942318731478
13727,0.15,0.4,0.45,0.2,0.15,0.65,2.253,1.19,2.0860000000000003,0.9365495493188124,1.6922811838535499
13728,0.15,0.4,0.45,0.2,0.2,0.6,2.253,1.19,2.074,0.937393088907534,1.6939051659307571
13740,0.15,0.4,0.45,0.25,0.0,0.75,2.253,1.19,2.1025,0.9353997222347784,1.643959375582785
13741,0.15,0.4,0.45,0.25,0.05,0.7,2.253,1.19,2.0905,0.9362348130113608,1.655086719272648
13742,0.15,0.4,0.45,0.25,0.1,0.65,2.253,1.19,2.0785,0.9370760357073676,1.6661128367098899
13755,0.15,0.4,0.45,0.3,0.0,0.7,2.253,1.19,2.083,0.9367598543308492,1.6560779804195271
13756,0.15,0.4,0.45,0.3,0.05,0.65,2.253,1.19,2.071,0.93760494383644,1.6567107013498552
13757,0.15,0.4,0.45,0.3,0.1,0.6,2.253,1.19,2.059,0.9384562759237898,1.691467062157484
13769,0.15,0.4,0.45,0.35,0.0,0.65,2.253,1.19,2.0635000000000003,0.9381362904538904,1.6814322058671214
13770,0.15,0.4,0.45,0.35,0.05,0.6,2.253,1.19,2.0515,0.9389915593452088,1.6820649267974495
13860,0.15,0.45,0.4,0.0,0.0,1.0,2.2345,1.19,2.2,0.9249749324990396,1.563985518533178
13861,0.15,0.45,0.4,0.0,0.05,0.95,2.2345,1.19,2.188,0.9257488868553896,1.5717877461573588
13862,0.15,0.45,0.4,0.0,0.1,0.9,2.2345,1.19,2.176,0.9265283596028724,1.5834169608279685
13863,0.15,0.45,0.4,0.0,0.15,0.85,2.2345,1.19,2.164,0.9273134099728768,1.607841206462517
13864,0.15,0.45,0.4,0.0,0.2,0.8,2.2345,1.19,2.152,0.9281040980475136,1.607841206462517
13865,0.15,0.45,0.4,0.0,0.25,0.75,2.2345,1.19,2.14,0.9289004847749406,1.615619661273353
13866,0.15,0.45,0.4,0.0,0.3,0.7,2.2345,1.19,2.128,0.9297026319850252,1.675292337246515
13880,0.15,0.45,0.4,0.05,0.0,0.95,2.2345,1.19,2.1805,0.9262354068947062,1.5711550252270308
13881,0.15,0.45,0.4,0.05,0.05,0.9,2.2345,1.19,2.1685000000000003,0.9270183586614168,1.5740148254679338
13882,0.15,0.45,0.4,0.05,0.1,0.85,2.2345,1.19,2.1565000000000003,0.9278069255013088,1.5834169608279685
13883,0.15,0.45,0.4,0.05,0.15,0.8,2.2345,1.19,2.1445000000000003,0.9286011680359548,1.607841206462517
13884,0.15,0.45,0.4,0.05,0.2,0.75,2.2345,1.19,2.1325000000000003,0.9294011477627248,1.615619661273353
13885,0.15,0.45,0.4,0.05,0.25,0.7,2.2345,1.19,2.1205,0.9302069270706584,1.672987287595866
13899,0.15,0.45,0.4,0.1,0.0,0.9,2.2345,1.19,2.161,0.9275105510908592,1.5733821045376057
13900,0.15,0.45,0.4,0.1,0.05,0.85,2.2345,1.19,2.149,0.9283026580806322,1.5740148254679338
13901,0.15,0.45,0.4,0.1,0.1,0.8,2.2345,1.19,2.1370000000000005,0.9291004790973828,1.5835336211270363
13902,0.15,0.45,0.4,0.1,0.15,0.75,2.2345,1.19,2.125,0.9299040761938928,1.6271850721385026
13903,0.15,0.45,0.4,0.1,0.2,0.7,2.2345,1.19,2.113,0.9307135123247094,1.6682011333575761
13904,0.15,0.45,0.4,0.1,0.25,0.65,2.2345,1.19,2.101,0.9315288513625878,1.678889090479455
13917,0.15,0.45,0.4,0.15,0.0,0.85,2.2345,1.19,2.1415,0.9288006226841758,1.5734987648366736
13918,0.15,0.45,0.4,0.15,0.05,0.8,2.2345,1.19,2.1295,0.9296020464220798,1.5856968966321512
13919,0.15,0.45,0.4,0.15,0.1,0.75,2.2345,1.19,2.1175,0.9304092854796236,1.6437768877230277
13920,0.15,0.45,0.4,0.15,0.15,0.7,2.2345,1.19,2.1055,0.9312224033832852,1.678889090479455
13921,0.15,0.45,0.4,0.15,0.2,0.65,2.2345,1.19,2.0935,0.932041464588207,1.6927517968253085
13922,0.15,0.45,0.4,0.15,0.25,0.6,2.2345,1.19,2.0815,0.9328665344952284,1.6943757789025158
13934,0.15,0.45,0.4,0.2,0.0,0.8,2.2345,1.19,2.1220000000000003,0.9301058853379208,1.6308663911591865
13935,0.15,0.45,0.4,0.2,0.05,0.75,2.2345,1.19,2.1100000000000003,0.9309167911711984,1.6450627094848718
13936,0.15,0.45,0.4,0.2,0.1,0.7,2.2345,1.19,2.098,0.9317336160251573,1.6544648448449064
13937,0.15,0.45,0.4,0.2,0.15,0.65,2.2345,1.19,2.0860000000000003,0.93255642494398,1.6927517968253085
13938,0.15,0.45,0.4,0.2,0.2,0.6,2.2345,1.19,2.074,0.9333852839283824,1.6943757789025158
13950,0.15,0.45,0.4,0.25,0.0,0.75,2.2345,1.19,2.1025,0.9314266089615963,1.6444299885545437
13951,0.15,0.45,0.4,0.25,0.05,0.7,2.2345,1.19,2.0905,0.9322471661733936,1.6555573322444066
13952,0.15,0.45,0.4,0.25,0.1,0.65,2.2345,1.19,2.0785,0.9330737485872967,1.6665834496816485
13965,0.15,0.45,0.4,0.3,0.0,0.7,2.2345,1.19,2.083,0.9327630698970116,1.6565485933912858
13966,0.15,0.45,0.4,0.3,0.05,0.65,2.2345,1.19,2.071,0.933593451824189,1.6571813143216139
13967,0.15,0.45,0.4,0.3,0.1,0.6,2.2345,1.19,2.059,0.9344299676898864,1.6919376751292428
13979,0.15,0.45,0.4,0.35,0.0,0.65,2.2345,1.19,2.0635000000000003,0.9341155511110436,1.68190281883888
13980,0.15,0.45,0.4,0.35,0.05,0.6,2.2345,1.19,2.0515,0.9349559352662478,1.682535539769208
14070,0.15,0.5,0.35,0.0,0.0,1.0,2.216,1.19,2.2,0.92111609018283,1.5562891618830155
14071,0.15,0.5,0.35,0.0,0.05,0.95,2.216,1.19,2.188,0.9218763363959608,1.5658591005460722
14072,0.15,0.5,0.35,0.0,0.1,0.9,2.216,1.19,2.176,0.9226420032594522,1.5778364776686868
14073,0.15,0.5,0.35,0.0,0.15,0.85,2.216,1.19,2.164,0.9234131489555986,1.6022607233032353
14074,0.15,0.5,0.35,0.0,0.2,0.8,2.216,1.19,2.152,0.9241898325023458,1.6022607233032353
14075,0.15,0.5,0.35,0.0,0.25,0.75,2.216,1.19,2.14,0.9249721137683484,1.6100391781140715
14076,0.15,0.5,0.35,0.0,0.3,0.7,2.216,1.19,2.128,0.925760053488355,1.6697118540872333
14090,0.15,0.5,0.35,0.05,0.0,0.95,2.216,1.19,2.1805,0.9223542392780466,1.5652263796157442
14091,0.15,0.5,0.35,0.05,0.05,0.9,2.216,1.19,2.1685000000000003,0.9231233235409908,1.5684343423086522
14092,0.15,0.5,0.35,0.05,0.1,0.85,2.216,1.19,2.1565000000000003,0.9238979234239292,1.5778364776686868
14093,0.15,0.5,0.35,0.05,0.15,0.8,2.216,1.19,2.1445000000000003,0.9246780984747158,1.6022607233032353
14094,0.15,0.5,0.35,0.05,0.2,0.75,2.216,1.19,2.1325000000000003,0.92546390910149,1.6100391781140715
14095,0.15,0.5,0.35,0.05,0.25,0.7,2.216,1.19,2.1205,0.9262554165882684,1.6674068044365844
14109,0.15,0.5,0.35,0.1,0.0,0.9,2.216,1.19,2.161,0.9236067983448278,1.5678016213783241
14110,0.15,0.5,0.35,0.1,0.05,0.85,2.216,1.19,2.149,0.9243848756751362,1.5684343423086522
14111,0.15,0.5,0.35,0.1,0.1,0.8,2.216,1.19,2.1370000000000005,0.9251685658265828,1.5779531379677547
14112,0.15,0.5,0.35,0.1,0.15,0.75,2.216,1.19,2.125,0.9259579297528816,1.621604588979221
14113,0.15,0.5,0.35,0.1,0.2,0.7,2.216,1.19,2.113,0.9267530292935404,1.6670586419845794
14114,0.15,0.5,0.35,0.1,0.25,0.65,2.216,1.19,2.101,0.9275539271900108,1.6777465991064582
14127,0.15,0.5,0.35,0.15,0.0,0.85,2.216,1.19,2.1415,0.9248740204173436,1.567918281677392
14128,0.15,0.5,0.35,0.15,0.05,0.8,2.216,1.19,2.1295,0.925661249479181,1.5801164134728696
14129,0.15,0.5,0.35,0.15,0.1,0.75,2.216,1.19,2.1175,0.9264541908607418,1.642634396350031
14130,0.15,0.5,0.35,0.15,0.15,0.7,2.216,1.19,2.1055,0.9272529069633334,1.6777465991064582
14131,0.15,0.5,0.35,0.15,0.2,0.65,2.216,1.19,2.0935,0.92805746110048,1.6894515201352958
14132,0.15,0.5,0.35,0.15,0.25,0.6,2.216,1.19,2.0815,0.928867917514653,1.691075502212503
14144,0.15,0.5,0.35,0.2,0.0,0.8,2.216,1.19,2.1220000000000003,0.9261561644889018,1.625285907999905
14145,0.15,0.5,0.35,0.2,0.05,0.75,2.216,1.19,2.1100000000000003,0.9269527077009104,1.643920218111875
14146,0.15,0.5,0.35,0.2,0.1,0.7,2.216,1.19,2.098,0.9277550650969484,1.6533223534719097
14147,0.15,0.5,0.35,0.2,0.15,0.65,2.216,1.19,2.0860000000000003,0.9285633005691472,1.6894515201352958
14148,0.15,0.5,0.35,0.2,0.2,0.6,2.216,1.19,2.074,0.9293774789492304,1.691075502212503
14160,0.15,0.5,0.35,0.25,0.0,0.75,2.216,1.19,2.1025,0.9274534956884148,1.643287497181547
14161,0.15,0.5,0.35,0.25,0.05,0.7,2.216,1.19,2.0905,0.9282595193354264,1.6522570555543938
14162,0.15,0.5,0.35,0.25,0.1,0.65,2.216,1.19,2.0785,0.929071461467226,1.6632831729916357
14175,0.15,0.5,0.35,0.3,0.0,0.7,2.216,1.19,2.083,0.9287662854631736,1.653248316701273
14176,0.15,0.5,0.35,0.3,0.05,0.65,2.216,1.19,2.071,0.9295819598119376,1.653881037631601
14177,0.15,0.5,0.35,0.3,0.1,0.6,2.216,1.19,2.059,0.9304036594559836,1.6860090295179562
14189,0.15,0.5,0.35,0.35,0.0,0.65,2.216,1.19,2.0635000000000003,0.9300948117681972,1.6759741732275935
14190,0.15,0.5,0.35,0.35,0.05,0.6,2.216,1.19,2.0515,0.9309203111872872,1.6766068941579215
14280,0.15,0.55,0.3,0.0,0.0,1.0,2.1975,1.19,2.2,0.9172572478666202,1.554531064927679
14281,0.15,0.55,0.3,0.0,0.05,0.95,2.1975,1.19,2.188,0.9180037859365316,1.5658591005460722
14282,0.15,0.55,0.3,0.0,0.1,0.9,2.1975,1.19,2.176,0.9187556469160324,1.5778364776686868
14283,0.15,0.55,0.3,0.0,0.15,0.85,2.1975,1.19,2.164,0.9195128879383204,1.6022607233032353
14284,0.15,0.55,0.3,0.0,0.2,0.8,2.1975,1.19,2.152,0.9202755669571776,1.6022607233032353
14285,0.15,0.55,0.3,0.0,0.25,0.75,2.1975,1.19,2.14,0.9210437427617568,1.6100391781140715
14286,0.15,0.55,0.3,0.0,0.3,0.7,2.1975,1.19,2.128,0.9218174749916852,1.6697118540872333
14300,0.15,0.55,0.3,0.05,0.0,0.95,2.1975,1.19,2.1805,0.9184730716613873,1.5652263796157442
14301,0.15,0.55,0.3,0.05,0.05,0.9,2.1975,1.19,2.1685000000000003,0.9192282884205644,1.5684343423086522
14302,0.15,0.55,0.3,0.05,0.1,0.85,2.1975,1.19,2.1565000000000003,0.9199889213465494,1.5778364776686868
14303,0.15,0.55,0.3,0.05,0.15,0.8,2.1975,1.19,2.1445000000000003,0.920755028913477,1.6022607233032353
14304,0.15,0.55,0.3,0.05,0.2,0.75,2.1975,1.19,2.1325000000000003,0.921526670440256,1.6100391781140715
14305,0.15,0.55,0.3,0.05,0.25,0.7,2.1975,1.19,2.1205,0.9223039061058788,1.6674068044365844
14319,0.15,0.55,0.3,0.1,0.0,0.9,2.1975,1.19,2.161,0.9197030455987965,1.5678016213783241
14320,0.15,0.55,0.3,0.1,0.05,0.85,2.1975,1.19,2.149,0.9204670932696402,1.5684343423086522
14321,0.15,0.55,0.3,0.1,0.1,0.8,2.1975,1.19,2.1370000000000005,0.9212366525557828,1.5779531379677547
14322,0.15,0.55,0.3,0.1,0.15,0.75,2.1975,1.19,2.125,0.9220117833118708,1.621604588979221
14323,0.15,0.55,0.3,0.1,0.2,0.7,2.1975,1.19,2.113,0.9227925462623712,1.6674068044365844
14324,0.15,0.55,0.3,0.1,0.25,0.65,2.1975,1.19,2.101,0.9235790030174338,1.6780947615584632
14337,0.15,0.55,0.3,0.15,0.0,0.85,2.1975,1.19,2.1415,0.9209474181505116,1.567918281677392
14338,0.15,0.55,0.3,0.15,0.05,0.8,2.1975,1.19,2.1295,0.9217204525362828,1.5801164134728696
14339,0.15,0.55,0.3,0.15,0.1,0.75,2.1975,1.19,2.1175,0.92249909624186,1.642982558802036
14340,0.15,0.55,0.3,0.15,0.15,0.7,2.1975,1.19,2.1055,0.9232834105433816,1.6780947615584632
14341,0.15,0.55,0.3,0.15,0.2,0.65,2.1975,1.19,2.0935,0.9240734576127532,1.6897996825873007
14342,0.15,0.55,0.3,0.15,0.25,0.6,2.1975,1.19,2.0815,0.924869300534078,1.691423664664508
14354,0.15,0.55,0.3,0.2,0.0,0.8,2.1975,1.19,2.1220000000000003,0.9222064436398828,1.625285907999905
14355,0.15,0.55,0.3,0.2,0.05,0.75,2.1975,1.19,2.1100000000000003,0.922988624230622,1.64426838056388
14356,0.15,0.55,0.3,0.2,0.1,0.7,2.1975,1.19,2.098,0.9237765141687392,1.6536705159239147
14357,0.15,0.55,0.3,0.2,0.15,0.65,2.1975,1.19,2.0860000000000003,0.9245701761943148,1.6897996825873007
14358,0.15,0.55,0.3,0.2,0.2,0.6,2.1975,1.19,2.074,0.9253696739700789,1.691423664664508
14370,0.15,0.55,0.3,0.25,0.0,0.75,2.1975,1.19,2.1025,0.9234803824152328,1.643635659633552
14371,0.15,0.55,0.3,0.25,0.05,0.7,2.1975,1.19,2.0905,0.9242718724974596,1.6526052180063988
14372,0.15,0.55,0.3,0.25,0.1,0.65,2.1975,1.19,2.0785,0.9250691743471552,1.6636313354436407
14385,0.15,0.55,0.3,0.3,0.0,0.7,2.1975,1.19,2.083,0.924769501029336,1.653596479153278
14386,0.15,0.55,0.3,0.3,0.05,0.65,2.1975,1.19,2.071,0.9255704677996864,1.654229200083606
14387,0.15,0.55,0.3,0.3,0.1,0.6,2.1975,1.19,2.059,0.9263773512220804,1.6863571919699611
14399,0.15,0.55,0.3,0.35,0.0,0.65,2.1975,1.19,2.0635000000000003,0.9260740724253508,1.6763223356795984
14400,0.15,0.55,0.3,0.35,0.05,0.6,2.1975,1.19,2.0515,0.9268846871083264,1.6766068941579215
14490,0.15,0.6,0.25,0.0,0.0,1.0,2.179,1.19,2.2,0.9133984055504104,1.567684296234494
14491,0.15,0.6,0.25,0.0,0.05,0.95,2.179,1.19,2.188,0.9141312354771024,1.5757217796689722
14492,0.15,0.6,0.25,0.0,0.1,0.9,2.179,1.19,2.176,0.9148692905726128,1.5783165195282685
14493,0.15,0.6,0.25,0.0,0.15,0.85,2.179,1.19,2.164,0.9156126269210422,1.602740765162817
14494,0.15,0.6,0.25,0.0,0.2,0.8,2.179,1.19,2.152,0.9163613014120098,1.602740765162817
14495,0.15,0.6,0.25,0.0,0.25,0.75,2.179,1.19,2.14,0.9171153717551648,1.6100391781140715
14496,0.15,0.6,0.25,0.0,0.3,0.7,2.179,1.19,2.128,0.9178748964950152,1.6697118540872333
14510,0.15,0.6,0.25,0.05,0.0,0.95,2.179,1.19,2.1805,0.9145919040447272,1.5657064214753258
14511,0.15,0.6,0.25,0.05,0.05,0.9,2.179,1.19,2.1685000000000003,0.9153332533001384,1.5689143841682338
14512,0.15,0.6,0.25,0.05,0.1,0.85,2.179,1.19,2.1565000000000003,0.9160799192691697,1.5783165195282685
14513,0.15,0.6,0.25,0.05,0.15,0.8,2.179,1.19,2.1445000000000003,0.916831959352238,1.6022607233032353
14514,0.15,0.6,0.25,0.05,0.2,0.75,2.179,1.19,2.1325000000000003,0.9175894317790216,1.6100391781140715
14515,0.15,0.6,0.25,0.05,0.25,0.7,2.179,1.19,2.1205,0.9183523956234892,1.6674068044365844
14529,0.15,0.6,0.25,0.1,0.0,0.9,2.179,1.19,2.161,0.9157992928527652,1.5682816632379057
14530,0.15,0.6,0.25,0.1,0.05,0.85,2.179,1.19,2.149,0.916549310864144,1.5689143841682338
14531,0.15,0.6,0.25,0.1,0.1,0.8,2.179,1.19,2.1370000000000005,0.9173047392849832,1.5779531379677547
14532,0.15,0.6,0.25,0.1,0.15,0.75,2.179,1.19,2.125,0.9180656368708598,1.621604588979221
14533,0.15,0.6,0.25,0.1,0.2,0.7,2.179,1.19,2.113,0.9188320632312024,1.6674068044365844
14534,0.15,0.6,0.25,0.1,0.25,0.65,2.179,1.19,2.101,0.9196040788448564,1.6780947615584632
14547,0.15,0.6,0.25,0.15,0.0,0.85,2.179,1.19,2.1415,0.9170208158836796,1.567918281677392
14548,0.15,0.6,0.25,0.15,0.05,0.8,2.179,1.19,2.1295,0.9177796555933846,1.5801164134728696
14549,0.15,0.6,0.25,0.15,0.1,0.75,2.179,1.19,2.1175,0.9185440016229784,1.642982558802036
14550,0.15,0.6,0.25,0.15,0.15,0.7,2.179,1.19,2.1055,0.9193139141234296,1.6780947615584632
14551,0.15,0.6,0.25,0.15,0.2,0.65,2.179,1.19,2.0935,0.9200894541250264,1.6897996825873007
14552,0.15,0.6,0.25,0.15,0.25,0.6,2.179,1.19,2.0815,0.9208706835535032,1.691423664664508
14564,0.15,0.6,0.25,0.2,0.0,0.8,2.179,1.19,2.1220000000000003,0.9182567227908636,1.625285907999905
14565,0.15,0.6,0.25,0.2,0.05,0.75,2.179,1.19,2.1100000000000003,0.919024540760334,1.64426838056388
14566,0.15,0.6,0.25,0.2,0.1,0.7,2.179,1.19,2.098,0.9197979632405302,1.6536705159239147
14567,0.15,0.6,0.25,0.2,0.15,0.65,2.179,1.19,2.0860000000000003,0.9205770518194826,1.6897996825873007
14568,0.15,0.6,0.25,0.2,0.2,0.6,2.179,1.19,2.074,0.9213618689909272,1.691423664664508
14580,0.15,0.6,0.25,0.25,0.0,0.75,2.179,1.19,2.1025,0.9195072691420508,1.643635659633552
14581,0.15,0.6,0.25,0.25,0.05,0.7,2.179,1.19,2.0905,0.9202842256594924,1.6526052180063988
14582,0.15,0.6,0.25,0.25,0.1,0.65,2.179,1.19,2.0785,0.9210668872270846,1.6636313354436407
14595,0.15,0.6,0.25,0.3,0.0,0.7,2.179,1.19,2.083,0.9207727165954982,1.653596479153278
14596,0.15,0.6,0.25,0.3,0.05,0.65,2.179,1.19,2.071,0.9215589757874354,1.654229200083606
14597,0.15,0.6,0.25,0.3,0.1,0.6,2.179,1.19,2.059,0.9223510429881772,1.683194376076681
14609,0.15,0.6,0.25,0.35,0.0,0.65,2.179,1.19,2.0635000000000003,0.922053333082504,1.6731595197863183
14610,0.15,0.6,0.25,0.35,0.05,0.6,2.179,1.19,2.0515,0.9228490630293658,1.6737922407166463
14700,0.15,0.65,0.2,0.0,0.0,1.0,2.1605,1.19,2.2,0.9095395632342006,1.5906141275110286
14701,0.15,0.65,0.2,0.0,0.05,0.95,2.1605,1.19,2.188,0.9102586850176736,1.599385706991794
14702,0.15,0.65,0.2,0.0,0.1,0.9,2.1605,1.19,2.176,0.9109829342291929,1.6113630841144084
14703,0.15,0.65,0.2,0.0,0.15,0.85,2.1605,1.19,2.164,0.911712365903764,1.6305315418812516
14704,0.15,0.65,0.2,0.0,0.2,0.8,2.1605,1.19,2.152,0.912447035866842,1.6297974458349644
14705,0.15,0.65,0.2,0.0,0.25,0.75,2.1605,1.19,2.14,0.9131870007485728,1.6338383037164477
14706,0.15,0.65,0.2,0.0,0.3,0.7,2.1605,1.19,2.128,0.913932317998345,1.6795745332101333
14720,0.15,0.65,0.2,0.05,0.0,0.95,2.1605,1.19,2.1805,0.9107107364280675,1.5987529860614658
14721,0.15,0.65,0.2,0.05,0.05,0.9,2.1605,1.19,2.1685000000000003,0.9114382181797124,1.601960948754374
14722,0.15,0.65,0.2,0.05,0.1,0.85,2.1605,1.19,2.1565000000000003,0.91217091719179,1.6106289880681215
14723,0.15,0.65,0.2,0.05,0.15,0.8,2.1605,1.19,2.1445000000000003,0.9129088897909992,1.6297974458349644
14724,0.15,0.65,0.2,0.05,0.2,0.75,2.1605,1.19,2.1325000000000003,0.9136521931177872,1.6338383037164477
14725,0.15,0.65,0.2,0.05,0.25,0.7,2.1605,1.19,2.1205,0.9144008851410994,1.675955989153309
14739,0.15,0.65,0.2,0.1,0.0,0.9,2.1605,1.19,2.161,0.911895540106734,1.6005941317777588
14740,0.15,0.65,0.2,0.1,0.05,0.85,2.1605,1.19,2.149,0.9126315284586484,1.6012268527080868
14741,0.15,0.65,0.2,0.1,0.1,0.8,2.1605,1.19,2.1370000000000005,0.9133728260141832,1.6107456483671894
14742,0.15,0.65,0.2,0.1,0.15,0.75,2.1605,1.19,2.125,0.914119490429849,1.6395364109592638
14743,0.15,0.65,0.2,0.1,0.2,0.7,2.1605,1.19,2.113,0.9148715802000336,1.675955989153309
14744,0.15,0.65,0.2,0.1,0.25,0.65,2.1605,1.19,2.101,0.9156291546722796,1.6866439462751877
14757,0.15,0.65,0.2,0.15,0.0,0.85,2.1605,1.19,2.1415,0.9130942136168472,1.6007107920768266
14758,0.15,0.65,0.2,0.15,0.05,0.8,2.1605,1.19,2.1295,0.913838858650486,1.6070416202499709
14759,0.15,0.65,0.2,0.15,0.1,0.75,2.1605,1.19,2.1175,0.9145889070040968,1.656787531386466
14760,0.15,0.65,0.2,0.15,0.15,0.7,2.1605,1.19,2.1055,0.915344417703478,1.6866439462751877
14761,0.15,0.65,0.2,0.15,0.2,0.65,2.1605,1.19,2.0935,0.9161054506372994,1.6983488673040252
14762,0.15,0.65,0.2,0.15,0.25,0.6,2.1605,1.19,2.0815,0.916872066572928,1.6994928075216509
14774,0.15,0.65,0.2,0.2,0.0,0.8,2.1605,1.19,2.1220000000000003,0.9143070019418448,1.6428284775136879
14775,0.15,0.65,0.2,0.2,0.05,0.75,2.1605,1.19,2.1100000000000003,0.9150604572900456,1.65807335314831
14776,0.15,0.65,0.2,0.2,0.1,0.7,2.1605,1.19,2.098,0.9158194123123212,1.6674754885083447
14777,0.15,0.65,0.2,0.2,0.15,0.65,2.1605,1.19,2.0860000000000003,0.91658392744465,1.6983488673040252
14778,0.15,0.65,0.2,0.2,0.2,0.6,2.1605,1.19,2.074,0.9173540640117755,1.6994928075216509
14790,0.15,0.65,0.2,0.25,0.0,0.75,2.1605,1.19,2.1025,0.9155341558688692,1.657440632217982
14791,0.15,0.65,0.2,0.25,0.05,0.7,2.1605,1.19,2.0905,0.916296578821525,1.6664101905908288
14792,0.15,0.65,0.2,0.25,0.1,0.65,2.1605,1.19,2.0785,0.9170646001070138,1.6769562661684891
14805,0.15,0.65,0.2,0.3,0.0,0.7,2.1605,1.19,2.083,0.9167759321616604,1.667401451737708
14806,0.15,0.65,0.2,0.3,0.05,0.65,2.1605,1.19,2.071,0.9175474837751842,1.6675541308084545
14807,0.15,0.65,0.2,0.3,0.1,0.6,2.1605,1.19,2.059,0.9183247347542742,1.6965193068015294
14819,0.15,0.65,0.2,0.35,0.0,0.65,2.1605,1.19,2.0635000000000003,0.9180325937396576,1.6864844505111667
14820,0.15,0.65,0.2,0.35,0.05,0.6,2.1605,1.19,2.0515,0.9188134389504052,1.6871171714414948
14910,0.15,0.7,0.15,0.0,0.0,1.0,2.142,1.19,2.2,0.9056807209179908,1.5906141275110286
14911,0.15,0.7,0.15,0.0,0.05,0.95,2.142,1.19,2.188,0.9063861345582448,1.599385706991794
14912,0.15,0.7,0.15,0.0,0.1,0.9,2.142,1.19,2.176,0.9070965778857728,1.6113630841144084
14913,0.15,0.7,0.15,0.0,0.15,0.85,2.142,1.19,2.164,0.9078121048864858,1.6305315418812516
14914,0.15,0.7,0.15,0.0,0.2,0.8,2.142,1.19,2.152,0.908532770321674,1.6305315418812516
14915,0.15,0.7,0.15,0.0,0.25,0.75,2.142,1.19,2.14,0.9092586297419808,1.6345723997627346
14916,0.15,0.7,0.15,0.0,0.3,0.7,2.142,1.19,2.128,0.9099897395016748,1.6803086292564202
14930,0.15,0.7,0.15,0.05,0.0,0.95,2.142,1.19,2.1805,0.9068295688114082,1.5987529860614658
14931,0.15,0.7,0.15,0.05,0.05,0.9,2.142,1.19,2.1685000000000003,0.9075431830592864,1.601960948754374
14932,0.15,0.7,0.15,0.05,0.1,0.85,2.142,1.19,2.1565000000000003,0.9082619151144103,1.6113630841144084
14933,0.15,0.7,0.15,0.05,0.15,0.8,2.142,1.19,2.1445000000000003,0.9089858202297604,1.6305315418812516
14934,0.15,0.7,0.15,0.05,0.2,0.75,2.142,1.19,2.1325000000000003,0.9097149544565528,1.6345723997627346
14935,0.15,0.7,0.15,0.05,0.25,0.7,2.142,1.19,2.1205,0.9104493746587096,1.6793432568453566
14949,0.15,0.7,0.15,0.1,0.0,0.9,2.142,1.19,2.161,0.9079917873607024,1.6013282278240457
14950,0.15,0.7,0.15,0.1,0.05,0.85,2.142,1.19,2.149,0.9087137460531524,1.601960948754374
14951,0.15,0.7,0.15,0.1,0.1,0.8,2.142,1.19,2.1370000000000005,0.9094409127433832,1.6114797444134765
14952,0.15,0.7,0.15,0.1,0.15,0.75,2.142,1.19,2.125,0.910173343988838,1.6402705070055508
14953,0.15,0.7,0.15,0.1,0.2,0.7,2.142,1.19,2.113,0.9109110971688644,1.6793432568453566
14954,0.15,0.7,0.15,0.1,0.25,0.65,2.142,1.19,2.101,0.9116542304997024,1.690031213967235
14967,0.15,0.7,0.15,0.15,0.0,0.85,2.142,1.19,2.1415,0.9091676113500152,1.6014448881231138
14968,0.15,0.7,0.15,0.15,0.05,0.8,2.142,1.19,2.1295,0.9098980617075876,1.6077757162962578
14969,0.15,0.7,0.15,0.15,0.1,0.75,2.142,1.19,2.1175,0.9106338123852152,1.6601747990785134
14970,0.15,0.7,0.15,0.15,0.15,0.7,2.142,1.19,2.1055,0.9113749212835264,1.690031213967235
14971,0.15,0.7,0.15,0.15,0.2,0.65,2.142,1.19,2.0935,0.9121214471495728,1.6983488673040252
14972,0.15,0.7,0.15,0.15,0.25,0.6,2.142,1.19,2.0815,0.9128734495923532,1.6999728493812325
14984,0.15,0.7,0.15,0.2,0.0,0.8,2.142,1.19,2.1220000000000003,0.9103572810928257,1.6462157452057353
14985,0.15,0.7,0.15,0.2,0.05,0.75,2.142,1.19,2.1100000000000003,0.9110963738197576,1.6614606208403575
14986,0.15,0.7,0.15,0.2,0.1,0.7,2.142,1.19,2.098,0.9118408613841124,1.6701286601541052
14987,0.15,0.7,0.15,0.2,0.15,0.65,2.142,1.19,2.0860000000000003,0.9125908030698175,1.6983488673040252
14988,0.15,0.7,0.15,0.2,0.2,0.6,2.142,1.19,2.074,0.9133462590326238,1.6999728493812325
15000,0.15,0.7,0.15,0.25,0.0,0.75,2.142,1.19,2.1025,0.9115610425956876,1.6608278999100297
15001,0.15,0.7,0.15,0.25,0.05,0.7,2.142,1.19,2.0905,0.912308931983558,1.6664101905908288
15002,0.15,0.7,0.15,0.25,0.1,0.65,2.142,1.19,2.0785,0.913062312986943,1.6774363080280708
15015,0.15,0.7,0.15,0.3,0.0,0.7,2.142,1.19,2.083,0.9127791477278224,1.667401451737708
15016,0.15,0.7,0.15,0.3,0.05,0.65,2.142,1.19,2.071,0.913535991762933,1.668034172668036
15017,0.15,0.7,0.15,0.3,0.1,0.6,2.142,1.19,2.059,0.9142984265203712,1.6941945518408688
15029,0.15,0.7,0.15,0.35,0.0,0.65,2.142,1.19,2.0635000000000003,0.9140118543968112,1.684159695550506
15030,0.15,0.7,0.15,0.35,0.05,0.6,2.142,1.19,2.0515,0.9147778148714444,1.684792416480834
15120,0.15,0.75,0.1,0.0,0.0,1.0,2.1235,1.19,2.2,0.9018218786017812,1.5906141275110286
15121,0.15,0.75,0.1,0.0,0.05,0.95,2.1235,1.19,2.188,0.9025135840988155,1.599385706991794
15122,0.15,0.75,0.1,0.0,0.1,0.9,2.1235,1.19,2.176,0.9032102215423532,1.6113630841144084
15123,0.15,0.75,0.1,0.0,0.15,0.85,2.1235,1.19,2.164,0.9039118438692074,1.6305315418812516
15124,0.15,0.75,0.1,0.0,0.2,0.8,2.1235,1.19,2.152,0.9046185047765062,1.6305315418812516
15125,0.15,0.75,0.1,0.0,0.25,0.75,2.1235,1.19,2.14,0.905330258735389,1.6345723997627346
15126,0.15,0.75,0.1,0.0,0.3,0.7,2.1235,1.19,2.128,0.9060471610050048,1.6803086292564202
15140,0.15,0.75,0.1,0.05,0.0,0.95,2.1235,1.19,2.1805,0.9029484011947488,1.5987529860614658
15141,0.15,0.75,0.1,0.05,0.05,0.9,2.1235,1.19,2.1685000000000003,0.90364814793886,1.601960948754374
15142,0.15,0.75,0.1,0.05,0.1,0.85,2.1235,1.19,2.1565000000000003,0.9043529130370308,1.6113630841144084
15143,0.15,0.75,0.1,0.05,0.15,0.8,2.1235,1.19,2.1445000000000003,0.9050627506685216,1.6305315418812516
15144,0.15,0.75,0.1,0.05,0.2,0.75,2.1235,1.19,2.1325000000000003,0.9057777157953186,1.6345723997627346
15145,0.15,0.75,0.1,0.05,0.25,0.7,2.1235,1.19,2.1205,0.90649786417632,1.6793432568453566
15159,0.15,0.75,0.1,0.1,0.0,0.9,2.1235,1.19,2.161,0.9040880346146708,1.6013282278240457
15160,0.15,0.75,0.1,0.1,0.05,0.85,2.1235,1.19,2.149,0.904795963647656,1.601960948754374
15161,0.15,0.75,0.1,0.1,0.1,0.8,2.1235,1.19,2.1370000000000005,0.9055089994725836,1.6114797444134765
15162,0.15,0.75,0.1,0.1,0.15,0.75,2.1235,1.19,2.125,0.9062271975478272,1.6402705070055508
15163,0.15,0.75,0.1,0.1,0.2,0.7,2.1235,1.19,2.113,0.9069506141376956,1.6793432568453566
15164,0.15,0.75,0.1,0.1,0.25,0.65,2.1235,1.19,2.101,0.9076793063271256,1.690031213967235
15177,0.15,0.75,0.1,0.15,0.0,0.85,2.1235,1.19,2.1415,0.9052410090831832,1.6014448881231138
15178,0.15,0.75,0.1,0.15,0.05,0.8,2.1235,1.19,2.1295,0.9059572647646892,1.6077757162962578
15179,0.15,0.75,0.1,0.15,0.1,0.75,2.1235,1.19,2.1175,0.9066787177663332,1.6601747990785134
15180,0.15,0.75,0.1,0.15,0.15,0.7,2.1235,1.19,2.1055,0.9074054248635745,1.690031213967235
15181,0.15,0.75,0.1,0.15,0.2,0.65,2.1235,1.19,2.0935,0.908137443661846,1.6990829633503124
15194,0.15,0.75,0.1,0.2,0.0,0.8,2.1235,1.19,2.1220000000000003,0.9064075602438064,1.6462157452057353
15195,0.15,0.75,0.1,0.2,0.05,0.75,2.1235,1.19,2.1100000000000003,0.9071322903494692,1.6614606208403575
15196,0.15,0.75,0.1,0.2,0.1,0.7,2.1235,1.19,2.098,0.9078623104559032,1.6708627562003924
15197,0.15,0.75,0.1,0.2,0.15,0.65,2.1235,1.19,2.0860000000000003,0.9085976786949852,1.6990829633503124
15210,0.15,0.75,0.1,0.25,0.0,0.75,2.1235,1.19,2.1025,0.9075879293225056,1.6608278999100297
15211,0.15,0.75,0.1,0.25,0.05,0.7,2.1235,1.19,2.0905,0.9083212851455912,1.667144286637116
15212,0.15,0.75,0.1,0.25,0.1,0.65,2.1235,1.19,2.0785,0.9090600258668724,1.678170404074358
15225,0.15,0.75,0.1,0.3,0.0,0.7,2.1235,1.19,2.083,0.9087823632939848,1.6681355477839952
15226,0.15,0.75,0.1,0.3,0.05,0.65,2.1235,1.19,2.071,0.9095244997506816,1.668768268714323
15227,0.15,0.75,0.1,0.3,0.1,0.6,2.1235,1.19,2.059,0.910272118286468,1.6949286478871557
15239,0.15,0.75,0.1,0.35,0.0,0.65,2.1235,1.19,2.0635000000000003,0.9099911150539648,1.684893791596793
15240,0.15,0.75,0.1,0.35,0.05,0.6,2.1235,1.19,2.0515,0.9107421907924836,1.6855265125271213
15333,0.15,0.8,0.05,0.0,0.15,0.85,2.105,1.19,2.164,0.9000115828519295,1.6525352688351151
15334,0.15,0.8,0.05,0.0,0.2,0.8,2.105,1.19,2.152,0.9007042392313381,1.6525352688351151
15335,0.15,0.8,0.05,0.0,0.25,0.75,2.105,1.19,2.14,0.901401887728797,1.6546391991185627
15336,0.15,0.8,0.05,0.0,0.3,0.7,2.105,1.19,2.128,0.902104582508335,1.692460968843614
15352,0.15,0.8,0.05,0.05,0.1,0.85,2.105,1.19,2.1565000000000003,0.9004439109596508,1.6393118317430166
15353,0.15,0.8,0.05,0.05,0.15,0.8,2.105,1.19,2.1445000000000003,0.9011396811072826,1.6525352688351151
15354,0.15,0.8,0.05,0.05,0.2,0.75,2.105,1.19,2.1325000000000003,0.9018404771340844,1.6546391991185627
15369,0.15,0.8,0.05,0.1,0.0,0.9,2.105,1.19,2.161,0.9001842818686396,1.629276975452654
15370,0.15,0.8,0.05,0.1,0.05,0.85,2.105,1.19,2.149,0.90087818124216,1.6299096963829822
15371,0.15,0.8,0.05,0.1,0.1,0.8,2.105,1.19,2.1370000000000005,0.9015770862017838,1.638392037363402
15372,0.15,0.8,0.05,0.1,0.15,0.75,2.105,1.19,2.125,0.9022810511068164,1.6622742339594143
15387,0.15,0.8,0.05,0.15,0.0,0.85,2.105,1.19,2.1415,0.9013144068163512,1.6283571810730393
15388,0.15,0.8,0.05,0.15,0.05,0.8,2.105,1.19,2.1295,0.902016467821791,1.635724463924866
15389,0.15,0.8,0.05,0.15,0.1,0.75,2.105,1.19,2.1175,0.9027236231474516,1.6881235467071216
15404,0.15,0.8,0.05,0.2,0.0,0.8,2.105,1.19,2.1220000000000003,0.9024578393947874,1.6741644928343435
15405,0.15,0.8,0.05,0.2,0.05,0.75,2.105,1.19,2.1100000000000003,0.903168206879181,1.6894093684689657
15406,0.15,0.8,0.05,0.2,0.1,0.7,2.105,1.19,2.098,0.9038837595276944,1.6988115038290006
15420,0.15,0.8,0.05,0.25,0.0,0.75,2.105,1.19,2.1025,0.9036148160493236,1.6887766475386379
15421,0.15,0.8,0.05,0.25,0.05,0.7,2.105,1.19,2.0905,0.9043336383076238,1.6950930342657242
15435,0.15,0.8,0.05,0.3,0.0,0.7,2.105,1.19,2.083,0.904785578860147,1.6960842954126034
15436,0.15,0.8,0.05,0.3,0.05,0.65,2.105,1.19,2.071,0.9055130077384306,1.6967170163429313
15540,0.2,0.0,0.8,0.0,0.0,1.0,2.358,1.19,2.2,0.9507353122856292,1.5451019665375496
15541,0.2,0.0,0.8,0.0,0.05,0.95,2.358,1.19,2.188,0.9516007777602264,1.5590676656932922
15542,0.2,0.0,0.8,0.0,0.1,0.9,2.358,1.19,2.176,0.9524724141116478,1.5638423049351975
15543,0.2,0.0,0.8,0.0,0.15,0.85,2.358,1.19,2.164,0.9533502875747072,1.588266550569746
15544,0.2,0.0,0.8,0.0,0.2,0.8,2.358,1.19,2.152,0.9542344653355264,1.588266550569746
15545,0.2,0.0,0.8,0.0,0.25,0.75,2.358,1.19,2.14,0.955125015548676,1.5960450053805821
15546,0.2,0.0,0.8,0.0,0.3,0.7,2.358,1.19,2.128,0.9560220073546872,1.655717681353744
15560,0.2,0.0,0.8,0.05,0.0,0.95,2.358,1.19,2.1805,0.9521448231464608,1.5584349447629642
15561,0.2,0.0,0.8,0.05,0.05,0.9,2.358,1.19,2.1685000000000003,0.953020349870748,1.5616429074558722
15562,0.2,0.0,0.8,0.05,0.1,0.85,2.358,1.19,2.1565000000000003,0.953902155585438,1.5638423049351975
15563,0.2,0.0,0.8,0.05,0.15,0.8,2.358,1.19,2.1445000000000003,0.9547903080799012,1.588266550569746
15564,0.2,0.0,0.8,0.05,0.2,0.75,2.358,1.19,2.1325000000000003,0.9556848761228568,1.5960450053805821
15565,0.2,0.0,0.8,0.05,0.25,0.7,2.358,1.19,2.1205,0.9565859294801248,1.653412631703095
15579,0.2,0.0,0.8,0.1,0.0,0.9,2.358,1.19,2.161,0.953570738341393,1.5610101865255441
15580,0.2,0.0,0.8,0.1,0.05,0.85,2.358,1.19,2.149,0.954456502787592,1.5616429074558722
15581,0.2,0.0,0.8,0.1,0.1,0.8,2.358,1.19,2.1370000000000005,0.9553486568781278,1.5639589652342654
15582,0.2,0.0,0.8,0.1,0.15,0.75,2.358,1.19,2.125,0.9562472700028032,1.6076104162457316
15583,0.2,0.0,0.8,0.1,0.2,0.7,2.358,1.19,2.113,0.9571524125598104,1.653412631703095
15584,0.2,0.0,0.8,0.1,0.25,0.65,2.358,1.19,2.101,0.9580641559741158,1.6641005888249738
15597,0.2,0.0,0.8,0.15,0.0,0.85,2.358,1.19,2.1415,0.9550133459249198,1.561126846824612
15598,0.2,0.0,0.8,0.15,0.05,0.8,2.358,1.19,2.1295,0.9559095287165634,1.5733249786200896
15599,0.2,0.0,0.8,0.15,0.1,0.75,2.358,1.19,2.1175,0.9568122144218876,1.6289883860685466
15600,0.2,0.0,0.8,0.15,0.15,0.7,2.358,1.19,2.1055,0.957721474078639,1.6641005888249738
15601,0.2,0.0,0.8,0.15,0.2,0.65,2.358,1.19,2.0935,0.9586373797630322,1.6779632951708274
15602,0.2,0.0,0.8,0.15,0.25,0.6,2.358,1.19,2.0815,0.9595600046087964,1.6783633003350868
15614,0.2,0.0,0.8,0.2,0.0,0.8,2.358,1.19,2.1220000000000003,0.9564729407354264,1.618494473147125
15615,0.2,0.0,0.8,0.2,0.05,0.75,2.358,1.19,2.1100000000000003,0.9573797267701496,1.6374769457111
15616,0.2,0.0,0.8,0.2,0.1,0.7,2.358,1.19,2.098,0.9582931316810388,1.6396763431904253
15617,0.2,0.0,0.8,0.2,0.15,0.65,2.358,1.19,2.0860000000000003,0.9592132282029968,1.6779632951708274
15618,0.2,0.0,0.8,0.2,0.2,0.6,2.358,1.19,2.074,0.9601400901405572,1.6783633003350868
15630,0.2,0.0,0.8,0.25,0.0,0.75,2.358,1.19,2.1025,0.9579498245960804,1.636844224780772
15631,0.2,0.0,0.8,0.25,0.05,0.7,2.358,1.19,2.0905,0.9588674031727958,1.6479715684706349
15632,0.2,0.0,0.8,0.25,0.1,0.65,2.358,1.19,2.0785,0.959791719361823,1.6505709711142196
15633,0.2,0.0,0.8,0.25,0.15,0.6,2.358,1.19,2.0665,0.960722847646209,1.6955961788850407
15645,0.2,0.0,0.8,0.3,0.0,0.7,2.358,1.19,2.083,0.959444306522902,1.6477388527045662
15646,0.2,0.0,0.8,0.3,0.05,0.65,2.358,1.19,2.071,0.9603728714735416,1.6483715736348943
15647,0.2,0.0,0.8,0.3,0.1,0.6,2.358,1.19,2.059,0.961308295629726,1.6678038496641734
15659,0.2,0.0,0.8,0.35,0.0,0.65,2.358,1.19,2.0635000000000003,0.9609567029403164,1.6649717312545198
15660,0.2,0.0,0.8,0.35,0.05,0.6,2.358,1.19,2.0515,0.9618964527663368,1.6656044521848479
15750,0.2,0.05,0.75,0.0,0.0,1.0,2.3395,1.19,2.2,0.9468764699694197,1.548245192857782
15751,0.2,0.05,0.75,0.0,0.05,0.95,2.3395,1.19,2.188,0.9477282273007974,1.5590676656932922
15752,0.2,0.05,0.75,0.0,0.1,0.9,2.3395,1.19,2.176,0.948586057768228,1.5638423049351975
15753,0.2,0.05,0.75,0.0,0.15,0.85,2.3395,1.19,2.164,0.949450026557429,1.588266550569746
15754,0.2,0.05,0.75,0.0,0.2,0.8,2.3395,1.19,2.152,0.9503201997903584,1.588266550569746
15755,0.2,0.05,0.75,0.0,0.25,0.75,2.3395,1.19,2.14,0.951196644542084,1.5960450053805821
15756,0.2,0.05,0.75,0.0,0.3,0.7,2.3395,1.19,2.128,0.9520794288580172,1.655717681353744
15770,0.2,0.05,0.75,0.05,0.0,0.95,2.3395,1.19,2.1805,0.9482636555298012,1.5584349447629642
15771,0.2,0.05,0.75,0.05,0.05,0.9,2.3395,1.19,2.1685000000000003,0.949125314750322,1.5616429074558722
15772,0.2,0.05,0.75,0.05,0.1,0.85,2.3395,1.19,2.1565000000000003,0.9499931535080584,1.5638423049351975
15773,0.2,0.05,0.75,0.05,0.15,0.8,2.3395,1.19,2.1445000000000003,0.9508672385186622,1.588266550569746
15774,0.2,0.05,0.75,0.05,0.2,0.75,2.3395,1.19,2.1325000000000003,0.9517476374616224,1.5960450053805821
15775,0.2,0.05,0.75,0.05,0.25,0.7,2.3395,1.19,2.1205,0.952634418997735,1.653412631703095
15789,0.2,0.05,0.75,0.1,0.0,0.9,2.3395,1.19,2.161,0.9496669855953618,1.5610101865255441
15790,0.2,0.05,0.75,0.1,0.05,0.85,2.3395,1.19,2.149,0.950538720382096,1.5616429074558722
15791,0.2,0.05,0.75,0.1,0.1,0.8,2.3395,1.19,2.1370000000000005,0.951416743607328,1.5639589652342654
15792,0.2,0.05,0.75,0.1,0.15,0.75,2.3395,1.19,2.125,0.9523011235617924,1.6076104162457316
15793,0.2,0.05,0.75,0.1,0.2,0.7,2.3395,1.19,2.113,0.9531919295286416,1.653412631703095
15794,0.2,0.05,0.75,0.1,0.25,0.65,2.3395,1.19,2.101,0.9540892318015388,1.6641005888249738
15807,0.2,0.05,0.75,0.15,0.0,0.85,2.3395,1.19,2.1415,0.9510867436580877,1.561126846824612
15808,0.2,0.05,0.75,0.15,0.05,0.8,2.3395,1.19,2.1295,0.9519687317736648,1.5733249786200896
15809,0.2,0.05,0.75,0.15,0.1,0.75,2.3395,1.19,2.1175,0.952857119803006,1.6289883860685466
15810,0.2,0.05,0.75,0.15,0.15,0.7,2.3395,1.19,2.1055,0.9537519776586872,1.6641005888249738
15811,0.2,0.05,0.75,0.15,0.2,0.65,2.3395,1.19,2.0935,0.9546533762753052,1.6779632951708274
15812,0.2,0.05,0.75,0.15,0.25,0.6,2.3395,1.19,2.0815,0.9555613876282214,1.6783633003350868
15824,0.2,0.05,0.75,0.2,0.0,0.8,2.3395,1.19,2.1220000000000003,0.9525232198864076,1.618494473147125
15825,0.2,0.05,0.75,0.2,0.05,0.75,2.3395,1.19,2.1100000000000003,0.9534156432998616,1.6374769457111
15826,0.2,0.05,0.75,0.2,0.1,0.7,2.3395,1.19,2.098,0.9543145807528298,1.6396763431904253
15827,0.2,0.05,0.75,0.2,0.15,0.65,2.3395,1.19,2.0860000000000003,0.9552201038281642,1.6779632951708274
15828,0.2,0.05,0.75,0.2,0.2,0.6,2.3395,1.19,2.074,0.9561322851614056,1.6783633003350868
15840,0.2,0.05,0.75,0.25,0.0,0.75,2.3395,1.19,2.1025,0.9539767113228989,1.636844224780772
15841,0.2,0.05,0.75,0.25,0.05,0.7,2.3395,1.19,2.0905,0.9548797563348286,1.6479715684706349
15842,0.2,0.05,0.75,0.25,0.1,0.65,2.3395,1.19,2.0785,0.9557894322417522,1.6505709711142196
15843,0.2,0.05,0.75,0.25,0.15,0.6,2.3395,1.19,2.0665,0.9567058123469764,1.6955961788850407
15855,0.2,0.05,0.75,0.3,0.0,0.7,2.3395,1.19,2.083,0.955447522089064,1.6477388527045662
15856,0.2,0.05,0.75,0.3,0.05,0.65,2.3395,1.19,2.071,0.9563613794612904,1.6483715736348943
15857,0.2,0.05,0.75,0.3,0.1,0.6,2.3395,1.19,2.059,0.9572819873958232,1.6678038496641734
15869,0.2,0.05,0.75,0.35,0.0,0.65,2.3395,1.19,2.0635000000000003,0.95693596359747,1.6649717312545198
15870,0.2,0.05,0.75,0.35,0.05,0.6,2.3395,1.19,2.0515,0.9578608286873762,1.6656044521848479
15960,0.2,0.1,0.7,0.0,0.0,1.0,2.321,1.19,2.2,0.9430176276532096,1.5556573312265338
15961,0.2,0.1,0.7,0.0,0.05,0.95,2.321,1.19,2.188,0.9438556768413684,1.566360325615811
15962,0.2,0.1,0.7,0.0,0.1,0.9,2.321,1.19,2.176,0.944699701424808,1.569219668905505
15963,0.2,0.1,0.7,0.0,0.15,0.85,2.321,1.19,2.164,0.9455497655401506,1.5936439145400534
15964,0.2,0.1,0.7,0.0,0.2,0.8,2.321,1.19,2.152,0.9464059342451904,1.5936439145400534
15965,0.2,0.1,0.7,0.0,0.25,0.75,2.321,1.19,2.14,0.947268273535492,1.6014223693508896
15966,0.2,0.1,0.7,0.0,0.3,0.7,2.321,1.19,2.128,0.9481368503613472,1.6596879849099708
15980,0.2,0.1,0.7,0.05,0.0,0.95,2.321,1.19,2.1805,0.9443824879131416,1.5657276046854829
15981,0.2,0.1,0.7,0.05,0.05,0.9,2.321,1.19,2.1685000000000003,0.9452302796298956,1.568935567378391
15982,0.2,0.1,0.7,0.05,0.1,0.85,2.321,1.19,2.1565000000000003,0.9460841514306786,1.569219668905505
15983,0.2,0.1,0.7,0.05,0.15,0.8,2.321,1.19,2.1445000000000003,0.9469441689574232,1.5936439145400534
15984,0.2,0.1,0.7,0.05,0.2,0.75,2.321,1.19,2.1325000000000003,0.947810398800388,1.600015308936809
15985,0.2,0.1,0.7,0.05,0.25,0.7,2.321,1.19,2.1205,0.9486829085153452,1.657382935259322
15999,0.2,0.1,0.7,0.1,0.0,0.9,2.321,1.19,2.161,0.9457632328493302,1.5683028464480628
16000,0.2,0.1,0.7,0.1,0.05,0.85,2.321,1.19,2.149,0.9466209379766,1.568935567378391
16001,0.2,0.1,0.7,0.1,0.1,0.8,2.321,1.19,2.1370000000000005,0.947484830336528,1.5693363292045728
16002,0.2,0.1,0.7,0.1,0.15,0.75,2.321,1.19,2.125,0.9483549771207812,1.6115807198019585
16003,0.2,0.1,0.7,0.1,0.2,0.7,2.321,1.19,2.113,0.9492314464974724,1.657382935259322
16004,0.2,0.1,0.7,0.1,0.25,0.65,2.321,1.19,2.101,0.9501143076289617,1.6680708923812007
16017,0.2,0.1,0.7,0.15,0.0,0.85,2.321,1.19,2.1415,0.9471601413912556,1.5684195067471307
16018,0.2,0.1,0.7,0.15,0.05,0.8,2.321,1.19,2.1295,0.9480279348307664,1.5792105781285277
16019,0.2,0.1,0.7,0.15,0.1,0.75,2.321,1.19,2.1175,0.948902025184124,1.6329586896247734
16020,0.2,0.1,0.7,0.15,0.15,0.7,2.321,1.19,2.1055,0.9497824812387352,1.6680708923812007
16021,0.2,0.1,0.7,0.15,0.2,0.65,2.321,1.19,2.0935,0.9506693727875786,1.6819335987270543
16022,0.2,0.1,0.7,0.15,0.25,0.6,2.321,1.19,2.0815,0.9515627706476464,1.6823336038913137
16034,0.2,0.1,0.7,0.2,0.0,0.8,2.321,1.19,2.1220000000000003,0.9485734990373884,1.624380072655563
16035,0.2,0.1,0.7,0.2,0.05,0.75,2.321,1.19,2.1100000000000003,0.9494515598295732,1.6433625452195382
16036,0.2,0.1,0.7,0.2,0.1,0.7,2.321,1.19,2.098,0.9503360298246208,1.6436466467466522
16037,0.2,0.1,0.7,0.2,0.15,0.65,2.321,1.19,2.0860000000000003,0.9512269794533316,1.6819335987270543
16038,0.2,0.1,0.7,0.2,0.2,0.6,2.321,1.19,2.074,0.9521244801822536,1.6823336038913137
16050,0.2,0.1,0.7,0.25,0.0,0.75,2.321,1.19,2.1025,0.9500035980497168,1.64272982428921
16051,0.2,0.1,0.7,0.25,0.05,0.7,2.321,1.19,2.0905,0.9508921094968616,1.653857167979073
16052,0.2,0.1,0.7,0.25,0.1,0.65,2.321,1.19,2.0785,0.9517871451216812,1.6545412746704464
16053,0.2,0.1,0.7,0.25,0.15,0.6,2.321,1.19,2.0665,0.9526887770477436,1.6995664824412675
16065,0.2,0.1,0.7,0.3,0.0,0.7,2.321,1.19,2.083,0.951450737655226,1.6536244522130044
16066,0.2,0.1,0.7,0.3,0.05,0.65,2.321,1.19,2.071,0.9523498874490388,1.6542571731433324
16067,0.2,0.1,0.7,0.3,0.1,0.6,2.321,1.19,2.059,0.95325567916192,1.6717741532204002
16079,0.2,0.1,0.7,0.35,0.0,0.65,2.321,1.19,2.0635000000000003,0.9529152242546234,1.6708573307629582
16080,0.2,0.1,0.7,0.35,0.05,0.6,2.321,1.19,2.0515,0.9538252046084156,1.6714900516932862
16170,0.2,0.15,0.65,0.0,0.0,1.0,2.3025,1.19,2.2,0.9391587853369998,1.5555931656599198
16171,0.2,0.15,0.65,0.0,0.05,0.95,2.3025,1.19,2.188,0.9399831263819391,1.566296160049197
16172,0.2,0.15,0.65,0.0,0.1,0.9,2.3025,1.19,2.176,0.9408133450813884,1.5782735371718115
16173,0.2,0.15,0.65,0.0,0.15,0.85,2.3025,1.19,2.164,0.9416495045228724,1.60269778280636
16174,0.2,0.15,0.65,0.0,0.2,0.8,2.3025,1.19,2.152,0.9424916687000224,1.60269778280636
16175,0.2,0.15,0.65,0.0,0.25,0.75,2.3025,1.19,2.14,0.9433399025289,1.6104762376171962
16176,0.2,0.15,0.65,0.0,0.3,0.7,2.3025,1.19,2.128,0.9441942718646772,1.670148913590358
16190,0.2,0.15,0.65,0.05,0.0,0.95,2.3025,1.19,2.1805,0.940501320296482,1.5656634391188688
16191,0.2,0.15,0.65,0.05,0.05,0.9,2.3025,1.19,2.1685000000000003,0.9413352445094696,1.5688714018117769
16192,0.2,0.15,0.65,0.05,0.1,0.85,2.3025,1.19,2.1565000000000003,0.9421751493532988,1.5782735371718115
16193,0.2,0.15,0.65,0.05,0.15,0.8,2.3025,1.19,2.1445000000000003,0.9430210993961844,1.60269778280636
16194,0.2,0.15,0.65,0.05,0.2,0.75,2.3025,1.19,2.1325000000000003,0.9438731601391538,1.6104762376171962
16195,0.2,0.15,0.65,0.05,0.25,0.7,2.3025,1.19,2.1205,0.9447313980329556,1.667843863939709
16209,0.2,0.15,0.65,0.1,0.0,0.9,2.3025,1.19,2.161,0.9418594801032988,1.5682386808814488
16210,0.2,0.15,0.65,0.1,0.05,0.85,2.3025,1.19,2.149,0.9427031555711038,1.5688714018117769
16211,0.2,0.15,0.65,0.1,0.1,0.8,2.3025,1.19,2.1370000000000005,0.943552917065728,1.5783901974708794
16212,0.2,0.15,0.65,0.1,0.15,0.75,2.3025,1.19,2.125,0.9444088306797704,1.6220416484823457
16213,0.2,0.15,0.65,0.1,0.2,0.7,2.3025,1.19,2.113,0.9452709634663032,1.667843863939709
16214,0.2,0.15,0.65,0.1,0.25,0.65,2.3025,1.19,2.101,0.9461393834563844,1.6785318210615878
16227,0.2,0.15,0.65,0.15,0.0,0.85,2.3025,1.19,2.1415,0.9432335391244236,1.5683553411805167
16228,0.2,0.15,0.65,0.15,0.05,0.8,2.3025,1.19,2.1295,0.9440871378878682,1.5805534729759942
16229,0.2,0.15,0.65,0.15,0.1,0.75,2.3025,1.19,2.1175,0.9449469305652424,1.6434196183051606
16230,0.2,0.15,0.65,0.15,0.15,0.7,2.3025,1.19,2.1055,0.9458129848187834,1.6785318210615878
16231,0.2,0.15,0.65,0.15,0.2,0.65,2.3025,1.19,2.0935,0.9466853692998516,1.6923945274074415
16232,0.2,0.15,0.65,0.15,0.25,0.6,2.3025,1.19,2.0815,0.9475641536670716,1.6913874721576203
16244,0.2,0.15,0.65,0.2,0.0,0.8,2.3025,1.19,2.1220000000000003,0.9446237781883692,1.6257229675030296
16245,0.2,0.15,0.65,0.2,0.05,0.75,2.3025,1.19,2.1100000000000003,0.945487476359285,1.6447054400670047
16246,0.2,0.15,0.65,0.2,0.1,0.7,2.3025,1.19,2.098,0.9463574788964118,1.6541075754270393
16247,0.2,0.15,0.65,0.2,0.15,0.65,2.3025,1.19,2.0860000000000003,0.9472338550784992,1.6923945274074415
16248,0.2,0.15,0.65,0.2,0.2,0.6,2.3025,1.19,2.074,0.9481166752031022,1.6913874721576203
16260,0.2,0.15,0.65,0.25,0.0,0.75,2.3025,1.19,2.1025,0.946030484776535,1.6440727191366766
16261,0.2,0.15,0.65,0.25,0.05,0.7,2.3025,1.19,2.0905,0.9469044626588944,1.6552000628265395
16262,0.2,0.15,0.65,0.25,0.1,0.65,2.3025,1.19,2.0785,0.9477848580016108,1.663595142936753
16275,0.2,0.15,0.65,0.3,0.0,0.7,2.3025,1.19,2.083,0.9474539532213884,1.6549673470604709
16276,0.2,0.15,0.65,0.3,0.05,0.65,2.3025,1.19,2.071,0.948338395436788,1.6541930075767184
16277,0.2,0.15,0.65,0.3,0.1,0.6,2.3025,1.19,2.059,0.9492293709280168,1.6872872242659576
16289,0.2,0.15,0.65,0.35,0.0,0.65,2.3025,1.19,2.0635000000000003,0.9488944849117767,1.6772523679755948
16290,0.2,0.15,0.65,0.35,0.05,0.6,2.3025,1.19,2.0515,0.9497895805294548,1.677885088905923
16380,0.2,0.2,0.6,0.0,0.0,1.0,2.284,1.19,2.2,0.9352999430207902,1.548560927387151
16381,0.2,0.2,0.6,0.0,0.05,0.95,2.284,1.19,2.188,0.9361105759225103,1.564201079702016
16382,0.2,0.2,0.6,0.0,0.1,0.9,2.284,1.19,2.176,0.9369269887379684,1.5761784568246306
16383,0.2,0.2,0.6,0.0,0.15,0.85,2.284,1.19,2.164,0.9377492435055944,1.6006027024591791
16384,0.2,0.2,0.6,0.0,0.2,0.8,2.284,1.19,2.152,0.9385774031548548,1.6006027024591791
16385,0.2,0.2,0.6,0.0,0.25,0.75,2.284,1.19,2.14,0.939411531522308,1.6083811572700153
16386,0.2,0.2,0.6,0.0,0.3,0.7,2.284,1.19,2.128,0.9402516933680072,1.6680538332431771
16400,0.2,0.2,0.6,0.05,0.0,0.95,2.284,1.19,2.1805,0.9366201526798222,1.563568358771688
16401,0.2,0.2,0.6,0.05,0.05,0.9,2.284,1.19,2.1685000000000003,0.9374402093890436,1.566776321464596
16402,0.2,0.2,0.6,0.05,0.1,0.85,2.284,1.19,2.1565000000000003,0.9382661472759192,1.5761784568246306
16403,0.2,0.2,0.6,0.05,0.15,0.8,2.284,1.19,2.1445000000000003,0.9390980298349452,1.6006027024591791
16404,0.2,0.2,0.6,0.05,0.2,0.75,2.284,1.19,2.1325000000000003,0.9399359214779192,1.6083811572700153
16405,0.2,0.2,0.6,0.05,0.25,0.7,2.284,1.19,2.1205,0.940779887550566,1.6657487835925282
16419,0.2,0.2,0.6,0.1,0.0,0.9,2.284,1.19,2.161,0.9379557273572676,1.566143600534268
16420,0.2,0.2,0.6,0.1,0.05,0.85,2.284,1.19,2.149,0.938785373165608,1.566776321464596
16421,0.2,0.2,0.6,0.1,0.1,0.8,2.284,1.19,2.1370000000000005,0.9396210037949282,1.5762951171236985
16422,0.2,0.2,0.6,0.1,0.15,0.75,2.284,1.19,2.125,0.9404626842387594,1.6199465681351648
16423,0.2,0.2,0.6,0.1,0.2,0.7,2.284,1.19,2.113,0.9413104804351344,1.6657487835925282
16424,0.2,0.2,0.6,0.1,0.25,0.65,2.284,1.19,2.101,0.9421644592838077,1.676436740714407
16437,0.2,0.2,0.6,0.15,0.0,0.85,2.284,1.19,2.1415,0.9393069368575911,1.5662602608333358
16438,0.2,0.2,0.6,0.15,0.05,0.8,2.284,1.19,2.1295,0.9401463409449698,1.5784583926288134
16439,0.2,0.2,0.6,0.15,0.1,0.75,2.284,1.19,2.1175,0.9409918359463608,1.6413245379579797
16440,0.2,0.2,0.6,0.15,0.15,0.7,2.284,1.19,2.1055,0.9418434883988316,1.676436740714407
16441,0.2,0.2,0.6,0.15,0.2,0.65,2.284,1.19,2.0935,0.9427013658121246,1.6902994470602606
16442,0.2,0.2,0.6,0.15,0.25,0.6,2.284,1.19,2.0815,0.9435655366864965,1.69069945222452
16454,0.2,0.2,0.6,0.2,0.0,0.8,2.284,1.19,2.1220000000000003,0.9406740573393504,1.6236278871558487
16455,0.2,0.2,0.6,0.2,0.05,0.75,2.284,1.19,2.1100000000000003,0.9415233928889968,1.6426103597198238
16456,0.2,0.2,0.6,0.2,0.1,0.7,2.284,1.19,2.098,0.9423789279682028,1.6520124950798585
16457,0.2,0.2,0.6,0.2,0.15,0.65,2.284,1.19,2.0860000000000003,0.9432407307036668,1.6902994470602606
16458,0.2,0.2,0.6,0.2,0.2,0.6,2.284,1.19,2.074,0.9441088702239504,1.69069945222452
16470,0.2,0.2,0.6,0.25,0.0,0.75,2.284,1.19,2.1025,0.9420573715033532,1.6419776387894958
16471,0.2,0.2,0.6,0.25,0.05,0.7,2.284,1.19,2.0905,0.9429168158209272,1.6531049824793587
16472,0.2,0.2,0.6,0.25,0.1,0.65,2.284,1.19,2.0785,0.94378257088154,1.6629071230036527
16485,0.2,0.2,0.6,0.3,0.0,0.7,2.284,1.19,2.083,0.9434571687875504,1.65287226671329
16486,0.2,0.2,0.6,0.3,0.05,0.65,2.284,1.19,2.071,0.9443269034245368,1.653504987643618
16487,0.2,0.2,0.6,0.3,0.1,0.6,2.284,1.19,2.059,0.9452030626941136,1.6869285661847662
16499,0.2,0.2,0.6,0.35,0.0,0.65,2.284,1.19,2.0635000000000003,0.9448737455689304,1.6768937098944035
16500,0.2,0.2,0.6,0.35,0.05,0.6,2.284,1.19,2.0515,0.945753956450494,1.6775264308247315
16590,0.2,0.25,0.55,0.0,0.0,1.0,2.2655000000000003,1.19,2.2,0.9314411007045804,1.544367340969466
16591,0.2,0.25,0.55,0.0,0.05,0.95,2.2655000000000003,1.19,2.188,0.9322380254630817,1.5616443205225874
16592,0.2,0.25,0.55,0.0,0.1,0.9,2.2655000000000003,1.19,2.176,0.9330406323945488,1.573621697645202
16593,0.2,0.25,0.55,0.0,0.15,0.85,2.2655000000000003,1.19,2.164,0.9338489824883162,1.5980459432797505
16594,0.2,0.25,0.55,0.0,0.2,0.8,2.2655000000000003,1.19,2.152,0.9346631376096868,1.5980459432797505
16595,0.2,0.25,0.55,0.0,0.25,0.75,2.2655000000000003,1.19,2.14,0.935483160515716,1.6058243980905866
16596,0.2,0.25,0.55,0.0,0.3,0.7,2.2655000000000003,1.19,2.128,0.9363091148713372,1.6654970740637485
16610,0.2,0.25,0.55,0.05,0.0,0.95,2.2655000000000003,1.19,2.1805,0.9327389850631628,1.5610115995922593
16611,0.2,0.25,0.55,0.05,0.05,0.9,2.2655000000000003,1.19,2.1685000000000003,0.9335451742686176,1.5642195622851673
16612,0.2,0.25,0.55,0.05,0.1,0.85,2.2655000000000003,1.19,2.1565000000000003,0.9343571451985396,1.573621697645202
16613,0.2,0.25,0.55,0.05,0.15,0.8,2.2655000000000003,1.19,2.1445000000000003,0.9351749602737064,1.5980459432797505
16614,0.2,0.25,0.55,0.05,0.2,0.75,2.2655000000000003,1.19,2.1325000000000003,0.935998682816685,1.6058243980905866
16615,0.2,0.25,0.55,0.05,0.25,0.7,2.2655000000000003,1.19,2.1205,0.9368283770681762,1.6631920244130995
16629,0.2,0.25,0.55,0.1,0.0,0.9,2.2655000000000003,1.19,2.161,0.9340519746112363,1.5635868413548393
16630,0.2,0.25,0.55,0.1,0.05,0.85,2.2655000000000003,1.19,2.149,0.934867590760112,1.5642195622851673
16631,0.2,0.25,0.55,0.1,0.1,0.8,2.2655000000000003,1.19,2.1370000000000005,0.9356890905241284,1.5737383579442699
16632,0.2,0.25,0.55,0.1,0.15,0.75,2.2655000000000003,1.19,2.125,0.9365165377977488,1.6173898089557361
16633,0.2,0.25,0.55,0.1,0.2,0.7,2.2655000000000003,1.19,2.113,0.9373499974039656,1.6631920244130995
16634,0.2,0.25,0.55,0.1,0.25,0.65,2.2655000000000003,1.19,2.101,0.9381895351112304,1.6738799815349783
16647,0.2,0.25,0.55,0.15,0.0,0.85,2.2655000000000003,1.19,2.1415,0.9353803345907592,1.5637035016539071
16648,0.2,0.25,0.55,0.15,0.05,0.8,2.2655000000000003,1.19,2.1295,0.9362055440020716,1.5759016334493847
16649,0.2,0.25,0.55,0.15,0.1,0.75,2.2655000000000003,1.19,2.1175,0.9370367413274794,1.638767778778551
16650,0.2,0.25,0.55,0.15,0.15,0.7,2.2655000000000003,1.19,2.1055,0.93787399197888,1.6738799815349783
16651,0.2,0.25,0.55,0.15,0.2,0.65,2.2655000000000003,1.19,2.0935,0.9387173623243978,1.687742687880832
16652,0.2,0.25,0.55,0.15,0.25,0.6,2.2655000000000003,1.19,2.0815,0.9395669197059217,1.6893666699580392
16664,0.2,0.25,0.55,0.2,0.0,0.8,2.2655000000000003,1.19,2.1220000000000003,0.9367243364903314,1.62107112797642
16665,0.2,0.25,0.55,0.2,0.05,0.75,2.2655000000000003,1.19,2.1100000000000003,0.9375593094187088,1.6400536005403952
16666,0.2,0.25,0.55,0.2,0.1,0.7,2.2655000000000003,1.19,2.098,0.938400377039994,1.6494557359004298
16667,0.2,0.25,0.55,0.2,0.15,0.65,2.2655000000000003,1.19,2.0860000000000003,0.9392476063288344,1.687742687880832
16668,0.2,0.25,0.55,0.2,0.2,0.6,2.2655000000000003,1.19,2.074,0.9401010652447988,1.6893666699580392
16680,0.2,0.25,0.55,0.25,0.0,0.75,2.2655000000000003,1.19,2.1025,0.9380842582301716,1.639420879610067
16681,0.2,0.25,0.55,0.25,0.05,0.7,2.2655000000000003,1.19,2.0905,0.9389291689829602,1.65054822329993
16682,0.2,0.25,0.55,0.25,0.1,0.65,2.2655000000000003,1.19,2.0785,0.9397802837614692,1.661574340737172
16695,0.2,0.25,0.55,0.3,0.0,0.7,2.2655000000000003,1.19,2.083,0.9394603843537128,1.6515394844468092
16696,0.2,0.25,0.55,0.3,0.05,0.65,2.2655000000000003,1.19,2.071,0.9403154114122856,1.6521722053771373
16697,0.2,0.25,0.55,0.3,0.1,0.6,2.2655000000000003,1.19,2.059,0.9411767544602108,1.6869285661847662
16709,0.2,0.25,0.55,0.35,0.0,0.65,2.2655000000000003,1.19,2.0635000000000003,0.940853006226084,1.6768937098944035
16710,0.2,0.25,0.55,0.35,0.05,0.6,2.2655000000000003,1.19,2.0515,0.9417183323715336,1.6775264308247315
16800,0.2,0.3,0.5,0.0,0.0,1.0,2.247,1.19,2.2,0.9275822583883706,1.5577665691400706
16801,0.2,0.3,0.5,0.0,0.05,0.95,2.247,1.19,2.188,0.9283654750036524,1.566901087732636
16802,0.2,0.3,0.5,0.0,0.1,0.9,2.247,1.19,2.176,0.9291542760511288,1.5788784648552505
16803,0.2,0.3,0.5,0.0,0.15,0.85,2.247,1.19,2.164,0.9299487214710378,1.603302710489799
16804,0.2,0.3,0.5,0.0,0.2,0.8,2.247,1.19,2.152,0.930748872064519,1.5985165562515091
16805,0.2,0.3,0.5,0.0,0.25,0.75,2.247,1.19,2.14,0.9315547895091244,1.6062950110623453
16806,0.2,0.3,0.5,0.0,0.3,0.7,2.247,1.19,2.128,0.9323665363746668,1.6659676870355071
16820,0.2,0.3,0.5,0.05,0.0,0.95,2.247,1.19,2.1805,0.9288578174465032,1.5662683668023079
16821,0.2,0.3,0.5,0.05,0.05,0.9,2.247,1.19,2.1685000000000003,0.9296501391481912,1.5694763294952159
16822,0.2,0.3,0.5,0.05,0.1,0.85,2.247,1.19,2.1565000000000003,0.93044814312116,1.5740923106169606
16823,0.2,0.3,0.5,0.05,0.15,0.8,2.247,1.19,2.1445000000000003,0.9312518907124676,1.5985165562515091
16824,0.2,0.3,0.5,0.05,0.2,0.75,2.247,1.19,2.1325000000000003,0.9320614441554506,1.6062950110623453
16825,0.2,0.3,0.5,0.05,0.25,0.7,2.247,1.19,2.1205,0.9328768665857864,1.6636626373848582
16839,0.2,0.3,0.5,0.1,0.0,0.9,2.247,1.19,2.161,0.9301482218652048,1.5688436085648878
16840,0.2,0.3,0.5,0.1,0.05,0.85,2.247,1.19,2.149,0.930949808354616,1.564690175256926
16841,0.2,0.3,0.5,0.1,0.1,0.8,2.247,1.19,2.1370000000000005,0.9317571772533284,1.5742089709160285
16842,0.2,0.3,0.5,0.1,0.15,0.75,2.247,1.19,2.125,0.9325703913567378,1.6178604219274948
16843,0.2,0.3,0.5,0.1,0.2,0.7,2.247,1.19,2.113,0.9333895143727964,1.6636626373848582
16844,0.2,0.3,0.5,0.1,0.25,0.65,2.247,1.19,2.101,0.9342146109386534,1.674350594506737
16857,0.2,0.3,0.5,0.15,0.0,0.85,2.247,1.19,2.1415,0.9314537323239274,1.5641741146256658
16858,0.2,0.3,0.5,0.15,0.05,0.8,2.247,1.19,2.1295,0.9322647470591732,1.5763722464211434
16859,0.2,0.3,0.5,0.15,0.1,0.75,2.247,1.19,2.1175,0.9330816467085974,1.6392383917503097
16860,0.2,0.3,0.5,0.15,0.15,0.7,2.247,1.19,2.1055,0.9339044955589282,1.674350594506737
16861,0.2,0.3,0.5,0.15,0.2,0.65,2.247,1.19,2.0935,0.9347333588366712,1.6882133008525906
16862,0.2,0.3,0.5,0.15,0.25,0.6,2.247,1.19,2.0815,0.9355683027253464,1.6898372829297978
16874,0.2,0.3,0.5,0.2,0.0,0.8,2.247,1.19,2.1220000000000003,0.932774615641312,1.6215417409481787
16875,0.2,0.3,0.5,0.2,0.05,0.75,2.247,1.19,2.1100000000000003,0.9335952259484204,1.6405242135121538
16876,0.2,0.3,0.5,0.2,0.1,0.7,2.247,1.19,2.098,0.9344218261117848,1.6499263488721885
16877,0.2,0.3,0.5,0.2,0.15,0.65,2.247,1.19,2.0860000000000003,0.9352544819540018,1.6882133008525906
16878,0.2,0.3,0.5,0.2,0.2,0.6,2.247,1.19,2.074,0.936093260265647,1.6898372829297978
16890,0.2,0.3,0.5,0.25,0.0,0.75,2.247,1.19,2.1025,0.9341111449569895,1.6398914925818258
16891,0.2,0.3,0.5,0.25,0.05,0.7,2.247,1.19,2.0905,0.9349415221449932,1.6510188362716887
16892,0.2,0.3,0.5,0.25,0.1,0.65,2.247,1.19,2.0785,0.9357779966413986,1.6620449537089306
16905,0.2,0.3,0.5,0.3,0.0,0.7,2.247,1.19,2.083,0.9354635999198748,1.6520100974185679
16906,0.2,0.3,0.5,0.3,0.05,0.65,2.247,1.19,2.071,0.9363039194000342,1.652642818348896
16907,0.2,0.3,0.5,0.3,0.1,0.6,2.247,1.19,2.059,0.9371504462263076,1.6873991791565248
16919,0.2,0.3,0.5,0.35,0.0,0.65,2.247,1.19,2.0635000000000003,0.9368322668832374,1.677364322866162
16920,0.2,0.3,0.5,0.35,0.05,0.6,2.247,1.19,2.0515,0.9376827082925728,1.6779970437964902
17010,0.2,0.35,0.45,0.0,0.0,1.0,2.2285,1.19,2.2,0.9237234160721608,1.55944702256046
17011,0.2,0.35,0.45,0.0,0.05,0.95,2.2285,1.19,2.188,0.9244929245442234,1.567249250184641
17012,0.2,0.35,0.45,0.0,0.1,0.9,2.2285,1.19,2.176,0.925267919707709,1.5792266273072555
17013,0.2,0.35,0.45,0.0,0.15,0.85,2.2285,1.19,2.164,0.9260484604537595,1.603650872941804
17014,0.2,0.35,0.45,0.0,0.2,0.8,2.2285,1.19,2.152,0.926834606519351,1.603302710489799
17015,0.2,0.35,0.45,0.0,0.25,0.75,2.2285,1.19,2.14,0.9276264185025324,1.6110811653006352
17016,0.2,0.35,0.45,0.0,0.3,0.7,2.2285,1.19,2.128,0.928423957877997,1.670753841273797
17030,0.2,0.35,0.45,0.05,0.0,0.95,2.2285,1.19,2.1805,0.9249766498298436,1.5666165292543128
17031,0.2,0.35,0.45,0.05,0.05,0.9,2.2285,1.19,2.1685000000000003,0.9257551040277652,1.5698244919472208
17032,0.2,0.35,0.45,0.05,0.1,0.85,2.2285,1.19,2.1565000000000003,0.92653914104378,1.5788784648552505
17033,0.2,0.35,0.45,0.05,0.15,0.8,2.2285,1.19,2.1445000000000003,0.9273288211512288,1.603302710489799
17034,0.2,0.35,0.45,0.05,0.2,0.75,2.2285,1.19,2.1325000000000003,0.9281242054942164,1.6110811653006352
17035,0.2,0.35,0.45,0.05,0.25,0.7,2.2285,1.19,2.1205,0.9289253561033968,1.668448791623148
17049,0.2,0.35,0.45,0.1,0.0,0.9,2.2285,1.19,2.161,0.9262444691191734,1.5691917710168928
17050,0.2,0.35,0.45,0.1,0.05,0.85,2.2285,1.19,2.149,0.9270320259491198,1.5694763294952159
17051,0.2,0.35,0.45,0.1,0.1,0.8,2.2285,1.19,2.1370000000000005,0.9278252639825288,1.5789951251543184
17052,0.2,0.35,0.45,0.1,0.15,0.75,2.2285,1.19,2.125,0.9286242449157268,1.6226465761657847
17053,0.2,0.35,0.45,0.1,0.2,0.7,2.2285,1.19,2.113,0.9294290313416276,1.668448791623148
17054,0.2,0.35,0.45,0.1,0.25,0.65,2.2285,1.19,2.101,0.9302396867660764,1.6791367487450268
17067,0.2,0.35,0.45,0.15,0.0,0.85,2.2285,1.19,2.1415,0.9275271300570952,1.5689602688639557
17068,0.2,0.35,0.45,0.15,0.05,0.8,2.2285,1.19,2.1295,0.9283239501162748,1.5811584006594332
17069,0.2,0.35,0.45,0.15,0.1,0.75,2.2285,1.19,2.1175,0.929126552089716,1.6440245459885996
17070,0.2,0.35,0.45,0.15,0.15,0.7,2.2285,1.19,2.1055,0.9299349991389764,1.6791367487450268
17071,0.2,0.35,0.45,0.15,0.2,0.65,2.2285,1.19,2.0935,0.9307493553489442,1.6882133008525906
17072,0.2,0.35,0.45,0.15,0.25,0.6,2.2285,1.19,2.0815,0.9315696857447714,1.6898372829297978
17084,0.2,0.35,0.45,0.2,0.0,0.8,2.2285,1.19,2.1220000000000003,0.928824894792293,1.6263278951864686
17085,0.2,0.35,0.45,0.2,0.05,0.75,2.2285,1.19,2.1100000000000003,0.929631142478132,1.6453103677504437
17086,0.2,0.35,0.45,0.2,0.1,0.7,2.2285,1.19,2.098,0.9304432751835758,1.6499263488721885
17087,0.2,0.35,0.45,0.2,0.15,0.65,2.2285,1.19,2.0860000000000003,0.9312613575791696,1.6882133008525906
17088,0.2,0.35,0.45,0.2,0.2,0.6,2.2285,1.19,2.074,0.9320854552864952,1.6898372829297978
17100,0.2,0.35,0.45,0.25,0.0,0.75,2.2285,1.19,2.1025,0.9301380316838076,1.6446776468201156
17101,0.2,0.35,0.45,0.25,0.05,0.7,2.2285,1.19,2.0905,0.930953875307026,1.6510188362716887
17102,0.2,0.35,0.45,0.25,0.1,0.65,2.2285,1.19,2.0785,0.931775709521328,1.6620449537089306
17115,0.2,0.35,0.45,0.3,0.0,0.7,2.2285,1.19,2.083,0.9314668154860372,1.6520100974185679
17116,0.2,0.35,0.45,0.3,0.05,0.65,2.2285,1.19,2.071,0.9322924273877832,1.652642818348896
17117,0.2,0.35,0.45,0.3,0.1,0.6,2.2285,1.19,2.059,0.9331241379924043,1.6873991791565248
17129,0.2,0.35,0.45,0.35,0.0,0.65,2.2285,1.19,2.0635000000000003,0.9328115275403908,1.677364322866162
17130,0.2,0.35,0.45,0.35,0.05,0.6,2.2285,1.19,2.0515,0.933647084213612,1.6779970437964902
17220,0.2,0.4,0.4,0.0,0.0,1.0,2.21,1.19,2.2,0.9198645737559512,1.5622274215778413
17221,0.2,0.4,0.4,0.0,0.05,0.95,2.21,1.19,2.188,0.9206203740847944,1.5717877461573588
17222,0.2,0.4,0.4,0.0,0.1,0.9,2.21,1.19,2.176,0.9213815633642892,1.5837651232799734
17223,0.2,0.4,0.4,0.0,0.15,0.85,2.21,1.19,2.164,0.9221481994364816,1.608189368914522
17224,0.2,0.4,0.4,0.0,0.2,0.8,2.21,1.19,2.152,0.9229203409741832,1.608189368914522
17225,0.2,0.4,0.4,0.0,0.25,0.75,2.21,1.19,2.14,0.9236980474959404,1.615967823725358
17226,0.2,0.4,0.4,0.0,0.3,0.7,2.21,1.19,2.128,0.924481379381327,1.67564049969852
17240,0.2,0.4,0.4,0.05,0.0,0.95,2.21,1.19,2.1805,0.921095482213184,1.5711550252270308
17241,0.2,0.4,0.4,0.05,0.05,0.9,2.21,1.19,2.1685000000000003,0.9218600689073392,1.5743629879199388
17242,0.2,0.4,0.4,0.05,0.1,0.85,2.21,1.19,2.1565000000000003,0.9226301389664006,1.5837651232799734
17243,0.2,0.4,0.4,0.05,0.15,0.8,2.21,1.19,2.1445000000000003,0.9234057515899896,1.608189368914522
17244,0.2,0.4,0.4,0.05,0.2,0.75,2.21,1.19,2.1325000000000003,0.924186966832982,1.615967823725358
17245,0.2,0.4,0.4,0.05,0.25,0.7,2.21,1.19,2.1205,0.9249738456210072,1.673335450047871
17259,0.2,0.4,0.4,0.1,0.0,0.9,2.21,1.19,2.161,0.922340716373142,1.5737302669896107
17260,0.2,0.4,0.4,0.1,0.05,0.85,2.21,1.19,2.149,0.923114243543624,1.5743629879199388
17261,0.2,0.4,0.4,0.1,0.1,0.8,2.21,1.19,2.1370000000000005,0.9238933507117288,1.5838817835790413
17262,0.2,0.4,0.4,0.1,0.15,0.75,2.21,1.19,2.125,0.9246780984747158,1.6275332345905076
17263,0.2,0.4,0.4,0.1,0.2,0.7,2.21,1.19,2.113,0.9254685483104588,1.673335450047871
17264,0.2,0.4,0.4,0.1,0.25,0.65,2.21,1.19,2.101,0.9262647625934992,1.6840234071697497
17277,0.2,0.4,0.4,0.15,0.0,0.85,2.21,1.19,2.1415,0.9236005277902628,1.5738469272886786
17278,0.2,0.4,0.4,0.15,0.05,0.8,2.21,1.19,2.1295,0.9243831531733764,1.5860450590841562
17279,0.2,0.4,0.4,0.15,0.1,0.75,2.21,1.19,2.1175,0.9251714574708344,1.6489112044133225
17280,0.2,0.4,0.4,0.15,0.15,0.7,2.21,1.19,2.1055,0.9259655027190248,1.6840234071697497
17281,0.2,0.4,0.4,0.15,0.2,0.65,2.21,1.19,2.0935,0.9267653518612172,1.6953801657465823
17282,0.2,0.4,0.4,0.15,0.25,0.6,2.21,1.19,2.0815,0.9275710687641964,1.6970041478237896
17294,0.2,0.4,0.4,0.2,0.0,0.8,2.21,1.19,2.1220000000000003,0.924875173943274,1.6312145536111915
17295,0.2,0.4,0.4,0.2,0.05,0.75,2.21,1.19,2.1100000000000003,0.925667059007844,1.6501970261751666
17296,0.2,0.4,0.4,0.2,0.1,0.7,2.21,1.19,2.098,0.926464724255367,1.6592509990831963
17297,0.2,0.4,0.4,0.2,0.15,0.65,2.21,1.19,2.0860000000000003,0.927268233204337,1.6953801657465823
17298,0.2,0.4,0.4,0.2,0.2,0.6,2.21,1.19,2.074,0.9280776503073436,1.6970041478237896
17310,0.2,0.4,0.4,0.25,0.0,0.75,2.21,1.19,2.1025,0.926164918410626,1.6495643052448385
17311,0.2,0.4,0.4,0.25,0.05,0.7,2.21,1.19,2.0905,0.9269662284690589,1.6581857011656804
17312,0.2,0.4,0.4,0.25,0.1,0.65,2.21,1.19,2.0785,0.927773422401257,1.6692118186029223
17325,0.2,0.4,0.4,0.3,0.0,0.7,2.21,1.19,2.083,0.9274700310521992,1.6591769623125596
17326,0.2,0.4,0.4,0.3,0.05,0.65,2.21,1.19,2.071,0.928280935375532,1.6598096832428877
17327,0.2,0.4,0.4,0.3,0.1,0.6,2.21,1.19,2.059,0.9290978297585016,1.6919376751292428
17339,0.2,0.4,0.4,0.35,0.0,0.65,2.21,1.19,2.0635000000000003,0.9287907881975443,1.68190281883888
17340,0.2,0.4,0.4,0.35,0.05,0.6,2.21,1.19,2.0515,0.9296114601346512,1.682535539769208
17430,0.2,0.45,0.35,0.0,0.0,1.0,2.1915,1.19,2.2,0.9160057314397416,1.565998015621338
17431,0.2,0.45,0.35,0.0,0.05,0.95,2.1915,1.19,2.188,0.9167478236253656,1.5722677880169404
17432,0.2,0.45,0.35,0.0,0.1,0.9,2.1915,1.19,2.176,0.9174952070208692,1.5837651232799734
17433,0.2,0.45,0.35,0.0,0.15,0.85,2.1915,1.19,2.164,0.9182479384192032,1.608189368914522
17434,0.2,0.45,0.35,0.0,0.2,0.8,2.1915,1.19,2.152,0.9190060754290154,1.608189368914522
17435,0.2,0.45,0.35,0.0,0.25,0.75,2.1915,1.19,2.14,0.9197696764893484,1.615967823725358
17436,0.2,0.45,0.35,0.0,0.3,0.7,2.1915,1.19,2.128,0.9205388008846568,1.67564049969852
17450,0.2,0.45,0.35,0.05,0.0,0.95,2.1915,1.19,2.1805,0.9172143145965244,1.5711550252270308
17451,0.2,0.45,0.35,0.05,0.05,0.9,2.1915,1.19,2.1685000000000003,0.9179650337869129,1.5743629879199388
17452,0.2,0.45,0.35,0.05,0.1,0.85,2.1915,1.19,2.1565000000000003,0.918721136889021,1.5837651232799734
17453,0.2,0.45,0.35,0.05,0.15,0.8,2.1915,1.19,2.1445000000000003,0.9194826820287508,1.608189368914522
17454,0.2,0.45,0.35,0.05,0.2,0.75,2.1915,1.19,2.1325000000000003,0.9202497281717474,1.615967823725358
17455,0.2,0.45,0.35,0.05,0.25,0.7,2.1915,1.19,2.1205,0.9210223351386172,1.673335450047871
17469,0.2,0.45,0.35,0.1,0.0,0.9,2.1915,1.19,2.161,0.9184369636271108,1.5737302669896107
17470,0.2,0.45,0.35,0.1,0.05,0.85,2.1915,1.19,2.149,0.919196461138128,1.5743629879199388
17471,0.2,0.45,0.35,0.1,0.1,0.8,2.1915,1.19,2.1370000000000005,0.9199614374409288,1.5838817835790413
17472,0.2,0.45,0.35,0.1,0.15,0.75,2.1915,1.19,2.125,0.920731952033705,1.6275332345905076
17473,0.2,0.45,0.35,0.1,0.2,0.7,2.1915,1.19,2.113,0.9215080652792896,1.673335450047871
17474,0.2,0.45,0.35,0.1,0.25,0.65,2.1915,1.19,2.101,0.9222898384209224,1.6840234071697497
17487,0.2,0.45,0.35,0.15,0.0,0.85,2.1915,1.19,2.1415,0.919673925523431,1.5738469272886786
17488,0.2,0.45,0.35,0.15,0.05,0.8,2.1915,1.19,2.1295,0.920442356230478,1.5860450590841562
17489,0.2,0.45,0.35,0.15,0.1,0.75,2.1915,1.19,2.1175,0.9212163628519524,1.6489112044133225
17490,0.2,0.45,0.35,0.15,0.15,0.7,2.1915,1.19,2.1055,0.921996006299073,1.6840234071697497
17491,0.2,0.45,0.35,0.15,0.2,0.65,2.1915,1.19,2.0935,0.9227813483734906,1.6957283281985873
17492,0.2,0.45,0.35,0.15,0.25,0.6,2.1915,1.19,2.0815,0.9235724517836214,1.6973523102757946
17504,0.2,0.45,0.35,0.2,0.0,0.8,2.1915,1.19,2.1220000000000003,0.920925453094255,1.6312145536111915
17505,0.2,0.45,0.35,0.2,0.05,0.75,2.1915,1.19,2.1100000000000003,0.9217029755375558,1.6501970261751666
17506,0.2,0.45,0.35,0.2,0.1,0.7,2.1915,1.19,2.098,0.922486173327158,1.6595991615352013
17507,0.2,0.45,0.35,0.2,0.15,0.65,2.1915,1.19,2.0860000000000003,0.9232751088295044,1.6957283281985873
17508,0.2,0.45,0.35,0.2,0.2,0.6,2.1915,1.19,2.074,0.9240698453281918,1.6973523102757946
17520,0.2,0.45,0.35,0.25,0.0,0.75,2.1915,1.19,2.1025,0.9221918051374444,1.6495643052448385
17521,0.2,0.45,0.35,0.25,0.05,0.7,2.1915,1.19,2.0905,0.9229785816310916,1.6585338636176854
17522,0.2,0.45,0.35,0.25,0.1,0.65,2.1915,1.19,2.0785,0.9237711352811864,1.6695599810549273
17535,0.2,0.45,0.35,0.3,0.0,0.7,2.1915,1.19,2.083,0.9234732466183614,1.6595251247645646
17536,0.2,0.45,0.35,0.3,0.05,0.65,2.1915,1.19,2.071,0.9242694433632808,1.6601578456948927
17537,0.2,0.45,0.35,0.3,0.1,0.6,2.1915,1.19,2.059,0.9250715215245984,1.6891230216879676
17549,0.2,0.45,0.35,0.35,0.0,0.65,2.1915,1.19,2.0635000000000003,0.924770048854698,1.6790881653976049
17550,0.2,0.45,0.35,0.35,0.05,0.6,2.1915,1.19,2.0515,0.9255758360556906,1.679720886327933
17640,0.2,0.5,0.3,0.0,0.0,1.0,2.173,1.19,2.2,0.9121468891235316,1.5906141275110286
17641,0.2,0.5,0.3,0.0,0.05,0.95,2.173,1.19,2.188,0.9128752731659366,1.598651610945507
17642,0.2,0.5,0.3,0.0,0.1,0.9,2.173,1.19,2.176,0.9136088506774496,1.6106289880681215
17643,0.2,0.5,0.3,0.0,0.15,0.85,2.173,1.19,2.164,0.9143476774019248,1.620414808571646
17644,0.2,0.5,0.3,0.0,0.2,0.8,2.173,1.19,2.152,0.9150918098838472,1.620414808571646
17645,0.2,0.5,0.3,0.0,0.25,0.75,2.173,1.19,2.14,0.9158413054827568,1.6244556664531293
17646,0.2,0.5,0.3,0.0,0.3,0.7,2.173,1.19,2.128,0.916596222387987,1.670191895946815
17660,0.2,0.5,0.3,0.05,0.0,0.95,2.173,1.19,2.1805,0.913333146979865,1.5980188900151788
17661,0.2,0.5,0.3,0.05,0.05,0.9,2.173,1.19,2.1685000000000003,0.9140699986664867,1.6012268527080868
17662,0.2,0.5,0.3,0.05,0.1,0.85,2.173,1.19,2.1565000000000003,0.9148121348116413,1.6012463508048032
17663,0.2,0.5,0.3,0.05,0.15,0.8,2.173,1.19,2.1445000000000003,0.9155596124675122,1.620414808571646
17664,0.2,0.5,0.3,0.05,0.2,0.75,2.173,1.19,2.1325000000000003,0.9163124895105133,1.6244556664531293
17665,0.2,0.5,0.3,0.05,0.25,0.7,2.173,1.19,2.1205,0.9170708246562276,1.6754759472937273
17679,0.2,0.5,0.3,0.1,0.0,0.9,2.173,1.19,2.161,0.9145332108810792,1.5912114945144404
17680,0.2,0.5,0.3,0.1,0.05,0.85,2.173,1.19,2.149,0.915278678732632,1.5918442154447685
17681,0.2,0.5,0.3,0.1,0.1,0.8,2.173,1.19,2.1370000000000005,0.9160295241701292,1.601363011103871
17682,0.2,0.5,0.3,0.1,0.15,0.75,2.173,1.19,2.125,0.9167858055926942,1.6296737318363639
17683,0.2,0.5,0.3,0.1,0.2,0.7,2.173,1.19,2.113,0.9175475822481204,1.6754759472937273
17684,0.2,0.5,0.3,0.1,0.25,0.65,2.173,1.19,2.101,0.9183149142483452,1.686163904415606
17697,0.2,0.5,0.3,0.15,0.0,0.85,2.173,1.19,2.1415,0.9157473232565988,1.5913281548135083
17698,0.2,0.5,0.3,0.15,0.05,0.8,2.173,1.19,2.1295,0.9165015592875796,1.5976589829866525
17699,0.2,0.5,0.3,0.15,0.1,0.75,2.173,1.19,2.1175,0.9172612682330707,1.6563074895268843
17700,0.2,0.5,0.3,0.15,0.15,0.7,2.173,1.19,2.1055,0.918026509879121,1.686163904415606
17701,0.2,0.5,0.3,0.15,0.2,0.65,2.173,1.19,2.0935,0.9187973448857638,1.6978688254444436
17702,0.2,0.5,0.3,0.15,0.25,0.6,2.173,1.19,2.0815,0.9195738348030464,1.6994928075216509
17714,0.2,0.5,0.3,0.2,0.0,0.8,2.173,1.19,2.1220000000000003,0.916975732245236,1.6423484356541063
17715,0.2,0.5,0.3,0.2,0.05,0.75,2.173,1.19,2.1100000000000003,0.9177388920672676,1.6575933112887284
17716,0.2,0.5,0.3,0.2,0.1,0.7,2.173,1.19,2.098,0.918507622398949,1.666995446648763
17717,0.2,0.5,0.3,0.2,0.15,0.65,2.173,1.19,2.0860000000000003,0.919281984454672,1.6978688254444436
17718,0.2,0.5,0.3,0.2,0.2,0.6,2.173,1.19,2.074,0.9200620403490402,1.6994928075216509
17730,0.2,0.5,0.3,0.25,0.0,0.75,2.173,1.19,2.1025,0.9182186918642624,1.6569605903584004
17731,0.2,0.5,0.3,0.25,0.05,0.7,2.173,1.19,2.0905,0.9189909347931248,1.6659301487312472
17732,0.2,0.5,0.3,0.25,0.1,0.65,2.173,1.19,2.0785,0.9197688481611156,1.6769562661684891
17745,0.2,0.5,0.3,0.3,0.0,0.7,2.173,1.19,2.083,0.9194764621845236,1.6669214098781264
17746,0.2,0.5,0.3,0.3,0.05,0.65,2.173,1.19,2.071,0.9202579513510296,1.6675541308084545
17747,0.2,0.5,0.3,0.3,0.1,0.6,2.173,1.19,2.059,0.9210452132906952,1.6965193068015294
17759,0.2,0.5,0.3,0.35,0.0,0.65,2.173,1.19,2.0635000000000003,0.9207493095118514,1.6864844505111667
17760,0.2,0.5,0.3,0.35,0.05,0.6,2.173,1.19,2.0515,0.92154021197673,1.6871171714414948
17850,0.2,0.55,0.25,0.0,0.0,1.0,2.1545,1.19,2.2,0.9082880468073216,1.5906141275110286
17851,0.2,0.55,0.25,0.0,0.05,0.95,2.1545,1.19,2.188,0.9090027227065074,1.599385706991794
17852,0.2,0.55,0.25,0.0,0.1,0.9,2.1545,1.19,2.176,0.9097224943340296,1.6113630841144084
17853,0.2,0.55,0.25,0.0,0.15,0.85,2.1545,1.19,2.164,0.9104474163846468,1.6305315418812516
17854,0.2,0.55,0.25,0.0,0.2,0.8,2.1545,1.19,2.152,0.9111775443386794,1.6305315418812516
17855,0.2,0.55,0.25,0.0,0.25,0.75,2.1545,1.19,2.14,0.9119129344761646,1.6338383037164477
17856,0.2,0.55,0.25,0.0,0.3,0.7,2.1545,1.19,2.128,0.9126536438913172,1.6795745332101333
17870,0.2,0.55,0.25,0.05,0.0,0.95,2.1545,1.19,2.1805,0.9094519793632052,1.5987529860614658
17871,0.2,0.55,0.25,0.05,0.05,0.9,2.1545,1.19,2.1685000000000003,0.9101749635460606,1.601960948754374
17872,0.2,0.55,0.25,0.05,0.1,0.85,2.1545,1.19,2.1565000000000003,0.9109031327342616,1.6113630841144084
17873,0.2,0.55,0.25,0.05,0.15,0.8,2.1545,1.19,2.1445000000000003,0.911636542906273,1.6305315418812516
17874,0.2,0.55,0.25,0.05,0.2,0.75,2.1545,1.19,2.1325000000000003,0.9123752508492792,1.6338383037164477
17875,0.2,0.55,0.25,0.05,0.25,0.7,2.1545,1.19,2.1205,0.9131193141738382,1.6786091607990694
17889,0.2,0.55,0.25,0.1,0.0,0.9,2.1545,1.19,2.161,0.910629458135048,1.6013282278240457
17890,0.2,0.55,0.25,0.1,0.05,0.85,2.1545,1.19,2.149,0.911360896327136,1.601960948754374
17891,0.2,0.55,0.25,0.1,0.1,0.8,2.1545,1.19,2.1370000000000005,0.9120976108993292,1.6107456483671894
17892,0.2,0.55,0.25,0.1,0.15,0.75,2.1545,1.19,2.125,0.9128396591516832,1.6395364109592638
17893,0.2,0.55,0.25,0.1,0.2,0.7,2.1545,1.19,2.113,0.9135870992169516,1.6786091607990694
17894,0.2,0.55,0.25,0.1,0.25,0.65,2.1545,1.19,2.101,0.914339990075768,1.6866439462751877
17907,0.2,0.55,0.25,0.15,0.0,0.85,2.1545,1.19,2.1415,0.9118207209897669,1.6007107920768266
17908,0.2,0.55,0.25,0.15,0.05,0.8,2.1545,1.19,2.1295,0.9125607623446812,1.6070416202499709
17909,0.2,0.55,0.25,0.15,0.1,0.75,2.1545,1.19,2.1175,0.9133061736141892,1.6594407030322265
17910,0.2,0.55,0.25,0.15,0.15,0.7,2.1545,1.19,2.1055,0.9140570134591692,1.6892971179209482
17911,0.2,0.55,0.25,0.15,0.2,0.65,2.1545,1.19,2.0935,0.9148133413980368,1.6983488673040252
17912,0.2,0.55,0.25,0.15,0.25,0.6,2.1545,1.19,2.0815,0.9155752178224716,1.6999728493812325
17924,0.2,0.55,0.25,0.2,0.0,0.8,2.1545,1.19,2.1220000000000003,0.9130260113962168,1.6454816491594484
17925,0.2,0.55,0.25,0.2,0.05,0.75,2.1545,1.19,2.1100000000000003,0.9137748085969792,1.6607265247940706
17926,0.2,0.55,0.25,0.2,0.1,0.7,2.1545,1.19,2.098,0.91452907147074,1.6674754885083447
17927,0.2,0.55,0.25,0.2,0.15,0.65,2.1545,1.19,2.0860000000000003,0.9152888600798396,1.6983488673040252
17928,0.2,0.55,0.25,0.2,0.2,0.6,2.1545,1.19,2.074,0.9160542353698886,1.6999728493812325
17940,0.2,0.55,0.25,0.25,0.0,0.75,2.1545,1.19,2.1025,0.9142455785910804,1.657440632217982
17941,0.2,0.55,0.25,0.25,0.05,0.7,2.1545,1.19,2.0905,0.9150032879551576,1.6664101905908288
17942,0.2,0.55,0.25,0.25,0.1,0.65,2.1545,1.19,2.0785,0.915766561041045,1.6774363080280708
17955,0.2,0.55,0.25,0.3,0.0,0.7,2.1545,1.19,2.083,0.915479677750686,1.667401451737708
17956,0.2,0.55,0.25,0.3,0.05,0.65,2.1545,1.19,2.071,0.9162464593387784,1.668034172668036
17957,0.2,0.55,0.25,0.3,0.1,0.6,2.1545,1.19,2.059,0.917018905056792,1.6965193068015294
17969,0.2,0.55,0.25,0.35,0.0,0.65,2.1545,1.19,2.0635000000000003,0.9167285701690048,1.6869644923707483
17970,0.2,0.55,0.25,0.35,0.05,0.6,2.1545,1.19,2.0515,0.9175045878977692,1.6871171714414948
18060,0.2,0.6,0.2,0.0,0.0,1.0,2.136,1.19,2.2,0.904429204491112,1.5906141275110286
18061,0.2,0.6,0.2,0.0,0.05,0.95,2.136,1.19,2.188,0.9051301722470784,1.599385706991794
18062,0.2,0.6,0.2,0.0,0.1,0.9,2.136,1.19,2.176,0.90583613799061,1.6113630841144084
18063,0.2,0.6,0.2,0.0,0.15,0.85,2.136,1.19,2.164,0.9065471553673686,1.6305315418812516
18064,0.2,0.6,0.2,0.0,0.2,0.8,2.136,1.19,2.152,0.9072632787935117,1.6305315418812516
18065,0.2,0.6,0.2,0.0,0.25,0.75,2.136,1.19,2.14,0.9079845634695726,1.6345723997627346
18066,0.2,0.6,0.2,0.0,0.3,0.7,2.136,1.19,2.128,0.9087110653946469,1.6803086292564202
18080,0.2,0.6,0.2,0.05,0.0,0.95,2.136,1.19,2.1805,0.9055708117465456,1.5987529860614658
18081,0.2,0.6,0.2,0.05,0.05,0.9,2.136,1.19,2.1685000000000003,0.9062799284256348,1.601960948754374
18082,0.2,0.6,0.2,0.05,0.1,0.85,2.136,1.19,2.1565000000000003,0.9069941306568818,1.6113630841144084
18083,0.2,0.6,0.2,0.05,0.15,0.8,2.136,1.19,2.1445000000000003,0.9077134733450342,1.6305315418812516
18084,0.2,0.6,0.2,0.05,0.2,0.75,2.136,1.19,2.1325000000000003,0.9084380121880444,1.6345723997627346
18085,0.2,0.6,0.2,0.05,0.25,0.7,2.136,1.19,2.1205,0.9091678036914482,1.6793432568453566
18099,0.2,0.6,0.2,0.1,0.0,0.9,2.136,1.19,2.161,0.9067257053890168,1.6013282278240457
18100,0.2,0.6,0.2,0.1,0.05,0.85,2.136,1.19,2.149,0.90744311392164,1.601960948754374
18101,0.2,0.6,0.2,0.1,0.1,0.8,2.136,1.19,2.1370000000000005,0.9081656976285294,1.6114797444134765
18102,0.2,0.6,0.2,0.1,0.15,0.75,2.136,1.19,2.125,0.9088935127106724,1.6402705070055508
18103,0.2,0.6,0.2,0.1,0.2,0.7,2.136,1.19,2.113,0.9096266161857828,1.6793432568453566
18104,0.2,0.6,0.2,0.1,0.25,0.65,2.136,1.19,2.101,0.910365065903191,1.690031213967235
18117,0.2,0.6,0.2,0.15,0.0,0.85,2.136,1.19,2.1415,0.9078941187229346,1.6014448881231138
18118,0.2,0.6,0.2,0.15,0.05,0.8,2.136,1.19,2.1295,0.9086199654017828,1.6077757162962578
18119,0.2,0.6,0.2,0.15,0.1,0.75,2.136,1.19,2.1175,0.9093510789953076,1.6601747990785134
18120,0.2,0.6,0.2,0.15,0.15,0.7,2.136,1.19,2.1055,0.9100875170392176,1.690031213967235
18121,0.2,0.6,0.2,0.15,0.2,0.65,2.136,1.19,2.0935,0.9108293379103098,1.6990829633503124
18134,0.2,0.6,0.2,0.2,0.0,0.8,2.136,1.19,2.1220000000000003,0.909076290547198,1.6462157452057353
18135,0.2,0.6,0.2,0.2,0.05,0.75,2.136,1.19,2.1100000000000003,0.9098107251266913,1.6614606208403575
18136,0.2,0.6,0.2,0.2,0.1,0.7,2.136,1.19,2.098,0.910550520542531,1.6708627562003924
18137,0.2,0.6,0.2,0.2,0.15,0.65,2.136,1.19,2.0860000000000003,0.9112957357050072,1.6990829633503124
18138,0.2,0.6,0.2,0.2,0.2,0.6,2.136,1.19,2.074,0.9120464303907369,1.6999728493812325
18150,0.2,0.6,0.2,0.25,0.0,0.75,2.136,1.19,2.1025,0.9102724653178988,1.6608278999100297
18151,0.2,0.6,0.2,0.25,0.05,0.7,2.136,1.19,2.0905,0.9110156411171904,1.667144286637116
18152,0.2,0.6,0.2,0.25,0.1,0.65,2.136,1.19,2.0785,0.9117642739209744,1.678170404074358
18165,0.2,0.6,0.2,0.3,0.0,0.7,2.136,1.19,2.083,0.9114828933168482,1.6681355477839952
18166,0.2,0.6,0.2,0.3,0.05,0.65,2.136,1.19,2.071,0.9122349673265272,1.668034172668036
18167,0.2,0.6,0.2,0.3,0.1,0.6,2.136,1.19,2.059,0.9129925968228892,1.6941945518408688
18179,0.2,0.6,0.2,0.35,0.0,0.65,2.136,1.19,2.0635000000000003,0.9127078308261584,1.684159695550506
18180,0.2,0.6,0.2,0.35,0.05,0.6,2.136,1.19,2.0515,0.9134689638188084,1.684792416480834
18270,0.2,0.65,0.15,0.0,0.0,1.0,2.1175,1.19,2.2,0.9005703621749025,1.5999055090794663
18271,0.2,0.65,0.15,0.0,0.05,0.95,2.1175,1.19,2.188,0.9012576217876496,1.6086770885602315
18272,0.2,0.65,0.15,0.0,0.1,0.9,2.1175,1.19,2.176,0.90194978164719,1.6206544656828463
18273,0.2,0.65,0.15,0.0,0.15,0.85,2.1175,1.19,2.164,0.9026468943500904,1.639822923449689
18274,0.2,0.65,0.15,0.0,0.2,0.8,2.1175,1.19,2.152,0.9033490132483436,1.639822923449689
18275,0.2,0.65,0.15,0.0,0.25,0.75,2.1175,1.19,2.14,0.9040561924629807,1.6438637813311725
18276,0.2,0.65,0.15,0.0,0.3,0.7,2.1175,1.19,2.128,0.9047684868979768,1.6896000108248581
18290,0.2,0.65,0.15,0.05,0.0,0.95,2.1175,1.19,2.1805,0.901689644129886,1.6080443676299037
18291,0.2,0.65,0.15,0.05,0.05,0.9,2.1175,1.19,2.1685000000000003,0.9023848933052084,1.6112523303228115
18292,0.2,0.65,0.15,0.05,0.1,0.85,2.1175,1.19,2.1565000000000003,0.9030851285795024,1.6206544656828463
18293,0.2,0.65,0.15,0.05,0.15,0.8,2.1175,1.19,2.1445000000000003,0.9037904037837952,1.639822923449689
18294,0.2,0.65,0.15,0.05,0.2,0.75,2.1175,1.19,2.1325000000000003,0.90450077352681,1.6438637813311725
18295,0.2,0.65,0.15,0.05,0.25,0.7,2.1175,1.19,2.1205,0.9052162932090584,1.688634638413794
18309,0.2,0.65,0.15,0.1,0.0,0.9,2.1175,1.19,2.161,0.9028219526429851,1.6106196093924836
18310,0.2,0.65,0.15,0.1,0.05,0.85,2.1175,1.19,2.149,0.9035253315161442,1.6112523303228115
18311,0.2,0.65,0.15,0.1,0.1,0.8,2.1175,1.19,2.1370000000000005,0.9042337843577296,1.620771125981914
18312,0.2,0.65,0.15,0.1,0.15,0.75,2.1175,1.19,2.125,0.9049473662696614,1.6495618885739887
18313,0.2,0.65,0.15,0.1,0.2,0.7,2.1175,1.19,2.113,0.9056661331546138,1.688634638413794
18314,0.2,0.65,0.15,0.1,0.25,0.65,2.1175,1.19,2.101,0.906390141730614,1.699322595535673
18327,0.2,0.65,0.15,0.15,0.0,0.85,2.1175,1.19,2.1415,0.9039675164561024,1.6107362696915513
18328,0.2,0.65,0.15,0.15,0.05,0.8,2.1175,1.19,2.1295,0.9046791684588844,1.6170670978646957
18329,0.2,0.65,0.15,0.15,0.1,0.75,2.1175,1.19,2.1175,0.905395984376426,1.6694661806469513
18330,0.2,0.65,0.15,0.15,0.15,0.7,2.1175,1.19,2.1055,0.9061180206192658,1.699322595535673
18344,0.2,0.65,0.15,0.2,0.0,0.8,2.1175,1.19,2.1220000000000003,0.9051265696981788,1.6555071267741732
18345,0.2,0.65,0.15,0.2,0.05,0.75,2.1175,1.19,2.1100000000000003,0.905846641656403,1.6707520024087954
18346,0.2,0.65,0.15,0.2,0.1,0.7,2.1175,1.19,2.098,0.9065719696143222,1.6801541377688298
18360,0.2,0.65,0.15,0.25,0.0,0.75,2.1175,1.19,2.1025,0.9062993520447172,1.670119281478467
18361,0.2,0.65,0.15,0.25,0.05,0.7,2.1175,1.19,2.0905,0.9070279942792232,1.6764356682055535
18362,0.2,0.65,0.15,0.25,0.1,0.65,2.1175,1.19,2.0785,0.9077619868009036,1.6874617856427954
18375,0.2,0.65,0.15,0.3,0.0,0.7,2.1175,1.19,2.083,0.9074861088830102,1.6774269293524326
18376,0.2,0.65,0.15,0.3,0.05,0.65,2.1175,1.19,2.071,0.908223475314276,1.678059650282761
18389,0.2,0.65,0.15,0.35,0.0,0.65,2.1175,1.19,2.0635000000000003,0.908687091483312,1.6941851731652309
18390,0.2,0.65,0.15,0.35,0.05,0.6,2.1175,1.19,2.0515,0.909433339739848,1.6948178940955587
18485,0.2,0.7,0.1,0.0,0.25,0.75,2.099,1.19,2.14,0.9001278214563889,1.6441252542128197
18486,0.2,0.7,0.1,0.0,0.3,0.7,2.099,1.19,2.128,0.9008259084013068,1.6898614837065054
18504,0.2,0.7,0.1,0.05,0.2,0.75,2.099,1.19,2.1325000000000003,0.9005635348655758,1.6441252542128197
18505,0.2,0.7,0.1,0.05,0.25,0.7,2.099,1.19,2.1205,0.9012647827266688,1.6888961112954417
18521,0.2,0.7,0.1,0.1,0.1,0.8,2.099,1.19,2.1370000000000005,0.9003018710869297,1.6219330717829148
18522,0.2,0.7,0.1,0.1,0.15,0.75,2.099,1.19,2.125,0.9010012198286508,1.649823361455636
18523,0.2,0.7,0.1,0.1,0.2,0.7,2.099,1.19,2.113,0.9017056501234448,1.6888961112954417
18537,0.2,0.7,0.1,0.15,0.0,0.85,2.099,1.19,2.1415,0.9000409141892706,1.611898215492552
18538,0.2,0.7,0.1,0.15,0.05,0.8,2.099,1.19,2.1295,0.900738371515986,1.618229043665696
18539,0.2,0.7,0.1,0.15,0.1,0.75,2.099,1.19,2.1175,0.901440889757544,1.6697276535285985
18554,0.2,0.7,0.1,0.2,0.0,0.8,2.099,1.19,2.1220000000000003,0.9011768488491596,1.6566690725751736
18555,0.2,0.7,0.1,0.2,0.05,0.75,2.099,1.19,2.1100000000000003,0.9018825581861148,1.6710134752904426
18556,0.2,0.7,0.1,0.2,0.1,0.7,2.099,1.19,2.098,0.9025934186861132,1.682352538248513
18570,0.2,0.7,0.1,0.25,0.0,0.75,2.099,1.19,2.1025,0.9023262387715352,1.6723176819581502
18571,0.2,0.7,0.1,0.25,0.05,0.7,2.099,1.19,2.0905,0.9030403474412564,1.6786340686852366
18572,0.2,0.7,0.1,0.25,0.1,0.65,2.099,1.19,2.0785,0.9037596996808328,1.6896601861224785
18585,0.2,0.7,0.1,0.3,0.0,0.7,2.099,1.19,2.083,0.9034893244491724,1.6796253298321158
18586,0.2,0.7,0.1,0.3,0.05,0.65,2.099,1.19,2.071,0.9042119833020248,1.680258050762444
18599,0.2,0.7,0.1,0.35,0.0,0.65,2.099,1.19,2.0635000000000003,0.9046663521404652,1.6910745355546386
18600,0.2,0.7,0.1,0.35,0.05,0.6,2.099,1.19,2.0515,0.905397715660887,1.691707256484967
18796,0.2,0.75,0.05,0.3,0.05,0.65,2.0805,1.19,2.071,0.9002004912897736,1.6966587067963577
18900,0.25,0.0,0.75,0.0,0.0,1.0,2.315,1.19,2.2,0.941766111226331,1.5646123429679788
18901,0.25,0.0,0.75,0.0,0.05,0.95,2.315,1.19,2.188,0.9425997145302024,1.572689772877368
18902,0.25,0.0,0.75,0.0,0.1,0.9,2.315,1.19,2.176,0.9434392615296447,1.572973874404482
18903,0.25,0.0,0.75,0.0,0.15,0.85,2.315,1.19,2.164,0.9442848160210332,1.5973981200390306
18904,0.25,0.0,0.75,0.0,0.2,0.8,2.315,1.19,2.152,0.945136442717028,1.5973981200390306
18905,0.25,0.0,0.75,0.0,0.25,0.75,2.315,1.19,2.14,0.9459942072630838,1.6051765748498668
18906,0.25,0.0,0.75,0.0,0.3,0.7,2.315,1.19,2.128,0.9468581762543188,1.6648492508230286
18920,0.25,0.0,0.75,0.05,0.0,0.95,2.315,1.19,2.1805,0.9431237308482788,1.57205705194704
18921,0.25,0.0,0.75,0.05,0.05,0.9,2.315,1.19,2.1685000000000003,0.943967024996244,1.572689772877368
18922,0.25,0.0,0.75,0.05,0.1,0.85,2.315,1.19,2.1565000000000003,0.9448163669731504,1.572973874404482
18923,0.25,0.0,0.75,0.05,0.15,0.8,2.315,1.19,2.1445000000000003,0.9456718220726972,1.5973981200390306
18924,0.25,0.0,0.75,0.05,0.2,0.75,2.315,1.19,2.1325000000000003,0.9465334565318796,1.6051765748498668
18925,0.25,0.0,0.75,0.05,0.25,0.7,2.315,1.19,2.1205,0.9474013375480838,1.6625442011723797
18939,0.25,0.0,0.75,0.1,0.0,0.9,2.315,1.19,2.161,0.9444971508776444,1.57205705194704
18940,0.25,0.0,0.75,0.1,0.05,0.85,2.315,1.19,2.149,0.9453503058450878,1.572689772877368
18941,0.25,0.0,0.75,0.1,0.1,0.8,2.315,1.19,2.1370000000000005,0.9462096152216738,1.57309053470355
18942,0.25,0.0,0.75,0.1,0.15,0.75,2.315,1.19,2.125,0.9470751458426157,1.6167419857150163
18943,0.25,0.0,0.75,0.1,0.2,0.7,2.315,1.19,2.113,0.9479469655143908,1.661137140758299
18944,0.25,0.0,0.75,0.1,0.25,0.65,2.315,1.19,2.101,0.9488251430324504,1.6718250978801779
18957,0.25,0.0,0.75,0.15,0.0,0.85,2.315,1.19,2.1415,0.9458866487641748,1.572173712246108
18958,0.25,0.0,0.75,0.15,0.05,0.8,2.315,1.19,2.1295,0.9467498385249616,1.5843718440415855
18959,0.25,0.0,0.75,0.15,0.1,0.75,2.315,1.19,2.1175,0.9476192917942168,1.6367128951237506
18960,0.25,0.0,0.75,0.15,0.15,0.7,2.315,1.19,2.1055,0.9484950769944268,1.6718250978801779
18961,0.25,0.0,0.75,0.15,0.2,0.65,2.315,1.19,2.0935,0.9493772635483158,1.6856878042260315
18962,0.25,0.0,0.75,0.15,0.25,0.6,2.315,1.19,2.0815,0.9502659218971896,1.686087809390291
18974,0.25,0.0,0.75,0.2,0.0,0.8,2.315,1.19,2.1220000000000003,0.9472925084917606,1.6295413385686208
18975,0.25,0.0,0.75,0.2,0.05,0.75,2.315,1.19,2.1100000000000003,0.948165911136507,1.6471167507185154
18976,0.25,0.0,0.75,0.2,0.1,0.7,2.315,1.19,2.098,0.9490456889830398,1.6474008522456294
18977,0.25,0.0,0.75,0.2,0.15,0.65,2.315,1.19,2.0860000000000003,0.949931912088521,1.6856878042260315
18978,0.25,0.0,0.75,0.2,0.2,0.6,2.315,1.19,2.074,0.9508246515403664,1.686087809390291
18990,0.25,0.0,0.75,0.25,0.0,0.75,2.315,1.19,2.1025,0.9487150207719284,1.6464840297881873
18991,0.25,0.0,0.75,0.25,0.05,0.7,2.315,1.19,2.0905,0.9495988186304938,1.6576113734780502
18992,0.25,0.0,0.75,0.25,0.1,0.65,2.315,1.19,2.0785,0.9504891060557124,1.6582954801694236
19005,0.25,0.0,0.75,0.3,0.0,0.7,2.315,1.19,2.083,0.9501544832442516,1.6573786577119816
19006,0.25,0.0,0.75,0.3,0.05,0.65,2.315,1.19,2.071,0.9510488630126332,1.6580113786423096
19007,0.25,0.0,0.75,0.3,0.1,0.6,2.315,1.19,2.059,0.951949849464438,1.6731304087293108
19019,0.25,0.0,0.75,0.35,0.0,0.65,2.315,1.19,2.0635000000000003,0.9516112006839704,1.6722135862718688
19020,0.25,0.0,0.75,0.35,0.05,0.6,2.315,1.19,2.0515,0.9525163535557796,1.6728463072021968
19110,0.25,0.05,0.7,0.0,0.0,1.0,2.2964999999999995,1.19,2.2,0.9379072689101208,1.5646123429679788
19111,0.25,0.05,0.7,0.0,0.05,0.95,2.2964999999999995,1.19,2.188,0.9387271640707732,1.572689772877368
19112,0.25,0.05,0.7,0.0,0.1,0.9,2.2964999999999995,1.19,2.176,0.939552905186225,1.572973874404482
19113,0.25,0.05,0.7,0.0,0.15,0.85,2.2964999999999995,1.19,2.164,0.9403845550037552,1.5973981200390306
19114,0.25,0.05,0.7,0.0,0.2,0.8,2.2964999999999995,1.19,2.152,0.94122217717186,1.5973981200390306
19115,0.25,0.05,0.7,0.0,0.25,0.75,2.2964999999999995,1.19,2.14,0.9420658362564917,1.6051765748498668
19116,0.25,0.05,0.7,0.0,0.3,0.7,2.2964999999999995,1.19,2.128,0.942915597757649,1.6648492508230286
19130,0.25,0.05,0.7,0.05,0.0,0.95,2.2964999999999995,1.19,2.1805,0.9392425632316194,1.57205705194704
19131,0.25,0.05,0.7,0.05,0.05,0.9,2.2964999999999995,1.19,2.1685000000000003,0.940071989875818,1.572689772877368
19132,0.25,0.05,0.7,0.05,0.1,0.85,2.2964999999999995,1.19,2.1565000000000003,0.9409073648957704,1.572973874404482
19133,0.25,0.05,0.7,0.05,0.15,0.8,2.2964999999999995,1.19,2.1445000000000003,0.941748752511458,1.5973981200390306
19134,0.25,0.05,0.7,0.05,0.2,0.75,2.2964999999999995,1.19,2.1325000000000003,0.9425962178706452,1.6051765748498668
19135,0.25,0.05,0.7,0.05,0.25,0.7,2.2964999999999995,1.19,2.1205,0.943449827065694,1.6625442011723797
19149,0.25,0.05,0.7,0.1,0.0,0.9,2.2964999999999995,1.19,2.161,0.940593398131613,1.57205705194704
19150,0.25,0.05,0.7,0.1,0.05,0.85,2.2964999999999995,1.19,2.149,0.9414325234395916,1.572689772877368
19151,0.25,0.05,0.7,0.1,0.1,0.8,2.2964999999999995,1.19,2.1370000000000005,0.942277701950874,1.57309053470355
19152,0.25,0.05,0.7,0.1,0.15,0.75,2.2964999999999995,1.19,2.125,0.9431289994016048,1.6167419857150163
19153,0.25,0.05,0.7,0.1,0.2,0.7,2.2964999999999995,1.19,2.113,0.9439864824832216,1.6625442011723797
19154,0.25,0.05,0.7,0.1,0.25,0.65,2.2964999999999995,1.19,2.101,0.944850218859873,1.6732321582942584
19167,0.25,0.05,0.7,0.15,0.0,0.85,2.2964999999999995,1.19,2.1415,0.9419600464973428,1.572173712246108
19168,0.25,0.05,0.7,0.15,0.05,0.8,2.2964999999999995,1.19,2.1295,0.9428090415820632,1.5843718440415855
19169,0.25,0.05,0.7,0.15,0.1,0.75,2.2964999999999995,1.19,2.1175,0.9436641971753348,1.6381199555378312
19170,0.25,0.05,0.7,0.15,0.15,0.7,2.2964999999999995,1.19,2.1055,0.9445255805744748,1.6732321582942584
19171,0.25,0.05,0.7,0.15,0.2,0.65,2.2964999999999995,1.19,2.0935,0.9453932600605888,1.687094864640112
19172,0.25,0.05,0.7,0.15,0.25,0.6,2.2964999999999995,1.19,2.0815,0.9462673049166148,1.6874948698043715
19184,0.25,0.05,0.7,0.2,0.0,0.8,2.2964999999999995,1.19,2.1220000000000003,0.9433427876427416,1.6295413385686208
19185,0.25,0.05,0.7,0.2,0.05,0.75,2.2964999999999995,1.19,2.1100000000000003,0.9442018276662184,1.648523811132596
19186,0.25,0.05,0.7,0.2,0.1,0.7,2.2964999999999995,1.19,2.098,0.9450671380548304,1.64880791265971
19187,0.25,0.05,0.7,0.2,0.15,0.65,2.2964999999999995,1.19,2.0860000000000003,0.9459387877136888,1.687094864640112
19188,0.25,0.05,0.7,0.2,0.2,0.6,2.2964999999999995,1.19,2.074,0.9468168465612152,1.6874948698043715
19200,0.25,0.05,0.7,0.25,0.0,0.75,2.2964999999999995,1.19,2.1025,0.9447419074987462,1.6478910902022679
19201,0.25,0.05,0.7,0.25,0.05,0.7,2.2964999999999995,1.19,2.0905,0.9456111717925266,1.6590184338921308
19202,0.25,0.05,0.7,0.25,0.1,0.65,2.2964999999999995,1.19,2.0785,0.9464868189356418,1.6597025405835042
19215,0.25,0.05,0.7,0.3,0.0,0.7,2.2964999999999995,1.19,2.083,0.946157698810414,1.6587857181260621
19216,0.25,0.05,0.7,0.3,0.05,0.65,2.2964999999999995,1.19,2.071,0.947037371000382,1.6594184390563902
19217,0.25,0.05,0.7,0.3,0.1,0.6,2.2964999999999995,1.19,2.059,0.9479235412305346,1.6731304087293108
19229,0.25,0.05,0.7,0.35,0.0,0.65,2.2964999999999995,1.19,2.0635000000000003,0.947590461341124,1.6722135862718688
19230,0.25,0.05,0.7,0.35,0.05,0.6,2.2964999999999995,1.19,2.0515,0.9484807294768188,1.6728463072021968
19320,0.25,0.1,0.65,0.0,0.0,1.0,2.278,1.19,2.2,0.9340484265939114,1.5642536848867874
19321,0.25,0.1,0.65,0.0,0.05,0.95,2.278,1.19,2.188,0.934854613611344,1.5723311147961767
19322,0.25,0.1,0.65,0.0,0.1,0.9,2.278,1.19,2.176,0.9356665488428052,1.5726152163232907
19323,0.25,0.1,0.65,0.0,0.15,0.85,2.278,1.19,2.164,0.936484293986477,1.5970394619578392
19324,0.25,0.1,0.65,0.0,0.2,0.8,2.278,1.19,2.152,0.937307911626692,1.5970394619578392
19325,0.25,0.1,0.65,0.0,0.25,0.75,2.278,1.19,2.14,0.9381374652498996,1.6048179167686754
19326,0.25,0.1,0.65,0.0,0.3,0.7,2.278,1.19,2.128,0.938973019260979,1.6644905927418372
19340,0.25,0.1,0.65,0.05,0.0,0.95,2.278,1.19,2.1805,0.9353613956149596,1.5716983938658486
19341,0.25,0.1,0.65,0.05,0.05,0.9,2.278,1.19,2.1685000000000003,0.9361769547553918,1.5723311147961767
19342,0.25,0.1,0.65,0.05,0.1,0.85,2.278,1.19,2.1565000000000003,0.9369983628183908,1.5726152163232907
19343,0.25,0.1,0.65,0.05,0.15,0.8,2.278,1.19,2.1445000000000003,0.9378256829502192,1.5970394619578392
19344,0.25,0.1,0.65,0.05,0.2,0.75,2.278,1.19,2.1325000000000003,0.9386589792094108,1.6048179167686754
19345,0.25,0.1,0.65,0.05,0.25,0.7,2.278,1.19,2.1205,0.9394983165833044,1.6621855430911883
19359,0.25,0.1,0.65,0.1,0.0,0.9,2.278,1.19,2.161,0.9366896453855816,1.5716983938658486
19360,0.25,0.1,0.65,0.1,0.05,0.85,2.278,1.19,2.149,0.9375147410340956,1.5723311147961767
19361,0.25,0.1,0.65,0.1,0.1,0.8,2.278,1.19,2.1370000000000005,0.938345788680074,1.5727318766223586
19362,0.25,0.1,0.65,0.1,0.15,0.75,2.278,1.19,2.125,0.9391828529605938,1.6163833276338249
19363,0.25,0.1,0.65,0.1,0.2,0.7,2.278,1.19,2.113,0.9400259994520528,1.6621855430911883
19364,0.25,0.1,0.65,0.1,0.25,0.65,2.278,1.19,2.101,0.940875294687296,1.672873500213067
19377,0.25,0.1,0.65,0.15,0.0,0.85,2.278,1.19,2.1415,0.9380334442305104,1.5718150541649165
19378,0.25,0.1,0.65,0.15,0.05,0.8,2.278,1.19,2.1295,0.9388682446391649,1.584013185960394
19379,0.25,0.1,0.65,0.15,0.1,0.75,2.278,1.19,2.1175,0.9397091025564532,1.6377612974566398
19380,0.25,0.1,0.65,0.15,0.15,0.7,2.278,1.19,2.1055,0.940556084154523,1.672873500213067
19381,0.25,0.1,0.65,0.15,0.2,0.65,2.278,1.19,2.0935,0.9414092565728618,1.6867362065589206
19382,0.25,0.1,0.65,0.15,0.25,0.6,2.278,1.19,2.0815,0.9422686879360396,1.68713621172318
19394,0.25,0.1,0.65,0.2,0.0,0.8,2.278,1.19,2.1220000000000003,0.9393930667937224,1.6291826804874294
19395,0.25,0.1,0.65,0.2,0.05,0.75,2.278,1.19,2.1100000000000003,0.9402377441959304,1.6481651530514045
19396,0.25,0.1,0.65,0.2,0.1,0.7,2.278,1.19,2.098,0.9410885871266216,1.6484492545785185
19397,0.25,0.1,0.65,0.2,0.15,0.65,2.278,1.19,2.0860000000000003,0.9419456633388562,1.6867362065589206
19398,0.25,0.1,0.65,0.2,0.2,0.6,2.278,1.19,2.074,0.9428090415820632,1.68713621172318
19410,0.25,0.1,0.65,0.25,0.0,0.75,2.278,1.19,2.1025,0.9407687942255644,1.6475324321210765
19411,0.25,0.1,0.65,0.25,0.05,0.7,2.278,1.19,2.0905,0.9416235249545596,1.6586597758109394
19412,0.25,0.1,0.65,0.25,0.1,0.65,2.278,1.19,2.0785,0.942484531815571,1.6593438825023128
19425,0.25,0.1,0.65,0.3,0.0,0.7,2.278,1.19,2.083,0.942160914376576,1.6584270600448707
19426,0.25,0.1,0.65,0.3,0.05,0.65,2.278,1.19,2.071,0.943025878988131,1.6590597809751988
19427,0.25,0.1,0.65,0.3,0.1,0.6,2.278,1.19,2.059,0.9438972329966316,1.6727717506481194
19439,0.25,0.1,0.65,0.35,0.0,0.65,2.278,1.19,2.0635000000000003,0.9435697219982776,1.6718549281906774
19440,0.25,0.1,0.65,0.35,0.05,0.6,2.278,1.19,2.0515,0.9444451053978582,1.6724876491210054
19530,0.25,0.15,0.6,0.0,0.0,1.0,2.2595,1.19,2.2,0.9301895842777016,1.5680498239661276
19531,0.25,0.15,0.6,0.0,0.05,0.95,2.2595,1.19,2.188,0.9309820631519156,1.5722669492295627
19532,0.25,0.15,0.6,0.0,0.1,0.9,2.2595,1.19,2.176,0.9317801924993856,1.5816690845895973
19533,0.25,0.15,0.6,0.0,0.15,0.85,2.2595,1.19,2.164,0.9325840329691988,1.6060933302241458
19534,0.25,0.15,0.6,0.0,0.2,0.8,2.2595,1.19,2.152,0.9333936460815244,1.6060933302241458
19535,0.25,0.15,0.6,0.0,0.25,0.75,2.2595,1.19,2.14,0.934209094243308,1.613871785034982
19536,0.25,0.15,0.6,0.0,0.3,0.7,2.2595,1.19,2.128,0.935030440764309,1.6735444610081438
19550,0.25,0.15,0.6,0.05,0.0,0.95,2.2595,1.19,2.1805,0.9314802279983,1.5716342282992346
19551,0.25,0.15,0.6,0.05,0.05,0.9,2.2595,1.19,2.1685000000000003,0.9322819196349658,1.5722669492295627
19552,0.25,0.15,0.6,0.05,0.1,0.85,2.2595,1.19,2.1565000000000003,0.9330893607410112,1.5816690845895973
19553,0.25,0.15,0.6,0.05,0.15,0.8,2.2595,1.19,2.1445000000000003,0.9339026133889804,1.6060933302241458
19554,0.25,0.15,0.6,0.05,0.2,0.75,2.2595,1.19,2.1325000000000003,0.9347217405481764,1.613871785034982
19555,0.25,0.15,0.6,0.05,0.25,0.7,2.2595,1.19,2.1205,0.9355468061009148,1.6712394113574949
19569,0.25,0.15,0.6,0.1,0.0,0.9,2.2595,1.19,2.161,0.9327858926395504,1.5716342282992346
19570,0.25,0.15,0.6,0.1,0.05,0.85,2.2595,1.19,2.149,0.9335969586285998,1.5722669492295627
19571,0.25,0.15,0.6,0.1,0.1,0.8,2.2595,1.19,2.1370000000000005,0.9344138754092745,1.5817857448886652
19572,0.25,0.15,0.6,0.1,0.15,0.75,2.2595,1.19,2.125,0.9352367065195828,1.6254371959001315
19573,0.25,0.15,0.6,0.1,0.2,0.7,2.2595,1.19,2.113,0.9360655164208838,1.6712394113574949
19574,0.25,0.15,0.6,0.1,0.25,0.65,2.2595,1.19,2.101,0.936900370514719,1.6819273684793736
19587,0.25,0.15,0.6,0.15,0.0,0.85,2.2595,1.19,2.1415,0.9341068419636784,1.5717508885983025
19588,0.25,0.15,0.6,0.15,0.05,0.8,2.2595,1.19,2.1295,0.9349274476962666,1.58394902039378
19589,0.25,0.15,0.6,0.15,0.1,0.75,2.2595,1.19,2.1175,0.9357540079375718,1.6468151657229464
19590,0.25,0.15,0.6,0.15,0.15,0.7,2.2595,1.19,2.1055,0.9365865877345712,1.6819273684793736
19591,0.25,0.15,0.6,0.15,0.2,0.65,2.2595,1.19,2.0935,0.937425253085135,1.6957900748252273
19592,0.25,0.15,0.6,0.15,0.25,0.6,2.2595,1.19,2.0815,0.9382700709554648,1.6961900799894867
19604,0.25,0.15,0.6,0.2,0.0,0.8,2.2595,1.19,2.1220000000000003,0.9354433459447036,1.6291185149208154
19605,0.25,0.15,0.6,0.2,0.05,0.75,2.2595,1.19,2.1100000000000003,0.9362736607256422,1.6481009874847905
19606,0.25,0.15,0.6,0.2,0.1,0.7,2.2595,1.19,2.098,0.9371100361984126,1.6575031228448251
19607,0.25,0.15,0.6,0.2,0.15,0.65,2.2595,1.19,2.0860000000000003,0.9379525389640238,1.6957900748252273
19608,0.25,0.15,0.6,0.2,0.2,0.6,2.2595,1.19,2.074,0.9388012366029116,1.6961900799894867
19620,0.25,0.15,0.6,0.25,0.0,0.75,2.2595,1.19,2.1025,0.9367956809523827,1.6474682665544624
19621,0.25,0.15,0.6,0.25,0.05,0.7,2.2595,1.19,2.0905,0.9376358781165924,1.6585956102443253
19622,0.25,0.15,0.6,0.25,0.1,0.65,2.2595,1.19,2.0785,0.9384822446955003,1.6683977507686194
19635,0.25,0.15,0.6,0.3,0.0,0.7,2.2595,1.19,2.083,0.9381641299427383,1.6583628944782567
19636,0.25,0.15,0.6,0.3,0.05,0.65,2.2595,1.19,2.071,0.9390143869758798,1.6589956154085848
19637,0.25,0.15,0.6,0.3,0.1,0.6,2.2595,1.19,2.059,0.9398709247627286,1.6882848216936768
19649,0.25,0.15,0.6,0.35,0.0,0.65,2.2595,1.19,2.0635000000000003,0.939548982655431,1.678249965403314
19650,0.25,0.15,0.6,0.35,0.05,0.6,2.2595,1.19,2.0515,0.9404094813188976,1.6788826863336421
19740,0.25,0.2,0.55,0.0,0.0,1.0,2.241,1.19,2.2,0.926330741961492,1.5709587934813336
19741,0.25,0.2,0.55,0.0,0.05,0.95,2.241,1.19,2.188,0.9271095126924864,1.5757872941736217
19742,0.25,0.2,0.55,0.0,0.1,0.9,2.241,1.19,2.176,0.9278938361559655,1.5851894295336564
19743,0.25,0.2,0.55,0.0,0.15,0.85,2.241,1.19,2.164,0.9286837719519206,1.6096136751682049
19744,0.25,0.2,0.55,0.0,0.2,0.8,2.241,1.19,2.152,0.9294793805363564,1.6096136751682049
19745,0.25,0.2,0.55,0.0,0.25,0.75,2.241,1.19,2.14,0.930280723236716,1.617392129979041
19746,0.25,0.2,0.55,0.0,0.3,0.7,2.241,1.19,2.128,0.9310878622676388,1.672278651713913
19760,0.25,0.2,0.55,0.05,0.0,0.95,2.241,1.19,2.1805,0.9275990603816406,1.5751545732432937
19761,0.25,0.2,0.55,0.05,0.05,0.9,2.241,1.19,2.1685000000000003,0.9283868845145395,1.5757872941736217
19762,0.25,0.2,0.55,0.05,0.1,0.85,2.241,1.19,2.1565000000000003,0.9291803586636316,1.5851894295336564
19763,0.25,0.2,0.55,0.05,0.15,0.8,2.241,1.19,2.1445000000000003,0.9299795438277416,1.6096136751682049
19764,0.25,0.2,0.55,0.05,0.2,0.75,2.241,1.19,2.1325000000000003,0.930784501886942,1.6126059757407512
19765,0.25,0.2,0.55,0.05,0.25,0.7,2.241,1.19,2.1205,0.9315952956185248,1.669973602063264
19779,0.25,0.2,0.55,0.1,0.0,0.9,2.241,1.19,2.161,0.928882139893519,1.5751545732432937
19780,0.25,0.2,0.55,0.1,0.05,0.85,2.241,1.19,2.149,0.929679176223104,1.5757872941736217
19781,0.25,0.2,0.55,0.1,0.1,0.8,2.241,1.19,2.1370000000000005,0.9304819621384744,1.5805199355944344
19782,0.25,0.2,0.55,0.1,0.15,0.75,2.241,1.19,2.125,0.931290560078572,1.6241713866059007
19783,0.25,0.2,0.55,0.1,0.2,0.7,2.241,1.19,2.113,0.9321050333897148,1.669973602063264
19784,0.25,0.2,0.55,0.1,0.25,0.65,2.241,1.19,2.101,0.932925446342142,1.6806615591851428
19797,0.25,0.2,0.55,0.15,0.0,0.85,2.241,1.19,2.1415,0.9301802396968466,1.5752712335423615
19798,0.25,0.2,0.55,0.15,0.05,0.8,2.241,1.19,2.1295,0.9309866507533682,1.5826832110995492
19799,0.25,0.2,0.55,0.15,0.1,0.75,2.241,1.19,2.1175,0.93179891331869,1.6455493564287156
19800,0.25,0.2,0.55,0.15,0.15,0.7,2.241,1.19,2.1055,0.9326170913146196,1.6806615591851428
19801,0.25,0.2,0.55,0.15,0.2,0.65,2.241,1.19,2.0935,0.9334412495974084,1.6945242655309964
19802,0.25,0.2,0.55,0.15,0.25,0.6,2.241,1.19,2.0815,0.9342714539748896,1.6949242706952559
19814,0.25,0.2,0.55,0.2,0.0,0.8,2.241,1.19,2.1220000000000003,0.9314936250956845,1.6278527056265846
19815,0.25,0.2,0.55,0.2,0.05,0.75,2.241,1.19,2.1100000000000003,0.932309577255354,1.6468351781905597
19816,0.25,0.2,0.55,0.2,0.1,0.7,2.241,1.19,2.098,0.9331314852702036,1.6562373135505943
19817,0.25,0.2,0.55,0.2,0.15,0.65,2.241,1.19,2.0860000000000003,0.9339594145891912,1.6945242655309964
19818,0.25,0.2,0.55,0.2,0.2,0.6,2.241,1.19,2.074,0.9347934316237598,1.6949242706952559
19830,0.25,0.2,0.55,0.25,0.0,0.75,2.241,1.19,2.1025,0.932822567679201,1.6462024572602316
19831,0.25,0.2,0.55,0.25,0.05,0.7,2.241,1.19,2.0905,0.9336482312786254,1.6573298009500945
19832,0.25,0.2,0.55,0.25,0.1,0.65,2.241,1.19,2.0785,0.9344799575754296,1.6671319414743886
19845,0.25,0.2,0.55,0.3,0.0,0.7,2.241,1.19,2.083,0.9341673455089003,1.6570970851840259
19846,0.25,0.2,0.55,0.3,0.05,0.65,2.241,1.19,2.071,0.9350028949636288,1.657729806114354
19847,0.25,0.2,0.55,0.3,0.1,0.6,2.241,1.19,2.059,0.9358446165288256,1.6887554346654354
19859,0.25,0.2,0.55,0.35,0.0,0.65,2.241,1.19,2.0635000000000003,0.9355282433125846,1.6787205783750727
19860,0.25,0.2,0.55,0.35,0.05,0.6,2.241,1.19,2.0515,0.9363738572399368,1.6793532993054008
19950,0.25,0.25,0.5,0.0,0.0,1.0,2.2225,1.19,2.2,0.922471899645282,1.564851403141934
19951,0.25,0.25,0.5,0.0,0.05,0.95,2.2225,1.19,2.188,0.9232369622330574,1.5700280662862272
19952,0.25,0.25,0.5,0.0,0.1,0.9,2.2225,1.19,2.176,0.9240074798125458,1.5794302016462618
19953,0.25,0.25,0.5,0.0,0.15,0.85,2.2225,1.19,2.164,0.9247835109346424,1.6038544472808103
19954,0.25,0.25,0.5,0.0,0.2,0.8,2.2225,1.19,2.152,0.9255651149911884,1.6038544472808103
19955,0.25,0.25,0.5,0.0,0.25,0.75,2.2225,1.19,2.14,0.9263523522301242,1.6116329020916464
19956,0.25,0.25,0.5,0.0,0.3,0.7,2.2225,1.19,2.128,0.9271452837709688,1.6709574156128033
19970,0.25,0.25,0.5,0.05,0.0,0.95,2.2225,1.19,2.1805,0.9237178927649812,1.569395345355899
19971,0.25,0.25,0.5,0.05,0.05,0.9,2.2225,1.19,2.1685000000000003,0.9244918493941132,1.5700280662862272
19972,0.25,0.25,0.5,0.05,0.1,0.85,2.2225,1.19,2.1565000000000003,0.9252713565862518,1.5794302016462618
19973,0.25,0.25,0.5,0.05,0.15,0.8,2.2225,1.19,2.1445000000000003,0.9260564742665028,1.6038544472808103
19974,0.25,0.25,0.5,0.05,0.2,0.75,2.2225,1.19,2.1325000000000003,0.926847263225708,1.6112847396396415
19975,0.25,0.25,0.5,0.05,0.25,0.7,2.2225,1.19,2.1205,0.9276437851361352,1.6686523659621544
19989,0.25,0.25,0.5,0.1,0.0,0.9,2.2225,1.19,2.161,0.9249783871474876,1.569395345355899
19990,0.25,0.25,0.5,0.1,0.05,0.85,2.2225,1.19,2.149,0.9257613938176076,1.5700280662862272
19991,0.25,0.25,0.5,0.1,0.1,0.8,2.2225,1.19,2.1370000000000005,0.9265500488676748,1.5791986994933247
19992,0.25,0.25,0.5,0.1,0.15,0.75,2.2225,1.19,2.125,0.9273444136375611,1.622850150504791
19993,0.25,0.25,0.5,0.1,0.2,0.7,2.2225,1.19,2.113,0.9281445503585456,1.6686523659621544
19994,0.25,0.25,0.5,0.1,0.25,0.65,2.2225,1.19,2.101,0.9289505221695648,1.6793403230840331
20007,0.25,0.25,0.5,0.15,0.0,0.85,2.2225,1.19,2.1415,0.9262536374300148,1.569512005654967
20008,0.25,0.25,0.5,0.15,0.05,0.8,2.2225,1.19,2.1295,0.92704585381047,1.5813619749984396
20009,0.25,0.25,0.5,0.15,0.1,0.75,2.2225,1.19,2.1175,0.9278438186998084,1.644228120327606
20010,0.25,0.25,0.5,0.15,0.15,0.7,2.2225,1.19,2.1055,0.9286475948946676,1.6793403230840331
20011,0.25,0.25,0.5,0.15,0.2,0.65,2.2225,1.19,2.0935,0.9294572461096816,1.6910452441128707
20012,0.25,0.25,0.5,0.15,0.25,0.6,2.2225,1.19,2.0815,0.9302728369943146,1.692669226190078
20024,0.25,0.25,0.5,0.2,0.0,0.8,2.2225,1.19,2.1220000000000003,0.9275439042466652,1.626531469525475
20025,0.25,0.25,0.5,0.2,0.05,0.75,2.2225,1.19,2.1100000000000003,0.9283454937850658,1.64551394208945
20026,0.25,0.25,0.5,0.2,0.1,0.7,2.2225,1.19,2.098,0.9291529343419948,1.6549160774494847
20027,0.25,0.25,0.5,0.2,0.15,0.65,2.2225,1.19,2.0860000000000003,0.929966290214359,1.6910452441128707
20028,0.25,0.25,0.5,0.2,0.2,0.6,2.2225,1.19,2.074,0.9307856266446084,1.6900408572688042
20040,0.25,0.25,0.5,0.25,0.0,0.75,2.2225,1.19,2.1025,0.9288494544060192,1.644881221159122
20041,0.25,0.25,0.5,0.25,0.05,0.7,2.2225,1.19,2.0905,0.9296605844406584,1.6538507795319688
20042,0.25,0.25,0.5,0.25,0.1,0.65,2.2225,1.19,2.0785,0.930477670455359,1.6622485280479369
20055,0.25,0.25,0.5,0.3,0.0,0.7,2.2225,1.19,2.083,0.9301705610750628,1.654842040678848
20056,0.25,0.25,0.5,0.3,0.05,0.65,2.2225,1.19,2.071,0.9309914029513772,1.6528463926879022
20057,0.25,0.25,0.5,0.3,0.1,0.6,2.2225,1.19,2.059,0.9318183082949224,1.6870430961148557
20069,0.25,0.25,0.5,0.35,0.0,0.65,2.2225,1.19,2.0635000000000003,0.931507503969738,1.677008239824493
20070,0.25,0.25,0.5,0.35,0.05,0.6,2.2225,1.19,2.0515,0.9323382331609762,1.677640960754821
20160,0.25,0.3,0.45,0.0,0.0,1.0,2.204,1.19,2.2,0.9186130573290724,1.5630933061865975
20161,0.25,0.3,0.45,0.0,0.05,0.95,2.204,1.19,2.188,0.9193644117736284,1.5700280662862272
20162,0.25,0.3,0.45,0.0,0.1,0.9,2.204,1.19,2.176,0.920121123469126,1.5794302016462618
20163,0.25,0.3,0.45,0.0,0.15,0.85,2.204,1.19,2.164,0.9208832499173644,1.6038544472808103
20164,0.25,0.3,0.45,0.0,0.2,0.8,2.204,1.19,2.152,0.9216508494460206,1.6038544472808103
20165,0.25,0.3,0.45,0.0,0.25,0.75,2.204,1.19,2.14,0.922423981223532,1.6116329020916464
20166,0.25,0.3,0.45,0.0,0.3,0.7,2.204,1.19,2.128,0.9232027052742988,1.6713055780648083
20180,0.25,0.3,0.45,0.05,0.0,0.95,2.204,1.19,2.1805,0.9198367251483214,1.569395345355899
20181,0.25,0.3,0.45,0.05,0.05,0.9,2.204,1.19,2.1685000000000003,0.9205968142736872,1.5700280662862272
20182,0.25,0.3,0.45,0.05,0.1,0.85,2.204,1.19,2.1565000000000003,0.921362354508872,1.5794302016462618
20183,0.25,0.3,0.45,0.05,0.15,0.8,2.204,1.19,2.1445000000000003,0.9221334047052636,1.6038544472808103
20184,0.25,0.3,0.45,0.05,0.2,0.75,2.204,1.19,2.1325000000000003,0.9229100245644736,1.6116329020916464
20185,0.25,0.3,0.45,0.05,0.25,0.7,2.204,1.19,2.1205,0.9236922746537456,1.6690005284141594
20199,0.25,0.3,0.45,0.1,0.0,0.9,2.204,1.19,2.161,0.9210746344014562,1.569395345355899
20200,0.25,0.3,0.45,0.1,0.05,0.85,2.204,1.19,2.149,0.9218436114121116,1.5700280662862272
20201,0.25,0.3,0.45,0.1,0.1,0.8,2.204,1.19,2.1370000000000005,0.9226181355968748,1.5795468619453297
20202,0.25,0.3,0.45,0.1,0.15,0.75,2.204,1.19,2.125,0.9233982671965502,1.623198312956796
20203,0.25,0.3,0.45,0.1,0.2,0.7,2.204,1.19,2.113,0.9241840673273768,1.6690005284141594
20204,0.25,0.3,0.45,0.1,0.25,0.65,2.204,1.19,2.101,0.9249755979969878,1.6796884855360381
20217,0.25,0.3,0.45,0.15,0.0,0.85,2.204,1.19,2.1415,0.9223270351631824,1.569512005654967
20218,0.25,0.3,0.45,0.15,0.05,0.8,2.204,1.19,2.1295,0.9231050568675714,1.5817101374504445
20219,0.25,0.3,0.45,0.15,0.1,0.75,2.204,1.19,2.1175,0.9238887240809268,1.6445762827796109
20220,0.25,0.3,0.45,0.15,0.15,0.7,2.204,1.19,2.1055,0.924678098474716,1.6796884855360381
20221,0.25,0.3,0.45,0.15,0.2,0.65,2.204,1.19,2.0935,0.9254732426219544,1.6913934065648757
20222,0.25,0.3,0.45,0.15,0.25,0.6,2.204,1.19,2.0815,0.9262742200137396,1.693017388642083
20234,0.25,0.3,0.45,0.2,0.0,0.8,2.204,1.19,2.1220000000000003,0.9235941833976462,1.6268796319774799
20235,0.25,0.3,0.45,0.2,0.05,0.75,2.204,1.19,2.1100000000000003,0.9243814103147774,1.645862104541455
20236,0.25,0.3,0.45,0.2,0.1,0.7,2.204,1.19,2.098,0.9251743834137856,1.6552642399014896
20237,0.25,0.3,0.45,0.2,0.15,0.65,2.204,1.19,2.0860000000000003,0.9259731658395264,1.6913934065648757
20238,0.25,0.3,0.45,0.2,0.2,0.6,2.204,1.19,2.074,0.9267778216654564,1.692669226190078
20250,0.25,0.3,0.45,0.25,0.0,0.75,2.204,1.19,2.1025,0.9248763411328372,1.645229383611127
20251,0.25,0.3,0.45,0.25,0.05,0.7,2.204,1.19,2.0905,0.925672937602691,1.6541989419839738
20252,0.25,0.3,0.45,0.25,0.1,0.65,2.204,1.19,2.0785,0.926475383335288,1.6648768969692107
20265,0.25,0.3,0.45,0.3,0.0,0.7,2.204,1.19,2.083,0.9261737766412248,1.655190203130853
20266,0.25,0.3,0.45,0.3,0.05,0.65,2.204,1.19,2.071,0.9269799109391262,1.655474761609176
20267,0.25,0.3,0.45,0.3,0.1,0.6,2.204,1.19,2.059,0.9277920000610193,1.6870430961148557
20279,0.25,0.3,0.45,0.35,0.0,0.65,2.204,1.19,2.0635000000000003,0.9274867646268914,1.677008239824493
20280,0.25,0.3,0.45,0.35,0.05,0.6,2.204,1.19,2.0515,0.9283026090820152,1.677640960754821
20370,0.25,0.35,0.4,0.0,0.0,1.0,2.1855,1.19,2.2,0.9147542150128626,1.5668639002300941
20371,0.25,0.35,0.4,0.0,0.05,0.95,2.1855,1.19,2.188,0.9154918613141996,1.5705081081458088
20372,0.25,0.35,0.4,0.0,0.1,0.9,2.1855,1.19,2.176,0.9162347671257062,1.5799102435058434
20373,0.25,0.35,0.4,0.0,0.15,0.85,2.1855,1.19,2.164,0.916982988900086,1.6038544472808103
20374,0.25,0.35,0.4,0.0,0.2,0.8,2.1855,1.19,2.152,0.9177365839008528,1.6038544472808103
20375,0.25,0.35,0.4,0.0,0.25,0.75,2.1855,1.19,2.14,0.9184956102169404,1.6116329020916464
20376,0.25,0.35,0.4,0.0,0.3,0.7,2.1855,1.19,2.128,0.9192601267776288,1.6713055780648083
20390,0.25,0.35,0.4,0.05,0.0,0.95,2.1855,1.19,2.1805,0.915955557531662,1.5698753872154807
20391,0.25,0.35,0.4,0.05,0.05,0.9,2.1855,1.19,2.1685000000000003,0.9167017791532612,1.5705081081458088
20392,0.25,0.35,0.4,0.05,0.1,0.85,2.1855,1.19,2.1565000000000003,0.9174533524314924,1.5794302016462618
20393,0.25,0.35,0.4,0.05,0.15,0.8,2.1855,1.19,2.1445000000000003,0.9182103351440246,1.6038544472808103
20394,0.25,0.35,0.4,0.05,0.2,0.75,2.1855,1.19,2.1325000000000003,0.9189727859032392,1.6116329020916464
20395,0.25,0.35,0.4,0.05,0.25,0.7,2.1855,1.19,2.1205,0.919740764171356,1.6690005284141594
20409,0.25,0.35,0.4,0.1,0.0,0.9,2.1855,1.19,2.161,0.9171708816554248,1.569395345355899
20410,0.25,0.35,0.4,0.1,0.05,0.85,2.1855,1.19,2.149,0.9179258290066158,1.5700280662862272
20411,0.25,0.35,0.4,0.1,0.1,0.8,2.1855,1.19,2.1370000000000005,0.9186862223260752,1.5795468619453297
20412,0.25,0.35,0.4,0.1,0.15,0.75,2.1855,1.19,2.125,0.9194521207555396,1.623198312956796
20413,0.25,0.35,0.4,0.1,0.2,0.7,2.1855,1.19,2.113,0.920223584296208,1.6690005284141594
20414,0.25,0.35,0.4,0.1,0.25,0.65,2.1855,1.19,2.101,0.9210006738244108,1.6796884855360381
20427,0.25,0.35,0.4,0.15,0.0,0.85,2.1855,1.19,2.1415,0.9184004328963502,1.569512005654967
20428,0.25,0.35,0.4,0.15,0.05,0.8,2.1855,1.19,2.1295,0.9191642599246732,1.5817101374504445
20429,0.25,0.35,0.4,0.15,0.1,0.75,2.1855,1.19,2.1175,0.9199336294620452,1.6445762827796109
20430,0.25,0.35,0.4,0.15,0.15,0.7,2.1855,1.19,2.1055,0.9207086020547642,1.6796884855360381
20431,0.25,0.35,0.4,0.15,0.2,0.65,2.1855,1.19,2.0935,0.9214892391342278,1.6913934065648757
20432,0.25,0.35,0.4,0.15,0.25,0.6,2.1855,1.19,2.0815,0.9222756030331648,1.693017388642083
20444,0.25,0.35,0.4,0.2,0.0,0.8,2.1855,1.19,2.1220000000000003,0.9196444625486272,1.6268796319774799
20445,0.25,0.35,0.4,0.2,0.05,0.75,2.1855,1.19,2.1100000000000003,0.9204173268444892,1.645862104541455
20446,0.25,0.35,0.4,0.2,0.1,0.7,2.1855,1.19,2.098,0.9211958324855768,1.6552642399014896
20447,0.25,0.35,0.4,0.2,0.15,0.65,2.1855,1.19,2.0860000000000003,0.921980041464694,1.6913934065648757
20448,0.25,0.35,0.4,0.2,0.2,0.6,2.1855,1.19,2.074,0.922770016686305,1.693017388642083
20460,0.25,0.35,0.4,0.25,0.0,0.75,2.1855,1.19,2.1025,0.9209032278596556,1.645229383611127
20461,0.25,0.35,0.4,0.25,0.05,0.7,2.1855,1.19,2.0905,0.921685290764724,1.6541989419839738
20462,0.25,0.35,0.4,0.25,0.1,0.65,2.1855,1.19,2.0785,0.9224730962152176,1.6652250594212157
20475,0.25,0.35,0.4,0.3,0.0,0.7,2.1855,1.19,2.083,0.9221769922073872,1.655190203130853
20476,0.25,0.35,0.4,0.3,0.05,0.65,2.1855,1.19,2.071,0.9229684189268752,1.655822924061181
20477,0.25,0.35,0.4,0.3,0.1,0.6,2.1855,1.19,2.059,0.9237656918271164,1.6842284426735805
20489,0.25,0.35,0.4,0.35,0.0,0.65,2.1855,1.19,2.0635000000000003,0.923466025284045,1.6741935863832178
20490,0.25,0.35,0.4,0.35,0.05,0.6,2.1855,1.19,2.0515,0.9242669850030548,1.6748263073135459
20580,0.25,0.4,0.35,0.0,0.0,1.0,2.167,1.19,2.2,0.9108953726966528,1.6037148647426651
20581,0.25,0.4,0.35,0.0,0.05,0.95,2.167,1.19,2.188,0.9116193108547704,1.6080931687046667
20582,0.25,0.4,0.35,0.0,0.1,0.9,2.167,1.19,2.176,0.9123484107822862,1.6167612080184144
20583,0.25,0.4,0.35,0.0,0.15,0.85,2.167,1.19,2.164,0.9130827278828076,1.6359296657852573
20584,0.25,0.4,0.35,0.0,0.2,0.8,2.167,1.19,2.152,0.9138223183556848,1.6359296657852573
20585,0.25,0.4,0.35,0.0,0.25,0.75,2.167,1.19,2.14,0.9145672392103484,1.6305878864034222
20586,0.25,0.4,0.35,0.0,0.3,0.7,2.167,1.19,2.128,0.9153175482809588,1.6763241158971078
20600,0.25,0.4,0.35,0.05,0.0,0.95,2.167,1.19,2.1805,0.9120743899150024,1.6067263517280517
20601,0.25,0.4,0.35,0.05,0.05,0.9,2.167,1.19,2.1685000000000003,0.912806744032835,1.6073590726583797
20602,0.25,0.4,0.35,0.05,0.1,0.85,2.167,1.19,2.1565000000000003,0.9135443503541126,1.6167612080184144
20603,0.25,0.4,0.35,0.05,0.15,0.8,2.167,1.19,2.1445000000000003,0.914287265582786,1.626547028521939
20604,0.25,0.4,0.35,0.05,0.2,0.75,2.167,1.19,2.1325000000000003,0.9150355472420046,1.6305878864034222
20605,0.25,0.4,0.35,0.05,0.25,0.7,2.167,1.19,2.1205,0.915789253688966,1.6820882091036018
20619,0.25,0.4,0.35,0.1,0.0,0.9,2.167,1.19,2.161,0.9132671289093932,1.6067263517280517
20620,0.25,0.4,0.35,0.1,0.05,0.85,2.167,1.19,2.149,0.9140080466011198,1.6073590726583797
20621,0.25,0.4,0.35,0.1,0.1,0.8,2.167,1.19,2.1370000000000005,0.914754309055275,1.607495231054164
20622,0.25,0.4,0.35,0.1,0.15,0.75,2.167,1.19,2.125,0.9155059743145284,1.6362859936462384
20623,0.25,0.4,0.35,0.1,0.2,0.7,2.167,1.19,2.113,0.9162631012650386,1.6820882091036018
20624,0.25,0.4,0.35,0.1,0.25,0.65,2.167,1.19,2.101,0.9170257496518336,1.692296124365899
20637,0.25,0.4,0.35,0.15,0.0,0.85,2.167,1.19,2.1415,0.9144738306295184,1.5974603747638012
20638,0.25,0.4,0.35,0.15,0.05,0.8,2.167,1.19,2.1295,0.9152234629817748,1.6037912029369454
20639,0.25,0.4,0.35,0.15,0.1,0.75,2.167,1.19,2.1175,0.9159785348431632,1.6629197513367588
20640,0.25,0.4,0.35,0.15,0.15,0.7,2.167,1.19,2.1055,0.9167391056348124,1.6927761662254805
20654,0.25,0.4,0.35,0.2,0.0,0.8,2.167,1.19,2.1220000000000003,0.915694741699608,1.6489606974639808
20655,0.25,0.4,0.35,0.2,0.05,0.75,2.167,1.19,2.1100000000000003,0.916453243374201,1.664205573098603
20656,0.25,0.4,0.35,0.2,0.1,0.7,2.167,1.19,2.098,0.9172172815573676,1.673127666599056
20670,0.25,0.4,0.35,0.25,0.0,0.75,2.167,1.19,2.1025,0.9169301145864736,1.6630928103086933
20671,0.25,0.4,0.35,0.25,0.05,0.7,2.167,1.19,2.0905,0.9176976439267568,1.6720623686815401
20672,0.25,0.4,0.35,0.25,0.1,0.65,2.167,1.19,2.0785,0.9184708090951468,1.683088486118782
20685,0.25,0.4,0.35,0.3,0.0,0.7,2.167,1.19,2.083,0.9181802077735493,1.6730536298284193
20686,0.25,0.4,0.35,0.3,0.05,0.65,2.167,1.19,2.071,0.9189569269146236,1.6736863507587474
20699,0.25,0.4,0.35,0.35,0.0,0.65,2.167,1.19,2.0635000000000003,0.9194452859411985,1.6920570130807842
20700,0.25,0.4,0.35,0.35,0.05,0.6,2.167,1.19,2.0515,0.920231360924094,1.6926897340111122
20790,0.25,0.45,0.3,0.0,0.0,1.0,2.1485,1.19,2.2,0.9070365303804429,1.6037148647426651
20791,0.25,0.45,0.3,0.0,0.05,0.95,2.1485,1.19,2.188,0.9077467603953412,1.6080931687046667
20792,0.25,0.45,0.3,0.0,0.1,0.9,2.1485,1.19,2.176,0.9084620544388664,1.6174953040647015
20793,0.25,0.45,0.3,0.0,0.15,0.85,2.1485,1.19,2.164,0.9091824668655296,1.6366637618315443
20794,0.25,0.45,0.3,0.0,0.2,0.8,2.1485,1.19,2.152,0.9099080528105168,1.6366637618315443
20795,0.25,0.45,0.3,0.0,0.25,0.75,2.1485,1.19,2.14,0.9106388682037564,1.6407046197130277
20796,0.25,0.45,0.3,0.0,0.3,0.7,2.1485,1.19,2.128,0.9113749697842888,1.6864408492067133
20810,0.25,0.45,0.3,0.05,0.0,0.95,2.1485,1.19,2.1805,0.9081932222983428,1.6074604477743388
20811,0.25,0.45,0.3,0.05,0.05,0.9,2.1485,1.19,2.1685000000000003,0.9089117089124088,1.6080931687046667
20812,0.25,0.45,0.3,0.05,0.1,0.85,2.1485,1.19,2.1565000000000003,0.9096353482767328,1.6174953040647015
20813,0.25,0.45,0.3,0.05,0.15,0.8,2.1485,1.19,2.1445000000000003,0.910364196021547,1.6366637618315443
20814,0.25,0.45,0.3,0.05,0.2,0.75,2.1485,1.19,2.1325000000000003,0.9110983085807706,1.6407046197130277
20815,0.25,0.45,0.3,0.05,0.25,0.7,2.1485,1.19,2.1205,0.9118377432065764,1.6847413807493623
20829,0.25,0.45,0.3,0.1,0.0,0.9,2.1485,1.19,2.161,0.9093633761633622,1.6074604477743388
20830,0.25,0.45,0.3,0.1,0.05,0.85,2.1485,1.19,2.149,0.9100902641956238,1.6080931687046667
20831,0.25,0.45,0.3,0.1,0.1,0.8,2.1485,1.19,2.1370000000000005,0.9108223957844752,1.6176119643637692
20832,0.25,0.45,0.3,0.1,0.15,0.75,2.1485,1.19,2.125,0.9115598278735176,1.6464027269558439
20833,0.25,0.45,0.3,0.1,0.2,0.7,2.1485,1.19,2.113,0.9123026182338698,1.6847413807493623
20834,0.25,0.45,0.3,0.1,0.25,0.65,2.1485,1.19,2.101,0.9130508254792564,1.695429337871241
20847,0.25,0.45,0.3,0.15,0.0,0.85,2.1485,1.19,2.1415,0.910547228362686,1.6075771080734065
20848,0.25,0.45,0.3,0.15,0.05,0.8,2.1485,1.19,2.1295,0.9112826660388764,1.613907936246551
20849,0.25,0.45,0.3,0.15,0.1,0.75,2.1485,1.19,2.1175,0.9120234402242816,1.6655729229825194
20850,0.25,0.45,0.3,0.15,0.15,0.7,2.1485,1.19,2.1055,0.9127696092148604,1.695429337871241
20864,0.25,0.45,0.3,0.2,0.0,0.8,2.1485,1.19,2.1220000000000003,0.9117450208505892,1.6523479651560284
20865,0.25,0.45,0.3,0.2,0.05,0.75,2.1485,1.19,2.1100000000000003,0.9124891599039128,1.6668587447443635
20866,0.25,0.45,0.3,0.2,0.1,0.7,2.1485,1.19,2.098,0.9132387306291586,1.676260880104398
20880,0.25,0.45,0.3,0.25,0.0,0.75,2.1485,1.19,2.1025,0.9129570013132916,1.6662260238140354
20881,0.25,0.45,0.3,0.25,0.05,0.7,2.1485,1.19,2.0905,0.9137099970887896,1.6725424105411217
20882,0.25,0.45,0.3,0.25,0.1,0.65,2.1485,1.19,2.0785,0.914468521975076,1.6835685279783636
20895,0.25,0.45,0.3,0.3,0.0,0.7,2.1485,1.19,2.083,0.9141834233397116,1.673533671688001
20896,0.25,0.45,0.3,0.3,0.05,0.65,2.1485,1.19,2.071,0.9149454349023726,1.674166392618329
20909,0.25,0.45,0.3,0.35,0.0,0.65,2.1485,1.19,2.0635000000000003,0.9154245465983518,1.6925370549403658
20910,0.25,0.45,0.3,0.35,0.05,0.6,2.1485,1.19,2.0515,0.9161957368451332,1.6931697758706938
21000,0.25,0.5,0.25,0.0,0.0,1.0,2.13,1.19,2.2,0.9031776880642332,1.5960185080925027
21001,0.25,0.5,0.25,0.0,0.05,0.95,2.13,1.19,2.188,0.9038742099359124,1.60216452309338
21002,0.25,0.5,0.25,0.0,0.1,0.9,2.13,1.19,2.176,0.9045756980954468,1.611566658453415
21003,0.25,0.5,0.25,0.0,0.15,0.85,2.13,1.19,2.164,0.9052822058482514,1.6307351162202577
21004,0.25,0.5,0.25,0.0,0.2,0.8,2.13,1.19,2.152,0.905993787265349,1.6307351162202577
21005,0.25,0.5,0.25,0.0,0.25,0.75,2.13,1.19,2.14,0.9067104971971643,1.6347759741017411
21006,0.25,0.5,0.25,0.0,0.3,0.7,2.13,1.19,2.128,0.9074323912876188,1.6805122035954267
21020,0.25,0.5,0.25,0.05,0.0,0.95,2.13,1.19,2.1805,0.904312054681683,1.6015318021630522
21021,0.25,0.5,0.25,0.05,0.05,0.9,2.13,1.19,2.1685000000000003,0.9050166737919828,1.60216452309338
21022,0.25,0.5,0.25,0.05,0.1,0.85,2.13,1.19,2.1565000000000003,0.9057263461993532,1.611566658453415
21023,0.25,0.5,0.25,0.05,0.15,0.8,2.13,1.19,2.1445000000000003,0.906441126460308,1.6307351162202577
21024,0.25,0.5,0.25,0.05,0.2,0.75,2.13,1.19,2.1325000000000003,0.907161069919536,1.6347759741017411
21025,0.25,0.5,0.25,0.05,0.25,0.7,2.13,1.19,2.1205,0.9078862327241868,1.6795468311843627
21039,0.25,0.5,0.25,0.1,0.0,0.9,2.13,1.19,2.161,0.9054596234173308,1.6015318021630522
21040,0.25,0.5,0.25,0.1,0.05,0.85,2.13,1.19,2.149,0.9061724817901278,1.60216452309338
21041,0.25,0.5,0.25,0.1,0.1,0.8,2.13,1.19,2.1370000000000005,0.9068904825136752,1.6116833187524826
21042,0.25,0.5,0.25,0.1,0.15,0.75,2.13,1.19,2.125,0.9076136814325066,1.6404740813445573
21043,0.25,0.5,0.25,0.1,0.2,0.7,2.13,1.19,2.113,0.9083421352027008,1.6795468311843627
21044,0.25,0.5,0.25,0.1,0.25,0.65,2.13,1.19,2.101,0.9090759013066796,1.6902347883062416
21057,0.25,0.5,0.25,0.15,0.0,0.85,2.13,1.19,2.1415,0.9066206260958538,1.60164846246212
21058,0.25,0.5,0.25,0.15,0.05,0.8,2.13,1.19,2.1295,0.907341869095978,1.6079792906352643
21059,0.25,0.5,0.25,0.15,0.1,0.75,2.13,1.19,2.1175,0.9080683456054,1.66037837341752
21060,0.25,0.5,0.25,0.15,0.15,0.7,2.13,1.19,2.1055,0.9088001127949088,1.6902347883062416
21061,0.25,0.5,0.25,0.15,0.2,0.65,2.13,1.19,2.0935,0.909537228671047,1.6992865376893185
21074,0.25,0.5,0.25,0.2,0.0,0.8,2.13,1.19,2.1220000000000003,0.90779530000157,1.6464193195447419
21075,0.25,0.5,0.25,0.2,0.05,0.75,2.13,1.19,2.1100000000000003,0.9085250764336248,1.661664195179364
21076,0.25,0.5,0.25,0.2,0.1,0.7,2.13,1.19,2.098,0.9092601797009496,1.6710663305393985
21077,0.25,0.5,0.25,0.2,0.15,0.65,2.13,1.19,2.0860000000000003,0.9100006683401966,1.6992865376893185
21090,0.25,0.5,0.25,0.25,0.0,0.75,2.13,1.19,2.1025,0.90898388804011,1.6610314742490357
21091,0.25,0.5,0.25,0.25,0.05,0.7,2.13,1.19,2.0905,0.9097223502508224,1.667347860976122
21092,0.25,0.5,0.25,0.25,0.1,0.65,2.13,1.19,2.0785,0.9104662348550052,1.678373978413364
21105,0.25,0.5,0.25,0.3,0.0,0.7,2.13,1.19,2.083,0.9101866389058736,1.6683391221230013
21106,0.25,0.5,0.25,0.3,0.05,0.65,2.13,1.19,2.071,0.9109339428901216,1.6689718430533296
21107,0.25,0.5,0.25,0.3,0.1,0.6,2.13,1.19,2.059,0.911686767125407,1.6945725648454866
21119,0.25,0.5,0.25,0.35,0.0,0.65,2.13,1.19,2.0635000000000003,0.9114038072555054,1.6845377085551239
21120,0.25,0.5,0.25,0.35,0.05,0.6,2.13,1.19,2.0515,0.9121601127661726,1.684436333439165
21211,0.25,0.55,0.2,0.0,0.05,0.95,2.1115000000000004,1.19,2.188,0.9000016594764835,1.611455904661818
21212,0.25,0.55,0.2,0.0,0.1,0.9,2.1115000000000004,1.19,2.176,0.900689341752027,1.6208580400218524
21213,0.25,0.55,0.2,0.0,0.15,0.85,2.1115000000000004,1.19,2.164,0.9013819448309732,1.6400264977886956
21214,0.25,0.55,0.2,0.0,0.2,0.8,2.1115000000000004,1.19,2.152,0.9020795217201812,1.6400264977886956
21215,0.25,0.55,0.2,0.0,0.25,0.75,2.1115000000000004,1.19,2.14,0.9027821261905724,1.6440673556701786
21216,0.25,0.55,0.2,0.0,0.3,0.7,2.1115000000000004,1.19,2.128,0.903489812790949,1.6898035851638642
21230,0.25,0.55,0.2,0.05,0.0,0.95,2.1115000000000004,1.19,2.1805,0.9004308870650235,1.6108231837314897
21231,0.25,0.55,0.2,0.05,0.05,0.9,2.1115000000000004,1.19,2.1685000000000003,0.9011216386715568,1.611455904661818
21232,0.25,0.55,0.2,0.05,0.1,0.85,2.1115000000000004,1.19,2.1565000000000003,0.9018173441219736,1.6208580400218524
21233,0.25,0.55,0.2,0.05,0.15,0.8,2.1115000000000004,1.19,2.1445000000000003,0.9025180568990692,1.6400264977886956
21234,0.25,0.55,0.2,0.05,0.2,0.75,2.1115000000000004,1.19,2.1325000000000003,0.9032238312583016,1.6440673556701786
21235,0.25,0.55,0.2,0.05,0.25,0.7,2.1115000000000004,1.19,2.1205,0.903934722241797,1.6888382127528005
21249,0.25,0.55,0.2,0.1,0.0,0.9,2.1115000000000004,1.19,2.161,0.9015558706712996,1.6108231837314897
21250,0.25,0.55,0.2,0.1,0.05,0.85,2.1115000000000004,1.19,2.149,0.902254699384632,1.611455904661818
21251,0.25,0.55,0.2,0.1,0.1,0.8,2.1115000000000004,1.19,2.1370000000000005,0.9029585692428757,1.6209747003209205
21252,0.25,0.55,0.2,0.1,0.15,0.75,2.1115000000000004,1.19,2.125,0.903667534991496,1.6497654629129948
21253,0.25,0.55,0.2,0.1,0.2,0.7,2.1115000000000004,1.19,2.113,0.904381652171532,1.6888382127528005
21254,0.25,0.55,0.2,0.1,0.25,0.65,2.1115000000000004,1.19,2.101,0.9051009771341024,1.699526169874679
21267,0.25,0.55,0.2,0.15,0.0,0.85,2.1115000000000004,1.19,2.1415,0.902694023829022,1.6109398440305578
21268,0.25,0.55,0.2,0.15,0.05,0.8,2.1115000000000004,1.19,2.1295,0.9034010721530796,1.6172706722037018
21269,0.25,0.55,0.2,0.15,0.1,0.75,2.1115000000000004,1.19,2.1175,0.9041132509865184,1.6696697549859574
21270,0.25,0.55,0.2,0.15,0.15,0.7,2.1115000000000004,1.19,2.1055,0.9048306163749572,1.699526169874679
21284,0.25,0.55,0.2,0.2,0.0,0.8,2.1115000000000004,1.19,2.1220000000000003,0.9038455791525511,1.6557107011131793
21285,0.25,0.55,0.2,0.2,0.05,0.75,2.1115000000000004,1.19,2.1100000000000003,0.9045609929633364,1.6709555767478015
21286,0.25,0.55,0.2,0.2,0.1,0.7,2.1115000000000004,1.19,2.098,0.9052816287727408,1.6803577121078364
21300,0.25,0.55,0.2,0.25,0.0,0.75,2.1115000000000004,1.19,2.1025,0.9050107747669284,1.6703228558174736
21301,0.25,0.55,0.2,0.25,0.05,0.7,2.1115000000000004,1.19,2.0905,0.9057347034128556,1.67663924254456
21302,0.25,0.55,0.2,0.25,0.1,0.65,2.1115000000000004,1.19,2.0785,0.9064639477349348,1.687665359981802
21315,0.25,0.55,0.2,0.3,0.0,0.7,2.1115000000000004,1.19,2.083,0.906189854472036,1.6776305036914392
21316,0.25,0.55,0.2,0.3,0.05,0.65,2.1115000000000004,1.19,2.071,0.9069224508778704,1.678263224621767
21329,0.25,0.55,0.2,0.35,0.0,0.65,2.1115000000000004,1.19,2.0635000000000003,0.907383067912659,1.6938290901235618
21330,0.25,0.55,0.2,0.35,0.05,0.6,2.1115000000000004,1.19,2.0515,0.908124488687212,1.6944618110538896
21479,0.25,0.6,0.15,0.15,0.1,0.75,2.093,1.19,2.1175,0.9001581563676365,1.6840455135818908
21495,0.25,0.6,0.15,0.2,0.05,0.75,2.093,1.19,2.1100000000000003,0.9005969094930483,1.685331335343735
21496,0.25,0.6,0.15,0.2,0.1,0.7,2.093,1.19,2.098,0.9013030778445316,1.6947334707037693
21510,0.25,0.6,0.15,0.25,0.0,0.75,2.093,1.19,2.1025,0.9010376614937464,1.6846986144134066
21511,0.25,0.6,0.15,0.25,0.05,0.7,2.093,1.19,2.0905,0.9017470565748884,1.6864102839638673
21525,0.25,0.6,0.15,0.3,0.0,0.7,2.093,1.19,2.083,0.902193070038198,1.693943189885408
21526,0.25,0.6,0.15,0.3,0.05,0.65,2.093,1.19,2.071,0.9029109588656188,1.6945759108157359
21750,0.25,0.65,0.1,0.35,0.05,0.6,2.0745,1.19,2.0515,0.9000532405292904,1.6907005287811516
22050,0.3,0.0,0.7,0.0,0.0,1.0,2.272,1.19,2.2,0.9327969101670324,1.5642536848867874
22051,0.3,0.0,0.7,0.0,0.05,0.95,2.272,1.19,2.188,0.933598651300178,1.5723311147961767
22052,0.3,0.0,0.7,0.0,0.1,0.9,2.272,1.19,2.176,0.934406108947642,1.5726152163232907
22053,0.3,0.0,0.7,0.0,0.15,0.85,2.272,1.19,2.164,0.9352193444673595,1.5970394619578392
22054,0.3,0.0,0.7,0.0,0.2,0.8,2.272,1.19,2.152,0.9360384200985294,1.5970394619578392
22055,0.3,0.0,0.7,0.0,0.25,0.75,2.272,1.19,2.14,0.9368633989774916,1.6048179167686754
22056,0.3,0.0,0.7,0.0,0.3,0.7,2.272,1.19,2.128,0.9376943451539508,1.6644905927418372
22070,0.3,0.0,0.7,0.05,0.0,0.95,2.272,1.19,2.1805,0.9341026385500972,1.5716983938658486
22071,0.3,0.0,0.7,0.05,0.05,0.9,2.272,1.19,2.1685000000000003,0.93491370012174,1.5723311147961767
22072,0.3,0.0,0.7,0.05,0.1,0.85,2.272,1.19,2.1565000000000003,0.9357305783608622,1.5726152163232907
22073,0.3,0.0,0.7,0.05,0.15,0.8,2.272,1.19,2.1445000000000003,0.9365533360654932,1.5970394619578392
22074,0.3,0.0,0.7,0.05,0.2,0.75,2.272,1.19,2.1325000000000003,0.9373820369409024,1.6048179167686754
22075,0.3,0.0,0.7,0.05,0.25,0.7,2.272,1.19,2.1205,0.938216745616043,1.6621855430911883
22089,0.3,0.0,0.7,0.1,0.0,0.9,2.272,1.19,2.161,0.935423563413896,1.5716983938658486
22090,0.3,0.0,0.7,0.1,0.05,0.85,2.272,1.19,2.149,0.9362441089025836,1.5723311147961767
22091,0.3,0.0,0.7,0.1,0.1,0.8,2.272,1.19,2.1370000000000005,0.9370705735652204,1.5727318766223586
22092,0.3,0.0,0.7,0.1,0.15,0.75,2.272,1.19,2.125,0.937903021682428,1.6163833276338249
22093,0.3,0.0,0.7,0.1,0.2,0.7,2.272,1.19,2.113,0.9387415184689708,1.6621855430911883
22094,0.3,0.0,0.7,0.1,0.25,0.65,2.272,1.19,2.101,0.9395861300907844,1.672873500213067
22107,0.3,0.0,0.7,0.15,0.0,0.85,2.272,1.19,2.1415,0.93675995160343,1.5718150541649165
22108,0.3,0.0,0.7,0.15,0.05,0.8,2.272,1.19,2.1295,0.93759014833336,1.584013185960394
22109,0.3,0.0,0.7,0.15,0.1,0.75,2.272,1.19,2.1175,0.9384263691665458,1.6377612974566398
22110,0.3,0.0,0.7,0.15,0.15,0.7,2.272,1.19,2.1055,0.9392686799102142,1.672873500213067
22111,0.3,0.0,0.7,0.15,0.2,0.65,2.272,1.19,2.0935,0.9401171473335992,1.6867362065589206
22112,0.3,0.0,0.7,0.15,0.25,0.6,2.272,1.19,2.0815,0.940971839185583,1.68713621172318
22124,0.3,0.0,0.7,0.2,0.0,0.8,2.272,1.19,2.1220000000000003,0.9381120762480948,1.6291826804874294
22125,0.3,0.0,0.7,0.2,0.05,0.75,2.272,1.19,2.1100000000000003,0.9389520955028638,1.6481651530514045
22126,0.3,0.0,0.7,0.2,0.1,0.7,2.272,1.19,2.098,0.9397982462850402,1.6484492545785185
22127,0.3,0.0,0.7,0.2,0.15,0.65,2.272,1.19,2.0860000000000003,0.940650595974046,1.6867362065589206
22128,0.3,0.0,0.7,0.2,0.2,0.6,2.272,1.19,2.074,0.9415092129401764,1.68713621172318
22140,0.3,0.0,0.7,0.25,0.0,0.75,2.272,1.19,2.1025,0.9394802169477756,1.6475324321210765
22141,0.3,0.0,0.7,0.25,0.05,0.7,2.272,1.19,2.0905,0.9403302340881918,1.6586597758109394
22142,0.3,0.0,0.7,0.25,0.1,0.65,2.272,1.19,2.0785,0.9411864927496022,1.6593438825023128
22155,0.3,0.0,0.7,0.3,0.0,0.7,2.272,1.19,2.083,0.9408646599656018,1.6584270600448707
22156,0.3,0.0,0.7,0.3,0.05,0.65,2.272,1.19,2.071,0.941724854551725,1.6590597809751988
22157,0.3,0.0,0.7,0.3,0.1,0.6,2.272,1.19,2.059,0.9425914032991496,1.6727717506481194
22169,0.3,0.0,0.7,0.35,0.0,0.65,2.272,1.19,2.0635000000000003,0.9422656984276244,1.6718549281906774
22170,0.3,0.0,0.7,0.35,0.05,0.6,2.272,1.19,2.0515,0.9431362543452222,1.6724876491210054
22260,0.3,0.05,0.65,0.0,0.0,1.0,2.2535,1.19,2.2,0.9289380678508228,1.5681139895327416
22261,0.3,0.05,0.65,0.0,0.05,0.95,2.2535,1.19,2.188,0.9297261008407492,1.5753808467684771
22262,0.3,0.05,0.65,0.0,0.1,0.9,2.2535,1.19,2.176,0.9305197526042224,1.5726152163232907
22263,0.3,0.05,0.65,0.0,0.15,0.85,2.2535,1.19,2.164,0.9313190834500816,1.5970394619578392
22264,0.3,0.05,0.65,0.0,0.2,0.8,2.2535,1.19,2.152,0.9321241545533616,1.5970394619578392
22265,0.3,0.05,0.65,0.0,0.25,0.75,2.2535,1.19,2.14,0.9329350279708996,1.6048179167686754
22266,0.3,0.05,0.65,0.0,0.3,0.7,2.2535,1.19,2.128,0.9337517666572808,1.6644905927418372
22280,0.3,0.05,0.65,0.05,0.0,0.95,2.2535,1.19,2.1805,0.9302214709334374,1.574748125838149
22281,0.3,0.05,0.65,0.05,0.05,0.9,2.2535,1.19,2.1685000000000003,0.931018665001314,1.5723311147961767
22282,0.3,0.05,0.65,0.05,0.1,0.85,2.2535,1.19,2.1565000000000003,0.9318215762834824,1.5726152163232907
22283,0.3,0.05,0.65,0.05,0.15,0.8,2.2535,1.19,2.1445000000000003,0.932630266504254,1.5970394619578392
22284,0.3,0.05,0.65,0.05,0.2,0.75,2.2535,1.19,2.1325000000000003,0.933444798279668,1.6048179167686754
22285,0.3,0.05,0.65,0.05,0.25,0.7,2.2535,1.19,2.1205,0.9342652351336532,1.6621855430911883
22299,0.3,0.05,0.65,0.1,0.0,0.9,2.2535,1.19,2.161,0.9315198106678646,1.5716983938658486
22300,0.3,0.05,0.65,0.1,0.05,0.85,2.2535,1.19,2.149,0.9323263264970876,1.5723311147961767
22301,0.3,0.05,0.65,0.1,0.1,0.8,2.2535,1.19,2.1370000000000005,0.9331386602944204,1.5727318766223586
22302,0.3,0.05,0.65,0.1,0.15,0.75,2.2535,1.19,2.125,0.9339568752414172,1.6163833276338249
22303,0.3,0.05,0.65,0.1,0.2,0.7,2.2535,1.19,2.113,0.934781035437802,1.6621855430911883
22304,0.3,0.05,0.65,0.1,0.25,0.65,2.2535,1.19,2.101,0.9356112059182076,1.672873500213067
22317,0.3,0.05,0.65,0.15,0.0,0.85,2.2535,1.19,2.1415,0.9328333493365978,1.5718150541649165
22318,0.3,0.05,0.65,0.15,0.05,0.8,2.2535,1.19,2.1295,0.9336493513904616,1.584013185960394
22319,0.3,0.05,0.65,0.15,0.1,0.75,2.2535,1.19,2.1175,0.934471274547664,1.6377612974566398
22320,0.3,0.05,0.65,0.15,0.15,0.7,2.2535,1.19,2.1055,0.9352991834902624,1.672873500213067
22321,0.3,0.05,0.65,0.15,0.2,0.65,2.2535,1.19,2.0935,0.9361331438458722,1.6867362065589206
22322,0.3,0.05,0.65,0.15,0.25,0.6,2.2535,1.19,2.0815,0.9369732222050078,1.68713621172318
22334,0.3,0.05,0.65,0.2,0.0,0.8,2.2535,1.19,2.1220000000000003,0.9341623553990756,1.6291826804874294
22335,0.3,0.05,0.65,0.2,0.05,0.75,2.2535,1.19,2.1100000000000003,0.9349880120325758,1.6481651530514045
22336,0.3,0.05,0.65,0.2,0.1,0.7,2.2535,1.19,2.098,0.9358196953568312,1.6484492545785185
22337,0.3,0.05,0.65,0.2,0.15,0.65,2.2535,1.19,2.0860000000000003,0.9366574715992132,1.6867362065589206
22338,0.3,0.05,0.65,0.2,0.2,0.6,2.2535,1.19,2.074,0.9375014079610244,1.68713621172318
22350,0.3,0.05,0.65,0.25,0.0,0.75,2.2535,1.19,2.1025,0.935507103674594,1.6475324321210765
22351,0.3,0.05,0.65,0.25,0.05,0.7,2.2535,1.19,2.0905,0.9363425872502248,1.6586597758109394
22352,0.3,0.05,0.65,0.25,0.1,0.65,2.2535,1.19,2.0785,0.9371842056295314,1.6593438825023128
22365,0.3,0.05,0.65,0.3,0.0,0.7,2.2535,1.19,2.083,0.936867875531764,1.6584270600448707
22366,0.3,0.05,0.65,0.3,0.05,0.65,2.2535,1.19,2.071,0.937713362539474,1.6590597809751988
22367,0.3,0.05,0.65,0.3,0.1,0.6,2.2535,1.19,2.059,0.9385650950652464,1.6727717506481194
22379,0.3,0.05,0.65,0.35,0.0,0.65,2.2535,1.19,2.0635000000000003,0.938244959084778,1.6718549281906774
22380,0.3,0.05,0.65,0.35,0.05,0.6,2.2535,1.19,2.0515,0.9391006302662616,1.6724876491210054
22470,0.3,0.1,0.6,0.0,0.0,1.0,2.235,1.19,2.2,0.9250792255346132,1.5759601169735356
22471,0.3,0.1,0.6,0.0,0.05,0.95,2.235,1.19,2.188,0.9258535503813204,1.5761996221922407
22472,0.3,0.1,0.6,0.0,0.1,0.9,2.235,1.19,2.176,0.9266333962608024,1.5761355612673498
22473,0.3,0.1,0.6,0.0,0.15,0.85,2.235,1.19,2.164,0.9274188224328032,1.6005598069018983
22474,0.3,0.1,0.6,0.0,0.2,0.8,2.235,1.19,2.152,0.928209889008194,1.6005598069018983
22475,0.3,0.1,0.6,0.0,0.25,0.75,2.235,1.19,2.14,0.9290066569643078,1.6083382617127344
22476,0.3,0.1,0.6,0.0,0.3,0.7,2.235,1.19,2.128,0.9298091881606106,1.6680109376858963
22490,0.3,0.1,0.6,0.05,0.0,0.95,2.235,1.19,2.1805,0.926340303316778,1.5755669012619127
22491,0.3,0.1,0.6,0.05,0.05,0.9,2.235,1.19,2.1685000000000003,0.9271236298808878,1.5758514597402358
22492,0.3,0.1,0.6,0.05,0.1,0.85,2.235,1.19,2.1565000000000003,0.927912574206103,1.5761355612673498
22493,0.3,0.1,0.6,0.05,0.15,0.8,2.235,1.19,2.1445000000000003,0.9287071969430152,1.6005598069018983
22494,0.3,0.1,0.6,0.05,0.2,0.75,2.235,1.19,2.1325000000000003,0.9295075596184336,1.6083382617127344
22495,0.3,0.1,0.6,0.05,0.25,0.7,2.235,1.19,2.1205,0.9303137246512632,1.662656156062947
22509,0.3,0.1,0.6,0.1,0.0,0.9,2.235,1.19,2.161,0.927616057921833,1.5752187388099077
22510,0.3,0.1,0.6,0.1,0.05,0.85,2.235,1.19,2.149,0.9284085440915916,1.5758514597402358
22511,0.3,0.1,0.6,0.1,0.1,0.8,2.235,1.19,2.1370000000000005,0.9292067470236204,1.5762522215664176
22512,0.3,0.1,0.6,0.1,0.15,0.75,2.235,1.19,2.125,0.9300107288004064,1.619903672577884
22513,0.3,0.1,0.6,0.1,0.2,0.7,2.235,1.19,2.113,0.9308205524066328,1.662656156062947
22514,0.3,0.1,0.6,0.1,0.25,0.65,2.235,1.19,2.101,0.9316362817456304,1.6733441131848257
22527,0.3,0.1,0.6,0.15,0.0,0.85,2.235,1.19,2.1415,0.928906747069766,1.5753353991089756
22528,0.3,0.1,0.6,0.15,0.05,0.8,2.235,1.19,2.1295,0.9297085544475632,1.5875335309044531
22529,0.3,0.1,0.6,0.15,0.1,0.75,2.235,1.19,2.1175,0.9305161799287824,1.6382319104283984
22530,0.3,0.1,0.6,0.15,0.15,0.7,2.235,1.19,2.1055,0.9313296870703108,1.6733441131848257
22531,0.3,0.1,0.6,0.15,0.2,0.65,2.235,1.19,2.0935,0.9321491403581454,1.6872068195306793
22532,0.3,0.1,0.6,0.15,0.25,0.6,2.235,1.19,2.0815,0.9329746052244328,1.6876068246949387
22544,0.3,0.1,0.6,0.2,0.0,0.8,2.235,1.19,2.1220000000000003,0.9302126345500564,1.6327030254314885
22545,0.3,0.1,0.6,0.2,0.05,0.75,2.235,1.19,2.1100000000000003,0.9310239285622876,1.6486357660231632
22546,0.3,0.1,0.6,0.2,0.1,0.7,2.235,1.19,2.098,0.9318411444286224,1.6489198675502772
22547,0.3,0.1,0.6,0.2,0.15,0.65,2.235,1.19,2.0860000000000003,0.9326643472243809,1.6872068195306793
22548,0.3,0.1,0.6,0.2,0.2,0.6,2.235,1.19,2.074,0.9334936029818728,1.6876068246949387
22560,0.3,0.1,0.6,0.25,0.0,0.75,2.235,1.19,2.1025,0.9315339904014124,1.6480030450928351
22561,0.3,0.1,0.6,0.25,0.05,0.7,2.235,1.19,2.0905,0.9323549404122576,1.659130388782698
22562,0.3,0.1,0.6,0.25,0.1,0.65,2.235,1.19,2.0785,0.9331819185094608,1.6598144954740714
22575,0.3,0.1,0.6,0.3,0.0,0.7,2.235,1.19,2.083,0.932871091097926,1.6588976730166294
22576,0.3,0.1,0.6,0.3,0.05,0.65,2.235,1.19,2.071,0.9337018705272228,1.6595303939469574
22577,0.3,0.1,0.6,0.3,0.1,0.6,2.235,1.19,2.059,0.9345387868313436,1.673242363619878
22589,0.3,0.1,0.6,0.35,0.0,0.65,2.235,1.19,2.0635000000000003,0.9342242197419316,1.672325541162436
22590,0.3,0.1,0.6,0.35,0.05,0.6,2.235,1.19,2.0515,0.9350650061873008,1.672958262092764
22680,0.3,0.15,0.55,0.0,0.0,1.0,2.2165,1.19,2.2,0.9212203832184032,1.5758959514069215
22681,0.3,0.15,0.55,0.0,0.05,0.95,2.2165,1.19,2.188,0.9219809999218912,1.5761354566256267
22682,0.3,0.15,0.55,0.0,0.1,0.9,2.2165,1.19,2.176,0.9227470399173826,1.5855375919856614
22683,0.3,0.15,0.55,0.0,0.15,0.85,2.2165,1.19,2.164,0.923518561415525,1.6099618376202098
22684,0.3,0.15,0.55,0.0,0.2,0.8,2.2165,1.19,2.152,0.924295623463026,1.6099618376202098
22685,0.3,0.15,0.55,0.0,0.25,0.75,2.2165,1.19,2.14,0.925078285957716,1.617740292431046
22686,0.3,0.15,0.55,0.0,0.3,0.7,2.2165,1.19,2.128,0.9258666096639409,1.6774129684042078
22700,0.3,0.15,0.55,0.05,0.0,0.95,2.2165,1.19,2.1805,0.9224591357001184,1.5755027356952986
22701,0.3,0.15,0.55,0.05,0.05,0.9,2.2165,1.19,2.1685000000000003,0.9232285947604616,1.5761354566256267
22702,0.3,0.15,0.55,0.05,0.1,0.85,2.2165,1.19,2.1565000000000003,0.9240035721287232,1.5855375919856614
22703,0.3,0.15,0.55,0.05,0.15,0.8,2.2165,1.19,2.1445000000000003,0.9247841273817764,1.6099618376202098
22704,0.3,0.15,0.55,0.05,0.2,0.75,2.2165,1.19,2.1325000000000003,0.9255703209571994,1.617740292431046
22705,0.3,0.15,0.55,0.05,0.25,0.7,2.2165,1.19,2.1205,0.9263622141688738,1.675107918753559
22719,0.3,0.15,0.55,0.1,0.0,0.9,2.2165,1.19,2.161,0.9237123051758016,1.5755027356952986
22720,0.3,0.15,0.55,0.1,0.05,0.85,2.2165,1.19,2.149,0.9244907616860956,1.5761354566256267
22721,0.3,0.15,0.55,0.1,0.1,0.8,2.2165,1.19,2.1370000000000005,0.9252748337528208,1.5856542522847292
22722,0.3,0.15,0.55,0.1,0.15,0.75,2.2165,1.19,2.125,0.9260645823593956,1.6293057032961955
22723,0.3,0.15,0.55,0.1,0.2,0.7,2.2165,1.19,2.113,0.9268600693754638,1.674759756301554
22724,0.3,0.15,0.55,0.1,0.25,0.65,2.2165,1.19,2.101,0.9276613575730532,1.6854477134234327
22737,0.3,0.15,0.55,0.15,0.0,0.85,2.2165,1.19,2.1415,0.924980144802934,1.5756193959943665
22738,0.3,0.15,0.55,0.15,0.05,0.8,2.2165,1.19,2.1295,0.925767757504665,1.587817527789844
22739,0.3,0.15,0.55,0.15,0.1,0.75,2.2165,1.19,2.1175,0.9265610853099008,1.6503355106670055
22740,0.3,0.15,0.55,0.15,0.15,0.7,2.2165,1.19,2.1055,0.927360190650359,1.6854477134234327
22741,0.3,0.15,0.55,0.15,0.2,0.65,2.2165,1.19,2.0935,0.9281651368704188,1.6971526344522703
22742,0.3,0.15,0.55,0.15,0.25,0.6,2.2165,1.19,2.0815,0.928975988243858,1.6975526396165297
22754,0.3,0.15,0.55,0.2,0.0,0.8,2.2165,1.19,2.1220000000000003,0.9262629137010372,1.6329870223168794
22755,0.3,0.15,0.55,0.2,0.05,0.75,2.2165,1.19,2.1100000000000003,0.9270598450919992,1.6516213324288496
22756,0.3,0.15,0.55,0.2,0.1,0.7,2.2165,1.19,2.098,0.9278625935004134,1.6610234677888842
22757,0.3,0.15,0.55,0.2,0.15,0.65,2.2165,1.19,2.0860000000000003,0.9286712228495484,1.6971526344522703
22758,0.3,0.15,0.55,0.2,0.2,0.6,2.2165,1.19,2.074,0.9294857980027212,1.6975526396165297
22770,0.3,0.15,0.55,0.25,0.0,0.75,2.2165,1.19,2.1025,0.9275608771282304,1.6509886114985215
22771,0.3,0.15,0.55,0.25,0.05,0.7,2.2165,1.19,2.0905,0.9283672935742906,1.6599581698713683
22772,0.3,0.15,0.55,0.25,0.1,0.65,2.2165,1.19,2.0785,0.92917963138939,1.6697603103956624
22785,0.3,0.15,0.55,0.3,0.0,0.7,2.2165,1.19,2.083,0.9288743066640882,1.6597254541052997
22786,0.3,0.15,0.55,0.3,0.05,0.65,2.2165,1.19,2.071,0.9296903785149714,1.6603581750356278
22787,0.3,0.15,0.55,0.3,0.1,0.6,2.2165,1.19,2.059,0.9305124785974404,1.6887554346654354
22799,0.3,0.15,0.55,0.35,0.0,0.65,2.2165,1.19,2.0635000000000003,0.9302034803990852,1.6787205783750727
22800,0.3,0.15,0.55,0.35,0.05,0.6,2.2165,1.19,2.0515,0.9310293821083402,1.6793532993054008
22890,0.3,0.2,0.5,0.0,0.0,1.0,2.198,1.19,2.2,0.9173615409021934,1.569200696525997
22891,0.3,0.2,0.5,0.0,0.05,0.95,2.198,1.19,2.188,0.918108449462462,1.5761354566256267
22892,0.3,0.2,0.5,0.0,0.1,0.9,2.198,1.19,2.176,0.9188606835739628,1.5855375919856614
22893,0.3,0.2,0.5,0.0,0.15,0.85,2.198,1.19,2.164,0.919618300398247,1.6099618376202098
22894,0.3,0.2,0.5,0.0,0.2,0.8,2.198,1.19,2.152,0.920381357917858,1.6099618376202098
22895,0.3,0.2,0.5,0.0,0.25,0.75,2.198,1.19,2.14,0.921149914951124,1.617740292431046
22896,0.3,0.2,0.5,0.0,0.3,0.7,2.198,1.19,2.128,0.9219240311672708,1.6774129684042078
22910,0.3,0.2,0.5,0.05,0.0,0.95,2.198,1.19,2.1805,0.9185779680834588,1.5755027356952986
22911,0.3,0.2,0.5,0.05,0.05,0.9,2.198,1.19,2.1685000000000003,0.9193335596400356,1.5761354566256267
22912,0.3,0.2,0.5,0.05,0.1,0.85,2.198,1.19,2.1565000000000003,0.9200945700513432,1.5855375919856614
22913,0.3,0.2,0.5,0.05,0.15,0.8,2.198,1.19,2.1445000000000003,0.9208610578205376,1.6099618376202098
22914,0.3,0.2,0.5,0.05,0.2,0.75,2.198,1.19,2.1325000000000003,0.9216330822959652,1.617740292431046
22915,0.3,0.2,0.5,0.05,0.25,0.7,2.198,1.19,2.1205,0.922410703686484,1.675107918753559
22929,0.3,0.2,0.5,0.1,0.0,0.9,2.198,1.19,2.161,0.9198085524297704,1.5755027356952986
22930,0.3,0.2,0.5,0.1,0.05,0.85,2.198,1.19,2.149,0.9205729792805994,1.5761354566256267
22931,0.3,0.2,0.5,0.1,0.1,0.8,2.198,1.19,2.1370000000000005,0.9213429204820208,1.5856542522847292
22932,0.3,0.2,0.5,0.1,0.15,0.75,2.198,1.19,2.125,0.9221184359183846,1.6293057032961955
22933,0.3,0.2,0.5,0.1,0.2,0.7,2.198,1.19,2.113,0.9228995863442948,1.675107918753559
22934,0.3,0.2,0.5,0.1,0.25,0.65,2.198,1.19,2.101,0.9236864334004764,1.6857958758754377
22947,0.3,0.2,0.5,0.15,0.0,0.85,2.198,1.19,2.1415,0.9210535425361016,1.5756193959943665
22948,0.3,0.2,0.5,0.15,0.05,0.8,2.198,1.19,2.1295,0.9218269605617668,1.587817527789844
22949,0.3,0.2,0.5,0.15,0.1,0.75,2.198,1.19,2.1175,0.9226059906910192,1.6506836731190104
22950,0.3,0.2,0.5,0.15,0.15,0.7,2.198,1.19,2.1055,0.9233906942304072,1.6857958758754377
22951,0.3,0.2,0.5,0.15,0.2,0.65,2.198,1.19,2.0935,0.9241811333826918,1.6975007969042752
22952,0.3,0.2,0.5,0.15,0.25,0.6,2.198,1.19,2.0815,0.9249773712632828,1.6979008020685347
22964,0.3,0.2,0.5,0.2,0.0,0.8,2.198,1.19,2.1220000000000003,0.9223131928520184,1.6329870223168794
22965,0.3,0.2,0.5,0.2,0.05,0.75,2.198,1.19,2.1100000000000003,0.9230957616217108,1.6519694948808545
22966,0.3,0.2,0.5,0.2,0.1,0.7,2.198,1.19,2.098,0.9238840425722042,1.6613716302408892
22967,0.3,0.2,0.5,0.2,0.15,0.65,2.198,1.19,2.0860000000000003,0.924678098474716,1.6975007969042752
22968,0.3,0.2,0.5,0.2,0.2,0.6,2.198,1.19,2.074,0.9254779930235696,1.6979008020685347
22980,0.3,0.2,0.5,0.25,0.0,0.75,2.198,1.19,2.1025,0.9235877638550484,1.6513367739505265
22981,0.3,0.2,0.5,0.25,0.05,0.7,2.198,1.19,2.0905,0.9243796467363232,1.6603063323233733
22982,0.3,0.2,0.5,0.25,0.1,0.65,2.198,1.19,2.0785,0.9251773442693196,1.6701084728476674
22995,0.3,0.2,0.5,0.3,0.0,0.7,2.198,1.19,2.083,0.9248775222302508,1.6600736165573047
22996,0.3,0.2,0.5,0.3,0.05,0.65,2.198,1.19,2.071,0.9256788865027205,1.6607063374876327
22997,0.3,0.2,0.5,0.3,0.1,0.6,2.198,1.19,2.059,0.9264861703635372,1.6887554346654354
23009,0.3,0.2,0.5,0.35,0.0,0.65,2.198,1.19,2.0635000000000003,0.9261827410562384,1.6790687408270777
23010,0.3,0.2,0.5,0.35,0.05,0.6,2.198,1.19,2.0515,0.9269937580293792,1.6793532993054008
23100,0.3,0.25,0.45,0.0,0.0,1.0,2.1795,1.19,2.2,0.9135026985859837,1.5762465374934125
23101,0.3,0.25,0.45,0.0,0.05,0.95,2.1795,1.19,2.188,0.9142358990030331,1.5705081081458088
23102,0.3,0.25,0.45,0.0,0.1,0.9,2.1795,1.19,2.176,0.9149743272305428,1.5799102435058434
23103,0.3,0.25,0.45,0.0,0.15,0.85,2.1795,1.19,2.164,0.9157180393809689,1.604334489140392
23104,0.3,0.25,0.45,0.0,0.2,0.8,2.1795,1.19,2.152,0.9164670923726902,1.604334489140392
23105,0.3,0.25,0.45,0.0,0.25,0.75,2.1795,1.19,2.14,0.917221543944532,1.6116329020916464
23106,0.3,0.25,0.45,0.0,0.3,0.7,2.1795,1.19,2.128,0.9179814526706008,1.6713055780648083
23120,0.3,0.25,0.45,0.05,0.0,0.95,2.1795,1.19,2.1805,0.9146968004667992,1.5698753872154807
23121,0.3,0.25,0.45,0.05,0.05,0.9,2.1795,1.19,2.1685000000000003,0.9154385245196096,1.5705081081458088
23122,0.3,0.25,0.45,0.05,0.1,0.85,2.1795,1.19,2.1565000000000003,0.9161855679739638,1.5799102435058434
23123,0.3,0.25,0.45,0.05,0.15,0.8,2.1795,1.19,2.1445000000000003,0.9169379882592984,1.6038544472808103
23124,0.3,0.25,0.45,0.05,0.2,0.75,2.1795,1.19,2.1325000000000003,0.9176958436347308,1.6116329020916464
23125,0.3,0.25,0.45,0.05,0.25,0.7,2.1795,1.19,2.1205,0.9184591932040944,1.6690005284141594
23139,0.3,0.25,0.45,0.1,0.0,0.9,2.1795,1.19,2.161,0.9159047996837392,1.5698753872154807
23140,0.3,0.25,0.45,0.1,0.05,0.85,2.1795,1.19,2.149,0.9166551968751036,1.5705081081458088
23141,0.3,0.25,0.45,0.1,0.1,0.8,2.1795,1.19,2.1370000000000005,0.917411007211221,1.5795468619453297
23142,0.3,0.25,0.45,0.1,0.15,0.75,2.1795,1.19,2.125,0.9181722894773736,1.623198312956796
23143,0.3,0.25,0.45,0.1,0.2,0.7,2.1795,1.19,2.113,0.918939103313126,1.6690005284141594
23144,0.3,0.25,0.45,0.1,0.25,0.65,2.1795,1.19,2.101,0.9197115092278992,1.6796884855360381
23157,0.3,0.25,0.45,0.15,0.0,0.85,2.1795,1.19,2.1415,0.9171269402692696,1.569512005654967
23158,0.3,0.25,0.45,0.15,0.05,0.8,2.1795,1.19,2.1295,0.9178861636188682,1.5817101374504445
23159,0.3,0.25,0.45,0.15,0.1,0.75,2.1795,1.19,2.1175,0.9186508960721376,1.6445762827796109
23160,0.3,0.25,0.45,0.15,0.15,0.7,2.1795,1.19,2.1055,0.9194211978104556,1.6796884855360381
23161,0.3,0.25,0.45,0.15,0.2,0.65,2.1795,1.19,2.0935,0.9201971298949648,1.6913934065648757
23162,0.3,0.25,0.45,0.15,0.25,0.6,2.1795,1.19,2.0815,0.920978754282708,1.693017388642083
23174,0.3,0.25,0.45,0.2,0.0,0.8,2.1795,1.19,2.1220000000000003,0.9183634720029994,1.6268796319774799
23175,0.3,0.25,0.45,0.2,0.05,0.75,2.1795,1.19,2.1100000000000003,0.9191316781514228,1.645862104541455
23176,0.3,0.25,0.45,0.2,0.1,0.7,2.1795,1.19,2.098,0.9199054916439954,1.6552642399014896
23177,0.3,0.25,0.45,0.2,0.15,0.65,2.1795,1.19,2.0860000000000003,0.9206849740998836,1.6913934065648757
23178,0.3,0.25,0.45,0.2,0.2,0.6,2.1795,1.19,2.074,0.9214701880444178,1.693017388642083
23190,0.3,0.25,0.45,0.25,0.0,0.75,2.1795,1.19,2.1025,0.9196146505818668,1.645229383611127
23191,0.3,0.25,0.45,0.25,0.05,0.7,2.1795,1.19,2.0905,0.9203919998983562,1.6541989419839738
23192,0.3,0.25,0.45,0.25,0.1,0.65,2.1795,1.19,2.0785,0.9211750571492486,1.6652250594212157
23205,0.3,0.25,0.45,0.3,0.0,0.7,2.1795,1.19,2.083,0.9208807377964128,1.655190203130853
23206,0.3,0.25,0.45,0.3,0.05,0.65,2.1795,1.19,2.071,0.9216673944904692,1.655822924061181
23207,0.3,0.25,0.45,0.3,0.1,0.6,2.1795,1.19,2.059,0.9224598621296344,1.6842284426735805
23219,0.3,0.25,0.45,0.35,0.0,0.65,2.1795,1.19,2.0635000000000003,0.922162001713392,1.6741935863832178
23220,0.3,0.25,0.45,0.35,0.05,0.6,2.1795,1.19,2.0515,0.9229581339504188,1.6748263073135459
23310,0.3,0.3,0.4,0.0,0.0,1.0,2.161,1.19,2.2,0.909643856269774,1.5991763687699472
23311,0.3,0.3,0.4,0.0,0.05,0.95,2.161,1.19,2.188,0.9103633485436043,1.603554672731949
23312,0.3,0.3,0.4,0.0,0.1,0.9,2.161,1.19,2.176,0.911087970887123,1.6129568080919834
23313,0.3,0.3,0.4,0.0,0.15,0.85,2.161,1.19,2.164,0.9118177783636904,1.6313911698125394
23314,0.3,0.3,0.4,0.0,0.2,0.8,2.161,1.19,2.152,0.9125528268275224,1.6313911698125394
23315,0.3,0.3,0.4,0.0,0.25,0.75,2.161,1.19,2.14,0.9132931729379402,1.6354320276940226
23316,0.3,0.3,0.4,0.0,0.3,0.7,2.161,1.19,2.128,0.9140388741739308,1.6811682571877082
23330,0.3,0.3,0.4,0.05,0.0,0.95,2.161,1.19,2.1805,0.9108156328501398,1.6029219518016207
23331,0.3,0.3,0.4,0.05,0.05,0.9,2.161,1.19,2.1685000000000003,0.9115434893991832,1.603554672731949
23332,0.3,0.3,0.4,0.05,0.1,0.85,2.161,1.19,2.1565000000000003,0.9122765658965842,1.6122227120456964
23333,0.3,0.3,0.4,0.05,0.15,0.8,2.161,1.19,2.1445000000000003,0.9130149186980596,1.6313911698125394
23334,0.3,0.3,0.4,0.05,0.2,0.75,2.161,1.19,2.1325000000000003,0.913758604973496,1.6354320276940226
23335,0.3,0.3,0.4,0.05,0.25,0.7,2.161,1.19,2.1205,0.9145076827217044,1.6775497131308839
23349,0.3,0.3,0.4,0.1,0.0,0.9,2.161,1.19,2.161,0.9120010469377076,1.6021878557553337
23350,0.3,0.3,0.4,0.1,0.05,0.85,2.161,1.19,2.149,0.9127374144696077,1.6028205766856618
23351,0.3,0.3,0.4,0.1,0.1,0.8,2.161,1.19,2.1370000000000005,0.913479093940421,1.6123393723447643
23352,0.3,0.3,0.4,0.1,0.15,0.75,2.161,1.19,2.125,0.9142261430363626,1.6411301349368388
23353,0.3,0.3,0.4,0.1,0.2,0.7,2.161,1.19,2.113,0.9149786202819572,1.6775497131308839
23354,0.3,0.3,0.4,0.1,0.25,0.65,2.161,1.19,2.101,0.9157365850553224,1.6882376702527626
23367,0.3,0.3,0.4,0.15,0.0,0.85,2.161,1.19,2.1415,0.9132003380024376,1.6023045160544016
23368,0.3,0.3,0.4,0.15,0.05,0.8,2.161,1.19,2.1295,0.9139453666759698,1.6086353442275458
23369,0.3,0.3,0.4,0.15,0.1,0.75,2.161,1.19,2.1175,0.9146958014532556,1.658381255364041
23370,0.3,0.3,0.4,0.15,0.15,0.7,2.161,1.19,2.1055,0.9154517013905038,1.6882376702527626
23371,0.3,0.3,0.4,0.15,0.2,0.65,2.161,1.19,2.0935,0.9162131264072382,1.6999425912816002
23384,0.3,0.3,0.4,0.2,0.0,0.8,2.161,1.19,2.1220000000000003,0.9144137511539804,1.6444222014912628
23385,0.3,0.3,0.4,0.2,0.05,0.75,2.161,1.19,2.1100000000000003,0.9151675946811346,1.659667077125885
23386,0.3,0.3,0.4,0.2,0.1,0.7,2.161,1.19,2.098,0.9159269407157864,1.6690692124859197
23387,0.3,0.3,0.4,0.2,0.15,0.65,2.161,1.19,2.0860000000000003,0.9166918497250508,1.6999425912816002
23400,0.3,0.3,0.4,0.25,0.0,0.75,2.161,1.19,2.1025,0.915641537308685,1.659034356195557
23401,0.3,0.3,0.4,0.25,0.05,0.7,2.161,1.19,2.0905,0.9164043530603893,1.6680039145684038
23402,0.3,0.3,0.4,0.25,0.1,0.65,2.161,1.19,2.0785,0.917172770029178,1.678549990146064
23415,0.3,0.3,0.4,0.3,0.0,0.7,2.161,1.19,2.083,0.9168839533625748,1.6685151338557014
23416,0.3,0.3,0.4,0.3,0.05,0.65,2.161,1.19,2.071,0.917655902478218,1.6691478547860295
23417,0.3,0.3,0.4,0.3,0.1,0.6,2.161,1.19,2.059,0.9184335538957312,1.697553373398429
23429,0.3,0.3,0.4,0.35,0.0,0.65,2.161,1.19,2.0635000000000003,0.9181412623705456,1.6875185171080662
23430,0.3,0.3,0.4,0.35,0.05,0.6,2.161,1.19,2.0515,0.918922509871458,1.6881512380383943
23520,0.3,0.35,0.35,0.0,0.0,1.0,2.1425,1.19,2.2,0.905785013953564,1.5991763687699472
23521,0.3,0.35,0.35,0.0,0.05,0.95,2.1425,1.19,2.188,0.9064907980841752,1.603554672731949
23522,0.3,0.35,0.35,0.0,0.1,0.9,2.1425,1.19,2.176,0.9072016145437032,1.6129568080919834
23523,0.3,0.35,0.35,0.0,0.15,0.85,2.1425,1.19,2.164,0.907917517346412,1.6321252658588266
23524,0.3,0.35,0.35,0.0,0.2,0.8,2.1425,1.19,2.152,0.9086385612823544,1.6321252658588266
23525,0.3,0.35,0.35,0.0,0.25,0.75,2.1425,1.19,2.14,0.9093648019313484,1.6361661237403096
23526,0.3,0.35,0.35,0.0,0.3,0.7,2.1425,1.19,2.128,0.9100962956772608,1.6819023532339952
23540,0.3,0.35,0.35,0.05,0.0,0.95,2.1425,1.19,2.1805,0.9069344652334804,1.6029219518016207
23541,0.3,0.35,0.35,0.05,0.05,0.9,2.1425,1.19,2.1685000000000003,0.9076484542787572,1.603554672731949
23542,0.3,0.35,0.35,0.05,0.1,0.85,2.1425,1.19,2.1565000000000003,0.9083675638192044,1.6129568080919834
23543,0.3,0.35,0.35,0.05,0.15,0.8,2.1425,1.19,2.1445000000000003,0.909091849136821,1.6321252658588266
23544,0.3,0.35,0.35,0.05,0.2,0.75,2.1425,1.19,2.1325000000000003,0.909821366312262,1.6361661237403096
23545,0.3,0.35,0.35,0.05,0.25,0.7,2.1425,1.19,2.1205,0.9105561722393148,1.6809369808229315
23559,0.3,0.35,0.35,0.1,0.0,0.9,2.1425,1.19,2.161,0.9080972941916762,1.6029219518016207
23560,0.3,0.35,0.35,0.1,0.05,0.85,2.1425,1.19,2.149,0.9088196320641116,1.603554672731949
23561,0.3,0.35,0.35,0.1,0.1,0.8,2.1425,1.19,2.1370000000000005,0.9095471806696211,1.6130734683910515
23562,0.3,0.35,0.35,0.1,0.15,0.75,2.1425,1.19,2.125,0.910279996595352,1.6418642309831257
23563,0.3,0.35,0.35,0.1,0.2,0.7,2.1425,1.19,2.113,0.911018137250788,1.6809369808229315
23564,0.3,0.35,0.35,0.1,0.25,0.65,2.1425,1.19,2.101,0.9117616608827452,1.69162493794481
23577,0.3,0.35,0.35,0.15,0.0,0.85,2.1425,1.19,2.1415,0.9092737357356055,1.6030386121006888
23578,0.3,0.35,0.35,0.15,0.05,0.8,2.1425,1.19,2.1295,0.9100045697330716,1.6093694402738328
23579,0.3,0.35,0.35,0.15,0.1,0.75,2.1425,1.19,2.1175,0.910740706834374,1.6617685230560884
23580,0.3,0.35,0.35,0.15,0.15,0.7,2.1425,1.19,2.1055,0.911482204970552,1.69162493794481
23581,0.3,0.35,0.35,0.15,0.2,0.65,2.1425,1.19,2.0935,0.9122291229195114,1.6999425912816002
23594,0.3,0.35,0.35,0.2,0.0,0.8,2.1425,1.19,2.1220000000000003,0.9104640303049611,1.6478094691833103
23595,0.3,0.35,0.35,0.2,0.05,0.75,2.1425,1.19,2.1100000000000003,0.9112035112108464,1.6630543448179325
23596,0.3,0.35,0.35,0.2,0.1,0.7,2.1425,1.19,2.098,0.9119483897875774,1.6717223841316802
23597,0.3,0.35,0.35,0.2,0.15,0.65,2.1425,1.19,2.0860000000000003,0.9126987253502186,1.6999425912816002
23610,0.3,0.35,0.35,0.25,0.0,0.75,2.1425,1.19,2.1025,0.9116684240355032,1.6624216238876046
23611,0.3,0.35,0.35,0.25,0.05,0.7,2.1425,1.19,2.0905,0.912416706222422,1.6680039145684038
23612,0.3,0.35,0.35,0.25,0.1,0.65,2.1425,1.19,2.0785,0.9131704829091072,1.6790300320056457
23625,0.3,0.35,0.35,0.3,0.0,0.7,2.1425,1.19,2.083,0.9128871689287372,1.668995175715283
23626,0.3,0.35,0.35,0.3,0.05,0.65,2.1425,1.19,2.071,0.9136444104659668,1.669627896645611
23627,0.3,0.35,0.35,0.3,0.1,0.6,2.1425,1.19,2.059,0.914407245661828,1.6952286184377683
23639,0.3,0.35,0.35,0.35,0.0,0.65,2.1425,1.19,2.0635000000000003,0.914120523027699,1.6851937621474056
23640,0.3,0.35,0.35,0.35,0.05,0.6,2.1425,1.19,2.0515,0.9148868857924972,1.6858264830777336
23730,0.3,0.4,0.3,0.0,0.0,1.0,2.124,1.19,2.2,0.9019261716373542,1.6037148647426651
23731,0.3,0.4,0.3,0.0,0.05,0.95,2.124,1.19,2.188,0.902618247624746,1.6080931687046667
23732,0.3,0.4,0.3,0.0,0.1,0.9,2.124,1.19,2.176,0.9033152582002836,1.6174953040647015
23733,0.3,0.4,0.3,0.0,0.15,0.85,2.124,1.19,2.164,0.904017256329134,1.6366637618315443
23734,0.3,0.4,0.3,0.0,0.2,0.8,2.124,1.19,2.152,0.9047242957371864,1.6366637618315443
23735,0.3,0.4,0.3,0.0,0.25,0.75,2.124,1.19,2.14,0.9054364309247562,1.6407046197130277
23736,0.3,0.4,0.3,0.0,0.3,0.7,2.124,1.19,2.128,0.9061537171805908,1.6864408492067133
23750,0.3,0.4,0.3,0.05,0.0,0.95,2.124,1.19,2.1805,0.9030532976168206,1.6074604477743388
23751,0.3,0.4,0.3,0.05,0.05,0.9,2.124,1.19,2.1685000000000003,0.9037534191583312,1.6080931687046667
23752,0.3,0.4,0.3,0.05,0.1,0.85,2.124,1.19,2.1565000000000003,0.9044585617418248,1.6174953040647015
23753,0.3,0.4,0.3,0.05,0.15,0.8,2.124,1.19,2.1445000000000003,0.905168779575582,1.6366637618315443
23754,0.3,0.4,0.3,0.05,0.2,0.75,2.124,1.19,2.1325000000000003,0.9058841276510278,1.6407046197130277
23755,0.3,0.4,0.3,0.05,0.25,0.7,2.124,1.19,2.1205,0.9066046617569252,1.6854754767956492
23769,0.3,0.4,0.3,0.1,0.0,0.9,2.124,1.19,2.161,0.9041935414456448,1.6074604477743388
23770,0.3,0.4,0.3,0.1,0.05,0.85,2.124,1.19,2.149,0.9049018496586156,1.6080931687046667
23771,0.3,0.4,0.3,0.1,0.1,0.8,2.124,1.19,2.1370000000000005,0.9056152673988216,1.6176119643637692
23772,0.3,0.4,0.3,0.1,0.15,0.75,2.124,1.19,2.125,0.906333850154341,1.6464027269558439
23773,0.3,0.4,0.3,0.1,0.2,0.7,2.124,1.19,2.113,0.907057654219619,1.6854754767956492
23774,0.3,0.4,0.3,0.1,0.25,0.65,2.124,1.19,2.101,0.907786736710168,1.6961634339175282
23787,0.3,0.4,0.3,0.15,0.0,0.85,2.124,1.19,2.1415,0.9053471334687734,1.6075771080734065
23788,0.3,0.4,0.3,0.15,0.05,0.8,2.124,1.19,2.1295,0.9060637727901732,1.613907936246551
23789,0.3,0.4,0.3,0.15,0.1,0.75,2.124,1.19,2.1175,0.9067856122154924,1.6663070190288065
23790,0.3,0.4,0.3,0.15,0.15,0.7,2.124,1.19,2.1055,0.9075127085506,1.6961634339175282
23804,0.3,0.4,0.3,0.2,0.0,0.8,2.124,1.19,2.1220000000000003,0.9065143094559422,1.6523479651560284
23805,0.3,0.4,0.3,0.2,0.05,0.75,2.124,1.19,2.1100000000000003,0.907239427740558,1.6675928407906506
23806,0.3,0.4,0.3,0.2,0.1,0.7,2.124,1.19,2.098,0.9079698388593684,1.676994976150685
23820,0.3,0.4,0.3,0.25,0.0,0.75,2.124,1.19,2.1025,0.9076953107623214,1.6669601198603223
23821,0.3,0.4,0.3,0.25,0.05,0.7,2.124,1.19,2.0905,0.908429059384455,1.6732765065874087
23822,0.3,0.4,0.3,0.25,0.1,0.65,2.124,1.19,2.0785,0.9091681957890366,1.6843026240246506
23835,0.3,0.4,0.3,0.3,0.0,0.7,2.124,1.19,2.083,0.9088903844948992,1.6742677677342879
23836,0.3,0.4,0.3,0.3,0.05,0.65,2.124,1.19,2.071,0.9096329184537156,1.6749004886646162
23849,0.3,0.4,0.3,0.35,0.0,0.65,2.124,1.19,2.0635000000000003,0.9100997836848524,1.6904663541664104
23850,0.3,0.4,0.3,0.35,0.05,0.6,2.124,1.19,2.0515,0.9108512617135366,1.6910990750967387
23943,0.3,0.45,0.25,0.0,0.15,0.85,2.1055,1.19,2.164,0.900116995311856,1.6481535438796653
23944,0.3,0.45,0.25,0.0,0.2,0.8,2.1055,1.19,2.152,0.9008100301920186,1.6481535438796653
23945,0.3,0.45,0.25,0.0,0.25,0.75,2.1055,1.19,2.14,0.9015080599181644,1.6502574741631129
23946,0.3,0.45,0.25,0.0,0.3,0.7,2.1055,1.19,2.128,0.9022111386839208,1.697930631254834
23962,0.3,0.45,0.25,0.05,0.1,0.85,2.1055,1.19,2.1565000000000003,0.900549559664445,1.6289850861128221
23963,0.3,0.45,0.25,0.05,0.15,0.8,2.1055,1.19,2.1445000000000003,0.901245710014343,1.6481535438796653
23964,0.3,0.45,0.25,0.05,0.2,0.75,2.1055,1.19,2.1325000000000003,0.9019468889897932,1.6521944017611483
23965,0.3,0.45,0.25,0.05,0.25,0.7,2.1055,1.19,2.1205,0.9026531512745356,1.6969652588437703
23979,0.3,0.45,0.25,0.1,0.0,0.9,2.1055,1.19,2.161,0.9002897886996136,1.6189502298224594
23980,0.3,0.45,0.25,0.1,0.05,0.85,2.1055,1.19,2.149,0.9009840672531196,1.6195829507527877
23981,0.3,0.45,0.25,0.1,0.1,0.8,2.1055,1.19,2.1370000000000005,0.9016833541280216,1.6280652917332075
23982,0.3,0.45,0.25,0.1,0.15,0.75,2.1055,1.19,2.125,0.90238770371333,1.6578925090039645
23983,0.3,0.45,0.25,0.1,0.2,0.7,2.1055,1.19,2.113,0.90309717118845,1.6969652588437703
23997,0.3,0.45,0.25,0.15,0.0,0.85,2.1055,1.19,2.1415,0.9014205312019412,1.6180304354428447
23998,0.3,0.45,0.25,0.15,0.05,0.8,2.1055,1.19,2.1295,0.9021229758472749,1.6253977182946715
23999,0.3,0.45,0.25,0.15,0.1,0.75,2.1055,1.19,2.1175,0.9028305175966108,1.677796801076927
24014,0.3,0.45,0.25,0.2,0.0,0.8,2.1055,1.19,2.1220000000000003,0.9025645886069232,1.663837747204149
24015,0.3,0.45,0.25,0.2,0.05,0.75,2.1055,1.19,2.1100000000000003,0.90327534427027,1.6790826228387712
24016,0.3,0.45,0.25,0.2,0.1,0.7,2.1055,1.19,2.098,0.9039912879311596,1.688484758198806
24030,0.3,0.45,0.25,0.25,0.0,0.75,2.1055,1.19,2.1025,0.9037221974891396,1.6784499019084433
24031,0.3,0.45,0.25,0.25,0.05,0.7,2.1055,1.19,2.0905,0.9044414125464878,1.6847662886355297
24032,0.3,0.45,0.25,0.25,0.1,0.65,2.1055,1.19,2.0785,0.9051659086689658,1.6957924060727716
24045,0.3,0.45,0.25,0.3,0.0,0.7,2.1055,1.19,2.083,0.9048936000610616,1.6857575497824089
24046,0.3,0.45,0.25,0.3,0.05,0.65,2.1055,1.19,2.071,0.9056214264414646,1.6863902707127367
24059,0.3,0.45,0.25,0.35,0.0,0.65,2.1055,1.19,2.0635000000000003,0.906079044342006,1.696647098124256
24226,0.3,0.5,0.2,0.2,0.1,0.7,2.087,1.19,2.098,0.9000127370029504,1.6947334707037693
24241,0.3,0.5,0.2,0.25,0.05,0.7,2.087,1.19,2.0905,0.9004537657085208,1.6864102839638673
24242,0.3,0.5,0.2,0.25,0.1,0.65,2.087,1.19,2.0785,0.9011636215488952,1.6974364014011092
24255,0.3,0.5,0.2,0.3,0.0,0.7,2.087,1.19,2.083,0.9008968156272236,1.6874015451107465
24256,0.3,0.5,0.2,0.3,0.05,0.65,2.087,1.19,2.071,0.9016099344292132,1.6880342660410743
24990,0.35,0.0,0.65,0.0,0.0,1.0,2.229,1.19,2.2,0.9238277091077344,1.5759601169735356
24991,0.35,0.0,0.65,0.0,0.05,0.95,2.229,1.19,2.188,0.924597588070154,1.5761996221922407
24992,0.35,0.0,0.65,0.0,0.1,0.9,2.229,1.19,2.176,0.9253729563656392,1.5764837237193547
24993,0.35,0.0,0.65,0.0,0.15,0.85,2.229,1.19,2.164,0.926153872913686,1.6009079693539032
24994,0.35,0.0,0.65,0.0,0.2,0.8,2.229,1.19,2.152,0.9269403974800312,1.6005598069018983
24995,0.35,0.0,0.65,0.0,0.25,0.75,2.229,1.19,2.14,0.9277325906918996,1.6083382617127344
24996,0.35,0.0,0.65,0.0,0.3,0.7,2.229,1.19,2.128,0.9285305140535824,1.6680109376858963
25010,0.35,0.0,0.65,0.05,0.0,0.95,2.229,1.19,2.1805,0.9250815462519154,1.5755669012619127
25011,0.35,0.0,0.65,0.05,0.05,0.9,2.229,1.19,2.1685000000000003,0.925860375247236,1.5761996221922407
25012,0.35,0.0,0.65,0.05,0.1,0.85,2.229,1.19,2.1565000000000003,0.9266447897485744,1.5761355612673498
25013,0.35,0.0,0.65,0.05,0.15,0.8,2.229,1.19,2.1445000000000003,0.9274348500582892,1.6005598069018983
25014,0.35,0.0,0.65,0.05,0.2,0.75,2.229,1.19,2.1325000000000003,0.9282306173499252,1.6083382617127344
25015,0.35,0.0,0.65,0.05,0.25,0.7,2.229,1.19,2.1205,0.9290321536840016,1.6657058880352473
25029,0.35,0.0,0.65,0.1,0.0,0.9,2.229,1.19,2.161,0.9263499759501472,1.5755669012619127
25030,0.35,0.0,0.65,0.1,0.05,0.85,2.229,1.19,2.149,0.9271379119600792,1.5758514597402358
25031,0.35,0.0,0.65,0.1,0.1,0.8,2.229,1.19,2.1370000000000005,0.9279315319087664,1.5762522215664176
25032,0.35,0.0,0.65,0.1,0.15,0.75,2.229,1.19,2.125,0.9287308975222404,1.619903672577884
25033,0.35,0.0,0.65,0.1,0.2,0.7,2.229,1.19,2.113,0.929536071423551,1.6657058880352473
25034,0.35,0.0,0.65,0.1,0.25,0.65,2.229,1.19,2.101,0.930347117149119,1.6733441131848257
25047,0.35,0.0,0.65,0.15,0.0,0.85,2.229,1.19,2.1415,0.9276332544426852,1.5753353991089756
25048,0.35,0.0,0.65,0.15,0.05,0.8,2.229,1.19,2.1295,0.9284304581417582,1.5875335309044531
25049,0.35,0.0,0.65,0.15,0.1,0.75,2.229,1.19,2.1175,0.9292334465388749,1.6412816424006988
25050,0.35,0.0,0.65,0.15,0.15,0.7,2.229,1.19,2.1055,0.930042282826002,1.676393845157126
25051,0.35,0.0,0.65,0.15,0.2,0.65,2.229,1.19,2.0935,0.9308570311188826,1.6872068195306793
25052,0.35,0.0,0.65,0.15,0.25,0.6,2.229,1.19,2.0815,0.931677756473976,1.6876068246949387
25064,0.35,0.0,0.65,0.2,0.0,0.8,2.229,1.19,2.1220000000000003,0.9289316440044288,1.6327030254314885
25065,0.35,0.0,0.65,0.2,0.05,0.75,2.229,1.19,2.1100000000000003,0.9297382798692212,1.6516854979954636
25066,0.35,0.0,0.65,0.2,0.1,0.7,2.229,1.19,2.098,0.9305508035870412,1.6489198675502772
25067,0.35,0.0,0.65,0.2,0.15,0.65,2.229,1.19,2.0860000000000003,0.9313692798595702,1.6872068195306793
25068,0.35,0.0,0.65,0.2,0.2,0.6,2.229,1.19,2.074,0.9321937743399856,1.6876068246949387
25080,0.35,0.0,0.65,0.25,0.0,0.75,2.229,1.19,2.1025,0.9302454131236236,1.6510527770651355
25081,0.35,0.0,0.65,0.25,0.05,0.7,2.229,1.19,2.0905,0.93106164954589,1.659130388782698
25082,0.35,0.0,0.65,0.25,0.1,0.65,2.229,1.19,2.0785,0.9318838794434918,1.6598144954740714
25095,0.35,0.0,0.65,0.3,0.0,0.7,2.229,1.19,2.083,0.9315748366869514,1.6588976730166294
25096,0.35,0.0,0.65,0.3,0.05,0.65,2.229,1.19,2.071,0.932400846090817,1.6595303939469574
25097,0.35,0.0,0.65,0.3,0.1,0.6,2.229,1.19,2.059,0.9332329571338612,1.673242363619878
25109,0.35,0.0,0.65,0.35,0.0,0.65,2.229,1.19,2.0635000000000003,0.9329201961712786,1.672325541162436
25110,0.35,0.0,0.65,0.35,0.05,0.6,2.229,1.19,2.0515,0.933756155134665,1.672958262092764
25200,0.35,0.05,0.6,0.0,0.0,1.0,2.2105,1.19,2.2,0.9199688667915242,1.574202020018199
25201,0.35,0.05,0.6,0.0,0.05,0.95,2.2105,1.19,2.188,0.920725037610725,1.5761996221922407
25202,0.35,0.05,0.6,0.0,0.1,0.9,2.2105,1.19,2.176,0.9214866000222194,1.5764837237193547
25203,0.35,0.05,0.6,0.0,0.15,0.85,2.2105,1.19,2.164,0.9222536118964078,1.6009079693539032
25204,0.35,0.05,0.6,0.0,0.2,0.8,2.2105,1.19,2.152,0.9230261319348632,1.6009079693539032
25205,0.35,0.05,0.6,0.0,0.25,0.75,2.2105,1.19,2.14,0.9238042196853078,1.6086864241647394
25206,0.35,0.05,0.6,0.0,0.3,0.7,2.2105,1.19,2.128,0.9245879355569124,1.6683591001379012
25220,0.35,0.05,0.6,0.05,0.0,0.95,2.2105,1.19,2.1805,0.9212003786352558,1.5755669012619127
25221,0.35,0.05,0.6,0.05,0.05,0.9,2.2105,1.19,2.1685000000000003,0.9219653401268098,1.5761996221922407
25222,0.35,0.05,0.6,0.05,0.1,0.85,2.2105,1.19,2.1565000000000003,0.9227357876711946,1.5764837237193547
25223,0.35,0.05,0.6,0.05,0.15,0.8,2.2105,1.19,2.1445000000000003,0.9235117804970504,1.6009079693539032
25224,0.35,0.05,0.6,0.05,0.2,0.75,2.2105,1.19,2.1325000000000003,0.9242933786886908,1.6086864241647394
25225,0.35,0.05,0.6,0.05,0.25,0.7,2.2105,1.19,2.1205,0.925080643201612,1.6660540504872523
25239,0.35,0.05,0.6,0.1,0.0,0.9,2.2105,1.19,2.161,0.9224462232041156,1.5755669012619127
25240,0.35,0.05,0.6,0.1,0.05,0.85,2.2105,1.19,2.149,0.9232201295545832,1.5761996221922407
25241,0.35,0.05,0.6,0.1,0.1,0.8,2.2105,1.19,2.1370000000000005,0.9239996186379666,1.5766003840184226
25242,0.35,0.05,0.6,0.1,0.15,0.75,2.2105,1.19,2.125,0.9247847510812296,1.620251835029889
25243,0.35,0.05,0.6,0.1,0.2,0.7,2.2105,1.19,2.113,0.925575588392382,1.6660540504872523
25244,0.35,0.05,0.6,0.1,0.25,0.65,2.2105,1.19,2.101,0.9263721929765418,1.676742007609131
25257,0.35,0.05,0.6,0.15,0.0,0.85,2.2105,1.19,2.1415,0.9237066521758532,1.5756835615609806
25258,0.35,0.05,0.6,0.15,0.05,0.8,2.2105,1.19,2.1295,0.92448966119886,1.5878816933564581
25259,0.35,0.05,0.6,0.15,0.1,0.75,2.2105,1.19,2.1175,0.925278351919993,1.6416298048527038
25260,0.35,0.05,0.6,0.15,0.15,0.7,2.2105,1.19,2.1055,0.9260727864060504,1.676742007609131
25261,0.35,0.05,0.6,0.15,0.2,0.65,2.2105,1.19,2.0935,0.926873027631156,1.6880987661859637
25262,0.35,0.05,0.6,0.15,0.25,0.6,2.2105,1.19,2.0815,0.9276791394934012,1.688498771350223
25274,0.35,0.05,0.6,0.2,0.0,0.8,2.2105,1.19,2.1220000000000003,0.9249819231554096,1.6330511878834935
25275,0.35,0.05,0.6,0.2,0.05,0.75,2.2105,1.19,2.1100000000000003,0.9257741963989328,1.6520336604474686
25276,0.35,0.05,0.6,0.2,0.1,0.7,2.2105,1.19,2.098,0.926572252658832,1.6519695995225776
25277,0.35,0.05,0.6,0.2,0.15,0.65,2.2105,1.19,2.0860000000000003,0.9273761554847378,1.6880987661859637
25278,0.35,0.05,0.6,0.2,0.2,0.6,2.2105,1.19,2.074,0.928185969360834,1.688498771350223
25290,0.35,0.05,0.6,0.25,0.0,0.75,2.2105,1.19,2.1025,0.9262722998504416,1.6514009395171405
25291,0.35,0.05,0.6,0.25,0.05,0.7,2.2105,1.19,2.0905,0.9270740027079228,1.6600223354379824
25292,0.35,0.05,0.6,0.25,0.1,0.65,2.2105,1.19,2.0785,0.9278815923234212,1.6607064421293558
25305,0.35,0.05,0.6,0.3,0.0,0.7,2.2105,1.19,2.083,0.9275780522531136,1.6597896196719137
25306,0.35,0.05,0.6,0.3,0.05,0.65,2.2105,1.19,2.071,0.9283893540785656,1.6604223406022418
25307,0.35,0.05,0.6,0.3,0.1,0.6,2.2105,1.19,2.059,0.9292066488999584,1.673242363619878
25319,0.35,0.05,0.6,0.35,0.0,0.65,2.2105,1.19,2.0635000000000003,0.928899456828432,1.672325541162436
25320,0.35,0.05,0.6,0.35,0.05,0.6,2.2105,1.19,2.0515,0.9297205310557044,1.672958262092764
25410,0.35,0.1,0.55,0.0,0.0,1.0,2.192,1.19,2.2,0.9161100244753146,1.5810139656103697
25411,0.35,0.1,0.55,0.0,0.05,0.95,2.192,1.19,2.188,0.916852487151296,1.5761996221922407
25412,0.35,0.1,0.55,0.0,0.1,0.9,2.192,1.19,2.176,0.9176002436787996,1.5764837237193547
25413,0.35,0.1,0.55,0.0,0.15,0.85,2.192,1.19,2.164,0.9183533508791296,1.6009079693539032
25414,0.35,0.1,0.55,0.0,0.2,0.8,2.192,1.19,2.152,0.9191118663896956,1.6009079693539032
25415,0.35,0.1,0.55,0.0,0.25,0.75,2.192,1.19,2.14,0.919875848678716,1.6086864241647394
25416,0.35,0.1,0.55,0.0,0.3,0.7,2.192,1.19,2.128,0.9206453570602426,1.6683591001379012
25430,0.35,0.1,0.55,0.05,0.0,0.95,2.192,1.19,2.1805,0.9173192110185964,1.5755669012619127
25431,0.35,0.1,0.55,0.05,0.05,0.9,2.192,1.19,2.1685000000000003,0.9180703050063838,1.5761996221922407
25432,0.35,0.1,0.55,0.05,0.1,0.85,2.192,1.19,2.1565000000000003,0.918826785593815,1.5764837237193547
25433,0.35,0.1,0.55,0.05,0.15,0.8,2.192,1.19,2.1445000000000003,0.9195887109358116,1.6009079693539032
25434,0.35,0.1,0.55,0.05,0.2,0.75,2.192,1.19,2.1325000000000003,0.9203561400274566,1.6086864241647394
25435,0.35,0.1,0.55,0.05,0.25,0.7,2.192,1.19,2.1205,0.9211291327192224,1.6660540504872523
25449,0.35,0.1,0.55,0.1,0.0,0.9,2.192,1.19,2.161,0.9185424704580843,1.5755669012619127
25450,0.35,0.1,0.55,0.1,0.05,0.85,2.192,1.19,2.149,0.9193023471490874,1.5761996221922407
25451,0.35,0.1,0.55,0.1,0.1,0.8,2.192,1.19,2.1370000000000005,0.9200677053671668,1.5766003840184226
25452,0.35,0.1,0.55,0.1,0.15,0.75,2.192,1.19,2.125,0.9208386046402188,1.620251835029889
25453,0.35,0.1,0.55,0.1,0.2,0.7,2.192,1.19,2.113,0.921615105361213,1.6660540504872523
25454,0.35,0.1,0.55,0.1,0.25,0.65,2.192,1.19,2.101,0.9223972688039648,1.676742007609131
25467,0.35,0.1,0.55,0.15,0.0,0.85,2.192,1.19,2.1415,0.9197800499090212,1.5756835615609806
25468,0.35,0.1,0.55,0.15,0.05,0.8,2.192,1.19,2.1295,0.9205488642559618,1.5878816933564581
25469,0.35,0.1,0.55,0.15,0.1,0.75,2.192,1.19,2.1175,0.9213232573011116,1.6416298048527038
25470,0.35,0.1,0.55,0.15,0.15,0.7,2.192,1.19,2.1055,0.9221032899860986,1.676742007609131
25471,0.35,0.1,0.55,0.15,0.2,0.65,2.192,1.19,2.0935,0.9228890241434292,1.6884469286379686
25472,0.35,0.1,0.55,0.15,0.25,0.6,2.192,1.19,2.0815,0.9236805225128262,1.688846933802228
25484,0.35,0.1,0.55,0.2,0.0,0.8,2.192,1.19,2.1220000000000003,0.9210322023063904,1.6330511878834935
25485,0.35,0.1,0.55,0.2,0.05,0.75,2.192,1.19,2.1100000000000003,0.9218101129286448,1.6520336604474686
25486,0.35,0.1,0.55,0.2,0.1,0.7,2.192,1.19,2.098,0.9225937017306232,1.6523177619745826
25487,0.35,0.1,0.55,0.2,0.15,0.65,2.192,1.19,2.0860000000000003,0.9233830311099054,1.6884469286379686
25488,0.35,0.1,0.55,0.2,0.2,0.6,2.192,1.19,2.074,0.9241781643816824,1.688846933802228
25500,0.35,0.1,0.55,0.25,0.0,0.75,2.192,1.19,2.1025,0.9222991865772598,1.6514009395171405
25501,0.35,0.1,0.55,0.25,0.05,0.7,2.192,1.19,2.0905,0.9230863558699558,1.6603704978899874
25502,0.35,0.1,0.55,0.25,0.1,0.65,2.192,1.19,2.0785,0.9238793052033506,1.6610546045813608
25515,0.35,0.1,0.55,0.3,0.0,0.7,2.192,1.19,2.083,0.9235812678192762,1.6601377821239187
25516,0.35,0.1,0.55,0.3,0.05,0.65,2.192,1.19,2.071,0.9243778620663144,1.6607705030542468
25517,0.35,0.1,0.55,0.3,0.1,0.6,2.192,1.19,2.059,0.9251803406660551,1.673590526071883
25529,0.35,0.1,0.55,0.35,0.0,0.65,2.192,1.19,2.0635000000000003,0.9248787174855856,1.672673703614441
25530,0.35,0.1,0.55,0.35,0.05,0.6,2.192,1.19,2.0515,0.9256849069767435,1.673306424544769
25620,0.35,0.15,0.5,0.0,0.0,1.0,2.1735,1.19,2.2,0.9122511821591048,1.6132622685836087
25621,0.35,0.15,0.5,0.0,0.05,0.95,2.1735,1.19,2.188,0.9129799366918672,1.6119693185737354
25622,0.35,0.15,0.5,0.0,0.1,0.9,2.1735,1.19,2.176,0.9137138873353796,1.62137145393377
25623,0.35,0.15,0.5,0.0,0.15,0.85,2.1735,1.19,2.164,0.9144530898618516,1.6311572744372946
25624,0.35,0.15,0.5,0.0,0.2,0.8,2.1735,1.19,2.152,0.9151976008445276,1.6311572744372946
25625,0.35,0.15,0.5,0.0,0.25,0.75,2.1735,1.19,2.14,0.9159474776721238,1.6351981323187779
25626,0.35,0.15,0.5,0.0,0.3,0.7,2.1735,1.19,2.128,0.9167027785635726,1.6809343618124635
25640,0.35,0.15,0.5,0.05,0.0,0.95,2.1735,1.19,2.1805,0.9134380434019368,1.6113365976434073
25641,0.35,0.15,0.5,0.05,0.05,0.9,2.1735,1.19,2.1685000000000003,0.9141752698859578,1.6119693185737354
25642,0.35,0.15,0.5,0.05,0.1,0.85,2.1735,1.19,2.1565000000000003,0.9149177835164352,1.6119888166704517
25643,0.35,0.15,0.5,0.05,0.15,0.8,2.1735,1.19,2.1445000000000003,0.9156656413745724,1.6311572744372946
25644,0.35,0.15,0.5,0.05,0.2,0.75,2.1735,1.19,2.1325000000000003,0.9164189013662224,1.6351981323187779
25645,0.35,0.15,0.5,0.05,0.25,0.7,2.1735,1.19,2.1205,0.9171776222368327,1.6831770616107018
25659,0.35,0.15,0.5,0.1,0.0,0.9,2.1735,1.19,2.161,0.9146387177120532,1.601953960380089
25660,0.35,0.15,0.5,0.1,0.05,0.85,2.1735,1.19,2.149,0.9153845647435912,1.602586681310417
25661,0.35,0.15,0.5,0.1,0.1,0.8,2.1735,1.19,2.1370000000000005,0.916135792096367,1.6121054769695196
25662,0.35,0.15,0.5,0.1,0.15,0.75,2.1735,1.19,2.125,0.916892458199208,1.6373748461533384
25663,0.35,0.15,0.5,0.1,0.2,0.7,2.1735,1.19,2.113,0.9176546223300442,1.6831770616107018
25664,0.35,0.15,0.5,0.1,0.25,0.65,2.1735,1.19,2.101,0.9184223446313876,1.6938650187325806
25677,0.35,0.15,0.5,0.15,0.0,0.85,2.1735,1.19,2.1415,0.9158534476421888,1.6020706206791568
25678,0.35,0.15,0.5,0.15,0.05,0.8,2.1735,1.19,2.1295,0.9166080673130632,1.608401448852301
25679,0.35,0.15,0.5,0.15,0.1,0.75,2.1735,1.19,2.1175,0.91736816268223,1.6640086038438588
25680,0.35,0.15,0.5,0.15,0.15,0.7,2.1735,1.19,2.1055,0.9181337935661468,1.6938650187325806
25694,0.35,0.15,0.5,0.2,0.0,0.8,2.1735,1.19,2.1220000000000003,0.9170824814573716,1.6500495499710808
25695,0.35,0.15,0.5,0.2,0.05,0.75,2.1735,1.19,2.1100000000000003,0.9178460294583562,1.665294425605703
25696,0.35,0.15,0.5,0.2,0.1,0.7,2.1735,1.19,2.098,0.918615150802414,1.6746965609657376
25710,0.35,0.15,0.5,0.25,0.0,0.75,2.1735,1.19,2.1025,0.918326073304078,1.6646617046753749
25711,0.35,0.15,0.5,0.25,0.05,0.7,2.1735,1.19,2.0905,0.9190987090319884,1.6736312630482217
25712,0.35,0.15,0.5,0.25,0.1,0.65,2.1735,1.19,2.0785,0.9198770180832796,1.6834334035725158
25725,0.35,0.15,0.5,0.3,0.0,0.7,2.1735,1.19,2.083,0.9195844833854382,1.673398547282153
25726,0.35,0.15,0.5,0.3,0.05,0.65,2.1735,1.19,2.071,0.9203663700540636,1.6740312682124812
25727,0.35,0.15,0.5,0.3,0.1,0.6,2.1735,1.19,2.059,0.921154032432152,1.6992657119490087
25739,0.35,0.15,0.5,0.35,0.0,0.65,2.1735,1.19,2.0635000000000003,0.920857978142739,1.689230855658646
25740,0.35,0.15,0.5,0.35,0.05,0.6,2.1735,1.19,2.0515,0.9216492828977828,1.689863576588974
25830,0.35,0.2,0.45,0.0,0.0,1.0,2.155,1.19,2.2,0.9083923398428952,1.6083251106580208
25831,0.35,0.2,0.45,0.0,0.05,0.95,2.155,1.19,2.188,0.909107386232438,1.6127034146200223
25832,0.35,0.2,0.45,0.0,0.1,0.9,2.155,1.19,2.176,0.9098275309919598,1.6221055499800572
25833,0.35,0.2,0.45,0.0,0.15,0.85,2.155,1.19,2.164,0.9105528288445732,1.6412740077469
25834,0.35,0.2,0.45,0.0,0.2,0.8,2.155,1.19,2.152,0.9112833352993598,1.6412740077469
25835,0.35,0.2,0.45,0.0,0.25,0.75,2.155,1.19,2.14,0.912019106665532,1.6445807695820962
25836,0.35,0.2,0.45,0.0,0.3,0.7,2.155,1.19,2.128,0.9127602000669024,1.6903169990757818
25850,0.35,0.2,0.45,0.05,0.0,0.95,2.155,1.19,2.1805,0.9095568757852772,1.6120706936896945
25851,0.35,0.2,0.45,0.05,0.05,0.9,2.155,1.19,2.1685000000000003,0.9102802347655315,1.6127034146200223
25852,0.35,0.2,0.45,0.05,0.1,0.85,2.155,1.19,2.1565000000000003,0.9110087814390556,1.6221055499800572
25853,0.35,0.2,0.45,0.05,0.15,0.8,2.155,1.19,2.1445000000000003,0.9117425718133336,1.6412740077469
25854,0.35,0.2,0.45,0.05,0.2,0.75,2.155,1.19,2.1325000000000003,0.9124816627049877,1.6445807695820962
25855,0.35,0.2,0.45,0.05,0.25,0.7,2.155,1.19,2.1205,0.9132261117544428,1.689351626664718
25869,0.35,0.2,0.45,0.1,0.0,0.9,2.155,1.19,2.161,0.9107349649660218,1.6120706936896945
25870,0.35,0.2,0.45,0.1,0.05,0.85,2.155,1.19,2.149,0.9114667823380954,1.6127034146200223
25871,0.35,0.2,0.45,0.1,0.1,0.8,2.155,1.19,2.1370000000000005,0.912203878825567,1.621488114232838
25872,0.35,0.2,0.45,0.1,0.15,0.75,2.155,1.19,2.125,0.9129463117581968,1.6502788768249124
25873,0.35,0.2,0.45,0.1,0.2,0.7,2.155,1.19,2.113,0.9136941392988752,1.689351626664718
25874,0.35,0.2,0.45,0.1,0.25,0.65,2.155,1.19,2.101,0.9144474204588108,1.6973864121408362
25887,0.35,0.2,0.45,0.15,0.0,0.85,2.155,1.19,2.1415,0.9119268453753568,1.6114532579424752
25888,0.35,0.2,0.45,0.15,0.05,0.8,2.155,1.19,2.1295,0.9126672703701648,1.6177840861156194
25889,0.35,0.2,0.45,0.15,0.1,0.75,2.155,1.19,2.1175,0.913413068063348,1.670183168897875
25904,0.35,0.2,0.45,0.2,0.0,0.8,2.155,1.19,2.1220000000000003,0.9131327606083524,1.656224115025097
25905,0.35,0.2,0.45,0.2,0.05,0.75,2.155,1.19,2.1100000000000003,0.9138819459880682,1.671468990659719
25906,0.35,0.2,0.45,0.2,0.1,0.7,2.155,1.19,2.098,0.9146365998742052,1.6782179543739932
25920,0.35,0.2,0.45,0.25,0.0,0.75,2.155,1.19,2.1025,0.9143529600308964,1.6681830980836305
25921,0.35,0.2,0.45,0.25,0.05,0.7,2.155,1.19,2.0905,0.9151110621940214,1.6771526564564774
25922,0.35,0.2,0.45,0.25,0.1,0.65,2.155,1.19,2.0785,0.9158747309632088,1.6869547969807714
25935,0.35,0.2,0.45,0.3,0.0,0.7,2.155,1.19,2.083,0.9155876989516004,1.6769199406904087
25936,0.35,0.2,0.45,0.3,0.05,0.65,2.155,1.19,2.071,0.916354878041812,1.6775526616207368
25937,0.35,0.2,0.45,0.3,0.1,0.6,2.155,1.19,2.059,0.9171277241982492,1.6992657119490087
25949,0.35,0.2,0.45,0.35,0.0,0.65,2.155,1.19,2.0635000000000003,0.9168372387998924,1.689230855658646
25950,0.35,0.2,0.45,0.35,0.05,0.6,2.155,1.19,2.0515,0.9176136588188222,1.689863576588974
26040,0.35,0.25,0.4,0.0,0.0,1.0,2.1365,1.19,2.2,0.9045334975266852,1.5991763687699472
26041,0.35,0.25,0.4,0.0,0.05,0.95,2.1365,1.19,2.188,0.9052348357730092,1.603554672731949
26042,0.35,0.25,0.4,0.0,0.1,0.9,2.1365,1.19,2.176,0.90594117464854,1.6129568080919834
26043,0.35,0.25,0.4,0.0,0.15,0.85,2.1365,1.19,2.164,0.9066525678272948,1.6321252658588266
26044,0.35,0.25,0.4,0.0,0.2,0.8,2.1365,1.19,2.152,0.9073690697541916,1.6321252658588266
26045,0.35,0.25,0.4,0.0,0.25,0.75,2.1365,1.19,2.14,0.9080907356589402,1.6361661237403096
26046,0.35,0.25,0.4,0.0,0.3,0.7,2.1365,1.19,2.128,0.9088176215702326,1.6819023532339952
26060,0.35,0.25,0.4,0.05,0.0,0.95,2.1365,1.19,2.1805,0.9056757081686176,1.6029219518016207
26061,0.35,0.25,0.4,0.05,0.05,0.9,2.1365,1.19,2.1685000000000003,0.9063851996451054,1.603554672731949
26062,0.35,0.25,0.4,0.05,0.1,0.85,2.1365,1.19,2.1565000000000003,0.907099779361676,1.6129568080919834
26063,0.35,0.25,0.4,0.05,0.15,0.8,2.1365,1.19,2.1445000000000003,0.9078195022520948,1.6321252658588266
26064,0.35,0.25,0.4,0.05,0.2,0.75,2.1365,1.19,2.1325000000000003,0.9085444240437536,1.6361661237403096
26065,0.35,0.25,0.4,0.05,0.25,0.7,2.1365,1.19,2.1205,0.9092746012720532,1.6809369808229315
26079,0.35,0.25,0.4,0.1,0.0,0.9,2.1365,1.19,2.161,0.9068312122199904,1.6029219518016207
26080,0.35,0.25,0.4,0.1,0.05,0.85,2.1365,1.19,2.149,0.9075489999325992,1.603554672731949
26081,0.35,0.25,0.4,0.1,0.1,0.8,2.1365,1.19,2.1370000000000005,0.9082719655547672,1.6130734683910515
26082,0.35,0.25,0.4,0.1,0.15,0.75,2.1365,1.19,2.125,0.909000165317186,1.6418642309831257
26083,0.35,0.25,0.4,0.1,0.2,0.7,2.1365,1.19,2.113,0.909733656267706,1.6809369808229315
26084,0.35,0.25,0.4,0.1,0.25,0.65,2.1365,1.19,2.101,0.9104724962862336,1.69162493794481
26097,0.35,0.25,0.4,0.15,0.0,0.85,2.1365,1.19,2.1415,0.9080002431085248,1.6030386121006888
26098,0.35,0.25,0.4,0.15,0.05,0.8,2.1365,1.19,2.1295,0.9087264734272664,1.6093694402738328
26099,0.35,0.25,0.4,0.15,0.1,0.75,2.1365,1.19,2.1175,0.9094579734444664,1.6617685230560884
26100,0.35,0.25,0.4,0.15,0.15,0.7,2.1365,1.19,2.1055,0.9101948007262431,1.69162493794481
26114,0.35,0.25,0.4,0.2,0.0,0.8,2.1365,1.19,2.1220000000000003,0.9091830397593332,1.6478094691833103
26115,0.35,0.25,0.4,0.2,0.05,0.75,2.1365,1.19,2.1100000000000003,0.90991786251778,1.6630543448179325
26116,0.35,0.25,0.4,0.2,0.1,0.7,2.1365,1.19,2.098,0.910658048945996,1.6724564801779673
26130,0.35,0.25,0.4,0.25,0.0,0.75,2.1365,1.19,2.1025,0.9103798467577144,1.6624216238876046
26131,0.35,0.25,0.4,0.25,0.05,0.7,2.1365,1.19,2.0905,0.9111234153560543,1.668738010614691
26132,0.35,0.25,0.4,0.25,0.1,0.65,2.1365,1.19,2.0785,0.9118724438431384,1.6790300320056457
26145,0.35,0.25,0.4,0.3,0.0,0.7,2.1365,1.19,2.083,0.9115909145177626,1.6697292717615702
26146,0.35,0.25,0.4,0.3,0.05,0.65,2.1365,1.19,2.071,0.9123433860295608,1.669627896645611
26147,0.35,0.25,0.4,0.3,0.1,0.6,2.1365,1.19,2.059,0.913101415964346,1.6952286184377683
26159,0.35,0.25,0.4,0.35,0.0,0.65,2.1365,1.19,2.0635000000000003,0.912816499457046,1.6851937621474056
26160,0.35,0.25,0.4,0.35,0.05,0.6,2.1365,1.19,2.0515,0.9135780347398614,1.6858264830777336
26250,0.35,0.3,0.35,0.0,0.0,1.0,2.118,1.19,2.2,0.9006746552104754,1.6084677503383848
26251,0.35,0.3,0.35,0.0,0.05,0.95,2.118,1.19,2.188,0.90136228531358,1.6128460543003864
26252,0.35,0.3,0.35,0.0,0.1,0.9,2.118,1.19,2.176,0.9020548183051204,1.6222481896604213
26253,0.35,0.3,0.35,0.0,0.15,0.85,2.118,1.19,2.164,0.9027523068100168,1.641416647427264
26254,0.35,0.3,0.35,0.0,0.2,0.8,2.118,1.19,2.152,0.9034548042090236,1.641416647427264
26255,0.35,0.3,0.35,0.0,0.25,0.75,2.118,1.19,2.14,0.904162364652348,1.6454575053087475
26256,0.35,0.3,0.35,0.0,0.3,0.7,2.118,1.19,2.128,0.9048750430735628,1.691193734802433
26270,0.35,0.3,0.35,0.05,0.0,0.95,2.118,1.19,2.1805,0.901794540551958,1.6122133333700586
26271,0.35,0.3,0.35,0.05,0.05,0.9,2.118,1.19,2.1685000000000003,0.9024901645246792,1.6128460543003864
26272,0.35,0.3,0.35,0.05,0.1,0.85,2.118,1.19,2.1565000000000003,0.903190777284296,1.6222481896604213
26273,0.35,0.3,0.35,0.05,0.15,0.8,2.118,1.19,2.1445000000000003,0.9038964326908556,1.641416647427264
26274,0.35,0.3,0.35,0.05,0.2,0.75,2.118,1.19,2.1325000000000003,0.9046071853825192,1.6454575053087475
26275,0.35,0.3,0.35,0.05,0.25,0.7,2.118,1.19,2.1205,0.9053230907896638,1.690228362391369
26289,0.35,0.3,0.35,0.1,0.0,0.9,2.118,1.19,2.161,0.902927459473959,1.6122133333700586
26290,0.35,0.3,0.35,0.1,0.05,0.85,2.118,1.19,2.149,0.9036312175271032,1.6128460543003864
26291,0.35,0.3,0.35,0.1,0.1,0.8,2.118,1.19,2.1370000000000005,0.9043400522839674,1.622364849959489
26292,0.35,0.3,0.35,0.1,0.15,0.75,2.118,1.19,2.125,0.9050540188761752,1.6511556125515636
26293,0.35,0.3,0.35,0.1,0.2,0.7,2.118,1.19,2.113,0.9057731732365372,1.690228362391369
26307,0.35,0.3,0.35,0.15,0.0,0.85,2.118,1.19,2.1415,0.9040736408416926,1.6123299936691262
26308,0.35,0.3,0.35,0.15,0.05,0.8,2.118,1.19,2.1295,0.9047856764843684,1.6186608218422707
26309,0.35,0.3,0.35,0.15,0.1,0.75,2.118,1.19,2.1175,0.9055028788255848,1.6710599046245262
26324,0.35,0.3,0.35,0.2,0.0,0.8,2.118,1.19,2.1220000000000003,0.9052333189103144,1.6571008507517482
26325,0.35,0.3,0.35,0.2,0.05,0.75,2.118,1.19,2.1100000000000003,0.9059537790474916,1.6723457263863704
26326,0.35,0.3,0.35,0.2,0.1,0.7,2.118,1.19,2.098,0.9066794980177872,1.6817478617464048
26340,0.35,0.3,0.35,0.25,0.0,0.75,2.118,1.19,2.1025,0.9064067334845324,1.671713005456042
26341,0.35,0.3,0.35,0.25,0.05,0.7,2.118,1.19,2.0905,0.9071357685180872,1.6780293921831284
26342,0.35,0.3,0.35,0.25,0.1,0.65,2.118,1.19,2.0785,0.9078701567230676,1.6890555096203703
26355,0.35,0.3,0.35,0.3,0.0,0.7,2.118,1.19,2.083,0.9075941300839248,1.6790206533300076
26356,0.35,0.3,0.35,0.3,0.05,0.65,2.118,1.19,2.071,0.9083318940173098,1.679653374260336
26369,0.35,0.3,0.35,0.35,0.0,0.65,2.118,1.19,2.0635000000000003,0.9087957601141996,1.6952192397621302
26370,0.35,0.3,0.35,0.35,0.05,0.6,2.118,1.19,2.0515,0.9095424106609008,1.6958519606924585
26465,0.35,0.35,0.3,0.0,0.25,0.75,2.0995,1.19,2.14,0.9002339936457561,1.6457189781903947
26466,0.35,0.35,0.3,0.0,0.3,0.7,2.0995,1.19,2.128,0.9009324645768924,1.6914552076840803
26484,0.35,0.35,0.3,0.05,0.2,0.75,2.0995,1.19,2.1325000000000003,0.9006699467212848,1.6457189781903947
26485,0.35,0.35,0.3,0.05,0.25,0.7,2.0995,1.19,2.1205,0.901371580307274,1.6904898352730167
26501,0.35,0.35,0.3,0.1,0.1,0.8,2.0995,1.19,2.1370000000000005,0.9004081390131675,1.6235267957604897
26502,0.35,0.35,0.3,0.1,0.15,0.75,2.0995,1.19,2.125,0.9011078724351644,1.6514170854332109
26503,0.35,0.35,0.3,0.1,0.2,0.7,2.0995,1.19,2.113,0.9018126902053684,1.6904898352730167
26517,0.35,0.35,0.3,0.15,0.0,0.85,2.0995,1.19,2.1415,0.9001470385748603,1.613491939470127
26518,0.35,0.35,0.3,0.15,0.05,0.8,2.0995,1.19,2.1295,0.90084487954147,1.619822767643271
26519,0.35,0.35,0.3,0.15,0.1,0.75,2.0995,1.19,2.1175,0.9015477842067032,1.6713213775061735
26534,0.35,0.35,0.3,0.2,0.0,0.8,2.0995,1.19,2.1220000000000003,0.9012835980612954,1.6582627965527486
26535,0.35,0.35,0.3,0.2,0.05,0.75,2.0995,1.19,2.1100000000000003,0.9019896955772037,1.6745441268660535
26536,0.35,0.35,0.3,0.2,0.1,0.7,2.0995,1.19,2.098,0.9027009470895782,1.683946262226088
26550,0.35,0.35,0.3,0.25,0.0,0.75,2.0995,1.19,2.1025,0.9024336202113508,1.6739114059357252
26551,0.35,0.35,0.3,0.25,0.05,0.7,2.0995,1.19,2.0905,0.90314812168012,1.6802277926628115
26552,0.35,0.35,0.3,0.25,0.1,0.65,2.0995,1.19,2.0785,0.9038678696029968,1.6912539101000534
26565,0.35,0.35,0.3,0.3,0.0,0.7,2.0995,1.19,2.083,0.9035973456500872,1.6812190538096907
26566,0.35,0.35,0.3,0.3,0.05,0.65,2.0995,1.19,2.071,0.9043204020050588,1.681851774740019
26579,0.35,0.35,0.3,0.35,0.0,0.65,2.0995,1.19,2.0635000000000003,0.9047750207713532,1.6921086021515384
26580,0.35,0.35,0.3,0.35,0.05,0.6,2.0995,1.19,2.0515,0.90550678658194,1.6927413230818662
26776,0.35,0.4,0.25,0.3,0.05,0.65,2.081,1.19,2.071,0.9003089099928075,1.693962911652361
27720,0.4,0.0,0.6,0.0,0.0,1.0,2.186,1.19,2.2,0.9148585080484356,1.5810139656103697
27721,0.4,0.0,0.6,0.0,0.05,0.95,2.186,1.19,2.188,0.91559652484013,1.5797210156004964
27722,0.4,0.0,0.6,0.0,0.1,0.9,2.186,1.19,2.176,0.9163398037836364,1.5800051171276104
27723,0.4,0.0,0.6,0.0,0.15,0.85,2.186,1.19,2.164,0.9170884013600124,1.6009079693539032
27724,0.4,0.0,0.6,0.0,0.2,0.8,2.186,1.19,2.152,0.9178423748615328,1.6009079693539032
27725,0.4,0.0,0.6,0.0,0.25,0.75,2.186,1.19,2.14,0.9186017824063076,1.6086864241647394
27726,0.4,0.0,0.6,0.0,0.3,0.7,2.186,1.19,2.128,0.9193666829532144,1.6683591001379012
27740,0.4,0.0,0.6,0.05,0.0,0.95,2.186,1.19,2.1805,0.9160604539537338,1.5790882946701683
27741,0.4,0.0,0.6,0.05,0.05,0.9,2.186,1.19,2.1685000000000003,0.916807050372732,1.5761996221922407
27742,0.4,0.0,0.6,0.05,0.1,0.85,2.186,1.19,2.1565000000000003,0.9175590011362864,1.5764837237193547
27743,0.4,0.0,0.6,0.05,0.15,0.8,2.186,1.19,2.1445000000000003,0.9183163640510852,1.6009079693539032
27744,0.4,0.0,0.6,0.05,0.2,0.75,2.186,1.19,2.1325000000000003,0.919079197758948,1.6086864241647394
27745,0.4,0.0,0.6,0.05,0.25,0.7,2.186,1.19,2.1205,0.9198475617519608,1.6660540504872523
27759,0.4,0.0,0.6,0.1,0.0,0.9,2.186,1.19,2.161,0.9172763884863986,1.5755669012619127
27760,0.4,0.0,0.6,0.1,0.05,0.85,2.186,1.19,2.149,0.9180317150175752,1.5761996221922407
27761,0.4,0.0,0.6,0.1,0.1,0.8,2.186,1.19,2.1370000000000005,0.9187924902523128,1.5766003840184226
27762,0.4,0.0,0.6,0.1,0.15,0.75,2.186,1.19,2.125,0.9195587733620532,1.620251835029889
27763,0.4,0.0,0.6,0.1,0.2,0.7,2.186,1.19,2.113,0.9203306243781312,1.6660540504872523
27764,0.4,0.0,0.6,0.1,0.25,0.65,2.186,1.19,2.101,0.9211081042074534,1.676742007609131
27777,0.4,0.0,0.6,0.15,0.0,0.85,2.186,1.19,2.1415,0.9185065572819404,1.5756835615609806
27778,0.4,0.0,0.6,0.15,0.05,0.8,2.186,1.19,2.1295,0.9192707679501568,1.5878816933564581
27779,0.4,0.0,0.6,0.15,0.1,0.75,2.186,1.19,2.1175,0.920040523911204,1.6416298048527038
27780,0.4,0.0,0.6,0.15,0.15,0.7,2.186,1.19,2.1055,0.92081588574179,1.676742007609131
27781,0.4,0.0,0.6,0.15,0.2,0.65,2.186,1.19,2.0935,0.9215969149041664,1.6884469286379686
27782,0.4,0.0,0.6,0.15,0.25,0.6,2.186,1.19,2.0815,0.9223836737623692,1.688846933802228
27794,0.4,0.0,0.6,0.2,0.0,0.8,2.186,1.19,2.1220000000000003,0.9197512117607628,1.6330511878834935
27795,0.4,0.0,0.6,0.2,0.05,0.75,2.186,1.19,2.1100000000000003,0.9205244642355782,1.6520336604474686
27796,0.4,0.0,0.6,0.2,0.1,0.7,2.186,1.19,2.098,0.921303360889042,1.6523177619745826
27797,0.4,0.0,0.6,0.2,0.15,0.65,2.186,1.19,2.0860000000000003,0.9220879637450948,1.6884469286379686
27798,0.4,0.0,0.6,0.2,0.2,0.6,2.186,1.19,2.074,0.9228783357397954,1.688846933802228
27810,0.4,0.0,0.6,0.25,0.0,0.75,2.186,1.19,2.1025,0.9210106092994712,1.6514009395171405
27811,0.4,0.0,0.6,0.25,0.05,0.7,2.186,1.19,2.0905,0.921793065003588,1.6603704978899874
27812,0.4,0.0,0.6,0.25,0.1,0.65,2.186,1.19,2.0785,0.9225812661373816,1.6610546045813608
27813,0.4,0.0,0.6,0.25,0.15,0.6,2.186,1.19,2.0665,0.9233752762155052,1.6982200393994702
27825,0.4,0.0,0.6,0.3,0.0,0.7,2.186,1.19,2.083,0.9222850134083016,1.6601377821239187
27826,0.4,0.0,0.6,0.3,0.05,0.65,2.186,1.19,2.071,0.9230768376299088,1.6607705030542468
27827,0.4,0.0,0.6,0.3,0.1,0.6,2.186,1.19,2.059,0.9238745109685732,1.670427710178603
27839,0.4,0.0,0.6,0.35,0.0,0.65,2.186,1.19,2.0635000000000003,0.9235746939149329,1.6695108877211609
27840,0.4,0.0,0.6,0.35,0.05,0.6,2.186,1.19,2.0515,0.9243760559241078,1.670143608651489
27930,0.4,0.05,0.55,0.0,0.0,1.0,2.1675,1.19,2.2,0.910999665732226,1.6133264341502227
27931,0.4,0.05,0.55,0.0,0.05,0.95,2.1675,1.19,2.188,0.9117239743807009,1.6127675801866364
27932,0.4,0.05,0.55,0.0,0.1,0.9,2.1675,1.19,2.176,0.9124534474402168,1.6123175856674634
27933,0.4,0.05,0.55,0.0,0.15,0.85,2.1675,1.19,2.164,0.9131881403427342,1.6314860434343064
27934,0.4,0.05,0.55,0.0,0.2,0.8,2.1675,1.19,2.152,0.9139281093163648,1.6314860434343064
27935,0.4,0.05,0.55,0.0,0.25,0.75,2.1675,1.19,2.14,0.9146734113997156,1.6261442640524713
27936,0.4,0.05,0.55,0.0,0.3,0.7,2.1675,1.19,2.128,0.9154241044565444,1.6718804935461569
27950,0.4,0.05,0.55,0.05,0.0,0.95,2.1675,1.19,2.1805,0.912179286337074,1.6114007632100213
27951,0.4,0.05,0.55,0.05,0.05,0.9,2.1675,1.19,2.1685000000000003,0.912912015252306,1.6120334841403494
27952,0.4,0.05,0.55,0.05,0.1,0.85,2.1675,1.19,2.1565000000000003,0.9136499990589064,1.6123175856674634
27953,0.4,0.05,0.55,0.05,0.15,0.8,2.1675,1.19,2.1445000000000003,0.9143932944898464,1.622103406170988
27954,0.4,0.05,0.55,0.05,0.2,0.75,2.1675,1.19,2.1325000000000003,0.915141959097714,1.6261442640524713
27955,0.4,0.05,0.55,0.05,0.25,0.7,2.1675,1.19,2.1205,0.9158960512695712,1.6776445867526508
27969,0.4,0.05,0.55,0.1,0.0,0.9,2.1675,1.19,2.161,0.9133726357403672,1.6114007632100213
27970,0.4,0.05,0.55,0.1,0.05,0.85,2.1675,1.19,2.149,0.914113932612079,1.6120334841403494
27971,0.4,0.05,0.55,0.1,0.1,0.8,2.1675,1.19,2.1370000000000005,0.914860576981513,1.603051608703213
27972,0.4,0.05,0.55,0.1,0.15,0.75,2.1675,1.19,2.125,0.9156126269210424,1.6318423712952874
27973,0.4,0.05,0.55,0.1,0.2,0.7,2.1675,1.19,2.113,0.9163701413469624,1.6776445867526508
27974,0.4,0.05,0.55,0.1,0.25,0.65,2.1675,1.19,2.101,0.9171331800348762,1.684811150466274
27987,0.4,0.05,0.55,0.15,0.0,0.85,2.1675,1.19,2.1415,0.9145799550151082,1.6021347862457709
27988,0.4,0.05,0.55,0.15,0.05,0.8,2.1675,1.19,2.1295,0.9153299710072588,1.6084656144189151
27989,0.4,0.05,0.55,0.15,0.1,0.75,2.1675,1.19,2.1175,0.9160854292923224,1.6584761289858079
27990,0.4,0.05,0.55,0.15,0.15,0.7,2.1675,1.19,2.1055,0.916846389321838,1.684811150466274
27991,0.4,0.05,0.55,0.15,0.2,0.65,2.1675,1.19,2.0935,0.9176129114164394,1.6965160714951115
27992,0.4,0.05,0.55,0.15,0.25,0.6,2.1675,1.19,2.0815,0.9183850567817944,1.696916076659371
28004,0.4,0.05,0.55,0.2,0.0,0.8,2.1675,1.19,2.1220000000000003,0.9158014909117436,1.6536351089459504
28005,0.4,0.05,0.55,0.2,0.05,0.75,2.1675,1.19,2.1100000000000003,0.9165603807652898,1.6688799845805726
28006,0.4,0.05,0.55,0.2,0.1,0.7,2.1675,1.19,2.098,0.9173248099608328,1.665642692699431
28007,0.4,0.05,0.55,0.2,0.15,0.65,2.1675,1.19,2.0860000000000003,0.9180948393702624,1.6965160714951115
28008,0.4,0.05,0.55,0.2,0.2,0.6,2.1675,1.19,2.074,0.9188705307606438,1.696916076659371
28020,0.4,0.05,0.55,0.25,0.0,0.75,2.1675,1.19,2.1025,0.9170374960262891,1.664725870241989
28021,0.4,0.05,0.55,0.25,0.05,0.7,2.1675,1.19,2.0905,0.9178054181656208,1.6736954286148358
28022,0.4,0.05,0.55,0.25,0.1,0.65,2.1675,1.19,2.0785,0.918578979017311,1.6743795353062092
28035,0.4,0.05,0.55,0.3,0.0,0.7,2.1675,1.19,2.083,0.918288228974464,1.6734627128487671
28036,0.4,0.05,0.55,0.3,0.05,0.65,2.1675,1.19,2.071,0.9190653456176576,1.6740954337790952
28037,0.4,0.05,0.55,0.3,0.1,0.6,2.1675,1.19,2.059,0.91984820273467,1.6837526409034511
28049,0.4,0.05,0.55,0.35,0.0,0.65,2.1675,1.19,2.0635000000000003,0.919553954572086,1.682835818446009
28050,0.4,0.05,0.55,0.35,0.05,0.6,2.1675,1.19,2.0515,0.9203404318451468,1.6834685393763371
28140,0.4,0.1,0.5,0.0,0.0,1.0,2.149,1.19,2.2,0.9071408234160162,1.6133264341502227
28141,0.4,0.1,0.5,0.0,0.05,0.95,2.149,1.19,2.188,0.907851423921272,1.6127675801866364
28142,0.4,0.1,0.5,0.0,0.1,0.9,2.149,1.19,2.176,0.9085670910967968,1.6130516817137504
28143,0.4,0.1,0.5,0.0,0.15,0.85,2.149,1.19,2.164,0.909287879325456,1.6322201394805935
28144,0.4,0.1,0.5,0.0,0.2,0.8,2.149,1.19,2.152,0.9100138437711972,1.6322201394805935
28145,0.4,0.1,0.5,0.0,0.25,0.75,2.149,1.19,2.14,0.9107450403931238,1.6362609973620765
28146,0.4,0.1,0.5,0.0,0.3,0.7,2.149,1.19,2.128,0.9114815259598744,1.6819972268557621
28160,0.4,0.1,0.5,0.05,0.0,0.95,2.149,1.19,2.1805,0.9082981187204144,1.6121348592563085
28161,0.4,0.1,0.5,0.05,0.05,0.9,2.149,1.19,2.1685000000000003,0.90901698013188,1.6127675801866364
28162,0.4,0.1,0.5,0.05,0.1,0.85,2.149,1.19,2.1565000000000003,0.909740996981527,1.6130516817137504
28163,0.4,0.1,0.5,0.05,0.15,0.8,2.149,1.19,2.1445000000000003,0.9104702249286072,1.6322201394805935
28164,0.4,0.1,0.5,0.05,0.2,0.75,2.149,1.19,2.1325000000000003,0.9112047204364796,1.6362609973620765
28165,0.4,0.1,0.5,0.05,0.25,0.7,2.149,1.19,2.1205,0.9119445407871816,1.6802977583984113
28179,0.4,0.1,0.5,0.1,0.0,0.9,2.149,1.19,2.161,0.909468882994336,1.6121348592563085
28180,0.4,0.1,0.5,0.1,0.05,0.85,2.149,1.19,2.149,0.9101961502065832,1.6127675801866364
28181,0.4,0.1,0.5,0.1,0.1,0.8,2.149,1.19,2.1370000000000005,0.9109286637107132,1.6131683420128184
28182,0.4,0.1,0.5,0.1,0.15,0.75,2.149,1.19,2.125,0.9116664804800314,1.6419591046048927
28183,0.4,0.1,0.5,0.1,0.2,0.7,2.149,1.19,2.113,0.9124096583157936,1.6802977583984113
28184,0.4,0.1,0.5,0.1,0.25,0.65,2.149,1.19,2.101,0.9131582558622992,1.69098571552029
28197,0.4,0.1,0.5,0.15,0.0,0.85,2.149,1.19,2.1415,0.910653352748276,1.6122515195553762
28198,0.4,0.1,0.5,0.15,0.05,0.8,2.149,1.19,2.1295,0.91138917406436,1.6185823477285206
28199,0.4,0.1,0.5,0.15,0.1,0.75,2.149,1.19,2.1175,0.9121303346734408,1.6611293006315684
28200,0.4,0.1,0.5,0.15,0.15,0.7,2.149,1.19,2.1055,0.9128768929018864,1.69098571552029
28214,0.4,0.1,0.5,0.2,0.0,0.8,2.149,1.19,2.1220000000000003,0.9118517700627248,1.656288280591711
28215,0.4,0.1,0.5,0.2,0.05,0.75,2.149,1.19,2.1100000000000003,0.9125962972950016,1.6715331562263331
28216,0.4,0.1,0.5,0.2,0.1,0.7,2.149,1.19,2.098,0.9133462590326238,1.6718172577534471
28230,0.4,0.1,0.5,0.25,0.0,0.75,2.149,1.19,2.1025,0.9130643827531076,1.670900435296005
28231,0.4,0.1,0.5,0.25,0.05,0.7,2.149,1.19,2.0905,0.9138177713276536,1.6772168220230914
28232,0.4,0.1,0.5,0.25,0.1,0.65,2.149,1.19,2.0785,0.91457669189724,1.6779009287144648
28245,0.4,0.1,0.5,0.3,0.0,0.7,2.149,1.19,2.083,0.914291444540626,1.6769841062570228
28246,0.4,0.1,0.5,0.3,0.05,0.65,2.149,1.19,2.071,0.9150538536054066,1.6776168271873508
28247,0.4,0.1,0.5,0.3,0.1,0.6,2.149,1.19,2.059,0.915821894500767,1.687274034311707
28259,0.4,0.1,0.5,0.35,0.0,0.65,2.149,1.19,2.0635000000000003,0.9155332152292396,1.686357211854265
28260,0.4,0.1,0.5,0.35,0.05,0.6,2.149,1.19,2.0515,0.9163048077661862,1.686989932784593
28350,0.4,0.15,0.45,0.0,0.0,1.0,2.1305,1.19,2.2,0.9032819810998064,1.6132622685836087
28351,0.4,0.15,0.45,0.0,0.05,0.95,2.1305,1.19,2.188,0.9039788734618428,1.6127034146200223
28352,0.4,0.15,0.45,0.0,0.1,0.9,2.1305,1.19,2.176,0.9046807347533768,1.6221055499800572
28353,0.4,0.15,0.45,0.0,0.15,0.85,2.1305,1.19,2.164,0.9053876183081776,1.6412740077469
28354,0.4,0.15,0.45,0.0,0.2,0.8,2.1305,1.19,2.152,0.906099578226029,1.6412740077469
28355,0.4,0.15,0.45,0.0,0.25,0.75,2.1305,1.19,2.14,0.906816669386532,1.6453148656283834
28356,0.4,0.15,0.45,0.0,0.3,0.7,2.1305,1.19,2.128,0.9075389474632044,1.691051095122069
28370,0.4,0.15,0.45,0.05,0.0,0.95,2.1305,1.19,2.1805,0.9044169511037552,1.6120706936896945
28371,0.4,0.15,0.45,0.05,0.05,0.9,2.1305,1.19,2.1685000000000003,0.9051219450114536,1.6127034146200223
28372,0.4,0.15,0.45,0.05,0.1,0.85,2.1305,1.19,2.1565000000000003,0.9058319949041472,1.6221055499800572
28373,0.4,0.15,0.45,0.05,0.15,0.8,2.1305,1.19,2.1445000000000003,0.9065471553673686,1.6412740077469
28374,0.4,0.15,0.45,0.05,0.2,0.75,2.1305,1.19,2.1325000000000003,0.907267481775245,1.6453148656283834
28375,0.4,0.15,0.45,0.05,0.25,0.7,2.1305,1.19,2.1205,0.9079930303047916,1.6900857227110049
28389,0.4,0.15,0.45,0.1,0.0,0.9,2.1305,1.19,2.161,0.9055651302483044,1.6120706936896945
28390,0.4,0.15,0.45,0.1,0.05,0.85,2.1305,1.19,2.149,0.9062783678010872,1.6127034146200223
28391,0.4,0.15,0.45,0.1,0.1,0.8,2.1305,1.19,2.1370000000000005,0.9069967504399132,1.6222222102791248
28392,0.4,0.15,0.45,0.1,0.15,0.75,2.1305,1.19,2.125,0.9077203340390204,1.6510129728711995
28393,0.4,0.15,0.45,0.1,0.2,0.7,2.1305,1.19,2.113,0.9084491752846242,1.6900857227110049
28407,0.4,0.15,0.45,0.15,0.0,0.85,2.1305,1.19,2.1415,0.906726750481444,1.6121873539887621
28408,0.4,0.15,0.45,0.15,0.05,0.8,2.1305,1.19,2.1295,0.9074483771214616,1.6185181821619066
28409,0.4,0.15,0.45,0.15,0.1,0.75,2.1305,1.19,2.1175,0.9081752400545589,1.6709172649441622
28424,0.4,0.15,0.45,0.2,0.0,0.8,2.1305,1.19,2.1220000000000003,0.9079020492137057,1.656958211071384
28425,0.4,0.15,0.45,0.2,0.05,0.75,2.1305,1.19,2.1100000000000003,0.9086322138247134,1.6722030867060063
28426,0.4,0.15,0.45,0.2,0.1,0.7,2.1305,1.19,2.098,0.9093677081044148,1.6816052220660407
28440,0.4,0.15,0.45,0.25,0.0,0.75,2.1305,1.19,2.1025,0.9090912694799256,1.671570365775678
28441,0.4,0.15,0.45,0.25,0.05,0.7,2.1305,1.19,2.0905,0.9098301244896866,1.6778867525027643
28442,0.4,0.15,0.45,0.25,0.1,0.65,2.1305,1.19,2.0785,0.9105744047771692,1.6876888930270584
28455,0.4,0.15,0.45,0.3,0.0,0.7,2.1305,1.19,2.083,0.9102946601067882,1.6776540367366957
28456,0.4,0.15,0.45,0.3,0.05,0.65,2.1305,1.19,2.071,0.9110423615931552,1.678286757667024
28469,0.4,0.15,0.45,0.35,0.0,0.65,2.1305,1.19,2.0635000000000003,0.9115124758863932,1.6906815482929465
28470,0.4,0.15,0.45,0.35,0.05,0.6,2.1305,1.19,2.0515,0.9122691836872254,1.6905801731769874
28561,0.4,0.2,0.4,0.0,0.05,0.95,2.112,1.19,2.188,0.900106323002414,1.6219947961884602
28562,0.4,0.2,0.4,0.0,0.1,0.9,2.112,1.19,2.176,0.9007943784099572,1.6313969315484946
28563,0.4,0.2,0.4,0.0,0.15,0.85,2.112,1.19,2.164,0.9014873572908996,1.6505653893153378
28564,0.4,0.2,0.4,0.0,0.2,0.8,2.112,1.19,2.152,0.9021853126808612,1.6505653893153378
28565,0.4,0.2,0.4,0.0,0.25,0.75,2.112,1.19,2.14,0.90288829837994,1.6546062471968208
28580,0.4,0.2,0.4,0.05,0.0,0.95,2.112,1.19,2.1805,0.9005357834870955,1.621362075258132
28581,0.4,0.2,0.4,0.05,0.05,0.9,2.112,1.19,2.1685000000000003,0.9012269098910276,1.6219947961884602
28582,0.4,0.2,0.4,0.05,0.1,0.85,2.112,1.19,2.1565000000000003,0.9019229928267676,1.6313969315484946
28583,0.4,0.2,0.4,0.05,0.15,0.8,2.112,1.19,2.1445000000000003,0.9026240858061298,1.6505653893153378
28584,0.4,0.2,0.4,0.05,0.2,0.75,2.112,1.19,2.1325000000000003,0.9033302431140108,1.6546062471968208
28585,0.4,0.2,0.4,0.05,0.25,0.7,2.112,1.19,2.1205,0.9040415198224022,1.6993771042794428
28599,0.4,0.2,0.4,0.1,0.0,0.9,2.112,1.19,2.161,0.9016613775022732,1.621362075258132
28600,0.4,0.2,0.4,0.1,0.05,0.85,2.112,1.19,2.149,0.9023605853955912,1.6219947961884602
28601,0.4,0.2,0.4,0.1,0.1,0.8,2.112,1.19,2.1370000000000005,0.9030648371691132,1.6315135918475627
28602,0.4,0.2,0.4,0.1,0.15,0.75,2.112,1.19,2.125,0.9037741875980096,1.660304354439637
28603,0.4,0.2,0.4,0.1,0.2,0.7,2.112,1.19,2.113,0.9044886922534552,1.6993771042794428
28617,0.4,0.2,0.4,0.15,0.0,0.85,2.112,1.19,2.1415,0.902800148214612,1.6214787355572
28618,0.4,0.2,0.4,0.15,0.05,0.8,2.112,1.19,2.1295,0.9035075801785634,1.627809563730344
28619,0.4,0.2,0.4,0.15,0.1,0.75,2.112,1.19,2.1175,0.9042201454356772,1.6802086465125996
28634,0.4,0.2,0.4,0.2,0.0,0.8,2.112,1.19,2.1220000000000003,0.9039523283646864,1.6662495926398215
28635,0.4,0.2,0.4,0.2,0.05,0.75,2.112,1.19,2.1100000000000003,0.9046681303544252,1.6814944682744437
28636,0.4,0.2,0.4,0.2,0.1,0.7,2.112,1.19,2.098,0.905389157176206,1.6908966036344786
28650,0.4,0.2,0.4,0.25,0.0,0.75,2.112,1.19,2.1025,0.905118156206744,1.6808617473441159
28651,0.4,0.2,0.4,0.25,0.05,0.7,2.112,1.19,2.0905,0.9058424776517195,1.6871781340712022
28652,0.4,0.2,0.4,0.25,0.1,0.65,2.112,1.19,2.0785,0.9065721176570988,1.6969802745954963
28665,0.4,0.2,0.4,0.3,0.0,0.7,2.112,1.19,2.083,0.9062978756729504,1.6869454183051336
28666,0.4,0.2,0.4,0.3,0.05,0.65,2.112,1.19,2.071,0.907030869580904,1.6875781392354614
28679,0.4,0.2,0.4,0.35,0.0,0.65,2.112,1.19,2.0635000000000003,0.9074917365435466,1.699972929861384
28829,0.4,0.25,0.35,0.15,0.1,0.75,2.0935,1.19,2.1175,0.9002650508167956,1.6854356632204592
28844,0.4,0.25,0.35,0.2,0.0,0.8,2.0935,1.19,2.1220000000000003,0.9000026075156676,1.6723770822670343
28845,0.4,0.25,0.35,0.2,0.05,0.75,2.0935,1.19,2.1100000000000003,0.900704046884137,1.6867214849823033
28846,0.4,0.25,0.35,0.2,0.1,0.7,2.0935,1.19,2.098,0.9014106062479968,1.6961236203423382
28860,0.4,0.25,0.35,0.25,0.0,0.75,2.0935,1.19,2.1025,0.901145042933562,1.6860887640519755
28861,0.4,0.25,0.35,0.25,0.05,0.7,2.0935,1.19,2.0905,0.9018548308137524,1.6878004336024357
28875,0.4,0.25,0.35,0.3,0.0,0.7,2.0935,1.19,2.083,0.9023010912391128,1.6953333395239765
28876,0.4,0.25,0.35,0.3,0.05,0.65,2.0935,1.19,2.071,0.9030193775686528,1.6959660604543048
29100,0.4,0.3,0.3,0.35,0.05,0.6,2.075,1.19,2.0515,0.9001623114503435,1.6920906784197203
30240,0.45,0.0,0.55,0.0,0.0,1.0,2.143,1.19,2.2,0.9058893069891372,1.6133264341502227
30241,0.45,0.0,0.55,0.0,0.05,0.95,2.143,1.19,2.188,0.9065954616101056,1.6127675801866364
30242,0.45,0.0,0.55,0.0,0.1,0.9,2.143,1.19,2.176,0.9073066512016336,1.6130516817137504
30243,0.45,0.0,0.55,0.0,0.15,0.85,2.143,1.19,2.164,0.9080229298063388,1.6322201394805935
30244,0.45,0.0,0.55,0.0,0.2,0.8,2.143,1.19,2.152,0.9087443522430344,1.6322201394805935
30245,0.45,0.0,0.55,0.0,0.25,0.75,2.143,1.19,2.14,0.9094709741207154,1.6362609973620765
30246,0.45,0.0,0.55,0.0,0.3,0.7,2.143,1.19,2.128,0.9102028518528464,1.6819972268557621
30260,0.45,0.0,0.55,0.05,0.0,0.95,2.143,1.19,2.1805,0.907039361655552,1.6121348592563085
30261,0.45,0.0,0.55,0.05,0.05,0.9,2.143,1.19,2.1685000000000003,0.9077537254982284,1.6127675801866364
30262,0.45,0.0,0.55,0.05,0.1,0.85,2.143,1.19,2.1565000000000003,0.9084732125239984,1.6130516817137504
30263,0.45,0.0,0.55,0.05,0.15,0.8,2.143,1.19,2.1445000000000003,0.9091978780438812,1.6322201394805935
30264,0.45,0.0,0.55,0.05,0.2,0.75,2.143,1.19,2.1325000000000003,0.909927778167971,1.6362609973620765
30265,0.45,0.0,0.55,0.05,0.25,0.7,2.143,1.19,2.1205,0.91066296981992,1.6810318544446985
30279,0.45,0.0,0.55,0.1,0.0,0.9,2.143,1.19,2.161,0.90820280102265,1.6121348592563085
30280,0.45,0.0,0.55,0.1,0.05,0.85,2.143,1.19,2.149,0.9089255180750708,1.6127675801866364
30281,0.45,0.0,0.55,0.1,0.1,0.8,2.143,1.19,2.1370000000000005,0.9096534485958592,1.6131683420128184
30282,0.45,0.0,0.55,0.1,0.15,0.75,2.143,1.19,2.125,0.9103866492018656,1.6419591046048927
30283,0.45,0.0,0.55,0.1,0.2,0.7,2.143,1.19,2.113,0.9111251773327116,1.6810318544446985
30284,0.45,0.0,0.55,0.1,0.25,0.65,2.143,1.19,2.101,0.9118690912657876,1.69098571552029
30297,0.45,0.0,0.55,0.15,0.0,0.85,2.143,1.19,2.1415,0.9093798601211952,1.6122515195553762
30298,0.45,0.0,0.55,0.15,0.05,0.8,2.143,1.19,2.1295,0.9101110777585552,1.6185823477285206
30299,0.45,0.0,0.55,0.15,0.1,0.75,2.143,1.19,2.1175,0.9108476012835331,1.6618633966778553
30300,0.45,0.0,0.55,0.15,0.15,0.7,2.143,1.19,2.1055,0.9115894886575776,1.691719811566577
30314,0.45,0.0,0.55,0.2,0.0,0.8,2.143,1.19,2.1220000000000003,0.9105707795170968,1.6570223766379981
30315,0.45,0.0,0.55,0.2,0.05,0.75,2.143,1.19,2.1100000000000003,0.9113106486019352,1.6722672522726203
30316,0.45,0.0,0.55,0.2,0.1,0.7,2.143,1.19,2.098,0.9120559181910424,1.6718172577534471
30330,0.45,0.0,0.55,0.25,0.0,0.75,2.143,1.19,2.1025,0.9117758054753188,1.671634531342292
30331,0.45,0.0,0.55,0.25,0.05,0.7,2.143,1.19,2.0905,0.912524480461286,1.6772168220230914
30332,0.45,0.0,0.55,0.25,0.1,0.65,2.143,1.19,2.0785,0.9132786528312712,1.6779009287144648
30345,0.45,0.0,0.55,0.3,0.0,0.7,2.143,1.19,2.083,0.9129951901296516,1.6769841062570228
30346,0.45,0.0,0.55,0.3,0.05,0.65,2.143,1.19,2.071,0.9137528291690008,1.6776168271873508
30347,0.45,0.0,0.55,0.3,0.1,0.6,2.143,1.19,2.059,0.9145160648032848,1.687274034311707
30359,0.45,0.0,0.55,0.35,0.0,0.65,2.143,1.19,2.0635000000000003,0.9142291916585866,1.686357211854265
30360,0.45,0.0,0.55,0.35,0.05,0.6,2.143,1.19,2.0515,0.9149959567135504,1.686989932784593
30450,0.45,0.05,0.5,0.0,0.0,1.0,2.1245,1.19,2.2,0.9020304646729276,1.6133264341502227
30451,0.45,0.05,0.5,0.0,0.05,0.95,2.1245,1.19,2.188,0.9027229111506768,1.6127675801866364
30452,0.45,0.05,0.5,0.0,0.1,0.9,2.1245,1.19,2.176,0.9034202948582136,1.6130516817137504
30453,0.45,0.05,0.5,0.0,0.15,0.85,2.1245,1.19,2.164,0.9041226687890604,1.6322201394805935
30454,0.45,0.05,0.5,0.0,0.2,0.8,2.1245,1.19,2.152,0.9048300866978668,1.6322201394805935
30455,0.45,0.05,0.5,0.0,0.25,0.75,2.1245,1.19,2.14,0.9055426031141236,1.6362609973620765
30456,0.45,0.05,0.5,0.0,0.3,0.7,2.1245,1.19,2.128,0.9062602733561764,1.6819972268557621
30470,0.45,0.05,0.5,0.05,0.0,0.95,2.1245,1.19,2.1805,0.9031581940388924,1.6121348592563085
30471,0.45,0.05,0.5,0.05,0.05,0.9,2.1245,1.19,2.1685000000000003,0.903858690377802,1.6127675801866364
30472,0.45,0.05,0.5,0.05,0.1,0.85,2.1245,1.19,2.1565000000000003,0.9045642104466188,1.6130516817137504
30473,0.45,0.05,0.5,0.05,0.15,0.8,2.1245,1.19,2.1445000000000003,0.9052748084826424,1.6322201394805935
30474,0.45,0.05,0.5,0.05,0.2,0.75,2.1245,1.19,2.1325000000000003,0.9059905395067364,1.6362609973620765
30475,0.45,0.05,0.5,0.05,0.25,0.7,2.1245,1.19,2.1205,0.9067114593375302,1.6810318544446985
30489,0.45,0.05,0.5,0.1,0.0,0.9,2.1245,1.19,2.161,0.9042990482766188,1.6121348592563085
30490,0.45,0.05,0.5,0.1,0.05,0.85,2.1245,1.19,2.149,0.9050077356695748,1.6127675801866364
30491,0.45,0.05,0.5,0.1,0.1,0.8,2.1245,1.19,2.1370000000000005,0.9057215353250592,1.6131683420128184
30492,0.45,0.05,0.5,0.1,0.15,0.75,2.1245,1.19,2.125,0.9064405027608546,1.6419591046048927
30493,0.45,0.05,0.5,0.1,0.2,0.7,2.1245,1.19,2.113,0.9071646943015426,1.6810318544446985
30494,0.45,0.05,0.5,0.1,0.25,0.65,2.1245,1.19,2.101,0.9078941670932108,1.691719811566577
30507,0.45,0.05,0.5,0.15,0.0,0.85,2.1245,1.19,2.1415,0.9054532578543634,1.6122515195553762
30508,0.45,0.05,0.5,0.15,0.05,0.8,2.1245,1.19,2.1295,0.9061702808156568,1.6185823477285206
30509,0.45,0.05,0.5,0.15,0.1,0.75,2.1245,1.19,2.1175,0.9068925066646512,1.6618633966778553
30510,0.45,0.05,0.5,0.15,0.15,0.7,2.1245,1.19,2.1055,0.907619992237626,1.691719811566577
30524,0.45,0.05,0.5,0.2,0.0,0.8,2.1245,1.19,2.1220000000000003,0.906621058668078,1.6570223766379981
30525,0.45,0.05,0.5,0.2,0.05,0.75,2.1245,1.19,2.1100000000000003,0.907346565131647,1.6722672522726203
30526,0.45,0.05,0.5,0.2,0.1,0.7,2.1245,1.19,2.098,0.9080773672628336,1.6725513537997343
30540,0.45,0.05,0.5,0.25,0.0,0.75,2.1245,1.19,2.1025,0.907802692202137,1.671634531342292
30541,0.45,0.05,0.5,0.25,0.05,0.7,2.1245,1.19,2.0905,0.9085368336233188,1.6779509180693783
30542,0.45,0.05,0.5,0.25,0.1,0.65,2.1245,1.19,2.0785,0.9092763657112004,1.678635024760752
30555,0.45,0.05,0.5,0.3,0.0,0.7,2.1245,1.19,2.083,0.9089984056958136,1.6777182023033097
30556,0.45,0.05,0.5,0.3,0.05,0.65,2.1245,1.19,2.071,0.9097413371567494,1.678350923233638
30557,0.45,0.05,0.5,0.3,0.1,0.6,2.1245,1.19,2.059,0.910489756569382,1.6880081303579941
30569,0.45,0.05,0.5,0.35,0.0,0.65,2.1245,1.19,2.0635000000000003,0.9102084523157402,1.6870913079005518
30570,0.45,0.05,0.5,0.35,0.05,0.6,2.1245,1.19,2.0515,0.9109603326345896,1.6877240288308801
30663,0.45,0.1,0.45,0.0,0.15,0.85,2.106,1.19,2.164,0.9002224077717822,1.641511521049031
30664,0.45,0.1,0.45,0.0,0.2,0.8,2.106,1.19,2.152,0.9009158211526986,1.641511521049031
30665,0.45,0.1,0.45,0.0,0.25,0.75,2.106,1.19,2.14,0.9016142321075318,1.6436154513324785
30666,0.45,0.1,0.45,0.0,0.3,0.7,2.106,1.19,2.128,0.9023176948595064,1.6912886084242
30682,0.45,0.1,0.45,0.05,0.1,0.85,2.106,1.19,2.1565000000000003,0.9006552083692391,1.6223430632821882
30683,0.45,0.1,0.45,0.05,0.15,0.8,2.106,1.19,2.1445000000000003,0.9013517389214036,1.641511521049031
30684,0.45,0.1,0.45,0.05,0.2,0.75,2.106,1.19,2.1325000000000003,0.9020533008455024,1.6455523789305144
30685,0.45,0.1,0.45,0.05,0.25,0.7,2.106,1.19,2.1205,0.9027599488551408,1.690323236013136
30699,0.45,0.1,0.45,0.1,0.0,0.9,2.106,1.19,2.161,0.9003952955305873,1.621426240824746
30700,0.45,0.1,0.45,0.1,0.05,0.85,2.106,1.19,2.149,0.9010899532640788,1.6220589617550742
30701,0.45,0.1,0.45,0.1,0.1,0.8,2.106,1.19,2.1370000000000005,0.9017896220542592,1.6214232689025736
30702,0.45,0.1,0.45,0.1,0.15,0.75,2.106,1.19,2.125,0.9024943563198438,1.6512504861733306
30703,0.45,0.1,0.45,0.1,0.2,0.7,2.106,1.19,2.113,0.9032042112703734,1.690323236013136
30717,0.45,0.1,0.45,0.15,0.0,0.85,2.106,1.19,2.1415,0.9015266555875312,1.6205064464451313
30718,0.45,0.1,0.45,0.15,0.05,0.8,2.106,1.19,2.1295,0.9022294838727584,1.627873729296958
30719,0.45,0.1,0.45,0.15,0.1,0.75,2.106,1.19,2.1175,0.9029374120457696,1.6711547782462932
30734,0.45,0.1,0.45,0.2,0.0,0.8,2.106,1.19,2.1220000000000003,0.9026713378190588,1.6663137582064356
30735,0.45,0.1,0.45,0.2,0.05,0.75,2.106,1.19,2.1100000000000003,0.9033824816613588,1.6815586338410577
30736,0.45,0.1,0.45,0.2,0.1,0.7,2.106,1.19,2.098,0.9040988163346244,1.6818427353681717
30750,0.45,0.1,0.45,0.25,0.0,0.75,2.106,1.19,2.1025,0.9038295789289552,1.68092591291073
30751,0.45,0.1,0.45,0.25,0.05,0.7,2.106,1.19,2.0905,0.9045491867853518,1.6872422996378162
30752,0.45,0.1,0.45,0.25,0.1,0.65,2.106,1.19,2.0785,0.9052740785911298,1.6879264063291894
30765,0.45,0.1,0.45,0.3,0.0,0.7,2.106,1.19,2.083,0.905001621261976,1.6870095838717476
30766,0.45,0.1,0.45,0.3,0.05,0.65,2.106,1.19,2.071,0.9057298451444982,1.6876423048020754
30767,0.45,0.1,0.45,0.3,0.1,0.6,2.106,1.19,2.059,0.9064634483354786,1.6972995119264316
30779,0.45,0.1,0.45,0.35,0.0,0.65,2.106,1.19,2.0635000000000003,0.9061877129728936,1.6963826894689893
30780,0.45,0.1,0.45,0.35,0.05,0.6,2.106,1.19,2.0515,0.9069247085556288,1.6970154103993176
30961,0.45,0.15,0.4,0.25,0.05,0.7,2.0875,1.19,2.0905,0.9005615399473846,1.6969491754905095
30975,0.45,0.15,0.4,0.3,0.0,0.7,2.0875,1.19,2.083,0.9010048368281384,1.6967164597244409
30976,0.45,0.15,0.4,0.3,0.05,0.65,2.0875,1.19,2.071,0.901718353132247,1.6973491806547687
32555,0.5,0.0,0.5,0.0,0.25,0.75,2.1,1.19,2.14,0.9003401658351236,1.647651293793846
32556,0.5,0.0,0.5,0.0,0.3,0.7,2.1,1.19,2.128,0.9010390207524782,1.6933875232875315
32573,0.5,0.0,0.5,0.05,0.15,0.8,2.1,1.19,2.1445000000000003,0.9000793920366774,1.6455473635103983
32574,0.5,0.0,0.5,0.05,0.2,0.75,2.1,1.19,2.1325000000000003,0.900776358576994,1.647651293793846
32575,0.5,0.0,0.5,0.05,0.25,0.7,2.1,1.19,2.1205,0.901478377887879,1.6924221508764679
32591,0.5,0.0,0.5,0.1,0.1,0.8,2.1,1.19,2.1370000000000005,0.9005144069394052,1.625459111363941
32592,0.5,0.0,0.5,0.1,0.15,0.75,2.1,1.19,2.125,0.901214525041678,1.653349401036662
32593,0.5,0.0,0.5,0.1,0.2,0.7,2.1,1.19,2.113,0.9019197302872916,1.6943590784745033
32607,0.5,0.0,0.5,0.15,0.0,0.85,2.1,1.19,2.1415,0.9002531629604505,1.6245422889064987
32608,0.5,0.0,0.5,0.15,0.05,0.8,2.1,1.19,2.1295,0.9009513875669536,1.630873117079643
32609,0.5,0.0,0.5,0.15,0.1,0.75,2.1,1.19,2.1175,0.901654678655862,1.6732536931096247
32624,0.5,0.0,0.5,0.2,0.0,0.8,2.1,1.19,2.1220000000000003,0.9013903472734308,1.6693131459891206
32625,0.5,0.0,0.5,0.2,0.05,0.75,2.1,1.19,2.1100000000000003,0.9020968329682922,1.685594476302425
32626,0.5,0.0,0.5,0.2,0.1,0.7,2.1,1.19,2.098,0.9028084754930432,1.685878577829539
32640,0.5,0.0,0.5,0.25,0.0,0.75,2.1,1.19,2.1025,0.9025410016511664,1.6849617553720972
32641,0.5,0.0,0.5,0.25,0.05,0.7,2.1,1.19,2.0905,0.903255895918984,1.6912781420991836
32642,0.5,0.0,0.5,0.25,0.1,0.65,2.1,1.19,2.0785,0.9039760395251608,1.6919622487905568
32655,0.5,0.0,0.5,0.3,0.0,0.7,2.1,1.19,2.083,0.9037053668510014,1.691045426333115
32656,0.5,0.0,0.5,0.3,0.05,0.65,2.1,1.19,2.071,0.9044288207080924,1.6916781472634428
32657,0.5,0.0,0.5,0.3,0.1,0.6,2.1,1.19,2.059,0.9051576186379964,1.696026316297524
32669,0.5,0.0,0.5,0.35,0.0,0.65,2.1,1.19,2.0635000000000003,0.9048836894022408,1.6951094938400817
32670,0.5,0.0,0.5,0.35,0.05,0.6,2.1,1.19,2.0515,0.905615857502993,1.69574221477041
32866,0.5,0.05,0.45,0.3,0.05,0.65,2.0815,1.19,2.071,0.9004173286958412,1.699250788203067
