,xA,yA,zA,xC,yC,zC,rA,rB,rC,TF,predicted
0,0.0,0.0,1.0,0.0,0.0,1.0,2.53,1.19,2.2,0.9866121165228228,1.5236428571428573
1,0.0,0.0,1.0,0.0,0.05,0.95,2.53,1.19,2.188,0.987605030680323,1.5236428571428573
2,0.0,0.0,1.0,0.0,0.1,0.9,2.53,1.19,2.176,0.9886050244396588,1.5236428571428573
3,0.0,0.0,1.0,0.0,0.15,0.85,2.53,1.19,2.164,0.989612173789402,1.5236428571428573
4,0.0,0.0,1.0,0.0,0.2,0.8,2.53,1.19,2.152,0.99062655580952,1.5236428571428573
20,0.0,0.0,1.0,0.05,0.0,0.95,2.53,1.19,2.1805,0.9882291923391876,1.5236428571428573
21,0.0,0.0,1.0,0.05,0.05,0.9,2.53,1.19,2.1685000000000003,0.9892336493687638,1.5236428571428573
22,0.0,0.0,1.0,0.05,0.1,0.85,2.53,1.19,2.1565000000000003,0.99024531003459,1.5236428571428573
23,0.0,0.0,1.0,0.05,0.15,0.8,2.53,1.19,2.1445000000000003,0.9912642521087168,1.5236428571428573
39,0.0,0.0,1.0,0.1,0.0,0.9,2.53,1.19,2.161,0.9898650881963874,1.5236428571428573
40,0.0,0.0,1.0,0.1,0.05,0.85,2.53,1.19,2.149,0.9908812905576088,1.5236428571428573
41,0.0,0.0,1.0,0.1,0.1,0.8,2.53,1.19,2.1370000000000005,0.9919048235039424,1.5236428571428573
57,0.0,0.0,1.0,0.15,0.0,0.85,2.53,1.19,2.1415,0.9915201345678992,1.5236428571428573
58,0.0,0.0,1.0,0.15,0.05,0.8,2.53,1.19,2.1295,0.9925482894829696,1.5236428571428573
74,0.0,0.0,1.0,0.2,0.0,0.8,2.53,1.19,2.1220000000000003,0.9931946697100902,1.5236428571428573
210,0.0,0.05,0.95,0.0,0.0,1.0,2.5115,1.19,2.2,0.9827532742066132,1.5236428571428573
211,0.0,0.05,0.95,0.0,0.05,0.95,2.5115,1.19,2.188,0.983732480220894,1.5236428571428573
212,0.0,0.05,0.95,0.0,0.1,0.9,2.5115,1.19,2.176,0.9847186680962392,1.5236428571428573
213,0.0,0.05,0.95,0.0,0.15,0.85,2.5115,1.19,2.164,0.9857119127721236,1.5236428571428573
214,0.0,0.05,0.95,0.0,0.2,0.8,2.5115,1.19,2.152,0.986712290264352,1.5236428571428573
230,0.0,0.05,0.95,0.05,0.0,0.95,2.5115,1.19,2.1805,0.984348024722528,1.5236428571428573
231,0.0,0.05,0.95,0.05,0.05,0.9,2.5115,1.19,2.1685000000000003,0.9853386142483376,1.5236428571428573
232,0.0,0.05,0.95,0.05,0.1,0.85,2.5115,1.19,2.1565000000000003,0.98633630795721,1.5236428571428573
233,0.0,0.05,0.95,0.05,0.15,0.8,2.5115,1.19,2.1445000000000003,0.987341182547478,1.5236428571428573
249,0.0,0.05,0.95,0.1,0.0,0.9,2.5115,1.19,2.161,0.985961335450356,1.5236428571428573
250,0.0,0.05,0.95,0.1,0.05,0.85,2.5115,1.19,2.149,0.9869635081521128,1.5236428571428573
251,0.0,0.05,0.95,0.1,0.1,0.8,2.5115,1.19,2.1370000000000005,0.9879729102331426,1.5236428571428573
267,0.0,0.05,0.95,0.15,0.0,0.85,2.5115,1.19,2.1415,0.9875935323010672,1.5236428571428573
268,0.0,0.05,0.95,0.15,0.05,0.8,2.5115,1.19,2.1295,0.9886074925400712,1.5236428571428573
284,0.0,0.05,0.95,0.2,0.0,0.8,2.5115,1.19,2.1220000000000003,0.9892449488610712,1.5236428571428573
420,0.0,0.1,0.9,0.0,0.0,1.0,2.493,1.19,2.2,0.9788944318904031,1.5236428571428573
421,0.0,0.1,0.9,0.0,0.05,0.95,2.493,1.19,2.188,0.9798599297614649,1.5236428571428573
422,0.0,0.1,0.9,0.0,0.1,0.9,2.493,1.19,2.176,0.9808323117528196,1.5236428571428573
423,0.0,0.1,0.9,0.0,0.15,0.85,2.493,1.19,2.164,0.9818116517548454,1.5236428571428573
424,0.0,0.1,0.9,0.0,0.2,0.8,2.493,1.19,2.152,0.982798024719184,1.5236428571428573
440,0.0,0.1,0.9,0.05,0.0,0.95,2.493,1.19,2.1805,0.9804668571058685,1.5236428571428573
441,0.0,0.1,0.9,0.05,0.05,0.9,2.493,1.19,2.1685000000000003,0.9814435791279116,1.5236428571428573
442,0.0,0.1,0.9,0.05,0.1,0.85,2.493,1.19,2.1565000000000003,0.9824273058798304,1.5236428571428573
443,0.0,0.1,0.9,0.05,0.15,0.8,2.493,1.19,2.1445000000000003,0.9834181129862388,1.5236428571428573
459,0.0,0.1,0.9,0.1,0.0,0.9,2.493,1.19,2.161,0.9820575827043246,1.5236428571428573
460,0.0,0.1,0.9,0.1,0.05,0.85,2.493,1.19,2.149,0.9830457257466167,1.5236428571428573
461,0.0,0.1,0.9,0.1,0.1,0.8,2.493,1.19,2.1370000000000005,0.9840409969623428,1.5236428571428573
477,0.0,0.1,0.9,0.15,0.0,0.85,2.493,1.19,2.1415,0.9836669300342352,1.5236428571428573
478,0.0,0.1,0.9,0.15,0.05,0.8,2.493,1.19,2.1295,0.984666695597173,1.5236428571428573
494,0.0,0.1,0.9,0.2,0.0,0.8,2.493,1.19,2.1220000000000003,0.985295228012052,1.5236428571428573
630,0.0,0.15,0.85,0.0,0.0,1.0,2.4744999999999995,1.19,2.2,0.9750355895741936,1.5236428571428573
631,0.0,0.15,0.85,0.0,0.05,0.95,2.4744999999999995,1.19,2.188,0.975987379302036,1.5236428571428573
632,0.0,0.15,0.85,0.0,0.1,0.9,2.4744999999999995,1.19,2.176,0.9769459554093994,1.5236428571428573
633,0.0,0.15,0.85,0.0,0.15,0.85,2.4744999999999995,1.19,2.164,0.9779113907375672,1.5236428571428573
634,0.0,0.15,0.85,0.0,0.2,0.8,2.4744999999999995,1.19,2.152,0.978883759174016,1.5236428571428573
650,0.0,0.15,0.85,0.05,0.0,0.95,2.4744999999999995,1.19,2.1805,0.9765856894892088,1.5236428571428573
651,0.0,0.15,0.85,0.05,0.05,0.9,2.4744999999999995,1.19,2.1685000000000003,0.9775485440074854,1.5236428571428573
652,0.0,0.15,0.85,0.05,0.1,0.85,2.4744999999999995,1.19,2.1565000000000003,0.9785183038024508,1.5236428571428573
653,0.0,0.15,0.85,0.05,0.15,0.8,2.4744999999999995,1.19,2.1445000000000003,0.979495043425,1.5236428571428573
669,0.0,0.15,0.85,0.1,0.0,0.9,2.4744999999999995,1.19,2.161,0.9781538299582933,1.5236428571428573
670,0.0,0.15,0.85,0.1,0.05,0.85,2.4744999999999995,1.19,2.149,0.9791279433411209,1.5236428571428573
671,0.0,0.15,0.85,0.1,0.1,0.8,2.4744999999999995,1.19,2.1370000000000005,0.9801090836915428,1.5236428571428573
687,0.0,0.15,0.85,0.15,0.0,0.85,2.4744999999999995,1.19,2.1415,0.9797403277674028,1.5236428571428573
688,0.0,0.15,0.85,0.15,0.05,0.8,2.4744999999999995,1.19,2.1295,0.9807258986542744,1.5236428571428573
704,0.0,0.15,0.85,0.2,0.0,0.8,2.4744999999999995,1.19,2.1220000000000003,0.981345507163033,1.5236428571428573
840,0.0,0.2,0.8,0.0,0.0,1.0,2.456,1.19,2.2,0.971176747257984,1.5236428571428573
841,0.0,0.2,0.8,0.0,0.05,0.95,2.456,1.19,2.188,0.9721148288426072,1.5236428571428573
842,0.0,0.2,0.8,0.0,0.1,0.9,2.456,1.19,2.176,0.9730595990659796,1.5236428571428573
843,0.0,0.2,0.8,0.0,0.15,0.85,2.456,1.19,2.164,0.974011129720289,1.5236428571428573
844,0.0,0.2,0.8,0.0,0.2,0.8,2.456,1.19,2.152,0.9749694936288482,1.5236428571428573
860,0.0,0.2,0.8,0.05,0.0,0.95,2.456,1.19,2.1805,0.9727045218725492,1.5236428571428573
861,0.0,0.2,0.8,0.05,0.05,0.9,2.456,1.19,2.1685000000000003,0.9736535088870594,1.5236428571428573
862,0.0,0.2,0.8,0.05,0.1,0.85,2.456,1.19,2.1565000000000003,0.9746093017250712,1.5236428571428573
863,0.0,0.2,0.8,0.05,0.15,0.8,2.456,1.19,2.1445000000000003,0.9755719738637612,1.5236428571428573
879,0.0,0.2,0.8,0.1,0.0,0.9,2.456,1.19,2.161,0.974250077212262,1.5236428571428573
880,0.0,0.2,0.8,0.1,0.05,0.85,2.456,1.19,2.149,0.9752101609356248,1.5236428571428573
881,0.0,0.2,0.8,0.1,0.1,0.8,2.456,1.19,2.1370000000000005,0.976177170420743,1.5236428571428573
897,0.0,0.2,0.8,0.15,0.0,0.85,2.456,1.19,2.1415,0.975813725500571,1.5236428571428573
898,0.0,0.2,0.8,0.15,0.05,0.8,2.456,1.19,2.1295,0.9767851017113762,1.5236428571428573
914,0.0,0.2,0.8,0.2,0.0,0.8,2.456,1.19,2.1220000000000003,0.977395786314014,1.5236428571428573
1050,0.0,0.25,0.75,0.0,0.0,1.0,2.4375,1.19,2.2,0.967317904941774,1.5236428571428573
1051,0.0,0.25,0.75,0.0,0.05,0.95,2.4375,1.19,2.188,0.968242278383178,1.5236428571428573
1052,0.0,0.25,0.75,0.0,0.1,0.9,2.4375,1.19,2.176,0.96917324272256,1.5236428571428573
1053,0.0,0.25,0.75,0.0,0.15,0.85,2.4375,1.19,2.164,0.9701108687030108,1.5236428571428573
1054,0.0,0.25,0.75,0.0,0.2,0.8,2.4375,1.19,2.152,0.9710552280836804,1.5236428571428573
1070,0.0,0.25,0.75,0.05,0.0,0.95,2.4375,1.19,2.1805,0.9688233542558896,1.5236428571428573
1071,0.0,0.25,0.75,0.05,0.05,0.9,2.4375,1.19,2.1685000000000003,0.969758473766633,1.5236428571428573
1072,0.0,0.25,0.75,0.05,0.1,0.85,2.4375,1.19,2.1565000000000003,0.9707002996476912,1.5236428571428573
1073,0.0,0.25,0.75,0.05,0.15,0.8,2.4375,1.19,2.1445000000000003,0.9716489043025224,1.5236428571428573
1089,0.0,0.25,0.75,0.1,0.0,0.9,2.4375,1.19,2.161,0.9703463244662304,1.5236428571428573
1090,0.0,0.25,0.75,0.1,0.05,0.85,2.4375,1.19,2.149,0.9712923785301288,1.5236428571428573
1091,0.0,0.25,0.75,0.1,0.1,0.8,2.4375,1.19,2.1370000000000005,0.9722452571499434,1.5236428571428573
1107,0.0,0.25,0.75,0.15,0.0,0.85,2.4375,1.19,2.1415,0.9718871232337388,1.5236428571428573
1108,0.0,0.25,0.75,0.15,0.05,0.8,2.4375,1.19,2.1295,0.972844304768478,1.5236428571428573
1124,0.0,0.25,0.75,0.2,0.0,0.8,2.4375,1.19,2.1220000000000003,0.9734460654649948,1.5236428571428573
1260,0.0,0.3,0.7,0.0,0.0,1.0,2.419,1.19,2.2,0.963459062625564,1.5236428571428573
1261,0.0,0.3,0.7,0.0,0.05,0.95,2.419,1.19,2.188,0.964369727923749,1.5236428571428573
1262,0.0,0.3,0.7,0.0,0.1,0.9,2.419,1.19,2.176,0.96528688637914,1.5236428571428573
1263,0.0,0.3,0.7,0.0,0.15,0.85,2.419,1.19,2.164,0.9662106076857326,1.5236428571428573
1264,0.0,0.3,0.7,0.0,0.2,0.8,2.419,1.19,2.152,0.9671409625385124,1.5236428571428573
1280,0.0,0.3,0.7,0.05,0.0,0.95,2.419,1.19,2.1805,0.96494218663923,1.5236428571428573
1281,0.0,0.3,0.7,0.05,0.05,0.9,2.419,1.19,2.1685000000000003,0.965863438646207,1.5236428571428573
1282,0.0,0.3,0.7,0.05,0.1,0.85,2.419,1.19,2.1565000000000003,0.9667912975703116,1.5236428571428573
1283,0.0,0.3,0.7,0.05,0.15,0.8,2.419,1.19,2.1445000000000003,0.9677258347412832,1.5236428571428573
1299,0.0,0.3,0.7,0.1,0.0,0.9,2.419,1.19,2.161,0.9664425717201992,1.5236428571428573
1300,0.0,0.3,0.7,0.1,0.05,0.85,2.419,1.19,2.149,0.9673745961246328,1.5236428571428573
1301,0.0,0.3,0.7,0.1,0.1,0.8,2.419,1.19,2.1370000000000005,0.9683133438791436,1.5236428571428573
1317,0.0,0.3,0.7,0.15,0.0,0.85,2.419,1.19,2.1415,0.9679605209669064,1.5236428571428573
1318,0.0,0.3,0.7,0.15,0.05,0.8,2.419,1.19,2.1295,0.9689035078255794,1.5236428571428573
1334,0.0,0.3,0.7,0.2,0.0,0.8,2.419,1.19,2.1220000000000003,0.9694963446159758,1.5236428571428573
1470,0.0,0.35,0.65,0.0,0.0,1.0,2.4005,1.19,2.2,0.9596002203093544,1.5236428571428573
1471,0.0,0.35,0.65,0.0,0.05,0.95,2.4005,1.19,2.188,0.96049717746432,1.5236428571428573
1472,0.0,0.35,0.65,0.0,0.1,0.9,2.4005,1.19,2.176,0.9614005300357202,1.5236428571428573
1473,0.0,0.35,0.65,0.0,0.15,0.85,2.4005,1.19,2.164,0.9623103466684544,1.5236428571428573
1474,0.0,0.35,0.65,0.0,0.2,0.8,2.4005,1.19,2.152,0.9632266969933446,1.5236428571428573
1490,0.0,0.35,0.65,0.05,0.0,0.95,2.4005,1.19,2.1805,0.9610610190225704,1.5236428571428573
1491,0.0,0.35,0.65,0.05,0.05,0.9,2.4005,1.19,2.1685000000000003,0.9619684035257812,1.5236428571428573
1492,0.0,0.35,0.65,0.05,0.1,0.85,2.4005,1.19,2.1565000000000003,0.962882295492932,1.5236428571428573
1493,0.0,0.35,0.65,0.05,0.15,0.8,2.4005,1.19,2.1445000000000003,0.9638027651800444,1.5236428571428573
1509,0.0,0.35,0.65,0.1,0.0,0.9,2.4005,1.19,2.161,0.962538818974168,1.5236428571428573
1510,0.0,0.35,0.65,0.1,0.05,0.85,2.4005,1.19,2.149,0.9634568137191368,1.5236428571428573
1511,0.0,0.35,0.65,0.1,0.1,0.8,2.4005,1.19,2.1370000000000005,0.9643814306083436,1.5236428571428573
1527,0.0,0.35,0.65,0.15,0.0,0.85,2.4005,1.19,2.1415,0.9640339187000746,1.5236428571428573
1528,0.0,0.35,0.65,0.15,0.05,0.8,2.4005,1.19,2.1295,0.9649627108826812,1.5236428571428573
1544,0.0,0.35,0.65,0.2,0.0,0.8,2.4005,1.19,2.1220000000000003,0.9655466237669568,1.5236428571428573
1680,0.0,0.4,0.6,0.0,0.0,1.0,2.382,1.19,2.2,0.9557413779931446,1.5236428571428573
1681,0.0,0.4,0.6,0.0,0.05,0.95,2.382,1.19,2.188,0.956624627004891,1.5236428571428573
1682,0.0,0.4,0.6,0.0,0.1,0.9,2.382,1.19,2.176,0.9575141736923004,1.5236428571428573
1683,0.0,0.4,0.6,0.0,0.15,0.85,2.382,1.19,2.164,0.958410085651176,1.5236428571428573
1684,0.0,0.4,0.6,0.0,0.2,0.8,2.382,1.19,2.152,0.9593124314481764,1.5236428571428573
1700,0.0,0.4,0.6,0.05,0.0,0.95,2.382,1.19,2.1805,0.957179851405911,1.5236428571428573
1701,0.0,0.4,0.6,0.05,0.05,0.9,2.382,1.19,2.1685000000000003,0.9580733684053548,1.5236428571428573
1702,0.0,0.4,0.6,0.05,0.1,0.85,2.382,1.19,2.1565000000000003,0.9589732934155522,1.5236428571428573
1703,0.0,0.4,0.6,0.05,0.15,0.8,2.382,1.19,2.1445000000000003,0.9598796956188056,1.5236428571428573
1719,0.0,0.4,0.6,0.1,0.0,0.9,2.382,1.19,2.161,0.9586350662281364,1.5236428571428573
1720,0.0,0.4,0.6,0.1,0.05,0.85,2.382,1.19,2.149,0.9595390313136408,1.5236428571428573
1721,0.0,0.4,0.6,0.1,0.1,0.8,2.382,1.19,2.1370000000000005,0.9604495173375436,1.5236428571428573
1737,0.0,0.4,0.6,0.15,0.0,0.85,2.382,1.19,2.1415,0.9601073164332424,1.5236428571428573
1738,0.0,0.4,0.6,0.15,0.05,0.8,2.382,1.19,2.1295,0.9610219139397828,1.5236428571428573
1754,0.0,0.4,0.6,0.2,0.0,0.8,2.382,1.19,2.1220000000000003,0.9615969029179376,1.5236428571428573
1890,0.0,0.45,0.55,0.0,0.0,1.0,2.3635,1.19,2.2,0.951882535676935,1.5236428571428573
1891,0.0,0.45,0.55,0.0,0.05,0.95,2.3635,1.19,2.188,0.952752076545462,1.5236428571428573
1892,0.0,0.45,0.55,0.0,0.1,0.9,2.3635,1.19,2.176,0.9536278173488808,1.5236428571428573
1893,0.0,0.45,0.55,0.0,0.15,0.85,2.3635,1.19,2.164,0.954509824633898,1.5236428571428573
1894,0.0,0.45,0.55,0.0,0.2,0.8,2.3635,1.19,2.152,0.9553981659030087,1.5236428571428573
1910,0.0,0.45,0.55,0.05,0.0,0.95,2.3635,1.19,2.1805,0.9532986837892516,1.5236428571428573
1911,0.0,0.45,0.55,0.05,0.05,0.9,2.3635,1.19,2.1685000000000003,0.9541783332849288,1.5236428571428573
1912,0.0,0.45,0.55,0.05,0.1,0.85,2.3635,1.19,2.1565000000000003,0.9550642913381726,1.5236428571428573
1913,0.0,0.45,0.55,0.05,0.15,0.8,2.3635,1.19,2.1445000000000003,0.9559566260575668,1.5236428571428573
1929,0.0,0.45,0.55,0.1,0.0,0.9,2.3635,1.19,2.161,0.954731313482105,1.5236428571428573
1930,0.0,0.45,0.55,0.1,0.05,0.85,2.3635,1.19,2.149,0.9556212489081448,1.5236428571428573
1931,0.0,0.45,0.55,0.1,0.1,0.8,2.3635,1.19,2.1370000000000005,0.956517604066744,1.5236428571428573
1947,0.0,0.45,0.55,0.15,0.0,0.85,2.3635,1.19,2.1415,0.9561807141664106,1.5236428571428573
1948,0.0,0.45,0.55,0.15,0.05,0.8,2.3635,1.19,2.1295,0.9570811169968844,1.5236428571428573
1964,0.0,0.45,0.55,0.2,0.0,0.8,2.3635,1.19,2.1220000000000003,0.9576471820689186,1.5236428571428573
2100,0.0,0.5,0.5,0.0,0.0,1.0,2.345,1.19,2.2,0.948023693360725,1.5236428571428573
2101,0.0,0.5,0.5,0.0,0.05,0.95,2.345,1.19,2.188,0.948879526086033,1.5236428571428573
2102,0.0,0.5,0.5,0.0,0.1,0.9,2.345,1.19,2.176,0.9497414610054608,1.5236428571428573
2103,0.0,0.5,0.5,0.0,0.15,0.85,2.345,1.19,2.164,0.9506095636166196,1.5236428571428573
2104,0.0,0.5,0.5,0.0,0.2,0.8,2.345,1.19,2.152,0.9514839003578408,1.5236428571428573
2120,0.0,0.5,0.5,0.05,0.0,0.95,2.345,1.19,2.1805,0.9494175161725916,1.5236428571428573
2121,0.0,0.5,0.5,0.05,0.05,0.9,2.345,1.19,2.1685000000000003,0.9502832981645026,1.5236428571428573
2122,0.0,0.5,0.5,0.05,0.1,0.85,2.345,1.19,2.1565000000000003,0.9511552892607928,1.5236428571428573
2123,0.0,0.5,0.5,0.05,0.15,0.8,2.345,1.19,2.1445000000000003,0.9520335564963276,1.5236428571428573
2139,0.0,0.5,0.5,0.1,0.0,0.9,2.345,1.19,2.161,0.9508275607360738,1.5236428571428573
2140,0.0,0.5,0.5,0.1,0.05,0.85,2.345,1.19,2.149,0.9517034665026488,1.5236428571428573
2141,0.0,0.5,0.5,0.1,0.1,0.8,2.345,1.19,2.1370000000000005,0.952585690795944,1.5236428571428573
2157,0.0,0.5,0.5,0.15,0.0,0.85,2.345,1.19,2.1415,0.9522541118995782,1.5236428571428573
2158,0.0,0.5,0.5,0.15,0.05,0.8,2.345,1.19,2.1295,0.953140320053986,1.5236428571428573
2174,0.0,0.5,0.5,0.2,0.0,0.8,2.345,1.19,2.1220000000000003,0.9536974612198996,1.5236428571428573
2310,0.0,0.55,0.45,0.0,0.0,1.0,2.3265,1.19,2.2,0.9441648510445156,1.5236428571428573
2311,0.0,0.55,0.45,0.0,0.05,0.95,2.3265,1.19,2.188,0.945006975626604,1.5236428571428573
2312,0.0,0.55,0.45,0.0,0.1,0.9,2.3265,1.19,2.176,0.945855104662041,1.5236428571428573
2313,0.0,0.55,0.45,0.0,0.15,0.85,2.3265,1.19,2.164,0.9467093025993416,1.5236428571428573
2314,0.0,0.55,0.45,0.0,0.2,0.8,2.3265,1.19,2.152,0.947569634812673,1.5236428571428573
2330,0.0,0.55,0.45,0.05,0.0,0.95,2.3265,1.19,2.1805,0.9455363485559322,1.5236428571428573
2331,0.0,0.55,0.45,0.05,0.05,0.9,2.3265,1.19,2.1685000000000003,0.9463882630440766,1.5236428571428573
2332,0.0,0.55,0.45,0.05,0.1,0.85,2.3265,1.19,2.1565000000000003,0.9472462871834132,1.5236428571428573
2333,0.0,0.55,0.45,0.05,0.15,0.8,2.3265,1.19,2.1445000000000003,0.9481104869350888,1.5236428571428573
2349,0.0,0.55,0.45,0.1,0.0,0.9,2.3265,1.19,2.161,0.9469238079900424,1.5236428571428573
2350,0.0,0.55,0.45,0.1,0.05,0.85,2.3265,1.19,2.149,0.9477856840971528,1.5236428571428573
2351,0.0,0.55,0.45,0.1,0.1,0.8,2.3265,1.19,2.1370000000000005,0.9486537775251442,1.5236428571428573
2367,0.0,0.55,0.45,0.15,0.0,0.85,2.3265,1.19,2.1415,0.948327509632746,1.5236428571428573
2368,0.0,0.55,0.45,0.15,0.05,0.8,2.3265,1.19,2.1295,0.9491995231110878,1.5236428571428573
2384,0.0,0.55,0.45,0.2,0.0,0.8,2.3265,1.19,2.1220000000000003,0.9497477403708808,1.5236428571428573
2520,0.0,0.6,0.4,0.0,0.0,1.0,2.308,1.19,2.2,0.9403060087283056,1.5236428571428573
2521,0.0,0.6,0.4,0.0,0.05,0.95,2.308,1.19,2.188,0.941134425167175,1.5236428571428573
2522,0.0,0.6,0.4,0.0,0.1,0.9,2.308,1.19,2.176,0.9419687483186212,1.5236428571428573
2523,0.0,0.6,0.4,0.0,0.15,0.85,2.308,1.19,2.164,0.9428090415820632,1.5236428571428573
2524,0.0,0.6,0.4,0.0,0.2,0.8,2.308,1.19,2.152,0.943655369267505,1.5236428571428573
2540,0.0,0.6,0.4,0.05,0.0,0.95,2.308,1.19,2.1805,0.9416551809392728,1.5236428571428573
2541,0.0,0.6,0.4,0.05,0.05,0.9,2.308,1.19,2.1685000000000003,0.9424932279236502,1.5236428571428573
2542,0.0,0.6,0.4,0.05,0.1,0.85,2.308,1.19,2.1565000000000003,0.9433372851060337,1.5236428571428573
2543,0.0,0.6,0.4,0.05,0.15,0.8,2.308,1.19,2.1445000000000003,0.94418741737385,1.5236428571428573
2559,0.0,0.6,0.4,0.1,0.0,0.9,2.308,1.19,2.161,0.9430200552440108,1.5236428571428573
2560,0.0,0.6,0.4,0.1,0.05,0.85,2.308,1.19,2.149,0.9438679016916568,1.5236428571428573
2561,0.0,0.6,0.4,0.1,0.1,0.8,2.308,1.19,2.1370000000000005,0.9447218642543443,1.5236428571428573
2577,0.0,0.6,0.4,0.15,0.0,0.85,2.308,1.19,2.1415,0.9444009073659142,1.5236428571428573
2578,0.0,0.6,0.4,0.15,0.05,0.8,2.308,1.19,2.1295,0.9452587261681892,1.5236428571428573
2594,0.0,0.6,0.4,0.2,0.0,0.8,2.308,1.19,2.1220000000000003,0.9457980195218614,1.5236428571428573
2730,0.0,0.65,0.35,0.0,0.0,1.0,2.2895,1.19,2.2,0.9364471664120956,1.5236428571428573
2731,0.0,0.65,0.35,0.0,0.05,0.95,2.2895,1.19,2.188,0.937261874707746,1.5236428571428573
2732,0.0,0.65,0.35,0.0,0.1,0.9,2.2895,1.19,2.176,0.9380823919752016,1.5236428571428573
2733,0.0,0.65,0.35,0.0,0.15,0.85,2.2895,1.19,2.164,0.9389087805647852,1.5236428571428573
2734,0.0,0.65,0.35,0.0,0.2,0.8,2.2895,1.19,2.152,0.9397411037223372,1.5236428571428573
2750,0.0,0.65,0.35,0.05,0.0,0.95,2.2895,1.19,2.1805,0.937774013322613,1.5236428571428573
2751,0.0,0.65,0.35,0.05,0.05,0.9,2.2895,1.19,2.1685000000000003,0.9385981928032242,1.5236428571428573
2752,0.0,0.65,0.35,0.05,0.1,0.85,2.2895,1.19,2.1565000000000003,0.9394282830286536,1.5236428571428573
2753,0.0,0.65,0.35,0.05,0.15,0.8,2.2895,1.19,2.1445000000000003,0.940264347812611,1.5236428571428573
2769,0.0,0.65,0.35,0.1,0.0,0.9,2.2895,1.19,2.161,0.9391163024979796,1.5236428571428573
2770,0.0,0.65,0.35,0.1,0.05,0.85,2.2895,1.19,2.149,0.9399501192861608,1.5236428571428573
2771,0.0,0.65,0.35,0.1,0.1,0.8,2.2895,1.19,2.1370000000000005,0.9407899509835446,1.5236428571428573
2787,0.0,0.65,0.35,0.15,0.0,0.85,2.2895,1.19,2.1415,0.940474305099082,1.5236428571428573
2788,0.0,0.65,0.35,0.15,0.05,0.8,2.2895,1.19,2.1295,0.9413179292252912,1.5236428571428573
2804,0.0,0.65,0.35,0.2,0.0,0.8,2.2895,1.19,2.1220000000000003,0.9418482986728424,1.5236428571428573
2940,0.0,0.7,0.3,0.0,0.0,1.0,2.271,1.19,2.2,0.932588324095886,1.5236428571428573
2941,0.0,0.7,0.3,0.0,0.05,0.95,2.271,1.19,2.188,0.9333893242483172,1.5236428571428573
2942,0.0,0.7,0.3,0.0,0.1,0.9,2.271,1.19,2.176,0.9341960356317814,1.5236428571428573
2943,0.0,0.7,0.3,0.0,0.15,0.85,2.271,1.19,2.164,0.935008519547507,1.5236428571428573
2944,0.0,0.7,0.3,0.0,0.2,0.8,2.271,1.19,2.152,0.9358268381771692,1.5236428571428573
2960,0.0,0.7,0.3,0.05,0.0,0.95,2.271,1.19,2.1805,0.9338928457059534,1.5236428571428573
2961,0.0,0.7,0.3,0.05,0.05,0.9,2.271,1.19,2.1685000000000003,0.934703157682798,1.5236428571428573
2962,0.0,0.7,0.3,0.05,0.1,0.85,2.271,1.19,2.1565000000000003,0.935519280951274,1.5236428571428573
2963,0.0,0.7,0.3,0.05,0.15,0.8,2.271,1.19,2.1445000000000003,0.936341278251372,1.5236428571428573
2979,0.0,0.7,0.3,0.1,0.0,0.9,2.271,1.19,2.161,0.9352125497519482,1.5236428571428573
2980,0.0,0.7,0.3,0.1,0.05,0.85,2.271,1.19,2.149,0.9360323368806648,1.5236428571428573
2981,0.0,0.7,0.3,0.1,0.1,0.8,2.271,1.19,2.1370000000000005,0.9368580377127445,1.5236428571428573
2997,0.0,0.7,0.3,0.15,0.0,0.85,2.271,1.19,2.1415,0.93654770283225,1.5236428571428573
2998,0.0,0.7,0.3,0.15,0.05,0.8,2.271,1.19,2.1295,0.9373771322823924,1.5236428571428573
3014,0.0,0.7,0.3,0.2,0.0,0.8,2.271,1.19,2.1220000000000003,0.9378985778238236,1.5236428571428573
3150,0.0,0.75,0.25,0.0,0.0,1.0,2.2525,1.19,2.2,0.9287294817796764,1.5236428571428573
3151,0.0,0.75,0.25,0.0,0.05,0.95,2.2525,1.19,2.188,0.9295167737888882,1.5236428571428573
3152,0.0,0.75,0.25,0.0,0.1,0.9,2.2525,1.19,2.176,0.9303096792883616,1.5236428571428573
3153,0.0,0.75,0.25,0.0,0.15,0.85,2.2525,1.19,2.164,0.9311082585302286,1.5236428571428573
3154,0.0,0.75,0.25,0.0,0.2,0.8,2.2525,1.19,2.152,0.9319125726320014,1.5236428571428573
3170,0.0,0.75,0.25,0.05,0.0,0.95,2.2525,1.19,2.1805,0.930011678089294,1.5236428571428573
3171,0.0,0.75,0.25,0.05,0.05,0.9,2.2525,1.19,2.1685000000000003,0.930808122562372,1.5236428571428573
3172,0.0,0.75,0.25,0.05,0.1,0.85,2.2525,1.19,2.1565000000000003,0.9316102788738944,1.5236428571428573
3173,0.0,0.75,0.25,0.05,0.15,0.8,2.2525,1.19,2.1445000000000003,0.9324182086901333,1.5236428571428573
3189,0.0,0.75,0.25,0.1,0.0,0.9,2.2525,1.19,2.161,0.9313087970059168,1.5236428571428573
3190,0.0,0.75,0.25,0.1,0.05,0.85,2.2525,1.19,2.149,0.9321145544751688,1.5236428571428573
3191,0.0,0.75,0.25,0.1,0.1,0.8,2.2525,1.19,2.1370000000000005,0.9329261244419446,1.5236428571428573
3207,0.0,0.75,0.25,0.15,0.0,0.85,2.2525,1.19,2.1415,0.932621100565418,1.5236428571428573
3208,0.0,0.75,0.25,0.15,0.05,0.8,2.2525,1.19,2.1295,0.933436335339494,1.5236428571428573
3224,0.0,0.75,0.25,0.2,0.0,0.8,2.2525,1.19,2.1220000000000003,0.9339488569748045,1.5236428571428573
3360,0.0,0.8,0.2,0.0,0.0,1.0,2.234,1.19,2.2,0.9248706394634666,1.5236428571428573
3361,0.0,0.8,0.2,0.0,0.05,0.95,2.234,1.19,2.188,0.9256442233294592,1.5236428571428573
3362,0.0,0.8,0.2,0.0,0.1,0.9,2.234,1.19,2.176,0.926423322944942,1.5236428571428573
3363,0.0,0.8,0.2,0.0,0.15,0.85,2.234,1.19,2.164,0.9272079975129504,1.5236428571428573
3364,0.0,0.8,0.2,0.0,0.2,0.8,2.234,1.19,2.152,0.9279983070868334,1.5236428571428573
3380,0.0,0.8,0.2,0.05,0.0,0.95,2.234,1.19,2.1805,0.9261305104726344,1.5236428571428573
3381,0.0,0.8,0.2,0.05,0.05,0.9,2.234,1.19,2.1685000000000003,0.9269130874419458,1.5236428571428573
3382,0.0,0.8,0.2,0.05,0.1,0.85,2.234,1.19,2.1565000000000003,0.9277012767965148,1.5236428571428573
3383,0.0,0.8,0.2,0.05,0.15,0.8,2.234,1.19,2.1445000000000003,0.9284951391288944,1.5236428571428573
3399,0.0,0.8,0.2,0.1,0.0,0.9,2.234,1.19,2.161,0.9274050442598852,1.5236428571428573
3400,0.0,0.8,0.2,0.1,0.05,0.85,2.234,1.19,2.149,0.9281967720696728,1.5236428571428573
3401,0.0,0.8,0.2,0.1,0.1,0.8,2.234,1.19,2.1370000000000005,0.9289942111711448,1.5236428571428573
3417,0.0,0.8,0.2,0.15,0.0,0.85,2.234,1.19,2.1415,0.928694498298586,1.5236428571428573
3418,0.0,0.8,0.2,0.15,0.05,0.8,2.234,1.19,2.1295,0.9294955383965958,1.5236428571428573
3434,0.0,0.8,0.2,0.2,0.0,0.8,2.234,1.19,2.1220000000000003,0.9299991361257852,1.5236428571428573
3570,0.0,0.85,0.15,0.0,0.0,1.0,2.2155,1.19,2.2,0.9210117971472568,1.5236428571428573
3571,0.0,0.85,0.15,0.0,0.05,0.95,2.2155,1.19,2.188,0.92177167287003,1.5236428571428573
3572,0.0,0.85,0.15,0.0,0.1,0.9,2.2155,1.19,2.176,0.9225369666015222,1.5236428571428573
3573,0.0,0.85,0.15,0.0,0.15,0.85,2.2155,1.19,2.164,0.9233077364956722,1.5236428571428573
3574,0.0,0.85,0.15,0.0,0.2,0.8,2.2155,1.19,2.152,0.9240840415416656,1.5236428571428573
3590,0.0,0.85,0.15,0.05,0.0,0.95,2.2155,1.19,2.1805,0.9222493428559748,1.5236428571428573
3591,0.0,0.85,0.15,0.05,0.05,0.9,2.2155,1.19,2.1685000000000003,0.9230180523215198,1.5236428571428573
3592,0.0,0.85,0.15,0.05,0.1,0.85,2.2155,1.19,2.1565000000000003,0.923792274719135,1.5236428571428573
3593,0.0,0.85,0.15,0.05,0.15,0.8,2.2155,1.19,2.1445000000000003,0.9245720695676554,1.5236428571428573
3609,0.0,0.85,0.15,0.1,0.0,0.9,2.2155,1.19,2.161,0.9235012915138542,1.5236428571428573
3610,0.0,0.85,0.15,0.1,0.05,0.85,2.2155,1.19,2.149,0.9242789896641768,1.5236428571428573
3611,0.0,0.85,0.15,0.1,0.1,0.8,2.2155,1.19,2.1370000000000005,0.9250622979003452,1.5236428571428573
3627,0.0,0.85,0.15,0.15,0.0,0.85,2.2155,1.19,2.1415,0.9247678960317536,1.5236428571428573
3628,0.0,0.85,0.15,0.15,0.05,0.8,2.2155,1.19,2.1295,0.9255547414536976,1.5236428571428573
3644,0.0,0.85,0.15,0.2,0.0,0.8,2.2155,1.19,2.1220000000000003,0.9260494152767662,1.5236428571428573
3780,0.0,0.9,0.1,0.0,0.0,1.0,2.197,1.19,2.2,0.917152954831047,1.5236428571428573
3781,0.0,0.9,0.1,0.0,0.05,0.95,2.197,1.19,2.188,0.9178991224106012,1.5236428571428573
3782,0.0,0.9,0.1,0.0,0.1,0.9,2.197,1.19,2.176,0.9186506102581022,1.5236428571428573
3783,0.0,0.9,0.1,0.0,0.15,0.85,2.197,1.19,2.164,0.919407475478394,1.5236428571428573
3784,0.0,0.9,0.1,0.0,0.2,0.8,2.197,1.19,2.152,0.9201697759964976,1.5236428571428573
3800,0.0,0.9,0.1,0.05,0.0,0.95,2.197,1.19,2.1805,0.918368175239315,1.5236428571428573
3801,0.0,0.9,0.1,0.05,0.05,0.9,2.197,1.19,2.1685000000000003,0.9191230172010938,1.5236428571428573
3802,0.0,0.9,0.1,0.05,0.1,0.85,2.197,1.19,2.1565000000000003,0.9198832726417554,1.5236428571428573
3803,0.0,0.9,0.1,0.05,0.15,0.8,2.197,1.19,2.1445000000000003,0.9206490000064164,1.5236428571428573
3819,0.0,0.9,0.1,0.1,0.0,0.9,2.197,1.19,2.161,0.9195975387678228,1.5236428571428573
3820,0.0,0.9,0.1,0.1,0.05,0.85,2.197,1.19,2.149,0.920361207258681,1.5236428571428573
3821,0.0,0.9,0.1,0.1,0.1,0.8,2.197,1.19,2.1370000000000005,0.9211303846295452,1.5236428571428573
3837,0.0,0.9,0.1,0.15,0.0,0.85,2.197,1.19,2.1415,0.9208412937649214,1.5236428571428573
3838,0.0,0.9,0.1,0.15,0.05,0.8,2.197,1.19,2.1295,0.9216139445107993,1.5236428571428573
3854,0.0,0.9,0.1,0.2,0.0,0.8,2.197,1.19,2.1220000000000003,0.9220996944277472,1.5236428571428573
3990,0.0,0.95,0.05,0.0,0.0,1.0,2.1785,1.19,2.2,0.9132941125148372,1.6106666666666667
3991,0.0,0.95,0.05,0.0,0.05,0.95,2.1785,1.19,2.188,0.9140265719511722,1.6106666666666667
3992,0.0,0.95,0.05,0.0,0.1,0.9,2.1785,1.19,2.176,0.9147642539146824,1.6106666666666667
3993,0.0,0.95,0.05,0.0,0.15,0.85,2.1785,1.19,2.164,0.9155072144611158,1.6106666666666667
3994,0.0,0.95,0.05,0.0,0.2,0.8,2.1785,1.19,2.152,0.9162555104513298,1.6106666666666667
4010,0.0,0.95,0.05,0.05,0.0,0.95,2.1785,1.19,2.1805,0.9144870076226556,1.6106666666666667
4011,0.0,0.95,0.05,0.05,0.05,0.9,2.1785,1.19,2.1685000000000003,0.9152279820806676,1.6106666666666667
4012,0.0,0.95,0.05,0.05,0.1,0.85,2.1785,1.19,2.1565000000000003,0.915974270564376,1.6106666666666667
4013,0.0,0.95,0.05,0.05,0.15,0.8,2.1785,1.19,2.1445000000000003,0.9167259304451776,1.6106666666666667
4029,0.0,0.95,0.05,0.1,0.0,0.9,2.1785,1.19,2.161,0.9156937860217912,1.6106666666666667
4030,0.0,0.95,0.05,0.1,0.05,0.85,2.1785,1.19,2.149,0.916443424853185,1.6106666666666667
4031,0.0,0.95,0.05,0.1,0.1,0.8,2.1785,1.19,2.1370000000000005,0.9171984713587452,1.6106666666666667
4047,0.0,0.95,0.05,0.15,0.0,0.85,2.1785,1.19,2.1415,0.9169146914980896,1.6106666666666667
4048,0.0,0.95,0.05,0.15,0.05,0.8,2.1785,1.19,2.1295,0.9176731475679006,1.6106666666666667
4064,0.0,0.95,0.05,0.2,0.0,0.8,2.1785,1.19,2.1220000000000003,0.918149973578728,1.6106666666666667
4200,0.05,0.0,0.95,0.0,0.0,1.0,2.487,1.19,2.2,0.9776429154635244,1.5236428571428573
4201,0.05,0.0,0.95,0.0,0.05,0.95,2.487,1.19,2.188,0.9786039674502988,1.5236428571428573
4202,0.05,0.0,0.95,0.0,0.1,0.9,2.487,1.19,2.176,0.9795718718576564,1.5236428571428573
4203,0.05,0.0,0.95,0.0,0.15,0.85,2.487,1.19,2.164,0.980546702235728,1.5236428571428573
4204,0.05,0.0,0.95,0.0,0.2,0.8,2.487,1.19,2.152,0.9815285331910212,1.5236428571428573
4220,0.05,0.0,0.95,0.05,0.0,0.95,2.487,1.19,2.1805,0.979208100041006,1.5236428571428573
4221,0.05,0.0,0.95,0.05,0.05,0.9,2.487,1.19,2.1685000000000003,0.9801803244942596,1.5236428571428573
4222,0.05,0.0,0.95,0.05,0.1,0.85,2.487,1.19,2.1565000000000003,0.9811595214223016,1.5236428571428573
4223,0.05,0.0,0.95,0.05,0.15,0.8,2.487,1.19,2.1445000000000003,0.9821457661015128,1.5236428571428573
4239,0.05,0.0,0.95,0.1,0.0,0.9,2.487,1.19,2.161,0.9807915007326388,1.5236428571428573
4240,0.05,0.0,0.95,0.1,0.05,0.85,2.487,1.19,2.149,0.9817750936151044,1.5236428571428573
4241,0.05,0.0,0.95,0.1,0.1,0.8,2.487,1.19,2.1370000000000005,0.9827657818474888,1.5236428571428573
4257,0.05,0.0,0.95,0.15,0.0,0.85,2.487,1.19,2.1415,0.9823934374071543,1.5236428571428573
4258,0.05,0.0,0.95,0.15,0.05,0.8,2.487,1.19,2.1295,0.983388599291368,1.5236428571428573
4274,0.05,0.0,0.95,0.2,0.0,0.8,2.487,1.19,2.1220000000000003,0.9840142374664242,1.5236428571428573
4410,0.05,0.05,0.9,0.0,0.0,1.0,2.4685,1.19,2.2,0.9737840731473149,1.5236428571428573
4411,0.05,0.05,0.9,0.0,0.05,0.95,2.4685,1.19,2.188,0.9747314169908698,1.5236428571428573
4412,0.05,0.05,0.9,0.0,0.1,0.9,2.4685,1.19,2.176,0.9756855155142364,1.5236428571428573
4413,0.05,0.05,0.9,0.0,0.15,0.85,2.4685,1.19,2.164,0.97664644121845,1.5236428571428573
4414,0.05,0.05,0.9,0.0,0.2,0.8,2.4685,1.19,2.152,0.9776142676458536,1.5236428571428573
4430,0.05,0.05,0.9,0.05,0.0,0.95,2.4685,1.19,2.1805,0.975326932424346,1.5236428571428573
4431,0.05,0.05,0.9,0.05,0.05,0.9,2.4685,1.19,2.1685000000000003,0.9762852893738336,1.5236428571428573
4432,0.05,0.05,0.9,0.05,0.1,0.85,2.4685,1.19,2.1565000000000003,0.977250519344922,1.5236428571428573
4433,0.05,0.05,0.9,0.05,0.15,0.8,2.4685,1.19,2.1445000000000003,0.9782226965402738,1.5236428571428573
4449,0.05,0.05,0.9,0.1,0.0,0.9,2.4685,1.19,2.161,0.9768877479866076,1.5236428571428573
4450,0.05,0.05,0.9,0.1,0.05,0.85,2.4685,1.19,2.149,0.9778573112096084,1.5236428571428573
4451,0.05,0.05,0.9,0.1,0.1,0.8,2.4685,1.19,2.1370000000000005,0.978833868576689,1.5236428571428573
4467,0.05,0.05,0.9,0.15,0.0,0.85,2.4685,1.19,2.1415,0.978466835140322,1.5236428571428573
4468,0.05,0.05,0.9,0.15,0.05,0.8,2.4685,1.19,2.1295,0.9794478023484696,1.5236428571428573
4484,0.05,0.05,0.9,0.2,0.0,0.8,2.4685,1.19,2.1220000000000003,0.9800645166174052,1.5236428571428573
4620,0.05,0.1,0.85,0.0,0.0,1.0,2.45,1.19,2.2,0.969925230831105,1.5236428571428573
4621,0.05,0.1,0.85,0.0,0.05,0.95,2.45,1.19,2.188,0.9708588665314408,1.5236428571428573
4622,0.05,0.1,0.85,0.0,0.1,0.9,2.45,1.19,2.176,0.9717991591708164,1.5236428571428573
4623,0.05,0.1,0.85,0.0,0.15,0.85,2.45,1.19,2.164,0.9727461802011717,1.5236428571428573
4624,0.05,0.1,0.85,0.0,0.2,0.8,2.45,1.19,2.152,0.9737000021006856,1.5236428571428573
4640,0.05,0.1,0.85,0.05,0.0,0.95,2.45,1.19,2.1805,0.9714457648076866,1.5236428571428573
4641,0.05,0.1,0.85,0.05,0.05,0.9,2.45,1.19,2.1685000000000003,0.9723902542534076,1.5236428571428573
4642,0.05,0.1,0.85,0.05,0.1,0.85,2.45,1.19,2.1565000000000003,0.9733415172675424,1.5236428571428573
4643,0.05,0.1,0.85,0.05,0.15,0.8,2.45,1.19,2.1445000000000003,0.9742996269790348,1.5236428571428573
4659,0.05,0.1,0.85,0.1,0.0,0.9,2.45,1.19,2.161,0.972983995240576,1.5236428571428573
4660,0.05,0.1,0.85,0.1,0.05,0.85,2.45,1.19,2.149,0.9739395288041126,1.5236428571428573
4661,0.05,0.1,0.85,0.1,0.1,0.8,2.45,1.19,2.1370000000000005,0.9749019553058892,1.5236428571428573
4677,0.05,0.1,0.85,0.15,0.0,0.85,2.45,1.19,2.1415,0.9745402328734902,1.5236428571428573
4678,0.05,0.1,0.85,0.15,0.05,0.8,2.45,1.19,2.1295,0.9755070054055712,1.5236428571428573
4694,0.05,0.1,0.85,0.2,0.0,0.8,2.45,1.19,2.1220000000000003,0.9761147957683862,1.5236428571428573
4830,0.05,0.15,0.8,0.0,0.0,1.0,2.4315,1.19,2.2,0.9660663885148952,1.5236428571428573
4831,0.05,0.15,0.8,0.0,0.05,0.95,2.4315,1.19,2.188,0.966986316072012,1.5236428571428573
4832,0.05,0.15,0.8,0.0,0.1,0.9,2.4315,1.19,2.176,0.9679128028273968,1.5236428571428573
4833,0.05,0.15,0.8,0.0,0.15,0.85,2.4315,1.19,2.164,0.9688459191838936,1.5236428571428573
4834,0.05,0.15,0.8,0.0,0.2,0.8,2.4315,1.19,2.152,0.9697857365555178,1.5236428571428573
4850,0.05,0.15,0.8,0.05,0.0,0.95,2.4315,1.19,2.1805,0.9675645971910272,1.5236428571428573
4851,0.05,0.15,0.8,0.05,0.05,0.9,2.4315,1.19,2.1685000000000003,0.9684952191329816,1.5236428571428573
4852,0.05,0.15,0.8,0.05,0.1,0.85,2.4315,1.19,2.1565000000000003,0.9694325151901628,1.5236428571428573
4853,0.05,0.15,0.8,0.05,0.15,0.8,2.4315,1.19,2.1445000000000003,0.9703765574177962,1.5236428571428573
4869,0.05,0.15,0.8,0.1,0.0,0.9,2.4315,1.19,2.161,0.9690802424945448,1.5236428571428573
4870,0.05,0.15,0.8,0.1,0.05,0.85,2.4315,1.19,2.149,0.9700217463986168,1.5236428571428573
4871,0.05,0.15,0.8,0.1,0.1,0.8,2.4315,1.19,2.1370000000000005,0.9709700420350892,1.5236428571428573
4887,0.05,0.15,0.8,0.15,0.0,0.85,2.4315,1.19,2.1415,0.9706136306066584,1.5236428571428573
4888,0.05,0.15,0.8,0.15,0.05,0.8,2.4315,1.19,2.1295,0.971566208462673,1.5236428571428573
4904,0.05,0.15,0.8,0.2,0.0,0.8,2.4315,1.19,2.1220000000000003,0.9721650749193672,1.5236428571428573
5040,0.05,0.2,0.75,0.0,0.0,1.0,2.4130000000000003,1.19,2.2,0.9622075461986854,1.5236428571428573
5041,0.05,0.2,0.75,0.0,0.05,0.95,2.4130000000000003,1.19,2.188,0.9631137656125828,1.5236428571428573
5042,0.05,0.2,0.75,0.0,0.1,0.9,2.4130000000000003,1.19,2.176,0.9640264464839772,1.5236428571428573
5043,0.05,0.2,0.75,0.0,0.15,0.85,2.4130000000000003,1.19,2.164,0.9649456581666154,1.5236428571428573
5044,0.05,0.2,0.75,0.0,0.2,0.8,2.4130000000000003,1.19,2.152,0.96587147101035,1.5236428571428573
5060,0.05,0.2,0.75,0.05,0.0,0.95,2.4130000000000003,1.19,2.1805,0.9636834295743676,1.5236428571428573
5061,0.05,0.2,0.75,0.05,0.05,0.9,2.4130000000000003,1.19,2.1685000000000003,0.9646001840125552,1.5236428571428573
5062,0.05,0.2,0.75,0.05,0.1,0.85,2.4130000000000003,1.19,2.1565000000000003,0.9655235131127832,1.5236428571428573
5063,0.05,0.2,0.75,0.05,0.15,0.8,2.4130000000000003,1.19,2.1445000000000003,0.9664534878565574,1.5236428571428573
5079,0.05,0.2,0.75,0.1,0.0,0.9,2.4130000000000003,1.19,2.161,0.9651764897485132,1.5236428571428573
5080,0.05,0.2,0.75,0.1,0.05,0.85,2.4130000000000003,1.19,2.149,0.9661039639931208,1.5236428571428573
5081,0.05,0.2,0.75,0.1,0.1,0.8,2.4130000000000003,1.19,2.1370000000000005,0.9670381287642896,1.5236428571428573
5097,0.05,0.2,0.75,0.15,0.0,0.85,2.4130000000000003,1.19,2.1415,0.9666870283398262,1.5236428571428573
5098,0.05,0.2,0.75,0.15,0.05,0.8,2.4130000000000003,1.19,2.1295,0.9676254115197748,1.5236428571428573
5114,0.05,0.2,0.75,0.2,0.0,0.8,2.4130000000000003,1.19,2.1220000000000003,0.968215354070348,1.5236428571428573
5250,0.05,0.25,0.7,0.0,0.0,1.0,2.3945,1.19,2.2,0.9583487038824756,1.5236428571428573
5251,0.05,0.25,0.7,0.0,0.05,0.95,2.3945,1.19,2.188,0.959241215153154,1.5236428571428573
5252,0.05,0.25,0.7,0.0,0.1,0.9,2.3945,1.19,2.176,0.960140090140557,1.5236428571428573
5253,0.05,0.25,0.7,0.0,0.15,0.85,2.3945,1.19,2.164,0.9610453971493372,1.5236428571428573
5254,0.05,0.25,0.7,0.0,0.2,0.8,2.3945,1.19,2.152,0.961957205465182,1.5236428571428573
5270,0.05,0.25,0.7,0.05,0.0,0.95,2.3945,1.19,2.1805,0.959802261957708,1.5236428571428573
5271,0.05,0.25,0.7,0.05,0.05,0.9,2.3945,1.19,2.1685000000000003,0.9607051488921294,1.5236428571428573
5272,0.05,0.25,0.7,0.05,0.1,0.85,2.3945,1.19,2.1565000000000003,0.9616145110354032,1.5236428571428573
5273,0.05,0.25,0.7,0.05,0.15,0.8,2.3945,1.19,2.1445000000000003,0.9625304182953182,1.5236428571428573
5289,0.05,0.25,0.7,0.1,0.0,0.9,2.3945,1.19,2.161,0.961272737002482,1.5236428571428573
5290,0.05,0.25,0.7,0.1,0.05,0.85,2.3945,1.19,2.149,0.9621861815876244,1.5236428571428573
5291,0.05,0.25,0.7,0.1,0.1,0.8,2.3945,1.19,2.1370000000000005,0.9631062154934896,1.5236428571428573
5307,0.05,0.25,0.7,0.15,0.0,0.85,2.3945,1.19,2.1415,0.9627604260729938,1.5236428571428573
5308,0.05,0.25,0.7,0.15,0.05,0.8,2.3945,1.19,2.1295,0.9636846145768762,1.5236428571428573
5324,0.05,0.25,0.7,0.2,0.0,0.8,2.3945,1.19,2.1220000000000003,0.964265633221329,1.5236428571428573
5460,0.05,0.3,0.65,0.0,0.0,1.0,2.376,1.19,2.2,0.954489861566266,1.5236428571428573
5461,0.05,0.3,0.65,0.0,0.05,0.95,2.376,1.19,2.188,0.955368664693725,1.5236428571428573
5462,0.05,0.3,0.65,0.0,0.1,0.9,2.376,1.19,2.176,0.9562537337971372,1.5236428571428573
5463,0.05,0.3,0.65,0.0,0.15,0.85,2.376,1.19,2.164,0.9571451361320588,1.5236428571428573
5464,0.05,0.3,0.65,0.0,0.2,0.8,2.376,1.19,2.152,0.958042939920014,1.5236428571428573
5480,0.05,0.3,0.65,0.05,0.0,0.95,2.376,1.19,2.1805,0.9559210943410484,1.5236428571428573
5481,0.05,0.3,0.65,0.05,0.05,0.9,2.376,1.19,2.1685000000000003,0.9568101137717032,1.5236428571428573
5482,0.05,0.3,0.65,0.05,0.1,0.85,2.376,1.19,2.1565000000000003,0.957705508958024,1.5236428571428573
5483,0.05,0.3,0.65,0.05,0.15,0.8,2.376,1.19,2.1445000000000003,0.9586073487340796,1.5236428571428573
5499,0.05,0.3,0.65,0.1,0.0,0.9,2.376,1.19,2.161,0.9573689842564506,1.5236428571428573
5500,0.05,0.3,0.65,0.1,0.05,0.85,2.376,1.19,2.149,0.9582683991821286,1.5236428571428573
5501,0.05,0.3,0.65,0.1,0.1,0.8,2.376,1.19,2.1370000000000005,0.9591743022226896,1.5236428571428573
5517,0.05,0.3,0.65,0.15,0.0,0.85,2.376,1.19,2.1415,0.9588338238061618,1.5236428571428573
5518,0.05,0.3,0.65,0.15,0.05,0.8,2.376,1.19,2.1295,0.9597438176339778,1.5236428571428573
5534,0.05,0.3,0.65,0.2,0.0,0.8,2.376,1.19,2.1220000000000003,0.96031591237231,1.5236428571428573
5670,0.05,0.35,0.6,0.0,0.0,1.0,2.3575,1.19,2.2,0.950631019250056,1.5236428571428573
5671,0.05,0.35,0.6,0.0,0.05,0.95,2.3575,1.19,2.188,0.951496114234296,1.5236428571428573
5672,0.05,0.35,0.6,0.0,0.1,0.9,2.3575,1.19,2.176,0.9523673774537176,1.5236428571428573
5673,0.05,0.35,0.6,0.0,0.15,0.85,2.3575,1.19,2.164,0.9532448751147806,1.5236428571428573
5674,0.05,0.35,0.6,0.0,0.2,0.8,2.3575,1.19,2.152,0.954128674374846,1.5236428571428573
5690,0.05,0.35,0.6,0.05,0.0,0.95,2.3575,1.19,2.1805,0.9520399267243888,1.5236428571428573
5691,0.05,0.35,0.6,0.05,0.05,0.9,2.3575,1.19,2.1685000000000003,0.9529150786512768,1.5236428571428573
5692,0.05,0.35,0.6,0.05,0.1,0.85,2.3575,1.19,2.1565000000000003,0.953796506880644,1.5236428571428573
5693,0.05,0.35,0.6,0.05,0.15,0.8,2.3575,1.19,2.1445000000000003,0.9546842791728406,1.5236428571428573
5709,0.05,0.35,0.6,0.1,0.0,0.9,2.3575,1.19,2.161,0.9534652315104192,1.5236428571428573
5710,0.05,0.35,0.6,0.1,0.05,0.85,2.3575,1.19,2.149,0.9543506167766326,1.5236428571428573
5711,0.05,0.35,0.6,0.1,0.1,0.8,2.3575,1.19,2.1370000000000005,0.9552423889518898,1.5236428571428573
5727,0.05,0.35,0.6,0.15,0.0,0.85,2.3575,1.19,2.1415,0.9549072215393298,1.5236428571428573
5728,0.05,0.35,0.6,0.15,0.05,0.8,2.3575,1.19,2.1295,0.9558030206910796,1.5236428571428573
5744,0.05,0.35,0.6,0.2,0.0,0.8,2.3575,1.19,2.1220000000000003,0.9563661915232908,1.5236428571428573
5880,0.05,0.4,0.55,0.0,0.0,1.0,2.339,1.19,2.2,0.9467721769338462,1.5236428571428573
5881,0.05,0.4,0.55,0.0,0.05,0.95,2.339,1.19,2.188,0.9476235637748668,1.5236428571428573
5882,0.05,0.4,0.55,0.0,0.1,0.9,2.339,1.19,2.176,0.9484810211102978,1.5236428571428573
5883,0.05,0.4,0.55,0.0,0.15,0.85,2.339,1.19,2.164,0.9493446140975024,1.5236428571428573
5884,0.05,0.4,0.55,0.0,0.2,0.8,2.339,1.19,2.152,0.950214408829678,1.5236428571428573
5900,0.05,0.4,0.55,0.05,0.0,0.95,2.339,1.19,2.1805,0.9481587591077292,1.5236428571428573
5901,0.05,0.4,0.55,0.05,0.05,0.9,2.339,1.19,2.1685000000000003,0.9490200435308508,1.5236428571428573
5902,0.05,0.4,0.55,0.05,0.1,0.85,2.339,1.19,2.1565000000000003,0.9498875048032642,1.5236428571428573
5903,0.05,0.4,0.55,0.05,0.15,0.8,2.339,1.19,2.1445000000000003,0.9507612096116016,1.5236428571428573
5919,0.05,0.4,0.55,0.1,0.0,0.9,2.339,1.19,2.161,0.949561478764388,1.5236428571428573
5920,0.05,0.4,0.55,0.1,0.05,0.85,2.339,1.19,2.149,0.9504328343711366,1.5236428571428573
5921,0.05,0.4,0.55,0.1,0.1,0.8,2.339,1.19,2.1370000000000005,0.95131047568109,1.5236428571428573
5937,0.05,0.4,0.55,0.15,0.0,0.85,2.339,1.19,2.1415,0.9509806192724976,1.5236428571428573
5938,0.05,0.4,0.55,0.15,0.05,0.8,2.339,1.19,2.1295,0.9518622237481812,1.5236428571428573
5954,0.05,0.4,0.55,0.2,0.0,0.8,2.339,1.19,2.1220000000000003,0.9524164706742718,1.5236428571428573
6090,0.05,0.45,0.5,0.0,0.0,1.0,2.3205,1.19,2.2,0.9429133346176366,1.5236428571428573
6091,0.05,0.45,0.5,0.0,0.05,0.95,2.3205,1.19,2.188,0.943751013315438,1.5236428571428573
6092,0.05,0.45,0.5,0.0,0.1,0.9,2.3205,1.19,2.176,0.9445946647668778,1.5236428571428573
6093,0.05,0.45,0.5,0.0,0.15,0.85,2.3205,1.19,2.164,0.9454443530802245,1.5236428571428573
6094,0.05,0.45,0.5,0.0,0.2,0.8,2.3205,1.19,2.152,0.9463001432845104,1.5236428571428573
6110,0.05,0.45,0.5,0.05,0.0,0.95,2.3205,1.19,2.1805,0.9442775914910696,1.5236428571428573
6111,0.05,0.45,0.5,0.05,0.05,0.9,2.3205,1.19,2.1685000000000003,0.9451250084104248,1.5236428571428573
6112,0.05,0.45,0.5,0.05,0.1,0.85,2.3205,1.19,2.1565000000000003,0.9459785027258848,1.5236428571428573
6113,0.05,0.45,0.5,0.05,0.15,0.8,2.3205,1.19,2.1445000000000003,0.9468381400503626,1.5236428571428573
6129,0.05,0.45,0.5,0.1,0.0,0.9,2.3205,1.19,2.161,0.9456577260183566,1.5236428571428573
6130,0.05,0.45,0.5,0.1,0.05,0.85,2.3205,1.19,2.149,0.9465150519656408,1.5236428571428573
6131,0.05,0.45,0.5,0.1,0.1,0.8,2.3205,1.19,2.1370000000000005,0.9473785624102902,1.5236428571428573
6147,0.05,0.45,0.5,0.15,0.0,0.85,2.3205,1.19,2.1415,0.9470540170056654,1.5236428571428573
6148,0.05,0.45,0.5,0.15,0.05,0.8,2.3205,1.19,2.1295,0.9479214268052828,1.5236428571428573
6164,0.05,0.45,0.5,0.2,0.0,0.8,2.3205,1.19,2.1220000000000003,0.9484667498252528,1.5236428571428573
6300,0.05,0.5,0.45,0.0,0.0,1.0,2.302,1.19,2.2,0.9390544923014268,1.5236428571428573
6301,0.05,0.5,0.45,0.0,0.05,0.95,2.302,1.19,2.188,0.9398784628560088,1.5236428571428573
6302,0.05,0.5,0.45,0.0,0.1,0.9,2.302,1.19,2.176,0.940708308423458,1.5236428571428573
6303,0.05,0.5,0.45,0.0,0.15,0.85,2.302,1.19,2.164,0.9415440920629458,1.5236428571428573
6304,0.05,0.5,0.45,0.0,0.2,0.8,2.302,1.19,2.152,0.9423858777393423,1.5236428571428573
6320,0.05,0.5,0.45,0.05,0.0,0.95,2.302,1.19,2.1805,0.94039642387441,1.5236428571428573
6321,0.05,0.5,0.45,0.05,0.05,0.9,2.302,1.19,2.1685000000000003,0.9412299732899984,1.5236428571428573
6322,0.05,0.5,0.45,0.05,0.1,0.85,2.302,1.19,2.1565000000000003,0.9420695006485048,1.5236428571428573
6323,0.05,0.5,0.45,0.05,0.15,0.8,2.302,1.19,2.1445000000000003,0.9429150704891238,1.5236428571428573
6339,0.05,0.5,0.45,0.1,0.0,0.9,2.302,1.19,2.161,0.9417539732723248,1.5236428571428573
6340,0.05,0.5,0.45,0.1,0.05,0.85,2.302,1.19,2.149,0.9425972695601444,1.5236428571428573
6341,0.05,0.5,0.45,0.1,0.1,0.8,2.302,1.19,2.1370000000000005,0.9434466491394904,1.5236428571428573
6357,0.05,0.5,0.45,0.15,0.0,0.85,2.302,1.19,2.1415,0.9431274147388334,1.5236428571428573
6358,0.05,0.5,0.45,0.15,0.05,0.8,2.302,1.19,2.1295,0.9439806298623844,1.5236428571428573
6374,0.05,0.5,0.45,0.2,0.0,0.8,2.302,1.19,2.1220000000000003,0.9445170289762336,1.5236428571428573
6510,0.05,0.55,0.4,0.0,0.0,1.0,2.2835,1.19,2.2,0.935195649985217,1.5236428571428573
6511,0.05,0.55,0.4,0.0,0.05,0.95,2.2835,1.19,2.188,0.93600591239658,1.5236428571428573
6512,0.05,0.55,0.4,0.0,0.1,0.9,2.2835,1.19,2.176,0.9368219520800384,1.5236428571428573
6513,0.05,0.55,0.4,0.0,0.15,0.85,2.2835,1.19,2.164,0.9376438310456678,1.5236428571428573
6514,0.05,0.55,0.4,0.0,0.2,0.8,2.2835,1.19,2.152,0.9384716121941746,1.5236428571428573
6530,0.05,0.55,0.4,0.05,0.0,0.95,2.2835,1.19,2.1805,0.9365152562577506,1.5236428571428573
6531,0.05,0.55,0.4,0.05,0.05,0.9,2.2835,1.19,2.1685000000000003,0.9373349381695724,1.5236428571428573
6532,0.05,0.55,0.4,0.05,0.1,0.85,2.2835,1.19,2.1565000000000003,0.9381604985711254,1.5236428571428573
6533,0.05,0.55,0.4,0.05,0.15,0.8,2.2835,1.19,2.1445000000000003,0.938992000927885,1.5236428571428573
6549,0.05,0.55,0.4,0.1,0.0,0.9,2.2835,1.19,2.161,0.9378502205262936,1.5236428571428573
6550,0.05,0.55,0.4,0.1,0.05,0.85,2.2835,1.19,2.149,0.9386794871546486,1.5236428571428573
6551,0.05,0.55,0.4,0.1,0.1,0.8,2.2835,1.19,2.1370000000000005,0.9395147358686904,1.5236428571428573
6567,0.05,0.55,0.4,0.15,0.0,0.85,2.2835,1.19,2.1415,0.9392008124720016,1.5236428571428573
6568,0.05,0.55,0.4,0.15,0.05,0.8,2.2835,1.19,2.1295,0.940039832919486,1.5236428571428573
6584,0.05,0.55,0.4,0.2,0.0,0.8,2.2835,1.19,2.1220000000000003,0.9405673081272146,1.5236428571428573
6720,0.05,0.6,0.35,0.0,0.0,1.0,2.265,1.19,2.2,0.9313368076690072,1.5236428571428573
6721,0.05,0.6,0.35,0.0,0.05,0.95,2.265,1.19,2.188,0.9321333619371508,1.5236428571428573
6722,0.05,0.6,0.35,0.0,0.1,0.9,2.265,1.19,2.176,0.9329355957366182,1.5236428571428573
6723,0.05,0.6,0.35,0.0,0.15,0.85,2.265,1.19,2.164,0.9337435700283896,1.5236428571428573
6724,0.05,0.6,0.35,0.0,0.2,0.8,2.265,1.19,2.152,0.9345573466490066,1.5236428571428573
6740,0.05,0.6,0.35,0.05,0.0,0.95,2.265,1.19,2.1805,0.9326340886410908,1.5236428571428573
6741,0.05,0.6,0.35,0.05,0.05,0.9,2.265,1.19,2.1685000000000003,0.9334399030491464,1.5236428571428573
6742,0.05,0.6,0.35,0.05,0.1,0.85,2.265,1.19,2.1565000000000003,0.9342514964937456,1.5236428571428573
6743,0.05,0.6,0.35,0.05,0.15,0.8,2.265,1.19,2.1445000000000003,0.9350689313666458,1.5236428571428573
6759,0.05,0.6,0.35,0.1,0.0,0.9,2.265,1.19,2.161,0.9339464677802624,1.5236428571428573
6760,0.05,0.6,0.35,0.1,0.05,0.85,2.265,1.19,2.149,0.9347617047491524,1.5236428571428573
6761,0.05,0.6,0.35,0.1,0.1,0.8,2.265,1.19,2.1370000000000005,0.9355828225978904,1.5236428571428573
6777,0.05,0.6,0.35,0.15,0.0,0.85,2.265,1.19,2.1415,0.9352742102051692,1.5236428571428573
6778,0.05,0.6,0.35,0.15,0.05,0.8,2.265,1.19,2.1295,0.9360990359765876,1.5236428571428573
6794,0.05,0.6,0.35,0.2,0.0,0.8,2.265,1.19,2.1220000000000003,0.9366175872781956,1.5236428571428573
6930,0.05,0.65,0.3,0.0,0.0,1.0,2.2465,1.19,2.2,0.9274779653527976,1.5236428571428573
6931,0.05,0.65,0.3,0.0,0.05,0.95,2.2465,1.19,2.188,0.928260811477722,1.5236428571428573
6932,0.05,0.65,0.3,0.0,0.1,0.9,2.2465,1.19,2.176,0.9290492393931984,1.5236428571428573
6933,0.05,0.65,0.3,0.0,0.15,0.85,2.2465,1.19,2.164,0.9298433090111116,1.5236428571428573
6934,0.05,0.65,0.3,0.0,0.2,0.8,2.2465,1.19,2.152,0.9306430811038388,1.5236428571428573
6950,0.05,0.65,0.3,0.05,0.0,0.95,2.2465,1.19,2.1805,0.9287529210244312,1.5236428571428573
6951,0.05,0.65,0.3,0.05,0.05,0.9,2.2465,1.19,2.1685000000000003,0.9295448679287204,1.5236428571428573
6952,0.05,0.65,0.3,0.05,0.1,0.85,2.2465,1.19,2.1565000000000003,0.930342494416366,1.5236428571428573
6953,0.05,0.65,0.3,0.05,0.15,0.8,2.2465,1.19,2.1445000000000003,0.931145861805407,1.5236428571428573
6969,0.05,0.65,0.3,0.1,0.0,0.9,2.2465,1.19,2.161,0.9300427150342312,1.5236428571428573
6970,0.05,0.65,0.3,0.1,0.05,0.85,2.2465,1.19,2.149,0.9308439223436566,1.5236428571428573
6971,0.05,0.65,0.3,0.1,0.1,0.8,2.2465,1.19,2.1370000000000005,0.9316509093270908,1.5236428571428573
6987,0.05,0.65,0.3,0.15,0.0,0.85,2.2465,1.19,2.1415,0.9313476079383372,1.5236428571428573
6988,0.05,0.65,0.3,0.15,0.05,0.8,2.2465,1.19,2.1295,0.9321582390336892,1.5236428571428573
7004,0.05,0.65,0.3,0.2,0.0,0.8,2.2465,1.19,2.1220000000000003,0.9326678664291768,1.5236428571428573
7140,0.05,0.7,0.25,0.0,0.0,1.0,2.228,1.19,2.2,0.9236191230365876,1.5236428571428573
7141,0.05,0.7,0.25,0.0,0.05,0.95,2.228,1.19,2.188,0.924388261018293,1.5236428571428573
7142,0.05,0.7,0.25,0.0,0.1,0.9,2.228,1.19,2.176,0.9251628830497788,1.5236428571428573
7143,0.05,0.7,0.25,0.0,0.15,0.85,2.228,1.19,2.164,0.9259430479938332,1.5236428571428573
7144,0.05,0.7,0.25,0.0,0.2,0.8,2.228,1.19,2.152,0.9267288155586708,1.5236428571428573
7160,0.05,0.7,0.25,0.05,0.0,0.95,2.228,1.19,2.1805,0.9248717534077718,1.5236428571428573
7161,0.05,0.7,0.25,0.05,0.05,0.9,2.228,1.19,2.1685000000000003,0.925649832808294,1.5236428571428573
7162,0.05,0.7,0.25,0.05,0.1,0.85,2.228,1.19,2.1565000000000003,0.9264334923389862,1.5236428571428573
7163,0.05,0.7,0.25,0.05,0.15,0.8,2.228,1.19,2.1445000000000003,0.927222792244168,1.5236428571428573
7179,0.05,0.7,0.25,0.1,0.0,0.9,2.228,1.19,2.161,0.9261389622881994,1.5236428571428573
7180,0.05,0.7,0.25,0.1,0.05,0.85,2.228,1.19,2.149,0.9269261399381606,1.5236428571428573
7181,0.05,0.7,0.25,0.1,0.1,0.8,2.228,1.19,2.1370000000000005,0.9277189960562908,1.5236428571428573
7197,0.05,0.7,0.25,0.15,0.0,0.85,2.228,1.19,2.1415,0.9274210056715052,1.5236428571428573
7198,0.05,0.7,0.25,0.15,0.05,0.8,2.228,1.19,2.1295,0.9282174420907908,1.5236428571428573
7214,0.05,0.7,0.25,0.2,0.0,0.8,2.228,1.19,2.1220000000000003,0.9287181455801572,1.5236428571428573
7350,0.05,0.75,0.2,0.0,0.0,1.0,2.2095,1.19,2.2,0.919760280720378,1.5236428571428573
7351,0.05,0.75,0.2,0.0,0.05,0.95,2.2095,1.19,2.188,0.920515710558864,1.5236428571428573
7352,0.05,0.75,0.2,0.0,0.1,0.9,2.2095,1.19,2.176,0.921276526706359,1.5236428571428573
7353,0.05,0.75,0.2,0.0,0.15,0.85,2.2095,1.19,2.164,0.922042786976555,1.5236428571428573
7354,0.05,0.75,0.2,0.0,0.2,0.8,2.2095,1.19,2.152,0.922814550013503,1.5236428571428573
7370,0.05,0.75,0.2,0.05,0.0,0.95,2.2095,1.19,2.1805,0.9209905857911124,1.5236428571428573
7371,0.05,0.75,0.2,0.05,0.05,0.9,2.2095,1.19,2.1685000000000003,0.921754797687868,1.5236428571428573
7372,0.05,0.75,0.2,0.05,0.1,0.85,2.2095,1.19,2.1565000000000003,0.9225244902616064,1.5236428571428573
7373,0.05,0.75,0.2,0.05,0.15,0.8,2.2095,1.19,2.1445000000000003,0.9232997226829296,1.5236428571428573
7389,0.05,0.75,0.2,0.1,0.0,0.9,2.2095,1.19,2.161,0.922235209542168,1.5236428571428573
7390,0.05,0.75,0.2,0.1,0.05,0.85,2.2095,1.19,2.149,0.9230083575326647,1.5236428571428573
7391,0.05,0.75,0.2,0.1,0.1,0.8,2.2095,1.19,2.1370000000000005,0.923787082785491,1.5236428571428573
7407,0.05,0.75,0.2,0.15,0.0,0.85,2.2095,1.19,2.1415,0.9234944034046731,1.5236428571428573
7408,0.05,0.75,0.2,0.15,0.05,0.8,2.2095,1.19,2.1295,0.9242766451478928,1.5236428571428573
7424,0.05,0.75,0.2,0.2,0.0,0.8,2.2095,1.19,2.1220000000000003,0.9247684247311384,1.5236428571428573
7560,0.05,0.8,0.15,0.0,0.0,1.0,2.191,1.19,2.2,0.915901438404168,1.5236428571428573
7561,0.05,0.8,0.15,0.0,0.05,0.95,2.191,1.19,2.188,0.9166431600994348,1.5236428571428573
7562,0.05,0.8,0.15,0.0,0.1,0.9,2.191,1.19,2.176,0.917390170362939,1.5236428571428573
7563,0.05,0.8,0.15,0.0,0.15,0.85,2.191,1.19,2.164,0.9181425259592768,1.5236428571428573
7564,0.05,0.8,0.15,0.0,0.2,0.8,2.191,1.19,2.152,0.918900284468335,1.5236428571428573
7580,0.05,0.8,0.15,0.05,0.0,0.95,2.191,1.19,2.1805,0.9171094181744524,1.5236428571428573
7581,0.05,0.8,0.15,0.05,0.05,0.9,2.191,1.19,2.1685000000000003,0.917859762567442,1.5236428571428573
7582,0.05,0.8,0.15,0.05,0.1,0.85,2.191,1.19,2.1565000000000003,0.9186154881842268,1.5236428571428573
7583,0.05,0.8,0.15,0.05,0.15,0.8,2.191,1.19,2.1445000000000003,0.9193766531216904,1.5236428571428573
7599,0.05,0.8,0.15,0.1,0.0,0.9,2.191,1.19,2.161,0.918331456796137,1.5236428571428573
7600,0.05,0.8,0.15,0.1,0.05,0.85,2.191,1.19,2.149,0.9190905751271686,1.5236428571428573
7601,0.05,0.8,0.15,0.1,0.1,0.8,2.191,1.19,2.1370000000000005,0.9198551695146912,1.5236428571428573
7617,0.05,0.8,0.15,0.15,0.0,0.85,2.191,1.19,2.1415,0.9195678011378408,1.5236428571428573
7618,0.05,0.8,0.15,0.15,0.05,0.8,2.191,1.19,2.1295,0.9203358482049944,1.5236428571428573
7634,0.05,0.8,0.15,0.2,0.0,0.8,2.191,1.19,2.1220000000000003,0.9208187038821194,1.5236428571428573
7770,0.05,0.85,0.1,0.0,0.0,1.0,2.1725,1.19,2.2,0.9120425960879583,1.5236428571428573
7771,0.05,0.85,0.1,0.0,0.05,0.95,2.1725,1.19,2.188,0.912770609640006,1.5236428571428573
7772,0.05,0.85,0.1,0.0,0.1,0.9,2.1725,1.19,2.176,0.9135038140195192,1.5236428571428573
7773,0.05,0.85,0.1,0.0,0.15,0.85,2.1725,1.19,2.164,0.9142422649419986,1.5236428571428573
7774,0.05,0.85,0.1,0.0,0.2,0.8,2.1725,1.19,2.152,0.9149860189231672,1.5236428571428573
7790,0.05,0.85,0.1,0.05,0.0,0.95,2.1725,1.19,2.1805,0.9132282505577928,1.5236428571428573
7791,0.05,0.85,0.1,0.05,0.05,0.9,2.1725,1.19,2.1685000000000003,0.9139647274470158,1.5236428571428573
7792,0.05,0.85,0.1,0.05,0.1,0.85,2.1725,1.19,2.1565000000000003,0.9147064861068472,1.5236428571428573
7793,0.05,0.85,0.1,0.05,0.15,0.8,2.1725,1.19,2.1445000000000003,0.9154535835604516,1.5236428571428573
7809,0.05,0.85,0.1,0.1,0.0,0.9,2.1725,1.19,2.161,0.9144277040501054,1.5236428571428573
7810,0.05,0.85,0.1,0.1,0.05,0.85,2.1725,1.19,2.149,0.9151727927216728,1.5236428571428573
7811,0.05,0.85,0.1,0.1,0.1,0.8,2.1725,1.19,2.1370000000000005,0.9159232562438911,1.5236428571428573
7827,0.05,0.85,0.1,0.15,0.0,0.85,2.1725,1.19,2.1415,0.9156411988710088,1.5236428571428573
7828,0.05,0.85,0.1,0.15,0.05,0.8,2.1725,1.19,2.1295,0.9163950512620958,1.5236428571428573
7844,0.05,0.85,0.1,0.2,0.0,0.8,2.1725,1.19,2.1220000000000003,0.9168689830331002,1.5236428571428573
7980,0.05,0.9,0.05,0.0,0.0,1.0,2.1540000000000004,1.19,2.2,0.9081837537717488,1.6106666666666667
7981,0.05,0.9,0.05,0.0,0.05,0.95,2.1540000000000004,1.19,2.188,0.9088980591805772,1.6106666666666667
7982,0.05,0.9,0.05,0.0,0.1,0.9,2.1540000000000004,1.19,2.176,0.9096174576760994,1.6106666666666667
7983,0.05,0.9,0.05,0.0,0.15,0.85,2.1540000000000004,1.19,2.164,0.9103420039247204,1.6106666666666667
7984,0.05,0.9,0.05,0.0,0.2,0.8,2.1540000000000004,1.19,2.152,0.9110717533779994,1.6106666666666667
8000,0.05,0.9,0.05,0.05,0.0,0.95,2.1540000000000004,1.19,2.1805,0.9093470829411334,1.6106666666666667
8001,0.05,0.9,0.05,0.05,0.05,0.9,2.1540000000000004,1.19,2.1685000000000003,0.91006969232659,1.6106666666666667
8002,0.05,0.9,0.05,0.05,0.1,0.85,2.1540000000000004,1.19,2.1565000000000003,0.9107974840294676,1.6106666666666667
8003,0.05,0.9,0.05,0.05,0.15,0.8,2.1540000000000004,1.19,2.1445000000000003,0.9115305139992128,1.6106666666666667
8019,0.05,0.9,0.05,0.1,0.0,0.9,2.1540000000000004,1.19,2.161,0.9105239513040742,1.6106666666666667
8020,0.05,0.9,0.05,0.1,0.05,0.85,2.1540000000000004,1.19,2.149,0.9112550103161768,1.6106666666666667
8021,0.05,0.9,0.05,0.1,0.1,0.8,2.1540000000000004,1.19,2.1370000000000005,0.9119913429730916,1.6106666666666667
8037,0.05,0.9,0.05,0.15,0.0,0.85,2.1540000000000004,1.19,2.1415,0.9117145966041768,1.6106666666666667
8038,0.05,0.9,0.05,0.15,0.05,0.8,2.1540000000000004,1.19,2.1295,0.9124542543191976,1.6106666666666667
8054,0.05,0.9,0.05,0.2,0.0,0.8,2.1540000000000004,1.19,2.1220000000000003,0.9129192621840814,1.6106666666666667
8190,0.1,0.0,0.9,0.0,0.0,1.0,2.4439999999999995,1.19,2.2,0.968673714404226,1.5236428571428573
8191,0.1,0.0,0.9,0.0,0.05,0.95,2.4439999999999995,1.19,2.188,0.9696029042202748,1.5236428571428573
8192,0.1,0.0,0.9,0.0,0.1,0.9,2.4439999999999995,1.19,2.176,0.9705387192756532,1.5236428571428573
8193,0.1,0.0,0.9,0.0,0.15,0.85,2.4439999999999995,1.19,2.164,0.9714812306820544,1.5236428571428573
8194,0.1,0.0,0.9,0.0,0.2,0.8,2.4439999999999995,1.19,2.152,0.972430510572523,1.5236428571428573
8210,0.1,0.0,0.9,0.05,0.0,0.95,2.4439999999999995,1.19,2.1805,0.970187007742824,1.5236428571428573
8211,0.1,0.0,0.9,0.05,0.05,0.9,2.4439999999999995,1.19,2.1685000000000003,0.9711269996197558,1.5236428571428573
8212,0.1,0.0,0.9,0.05,0.1,0.85,2.4439999999999995,1.19,2.1565000000000003,0.972073732810014,1.5236428571428573
8213,0.1,0.0,0.9,0.05,0.15,0.8,2.4439999999999995,1.19,2.1445000000000003,0.9730272800943088,1.5236428571428573
8229,0.1,0.0,0.9,0.1,0.0,0.9,2.4439999999999995,1.19,2.161,0.97171791326889,1.5236428571428573
8230,0.1,0.0,0.9,0.1,0.05,0.85,2.4439999999999995,1.19,2.149,0.9726688966726004,1.5236428571428573
8231,0.1,0.0,0.9,0.1,0.1,0.8,2.4439999999999995,1.19,2.1370000000000005,0.973626740191035,1.5236428571428573
8247,0.1,0.0,0.9,0.15,0.0,0.85,2.4439999999999995,1.19,2.1415,0.9732667402464096,1.5236428571428573
8248,0.1,0.0,0.9,0.15,0.05,0.8,2.4439999999999995,1.19,2.1295,0.9742289090997662,1.5236428571428573
8264,0.1,0.0,0.9,0.2,0.0,0.8,2.4439999999999995,1.19,2.1220000000000003,0.9748338052227584,1.5236428571428573
8400,0.1,0.05,0.85,0.0,0.0,1.0,2.4254999999999995,1.19,2.2,0.9648148720880162,1.5236428571428573
8401,0.1,0.05,0.85,0.0,0.05,0.95,2.4254999999999995,1.19,2.188,0.9657303537608456,1.5236428571428573
8402,0.1,0.05,0.85,0.0,0.1,0.9,2.4254999999999995,1.19,2.176,0.9666523629322336,1.5236428571428573
8403,0.1,0.05,0.85,0.0,0.15,0.85,2.4254999999999995,1.19,2.164,0.967580969664776,1.5236428571428573
8404,0.1,0.05,0.85,0.0,0.2,0.8,2.4254999999999995,1.19,2.152,0.9685162450273552,1.5236428571428573
8420,0.1,0.05,0.85,0.05,0.0,0.95,2.4254999999999995,1.19,2.1805,0.9663058401261644,1.5236428571428573
8421,0.1,0.05,0.85,0.05,0.05,0.9,2.4254999999999995,1.19,2.1685000000000003,0.9672319644993296,1.5236428571428573
8422,0.1,0.05,0.85,0.05,0.1,0.85,2.4254999999999995,1.19,2.1565000000000003,0.9681647307326342,1.5236428571428573
8423,0.1,0.05,0.85,0.05,0.15,0.8,2.4254999999999995,1.19,2.1445000000000003,0.96910421053307,1.5236428571428573
8439,0.1,0.05,0.85,0.1,0.0,0.9,2.4254999999999995,1.19,2.161,0.9678141605228586,1.5236428571428573
8440,0.1,0.05,0.85,0.1,0.05,0.85,2.4254999999999995,1.19,2.149,0.9687511142671044,1.5236428571428573
8441,0.1,0.05,0.85,0.1,0.1,0.8,2.4254999999999995,1.19,2.1370000000000005,0.9696948269202352,1.5236428571428573
8457,0.1,0.05,0.85,0.15,0.0,0.85,2.4254999999999995,1.19,2.1415,0.9693401379795776,1.5236428571428573
8458,0.1,0.05,0.85,0.15,0.05,0.8,2.4254999999999995,1.19,2.1295,0.970288112156868,1.5236428571428573
8474,0.1,0.05,0.85,0.2,0.0,0.8,2.4254999999999995,1.19,2.1220000000000003,0.9708840843737392,1.5236428571428573
8610,0.1,0.1,0.8,0.0,0.0,1.0,2.407,1.19,2.2,0.9609560297718064,1.5236428571428573
8611,0.1,0.1,0.8,0.0,0.05,0.95,2.407,1.19,2.188,0.9618578033014168,1.5236428571428573
8612,0.1,0.1,0.8,0.0,0.1,0.9,2.407,1.19,2.176,0.9627660065888138,1.5236428571428573
8613,0.1,0.1,0.8,0.0,0.15,0.85,2.407,1.19,2.164,0.963680708647498,1.5236428571428573
8614,0.1,0.1,0.8,0.0,0.2,0.8,2.407,1.19,2.152,0.9646019794821872,1.5236428571428573
8630,0.1,0.1,0.8,0.05,0.0,0.95,2.407,1.19,2.1805,0.962424672509505,1.5236428571428573
8631,0.1,0.1,0.8,0.05,0.05,0.9,2.407,1.19,2.1685000000000003,0.9633369293789036,1.5236428571428573
8632,0.1,0.1,0.8,0.05,0.1,0.85,2.407,1.19,2.1565000000000003,0.9642557286552546,1.5236428571428573
8633,0.1,0.1,0.8,0.05,0.15,0.8,2.407,1.19,2.1445000000000003,0.9651811409718312,1.5236428571428573
8649,0.1,0.1,0.8,0.1,0.0,0.9,2.407,1.19,2.161,0.9639104077768272,1.5236428571428573
8650,0.1,0.1,0.8,0.1,0.05,0.85,2.407,1.19,2.149,0.9648333318616084,1.5236428571428573
8651,0.1,0.1,0.8,0.1,0.1,0.8,2.407,1.19,2.1370000000000005,0.9657629136494356,1.5236428571428573
8667,0.1,0.1,0.8,0.15,0.0,0.85,2.407,1.19,2.1415,0.9654135357127456,1.5236428571428573
8668,0.1,0.1,0.8,0.15,0.05,0.8,2.407,1.19,2.1295,0.9663473152139698,1.5236428571428573
8684,0.1,0.1,0.8,0.2,0.0,0.8,2.407,1.19,2.1220000000000003,0.96693436352472,1.5236428571428573
8820,0.1,0.15,0.75,0.0,0.0,1.0,2.3885,1.19,2.2,0.9570971874555968,1.5236428571428573
8821,0.1,0.15,0.75,0.0,0.05,0.95,2.3885,1.19,2.188,0.9579852528419875,1.5236428571428573
8822,0.1,0.15,0.75,0.0,0.1,0.9,2.3885,1.19,2.176,0.958879650245394,1.5236428571428573
8823,0.1,0.15,0.75,0.0,0.15,0.85,2.3885,1.19,2.164,0.95978044763022,1.5236428571428573
8824,0.1,0.15,0.75,0.0,0.2,0.8,2.3885,1.19,2.152,0.9606877139370192,1.5236428571428573
8840,0.1,0.15,0.75,0.05,0.0,0.95,2.3885,1.19,2.1805,0.9585435048928456,1.5236428571428573
8841,0.1,0.15,0.75,0.05,0.05,0.9,2.3885,1.19,2.1685000000000003,0.9594418942584776,1.5236428571428573
8842,0.1,0.15,0.75,0.05,0.1,0.85,2.3885,1.19,2.1565000000000003,0.9603467265778748,1.5236428571428573
8843,0.1,0.15,0.75,0.05,0.15,0.8,2.3885,1.19,2.1445000000000003,0.9612580714105924,1.5236428571428573
8859,0.1,0.15,0.75,0.1,0.0,0.9,2.3885,1.19,2.161,0.960006655030796,1.5236428571428573
8860,0.1,0.15,0.75,0.1,0.05,0.85,2.3885,1.19,2.149,0.9609155494561122,1.5236428571428573
8861,0.1,0.15,0.75,0.1,0.1,0.8,2.3885,1.19,2.1370000000000005,0.9618310003786356,1.5236428571428573
8877,0.1,0.15,0.75,0.15,0.0,0.85,2.3885,1.19,2.1415,0.9614869334459132,1.5236428571428573
8878,0.1,0.15,0.75,0.15,0.05,0.8,2.3885,1.19,2.1295,0.9624065182710716,1.5236428571428573
8894,0.1,0.15,0.75,0.2,0.0,0.8,2.3885,1.19,2.1220000000000003,0.9629846426757012,1.5236428571428573
9030,0.1,0.2,0.7,0.0,0.0,1.0,2.37,1.19,2.2,0.953238345139387,1.5236428571428573
9031,0.1,0.2,0.7,0.0,0.05,0.95,2.37,1.19,2.188,0.9541127023825589,1.5236428571428573
9032,0.1,0.2,0.7,0.0,0.1,0.9,2.37,1.19,2.176,0.954993293901974,1.5236428571428573
9033,0.1,0.2,0.7,0.0,0.15,0.85,2.37,1.19,2.164,0.9558801866129416,1.5236428571428573
9034,0.1,0.2,0.7,0.0,0.2,0.8,2.37,1.19,2.152,0.9567734483918516,1.5236428571428573
9050,0.1,0.2,0.7,0.05,0.0,0.95,2.37,1.19,2.1805,0.9546623372761858,1.5236428571428573
9051,0.1,0.2,0.7,0.05,0.05,0.9,2.37,1.19,2.1685000000000003,0.9555468591380514,1.5236428571428573
9052,0.1,0.2,0.7,0.05,0.1,0.85,2.37,1.19,2.1565000000000003,0.9564377245004952,1.5236428571428573
9053,0.1,0.2,0.7,0.05,0.15,0.8,2.37,1.19,2.1445000000000003,0.9573350018493532,1.5236428571428573
9069,0.1,0.2,0.7,0.1,0.0,0.9,2.37,1.19,2.161,0.9561029022847648,1.5236428571428573
9070,0.1,0.2,0.7,0.1,0.05,0.85,2.37,1.19,2.149,0.9569977670506165,1.5236428571428573
9071,0.1,0.2,0.7,0.1,0.1,0.8,2.37,1.19,2.1370000000000005,0.9578990871078356,1.5236428571428573
9087,0.1,0.2,0.7,0.15,0.0,0.85,2.37,1.19,2.1415,0.9575603311790812,1.5236428571428573
9088,0.1,0.2,0.7,0.15,0.05,0.8,2.37,1.19,2.1295,0.9584657213281728,1.5236428571428573
9104,0.1,0.2,0.7,0.2,0.0,0.8,2.37,1.19,2.1220000000000003,0.959034921826682,1.5236428571428573
9240,0.1,0.25,0.65,0.0,0.0,1.0,2.3515,1.19,2.2,0.9493795028231772,1.5236428571428573
9241,0.1,0.25,0.65,0.0,0.05,0.95,2.3515,1.19,2.188,0.9502401519231296,1.5236428571428573
9242,0.1,0.25,0.65,0.0,0.1,0.9,2.3515,1.19,2.176,0.9511069375585542,1.5236428571428573
9243,0.1,0.25,0.65,0.0,0.15,0.85,2.3515,1.19,2.164,0.9519799255956632,1.5236428571428573
9244,0.1,0.25,0.65,0.0,0.2,0.8,2.3515,1.19,2.152,0.9528591828466836,1.5236428571428573
9260,0.1,0.25,0.65,0.05,0.0,0.95,2.3515,1.19,2.1805,0.9507811696595264,1.5236428571428573
9261,0.1,0.25,0.65,0.05,0.05,0.9,2.3515,1.19,2.1685000000000003,0.9516518240176252,1.5236428571428573
9262,0.1,0.25,0.65,0.05,0.1,0.85,2.3515,1.19,2.1565000000000003,0.9525287224231154,1.5236428571428573
9263,0.1,0.25,0.65,0.05,0.15,0.8,2.3515,1.19,2.1445000000000003,0.9534119322881144,1.5236428571428573
9279,0.1,0.25,0.65,0.1,0.0,0.9,2.3515,1.19,2.161,0.9521991495387332,1.5236428571428573
9280,0.1,0.25,0.65,0.1,0.05,0.85,2.3515,1.19,2.149,0.9530799846451204,1.5236428571428573
9281,0.1,0.25,0.65,0.1,0.1,0.8,2.3515,1.19,2.1370000000000005,0.9539671738370358,1.5236428571428573
9297,0.1,0.25,0.65,0.15,0.0,0.85,2.3515,1.19,2.1415,0.9536337289122492,1.5236428571428573
9298,0.1,0.25,0.65,0.15,0.05,0.8,2.3515,1.19,2.1295,0.9545249243852746,1.5236428571428573
9314,0.1,0.25,0.65,0.2,0.0,0.8,2.3515,1.19,2.1220000000000003,0.9550852009776628,1.5236428571428573
9450,0.1,0.3,0.6,0.0,0.0,1.0,2.333,1.19,2.2,0.9455206605069671,1.5236428571428573
9451,0.1,0.3,0.6,0.0,0.05,0.95,2.333,1.19,2.188,0.9463676014637006,1.5236428571428573
9452,0.1,0.3,0.6,0.0,0.1,0.9,2.333,1.19,2.176,0.9472205812151344,1.5236428571428573
9453,0.1,0.3,0.6,0.0,0.15,0.85,2.333,1.19,2.164,0.9480796645783852,1.5236428571428573
9454,0.1,0.3,0.6,0.0,0.2,0.8,2.333,1.19,2.152,0.9489449173015156,1.5236428571428573
9470,0.1,0.3,0.6,0.05,0.0,0.95,2.333,1.19,2.1805,0.9469000020428668,1.5236428571428573
9471,0.1,0.3,0.6,0.05,0.05,0.9,2.333,1.19,2.1685000000000003,0.9477567888971992,1.5236428571428573
9472,0.1,0.3,0.6,0.05,0.1,0.85,2.333,1.19,2.1565000000000003,0.9486197203457356,1.5236428571428573
9473,0.1,0.3,0.6,0.05,0.15,0.8,2.333,1.19,2.1445000000000003,0.9494888627268754,1.5236428571428573
9489,0.1,0.3,0.6,0.1,0.0,0.9,2.333,1.19,2.161,0.948295396792702,1.5236428571428573
9490,0.1,0.3,0.6,0.1,0.05,0.85,2.333,1.19,2.149,0.9491622022396244,1.5236428571428573
9491,0.1,0.3,0.6,0.1,0.1,0.8,2.333,1.19,2.1370000000000005,0.950035260566236,1.5236428571428573
9507,0.1,0.3,0.6,0.15,0.0,0.85,2.333,1.19,2.1415,0.949707126645417,1.5236428571428573
9508,0.1,0.3,0.6,0.15,0.05,0.8,2.333,1.19,2.1295,0.9505841274423764,1.5236428571428573
9524,0.1,0.3,0.6,0.2,0.0,0.8,2.333,1.19,2.1220000000000003,0.951135480128644,1.5236428571428573
9660,0.1,0.35,0.55,0.0,0.0,1.0,2.3145,1.19,2.2,0.9416618181907576,1.5236428571428573
9661,0.1,0.35,0.55,0.0,0.05,0.95,2.3145,1.19,2.188,0.9424950510042716,1.5236428571428573
9662,0.1,0.35,0.55,0.0,0.1,0.9,2.3145,1.19,2.176,0.9433342248717146,1.5236428571428573
9663,0.1,0.35,0.55,0.0,0.15,0.85,2.3145,1.19,2.164,0.944179403561107,1.5236428571428573
9664,0.1,0.35,0.55,0.0,0.2,0.8,2.3145,1.19,2.152,0.9450306517563476,1.5236428571428573
9680,0.1,0.35,0.55,0.05,0.0,0.95,2.3145,1.19,2.1805,0.9430188344262068,1.5236428571428573
9681,0.1,0.35,0.55,0.05,0.05,0.9,2.3145,1.19,2.1685000000000003,0.9438617537767732,1.5236428571428573
9682,0.1,0.35,0.55,0.05,0.1,0.85,2.3145,1.19,2.1565000000000003,0.944710718268356,1.5236428571428573
9683,0.1,0.35,0.55,0.05,0.15,0.8,2.3145,1.19,2.1445000000000003,0.9455657931656364,1.5236428571428573
9699,0.1,0.35,0.55,0.1,0.0,0.9,2.3145,1.19,2.161,0.9443916440466708,1.5236428571428573
9700,0.1,0.35,0.55,0.1,0.05,0.85,2.3145,1.19,2.149,0.9452444198341284,1.5236428571428573
9701,0.1,0.35,0.55,0.1,0.1,0.8,2.3145,1.19,2.1370000000000005,0.946103347295436,1.5236428571428573
9717,0.1,0.35,0.55,0.15,0.0,0.85,2.3145,1.19,2.1415,0.9457805243785848,1.5236428571428573
9718,0.1,0.35,0.55,0.15,0.05,0.8,2.3145,1.19,2.1295,0.946643330499478,1.5236428571428573
9734,0.1,0.35,0.55,0.2,0.0,0.8,2.3145,1.19,2.1220000000000003,0.947185759279625,1.5236428571428573
9870,0.1,0.4,0.5,0.0,0.0,1.0,2.2960000000000003,1.19,2.2,0.937802975874548,1.5236428571428573
9871,0.1,0.4,0.5,0.0,0.05,0.95,2.2960000000000003,1.19,2.188,0.938622500544843,1.5236428571428573
9872,0.1,0.4,0.5,0.0,0.1,0.9,2.2960000000000003,1.19,2.176,0.9394478685282948,1.5236428571428573
9873,0.1,0.4,0.5,0.0,0.15,0.85,2.2960000000000003,1.19,2.164,0.9402791425438288,1.5236428571428573
9874,0.1,0.4,0.5,0.0,0.2,0.8,2.2960000000000003,1.19,2.152,0.94111638621118,1.5236428571428573
9890,0.1,0.4,0.5,0.05,0.0,0.95,2.2960000000000003,1.19,2.1805,0.9391376668095476,1.5236428571428573
9891,0.1,0.4,0.5,0.05,0.05,0.9,2.2960000000000003,1.19,2.1685000000000003,0.9399667186563472,1.5236428571428573
9892,0.1,0.4,0.5,0.05,0.1,0.85,2.2960000000000003,1.19,2.1565000000000003,0.9408017161909764,1.5236428571428573
9893,0.1,0.4,0.5,0.05,0.15,0.8,2.2960000000000003,1.19,2.1445000000000003,0.9416427236043976,1.5236428571428573
9909,0.1,0.4,0.5,0.1,0.0,0.9,2.2960000000000003,1.19,2.161,0.9404878913006396,1.5236428571428573
9910,0.1,0.4,0.5,0.1,0.05,0.85,2.2960000000000003,1.19,2.149,0.9413266374286324,1.5236428571428573
9911,0.1,0.4,0.5,0.1,0.1,0.8,2.2960000000000003,1.19,2.1370000000000005,0.9421714340246364,1.5236428571428573
9927,0.1,0.4,0.5,0.15,0.0,0.85,2.2960000000000003,1.19,2.1415,0.9418539221117528,1.5236428571428573
9928,0.1,0.4,0.5,0.15,0.05,0.8,2.2960000000000003,1.19,2.1295,0.9427025335565796,1.5236428571428573
9944,0.1,0.4,0.5,0.2,0.0,0.8,2.2960000000000003,1.19,2.1220000000000003,0.943236038430606,1.5236428571428573
10080,0.1,0.45,0.45,0.0,0.0,1.0,2.2775,1.19,2.2,0.933944133558338,1.5236428571428573
10081,0.1,0.45,0.45,0.0,0.05,0.95,2.2775,1.19,2.188,0.9347499500854136,1.5236428571428573
10082,0.1,0.45,0.45,0.0,0.1,0.9,2.2775,1.19,2.176,0.935561512184875,1.5236428571428573
10083,0.1,0.45,0.45,0.0,0.15,0.85,2.2775,1.19,2.164,0.9363788815265504,1.5236428571428573
10084,0.1,0.45,0.45,0.0,0.2,0.8,2.2775,1.19,2.152,0.937202120666012,1.5236428571428573
10100,0.1,0.45,0.45,0.05,0.0,0.95,2.2775,1.19,2.1805,0.935256499192888,1.5236428571428573
10101,0.1,0.45,0.45,0.05,0.05,0.9,2.2775,1.19,2.1685000000000003,0.9360716835359206,1.5236428571428573
10102,0.1,0.45,0.45,0.05,0.1,0.85,2.2775,1.19,2.1565000000000003,0.9368927141135968,1.5236428571428573
10103,0.1,0.45,0.45,0.05,0.15,0.8,2.2775,1.19,2.1445000000000003,0.9377196540431588,1.5236428571428573
10119,0.1,0.45,0.45,0.1,0.0,0.9,2.2775,1.19,2.161,0.9365841385546078,1.5236428571428573
10120,0.1,0.45,0.45,0.1,0.05,0.85,2.2775,1.19,2.149,0.9374088550231364,1.5236428571428573
10121,0.1,0.45,0.45,0.1,0.1,0.8,2.2775,1.19,2.1370000000000005,0.9382395207538364,1.5236428571428573
10137,0.1,0.45,0.45,0.15,0.0,0.85,2.2775,1.19,2.1415,0.9379273198449208,1.5236428571428573
10138,0.1,0.45,0.45,0.15,0.05,0.8,2.2775,1.19,2.1295,0.9387617366136812,1.5236428571428573
10154,0.1,0.45,0.45,0.2,0.0,0.8,2.2775,1.19,2.1220000000000003,0.9392863175815866,1.5236428571428573
10290,0.1,0.5,0.4,0.0,0.0,1.0,2.2590000000000003,1.19,2.2,0.9300852912421284,1.5236428571428573
10291,0.1,0.5,0.4,0.0,0.05,0.95,2.2590000000000003,1.19,2.188,0.9308773996259848,1.5236428571428573
10292,0.1,0.5,0.4,0.0,0.1,0.9,2.2590000000000003,1.19,2.176,0.9316751558414552,1.5236428571428573
10293,0.1,0.5,0.4,0.0,0.15,0.85,2.2590000000000003,1.19,2.164,0.9324786205092724,1.5236428571428573
10294,0.1,0.5,0.4,0.0,0.2,0.8,2.2590000000000003,1.19,2.152,0.933287855120844,1.5236428571428573
10310,0.1,0.5,0.4,0.05,0.0,0.95,2.2590000000000003,1.19,2.1805,0.9313753315762284,1.5236428571428573
10311,0.1,0.5,0.4,0.05,0.05,0.9,2.2590000000000003,1.19,2.1685000000000003,0.9321766484154946,1.5236428571428573
10312,0.1,0.5,0.4,0.05,0.1,0.85,2.2590000000000003,1.19,2.1565000000000003,0.9329837120362172,1.5236428571428573
10313,0.1,0.5,0.4,0.05,0.15,0.8,2.2590000000000003,1.19,2.1445000000000003,0.93379658448192,1.5236428571428573
10329,0.1,0.5,0.4,0.1,0.0,0.9,2.2590000000000003,1.19,2.161,0.9326803858085764,1.5236428571428573
10330,0.1,0.5,0.4,0.1,0.05,0.85,2.2590000000000003,1.19,2.149,0.9334910726176404,1.5236428571428573
10331,0.1,0.5,0.4,0.1,0.1,0.8,2.2590000000000003,1.19,2.1370000000000005,0.9343076074830368,1.5236428571428573
10347,0.1,0.5,0.4,0.15,0.0,0.85,2.2590000000000003,1.19,2.1415,0.9340007175780888,1.5236428571428573
10348,0.1,0.5,0.4,0.15,0.05,0.8,2.2590000000000003,1.19,2.1295,0.934820939670783,1.5236428571428573
10364,0.1,0.5,0.4,0.2,0.0,0.8,2.2590000000000003,1.19,2.1220000000000003,0.9353365967325676,1.5236428571428573
10500,0.1,0.55,0.35,0.0,0.0,1.0,2.2405,1.19,2.2,0.9262264489259184,1.5236428571428573
10501,0.1,0.55,0.35,0.0,0.05,0.95,2.2405,1.19,2.188,0.9270048491665558,1.5236428571428573
10502,0.1,0.55,0.35,0.0,0.1,0.9,2.2405,1.19,2.176,0.9277887994980352,1.5236428571428573
10503,0.1,0.55,0.35,0.0,0.15,0.85,2.2405,1.19,2.164,0.9285783594919944,1.5236428571428573
10504,0.1,0.55,0.35,0.0,0.2,0.8,2.2405,1.19,2.152,0.9293735895756762,1.5236428571428573
10520,0.1,0.55,0.35,0.05,0.0,0.95,2.2405,1.19,2.1805,0.9274941639595689,1.5236428571428573
10521,0.1,0.55,0.35,0.05,0.05,0.9,2.2405,1.19,2.1685000000000003,0.9282816132950686,1.5236428571428573
10522,0.1,0.55,0.35,0.05,0.1,0.85,2.2405,1.19,2.1565000000000003,0.9290747099588372,1.5236428571428573
10523,0.1,0.55,0.35,0.05,0.15,0.8,2.2405,1.19,2.1445000000000003,0.9298735149206808,1.5236428571428573
10539,0.1,0.55,0.35,0.1,0.0,0.9,2.2405,1.19,2.161,0.9287766330625452,1.5236428571428573
10540,0.1,0.55,0.35,0.1,0.05,0.85,2.2405,1.19,2.149,0.9295732902121444,1.5236428571428573
10541,0.1,0.55,0.35,0.1,0.1,0.8,2.2405,1.19,2.1370000000000005,0.9303756942122366,1.5236428571428573
10557,0.1,0.55,0.35,0.15,0.0,0.85,2.2405,1.19,2.1415,0.9300741153112564,1.5236428571428573
10558,0.1,0.55,0.35,0.15,0.05,0.8,2.2405,1.19,2.1295,0.9308801427278844,1.5236428571428573
10574,0.1,0.55,0.35,0.2,0.0,0.8,2.2405,1.19,2.1220000000000003,0.9313868758835488,1.5236428571428573
10710,0.1,0.6,0.3,0.0,0.0,1.0,2.222,1.19,2.2,0.922367606609709,1.5236428571428573
10711,0.1,0.6,0.3,0.0,0.05,0.95,2.222,1.19,2.188,0.923132298707127,1.5236428571428573
10712,0.1,0.6,0.3,0.0,0.1,0.9,2.222,1.19,2.176,0.9239024431546154,1.5236428571428573
10713,0.1,0.6,0.3,0.0,0.15,0.85,2.222,1.19,2.164,0.924678098474716,1.5236428571428573
10714,0.1,0.6,0.3,0.0,0.2,0.8,2.222,1.19,2.152,0.9254593240305083,1.5236428571428573
10730,0.1,0.6,0.3,0.05,0.0,0.95,2.222,1.19,2.1805,0.9236129963429092,1.5236428571428573
10731,0.1,0.6,0.3,0.05,0.05,0.9,2.222,1.19,2.1685000000000003,0.9243865781746424,1.5236428571428573
10732,0.1,0.6,0.3,0.05,0.1,0.85,2.222,1.19,2.1565000000000003,0.9251657078814576,1.5236428571428573
10733,0.1,0.6,0.3,0.05,0.15,0.8,2.222,1.19,2.1445000000000003,0.925950445359442,1.5236428571428573
10749,0.1,0.6,0.3,0.1,0.0,0.9,2.222,1.19,2.161,0.9248728803165138,1.5236428571428573
10750,0.1,0.6,0.3,0.1,0.05,0.85,2.222,1.19,2.149,0.9256555078066484,1.5236428571428573
10751,0.1,0.6,0.3,0.1,0.1,0.8,2.222,1.19,2.1370000000000005,0.9264437809414368,1.5236428571428573
10767,0.1,0.6,0.3,0.15,0.0,0.85,2.222,1.19,2.1415,0.9261475130444244,1.5236428571428573
10768,0.1,0.6,0.3,0.15,0.05,0.8,2.222,1.19,2.1295,0.926939345784986,1.5236428571428573
10784,0.1,0.6,0.3,0.2,0.0,0.8,2.222,1.19,2.1220000000000003,0.9274371550345296,1.5236428571428573
10920,0.1,0.65,0.25,0.0,0.0,1.0,2.2035,1.19,2.2,0.9185087642934991,1.5236428571428573
10921,0.1,0.65,0.25,0.0,0.05,0.95,2.2035,1.19,2.188,0.9192597482476978,1.5236428571428573
10922,0.1,0.65,0.25,0.0,0.1,0.9,2.2035,1.19,2.176,0.9200160868111956,1.5236428571428573
10923,0.1,0.65,0.25,0.0,0.15,0.85,2.2035,1.19,2.164,0.9207778374574376,1.5236428571428573
10924,0.1,0.65,0.25,0.0,0.2,0.8,2.2035,1.19,2.152,0.9215450584853404,1.5236428571428573
10940,0.1,0.65,0.25,0.05,0.0,0.95,2.2035,1.19,2.1805,0.9197318287262496,1.5236428571428573
10941,0.1,0.65,0.25,0.05,0.05,0.9,2.2035,1.19,2.1685000000000003,0.9204915430542164,1.5236428571428573
10942,0.1,0.65,0.25,0.05,0.1,0.85,2.2035,1.19,2.1565000000000003,0.921256705804078,1.5236428571428573
10943,0.1,0.65,0.25,0.05,0.15,0.8,2.2035,1.19,2.1445000000000003,0.9220273757982032,1.5236428571428573
10959,0.1,0.65,0.25,0.1,0.0,0.9,2.2035,1.19,2.161,0.9209691275704822,1.5236428571428573
10960,0.1,0.65,0.25,0.1,0.05,0.85,2.2035,1.19,2.149,0.9217377254011524,1.5236428571428573
10961,0.1,0.65,0.25,0.1,0.1,0.8,2.2035,1.19,2.1370000000000005,0.922511867670637,1.5236428571428573
10977,0.1,0.65,0.25,0.15,0.0,0.85,2.2035,1.19,2.1415,0.9222209107775924,1.5236428571428573
10978,0.1,0.65,0.25,0.15,0.05,0.8,2.2035,1.19,2.1295,0.9229985488420878,1.5236428571428573
10994,0.1,0.65,0.25,0.2,0.0,0.8,2.2035,1.19,2.1220000000000003,0.9234874341855104,1.5236428571428573
11130,0.1,0.7,0.2,0.0,0.0,1.0,2.185,1.19,2.2,0.9146499219772892,1.5236428571428573
11131,0.1,0.7,0.2,0.0,0.05,0.95,2.185,1.19,2.188,0.9153871977882688,1.5236428571428573
11132,0.1,0.7,0.2,0.0,0.1,0.9,2.185,1.19,2.176,0.916129730467776,1.5236428571428573
11133,0.1,0.7,0.2,0.0,0.15,0.85,2.185,1.19,2.164,0.9168775764401595,1.5236428571428573
11134,0.1,0.7,0.2,0.0,0.2,0.8,2.185,1.19,2.152,0.9176307929401724,1.5236428571428573
11150,0.1,0.7,0.2,0.05,0.0,0.95,2.185,1.19,2.1805,0.91585066110959,1.5236428571428573
11151,0.1,0.7,0.2,0.05,0.05,0.9,2.185,1.19,2.1685000000000003,0.9165965079337902,1.5236428571428573
11152,0.1,0.7,0.2,0.05,0.1,0.85,2.185,1.19,2.1565000000000003,0.9173477037266984,1.5236428571428573
11153,0.1,0.7,0.2,0.05,0.15,0.8,2.185,1.19,2.1445000000000003,0.9181043062369644,1.5236428571428573
11169,0.1,0.7,0.2,0.1,0.0,0.9,2.185,1.19,2.161,0.917065374824451,1.5236428571428573
11170,0.1,0.7,0.2,0.1,0.05,0.85,2.185,1.19,2.149,0.9178199429956564,1.5236428571428573
11171,0.1,0.7,0.2,0.1,0.1,0.8,2.185,1.19,2.1370000000000005,0.9185799543998372,1.5236428571428573
11187,0.1,0.7,0.2,0.15,0.0,0.85,2.185,1.19,2.1415,0.9182943085107604,1.5236428571428573
11188,0.1,0.7,0.2,0.15,0.05,0.8,2.185,1.19,2.1295,0.9190577518991896,1.5236428571428573
11204,0.1,0.7,0.2,0.2,0.0,0.8,2.185,1.19,2.1220000000000003,0.9195377133364916,1.5236428571428573
11340,0.1,0.75,0.15,0.0,0.0,1.0,2.1665,1.19,2.2,0.9107910796610796,1.5236428571428573
11341,0.1,0.75,0.15,0.0,0.05,0.95,2.1665,1.19,2.188,0.9115146473288398,1.5236428571428573
11342,0.1,0.75,0.15,0.0,0.1,0.9,2.1665,1.19,2.176,0.912243374124356,1.5236428571428573
11343,0.1,0.75,0.15,0.0,0.15,0.85,2.1665,1.19,2.164,0.9129773154228814,1.5236428571428573
11344,0.1,0.75,0.15,0.0,0.2,0.8,2.1665,1.19,2.152,0.9137165273950044,1.5236428571428573
11360,0.1,0.75,0.15,0.05,0.0,0.95,2.1665,1.19,2.1805,0.9119694934929304,1.5236428571428573
11361,0.1,0.75,0.15,0.05,0.05,0.9,2.1665,1.19,2.1685000000000003,0.9127014728133642,1.5236428571428573
11362,0.1,0.75,0.15,0.05,0.1,0.85,2.1665,1.19,2.1565000000000003,0.9134387016493186,1.5236428571428573
11363,0.1,0.75,0.15,0.05,0.15,0.8,2.1665,1.19,2.1445000000000003,0.9141812366757252,1.5236428571428573
11379,0.1,0.75,0.15,0.1,0.0,0.9,2.1665,1.19,2.161,0.9131616220784198,1.5236428571428573
11380,0.1,0.75,0.15,0.1,0.05,0.85,2.1665,1.19,2.149,0.9139021605901604,1.5236428571428573
11381,0.1,0.75,0.15,0.1,0.1,0.8,2.1665,1.19,2.1370000000000005,0.9146480411290372,1.5236428571428573
11397,0.1,0.75,0.15,0.15,0.0,0.85,2.1665,1.19,2.1415,0.914367706243928,1.5236428571428573
11398,0.1,0.75,0.15,0.15,0.05,0.8,2.1665,1.19,2.1295,0.9151169549562912,1.5236428571428573
11414,0.1,0.75,0.15,0.2,0.0,0.8,2.1665,1.19,2.1220000000000003,0.9155879924874726,1.5236428571428573
11550,0.1,0.8,0.1,0.0,0.0,1.0,2.148,1.19,2.2,0.90693223734487,1.5236428571428573
11551,0.1,0.8,0.1,0.0,0.05,0.95,2.148,1.19,2.188,0.907642096869411,1.5236428571428573
11552,0.1,0.8,0.1,0.0,0.1,0.9,2.148,1.19,2.176,0.908357017780936,1.5236428571428573
11553,0.1,0.8,0.1,0.0,0.15,0.85,2.148,1.19,2.164,0.9090770544056032,1.5236428571428573
11554,0.1,0.8,0.1,0.0,0.2,0.8,2.148,1.19,2.152,0.9098022618498368,1.5236428571428573
11570,0.1,0.8,0.1,0.05,0.0,0.95,2.148,1.19,2.1805,0.9080883258762708,1.5236428571428573
11571,0.1,0.8,0.1,0.05,0.05,0.9,2.148,1.19,2.1685000000000003,0.908806437692938,1.5236428571428573
11572,0.1,0.8,0.1,0.05,0.1,0.85,2.148,1.19,2.1565000000000003,0.9095296995719392,1.5236428571428573
11573,0.1,0.8,0.1,0.05,0.15,0.8,2.148,1.19,2.1445000000000003,0.9102581671144864,1.5236428571428573
11589,0.1,0.8,0.1,0.1,0.0,0.9,2.148,1.19,2.161,0.9092578693323884,1.5236428571428573
11590,0.1,0.8,0.1,0.1,0.05,0.85,2.148,1.19,2.149,0.9099843781846646,1.5236428571428573
11591,0.1,0.8,0.1,0.1,0.1,0.8,2.148,1.19,2.1370000000000005,0.9107161278582374,1.5236428571428573
11607,0.1,0.8,0.1,0.15,0.0,0.85,2.148,1.19,2.1415,0.910441103977096,1.5236428571428573
11608,0.1,0.8,0.1,0.15,0.05,0.8,2.148,1.19,2.1295,0.9111761580133924,1.5236428571428573
11624,0.1,0.8,0.1,0.2,0.0,0.8,2.148,1.19,2.1220000000000003,0.9116382716384532,1.5236428571428573
11760,0.1,0.85,0.05,0.0,0.0,1.0,2.1295,1.19,2.2,0.90307339502866,1.6106666666666667
11761,0.1,0.85,0.05,0.0,0.05,0.95,2.1295,1.19,2.188,0.903769546409982,1.6106666666666667
11762,0.1,0.85,0.05,0.0,0.1,0.9,2.1295,1.19,2.176,0.9044706614375164,1.6106666666666667
11763,0.1,0.85,0.05,0.0,0.15,0.85,2.1295,1.19,2.164,0.9051767933883248,1.6106666666666667
11764,0.1,0.85,0.05,0.0,0.2,0.8,2.1295,1.19,2.152,0.9058879963046688,1.6106666666666667
11780,0.1,0.85,0.05,0.05,0.0,0.95,2.1295,1.19,2.1805,0.9042071582596112,1.6106666666666667
11781,0.1,0.85,0.05,0.05,0.05,0.9,2.1295,1.19,2.1685000000000003,0.9049114025725118,1.6106666666666667
11782,0.1,0.85,0.05,0.05,0.1,0.85,2.1295,1.19,2.1565000000000003,0.9056206974945592,1.6106666666666667
11783,0.1,0.85,0.05,0.05,0.15,0.8,2.1295,1.19,2.1445000000000003,0.9063350975532476,1.6106666666666667
11799,0.1,0.85,0.05,0.1,0.0,0.9,2.1295,1.19,2.161,0.9053541165863568,1.6106666666666667
11800,0.1,0.85,0.05,0.1,0.05,0.85,2.1295,1.19,2.149,0.9060665957791684,1.6106666666666667
11801,0.1,0.85,0.05,0.1,0.1,0.8,2.1295,1.19,2.1370000000000005,0.9067842145874376,1.6106666666666667
11817,0.1,0.85,0.05,0.15,0.0,0.85,2.1295,1.19,2.1415,0.906514501710264,1.6106666666666667
11818,0.1,0.85,0.05,0.15,0.05,0.8,2.1295,1.19,2.1295,0.9072353610704944,1.6106666666666667
11834,0.1,0.85,0.05,0.2,0.0,0.8,2.1295,1.19,2.1220000000000003,0.9076885507894342,1.6106666666666667
11970,0.15,0.0,0.85,0.0,0.0,1.0,2.401,1.19,2.2,0.9597045133449276,1.5236428571428573
11971,0.15,0.0,0.85,0.0,0.05,0.95,2.401,1.19,2.188,0.9606018409902504,1.5236428571428573
11972,0.15,0.0,0.85,0.0,0.1,0.9,2.401,1.19,2.176,0.9615055666936506,1.5236428571428573
11973,0.15,0.0,0.85,0.0,0.15,0.85,2.401,1.19,2.164,0.9624157591283808,1.5236428571428573
11974,0.15,0.0,0.85,0.0,0.2,0.8,2.401,1.19,2.152,0.9633324879540248,1.5236428571428573
11990,0.15,0.0,0.85,0.05,0.0,0.95,2.401,1.19,2.1805,0.9611659154446424,1.5236428571428573
11991,0.15,0.0,0.85,0.05,0.05,0.9,2.401,1.19,2.1685000000000003,0.9620736747452516,1.5236428571428573
11992,0.15,0.0,0.85,0.05,0.1,0.85,2.401,1.19,2.1565000000000003,0.962987944197726,1.5236428571428573
11993,0.15,0.0,0.85,0.05,0.15,0.8,2.401,1.19,2.1445000000000003,0.963908794087105,1.5236428571428573
12009,0.15,0.0,0.85,0.1,0.0,0.9,2.401,1.19,2.161,0.9626443258051416,1.5236428571428573
12010,0.15,0.0,0.85,0.1,0.05,0.85,2.401,1.19,2.149,0.9635626997300962,1.5236428571428573
12011,0.15,0.0,0.85,0.1,0.1,0.8,2.401,1.19,2.1370000000000005,0.9644876985345814,1.5236428571428573
12027,0.15,0.0,0.85,0.15,0.0,0.85,2.401,1.19,2.1415,0.9641400430856648,1.5236428571428573
12028,0.15,0.0,0.85,0.15,0.05,0.8,2.401,1.19,2.1295,0.9650692189081648,1.5236428571428573
12044,0.15,0.0,0.85,0.2,0.0,0.8,2.401,1.19,2.1220000000000003,0.9656533729790924,1.5236428571428573
12180,0.15,0.05,0.8,0.0,0.0,1.0,2.3825000000000003,1.19,2.2,0.955845671028718,1.5236428571428573
12181,0.15,0.05,0.8,0.0,0.05,0.95,2.3825000000000003,1.19,2.188,0.9567292905308216,1.5236428571428573
12182,0.15,0.05,0.8,0.0,0.1,0.9,2.3825000000000003,1.19,2.176,0.9576192103502308,1.5236428571428573
12183,0.15,0.05,0.8,0.0,0.15,0.85,2.3825000000000003,1.19,2.164,0.9585154981111026,1.5236428571428573
12184,0.15,0.05,0.8,0.0,0.2,0.8,2.3825000000000003,1.19,2.152,0.9594182224088568,1.5236428571428573
12200,0.15,0.05,0.8,0.05,0.0,0.95,2.3825000000000003,1.19,2.1805,0.9572847478279832,1.5236428571428573
12201,0.15,0.05,0.8,0.05,0.05,0.9,2.3825000000000003,1.19,2.1685000000000003,0.9581786396248256,1.5236428571428573
12202,0.15,0.05,0.8,0.05,0.1,0.85,2.3825000000000003,1.19,2.1565000000000003,0.9590789421203464,1.5236428571428573
12203,0.15,0.05,0.8,0.05,0.15,0.8,2.3825000000000003,1.19,2.1445000000000003,0.9599857245258662,1.5236428571428573
12219,0.15,0.05,0.8,0.1,0.0,0.9,2.3825000000000003,1.19,2.161,0.9587405730591102,1.5236428571428573
12220,0.15,0.05,0.8,0.1,0.05,0.85,2.3825000000000003,1.19,2.149,0.9596449173246002,1.5236428571428573
12221,0.15,0.05,0.8,0.1,0.1,0.8,2.3825000000000003,1.19,2.1370000000000005,0.9605557852637816,1.5236428571428573
12237,0.15,0.05,0.8,0.15,0.0,0.85,2.3825000000000003,1.19,2.1415,0.9602134408188328,1.5236428571428573
12238,0.15,0.05,0.8,0.15,0.05,0.8,2.3825000000000003,1.19,2.1295,0.9611284219652666,1.5236428571428573
12254,0.15,0.05,0.8,0.2,0.0,0.8,2.3825000000000003,1.19,2.1220000000000003,0.9617036521300732,1.5236428571428573
12390,0.15,0.1,0.75,0.0,0.0,1.0,2.364,1.19,2.2,0.9519868287125082,1.5236428571428573
12391,0.15,0.1,0.75,0.0,0.05,0.95,2.364,1.19,2.188,0.9528567400713924,1.5236428571428573
12392,0.15,0.1,0.75,0.0,0.1,0.9,2.364,1.19,2.176,0.9537328540068108,1.5236428571428573
12393,0.15,0.1,0.75,0.0,0.15,0.85,2.364,1.19,2.164,0.9546152370938245,1.5236428571428573
12394,0.15,0.1,0.75,0.0,0.2,0.8,2.364,1.19,2.152,0.9555039568636888,1.5236428571428573
12410,0.15,0.1,0.75,0.05,0.0,0.95,2.364,1.19,2.1805,0.9534035802113232,1.5236428571428573
12411,0.15,0.1,0.75,0.05,0.05,0.9,2.364,1.19,2.1685000000000003,0.9542836045044,1.5236428571428573
12412,0.15,0.1,0.75,0.05,0.1,0.85,2.364,1.19,2.1565000000000003,0.9551699400429666,1.5236428571428573
12413,0.15,0.1,0.75,0.05,0.15,0.8,2.364,1.19,2.1445000000000003,0.956062654964627,1.5236428571428573
12429,0.15,0.1,0.75,0.1,0.0,0.9,2.364,1.19,2.161,0.9548368203130788,1.5236428571428573
12430,0.15,0.1,0.75,0.1,0.05,0.85,2.364,1.19,2.149,0.955727134919104,1.5236428571428573
12431,0.15,0.1,0.75,0.1,0.1,0.8,2.364,1.19,2.1370000000000005,0.9566238719929816,1.5236428571428573
12447,0.15,0.1,0.75,0.15,0.0,0.85,2.364,1.19,2.1415,0.9562868385520004,1.5236428571428573
12448,0.15,0.1,0.75,0.15,0.05,0.8,2.364,1.19,2.1295,0.957187625022368,1.5236428571428573
12464,0.15,0.1,0.75,0.2,0.0,0.8,2.364,1.19,2.1220000000000003,0.9577539312810543,1.5236428571428573
12600,0.15,0.15,0.7,0.0,0.0,1.0,2.3454999999999995,1.19,2.2,0.9481279863962984,1.5236428571428573
12601,0.15,0.15,0.7,0.0,0.05,0.95,2.3454999999999995,1.19,2.188,0.9489841896119636,1.5236428571428573
12602,0.15,0.15,0.7,0.0,0.1,0.9,2.3454999999999995,1.19,2.176,0.949846497663391,1.5236428571428573
12603,0.15,0.15,0.7,0.0,0.15,0.85,2.3454999999999995,1.19,2.164,0.950714976076546,1.5236428571428573
12604,0.15,0.15,0.7,0.0,0.2,0.8,2.3454999999999995,1.19,2.152,0.9515896913185208,1.5236428571428573
12620,0.15,0.15,0.7,0.05,0.0,0.95,2.3454999999999995,1.19,2.1805,0.9495224125946636,1.5236428571428573
12621,0.15,0.15,0.7,0.05,0.05,0.9,2.3454999999999995,1.19,2.1685000000000003,0.9503885693839734,1.5236428571428573
12622,0.15,0.15,0.7,0.05,0.1,0.85,2.3454999999999995,1.19,2.1565000000000003,0.9512609379655868,1.5236428571428573
12623,0.15,0.15,0.7,0.05,0.15,0.8,2.3454999999999995,1.19,2.1445000000000003,0.9521395854033884,1.5236428571428573
12639,0.15,0.15,0.7,0.1,0.0,0.9,2.3454999999999995,1.19,2.161,0.9509330675670474,1.5236428571428573
12640,0.15,0.15,0.7,0.1,0.05,0.85,2.3454999999999995,1.19,2.149,0.951809352513608,1.5236428571428573
12641,0.15,0.15,0.7,0.1,0.1,0.8,2.3454999999999995,1.19,2.1370000000000005,0.9526919587221816,1.5236428571428573
12657,0.15,0.15,0.7,0.15,0.0,0.85,2.3454999999999995,1.19,2.1415,0.9523602362851684,1.5236428571428573
12658,0.15,0.15,0.7,0.15,0.05,0.8,2.3454999999999995,1.19,2.1295,0.9532468280794696,1.5236428571428573
12674,0.15,0.15,0.7,0.2,0.0,0.8,2.3454999999999995,1.19,2.1220000000000003,0.9538042104320352,1.5236428571428573
12810,0.15,0.2,0.65,0.0,0.0,1.0,2.327,1.19,2.2,0.9442691440800888,1.5236428571428573
12811,0.15,0.2,0.65,0.0,0.05,0.95,2.327,1.19,2.188,0.9451116391525346,1.5236428571428573
12812,0.15,0.2,0.65,0.0,0.1,0.9,2.327,1.19,2.176,0.9459601413199712,1.5236428571428573
12813,0.15,0.2,0.65,0.0,0.15,0.85,2.327,1.19,2.164,0.9468147150592678,1.5236428571428573
12814,0.15,0.2,0.65,0.0,0.2,0.8,2.327,1.19,2.152,0.9476754257733532,1.5236428571428573
12830,0.15,0.2,0.65,0.05,0.0,0.95,2.327,1.19,2.1805,0.9456412449780042,1.5236428571428573
12831,0.15,0.2,0.65,0.05,0.05,0.9,2.327,1.19,2.1685000000000003,0.9464935342635474,1.5236428571428573
12832,0.15,0.2,0.65,0.05,0.1,0.85,2.327,1.19,2.1565000000000003,0.9473519358882072,1.5236428571428573
12833,0.15,0.2,0.65,0.05,0.15,0.8,2.327,1.19,2.1445000000000003,0.9482165158421496,1.5236428571428573
12849,0.15,0.2,0.65,0.1,0.0,0.9,2.327,1.19,2.161,0.947029314821016,1.5236428571428573
12850,0.15,0.2,0.65,0.1,0.05,0.85,2.327,1.19,2.149,0.9478915701081122,1.5236428571428573
12851,0.15,0.2,0.65,0.1,0.1,0.8,2.327,1.19,2.1370000000000005,0.948760045451382,1.5236428571428573
12867,0.15,0.2,0.65,0.15,0.0,0.85,2.327,1.19,2.1415,0.9484336340183364,1.5236428571428573
12868,0.15,0.2,0.65,0.15,0.05,0.8,2.327,1.19,2.1295,0.9493060311365714,1.5236428571428573
12884,0.15,0.2,0.65,0.2,0.0,0.8,2.327,1.19,2.1220000000000003,0.949854489583016,1.5236428571428573
13020,0.15,0.25,0.6,0.0,0.0,1.0,2.3085,1.19,2.2,0.9404103017638789,1.5236428571428573
13021,0.15,0.25,0.6,0.0,0.05,0.95,2.3085,1.19,2.188,0.9412390886931056,1.5236428571428573
13022,0.15,0.25,0.6,0.0,0.1,0.9,2.3085,1.19,2.176,0.9420737849765514,1.5236428571428573
13023,0.15,0.25,0.6,0.0,0.15,0.85,2.3085,1.19,2.164,0.9429144540419896,1.5236428571428573
13024,0.15,0.25,0.6,0.0,0.2,0.8,2.3085,1.19,2.152,0.9437611602281852,1.5236428571428573
13040,0.15,0.25,0.6,0.05,0.0,0.95,2.3085,1.19,2.1805,0.9417600773613444,1.5236428571428573
13041,0.15,0.25,0.6,0.05,0.05,0.9,2.3085,1.19,2.1685000000000003,0.9425984991431212,1.5236428571428573
13042,0.15,0.25,0.6,0.05,0.1,0.85,2.3085,1.19,2.1565000000000003,0.9434429338108274,1.5236428571428573
13043,0.15,0.25,0.6,0.05,0.15,0.8,2.3085,1.19,2.1445000000000003,0.9442934462809104,1.5236428571428573
13059,0.15,0.25,0.6,0.1,0.0,0.9,2.3085,1.19,2.161,0.9431255620749848,1.5236428571428573
13060,0.15,0.25,0.6,0.1,0.05,0.85,2.3085,1.19,2.149,0.943973787702616,1.5236428571428573
13061,0.15,0.25,0.6,0.1,0.1,0.8,2.3085,1.19,2.1370000000000005,0.944828132180582,1.5236428571428573
13077,0.15,0.25,0.6,0.15,0.0,0.85,2.3085,1.19,2.1415,0.944507031751504,1.5236428571428573
13078,0.15,0.25,0.6,0.15,0.05,0.8,2.3085,1.19,2.1295,0.945365234193673,1.5236428571428573
13094,0.15,0.25,0.6,0.2,0.0,0.8,2.3085,1.19,2.1220000000000003,0.9459047687339972,1.5236428571428573
13230,0.15,0.3,0.55,0.0,0.0,1.0,2.29,1.19,2.2,0.9365514594476692,1.5236428571428573
13231,0.15,0.3,0.55,0.0,0.05,0.95,2.29,1.19,2.188,0.9373665382336768,1.5236428571428573
13232,0.15,0.3,0.55,0.0,0.1,0.9,2.29,1.19,2.176,0.9381874286331316,1.5236428571428573
13233,0.15,0.3,0.55,0.0,0.15,0.85,2.29,1.19,2.164,0.9390141930247116,1.5236428571428573
13234,0.15,0.3,0.55,0.0,0.2,0.8,2.29,1.19,2.152,0.9398468946830172,1.5236428571428573
13250,0.15,0.3,0.55,0.05,0.0,0.95,2.29,1.19,2.1805,0.9378789097446848,1.5236428571428573
13251,0.15,0.3,0.55,0.05,0.05,0.9,2.29,1.19,2.1685000000000003,0.9387034640226952,1.5236428571428573
13252,0.15,0.3,0.55,0.05,0.1,0.85,2.29,1.19,2.1565000000000003,0.939533931733448,1.5236428571428573
13253,0.15,0.3,0.55,0.05,0.15,0.8,2.29,1.19,2.1445000000000003,0.9403703767196716,1.5236428571428573
13269,0.15,0.3,0.55,0.1,0.0,0.9,2.29,1.19,2.161,0.9392218093289536,1.5236428571428573
13270,0.15,0.3,0.55,0.1,0.05,0.85,2.29,1.19,2.149,0.9400560052971202,1.5236428571428573
13271,0.15,0.3,0.55,0.1,0.1,0.8,2.29,1.19,2.1370000000000005,0.9408962189097824,1.5236428571428573
13287,0.15,0.3,0.55,0.15,0.0,0.85,2.29,1.19,2.1415,0.940580429484672,1.5236428571428573
13288,0.15,0.3,0.55,0.15,0.05,0.8,2.29,1.19,2.1295,0.9414244372507748,1.5236428571428573
13304,0.15,0.3,0.55,0.2,0.0,0.8,2.29,1.19,2.1220000000000003,0.9419550478849782,1.5236428571428573
13440,0.15,0.35,0.5,0.0,0.0,1.0,2.2715,1.19,2.2,0.9326926171314592,1.5236428571428573
13441,0.15,0.35,0.5,0.0,0.05,0.95,2.2715,1.19,2.188,0.9334939877742476,1.5236428571428573
13442,0.15,0.35,0.5,0.0,0.1,0.9,2.2715,1.19,2.176,0.9343010722897118,1.5236428571428573
13443,0.15,0.35,0.5,0.0,0.15,0.85,2.2715,1.19,2.164,0.9351139320074332,1.5236428571428573
13444,0.15,0.35,0.5,0.0,0.2,0.8,2.2715,1.19,2.152,0.9359326291378494,1.5236428571428573
13460,0.15,0.35,0.5,0.05,0.0,0.95,2.2715,1.19,2.1805,0.9339977421280252,1.5236428571428573
13461,0.15,0.35,0.5,0.05,0.05,0.9,2.2715,1.19,2.1685000000000003,0.9348084289022688,1.5236428571428573
13462,0.15,0.35,0.5,0.05,0.1,0.85,2.2715,1.19,2.1565000000000003,0.935624929656068,1.5236428571428573
13463,0.15,0.35,0.5,0.05,0.15,0.8,2.2715,1.19,2.1445000000000003,0.9364473071584326,1.5236428571428573
13479,0.15,0.35,0.5,0.1,0.0,0.9,2.2715,1.19,2.161,0.935318056582922,1.5236428571428573
13480,0.15,0.35,0.5,0.1,0.05,0.85,2.2715,1.19,2.149,0.936138222891624,1.5236428571428573
13481,0.15,0.35,0.5,0.1,0.1,0.8,2.2715,1.19,2.1370000000000005,0.9369643056389824,1.5236428571428573
13497,0.15,0.35,0.5,0.15,0.0,0.85,2.2715,1.19,2.1415,0.93665382721784,1.5236428571428573
13498,0.15,0.35,0.5,0.15,0.05,0.8,2.2715,1.19,2.1295,0.9374836403078762,1.5236428571428573
13514,0.15,0.35,0.5,0.2,0.0,0.8,2.2715,1.19,2.1220000000000003,0.9380053270359588,1.5236428571428573
13650,0.15,0.4,0.45,0.0,0.0,1.0,2.253,1.19,2.2,0.9288337748152496,1.5236428571428573
13651,0.15,0.4,0.45,0.0,0.05,0.95,2.253,1.19,2.188,0.9296214373148186,1.5236428571428573
13652,0.15,0.4,0.45,0.0,0.1,0.9,2.253,1.19,2.176,0.930414715946292,1.5236428571428573
13653,0.15,0.4,0.45,0.0,0.15,0.85,2.253,1.19,2.164,0.9312136709901552,1.5236428571428573
13654,0.15,0.4,0.45,0.0,0.2,0.8,2.253,1.19,2.152,0.9320183635926816,1.5236428571428573
13670,0.15,0.4,0.45,0.05,0.0,0.95,2.253,1.19,2.1805,0.930116574511366,1.5236428571428573
13671,0.15,0.4,0.45,0.05,0.05,0.9,2.253,1.19,2.1685000000000003,0.9309133937818428,1.5236428571428573
13672,0.15,0.4,0.45,0.05,0.1,0.85,2.253,1.19,2.1565000000000003,0.9317159275786886,1.5236428571428573
13673,0.15,0.4,0.45,0.05,0.15,0.8,2.253,1.19,2.1445000000000003,0.9325242375971938,1.5236428571428573
13689,0.15,0.4,0.45,0.1,0.0,0.9,2.253,1.19,2.161,0.9314143038368906,1.5236428571428573
13690,0.15,0.4,0.45,0.1,0.05,0.85,2.253,1.19,2.149,0.9322204404861282,1.5236428571428573
13691,0.15,0.4,0.45,0.1,0.1,0.8,2.253,1.19,2.1370000000000005,0.9330323923681826,1.5236428571428573
13707,0.15,0.4,0.45,0.15,0.0,0.85,2.253,1.19,2.1415,0.932727224951008,1.5236428571428573
13708,0.15,0.4,0.45,0.15,0.05,0.8,2.253,1.19,2.1295,0.933542843364978,1.5236428571428573
13724,0.15,0.4,0.45,0.2,0.0,0.8,2.253,1.19,2.1220000000000003,0.9340556061869398,1.5236428571428573
13860,0.15,0.45,0.4,0.0,0.0,1.0,2.2345,1.19,2.2,0.9249749324990396,1.5236428571428573
13861,0.15,0.45,0.4,0.0,0.05,0.95,2.2345,1.19,2.188,0.9257488868553896,1.5236428571428573
13862,0.15,0.45,0.4,0.0,0.1,0.9,2.2345,1.19,2.176,0.9265283596028724,1.5236428571428573
13863,0.15,0.45,0.4,0.0,0.15,0.85,2.2345,1.19,2.164,0.9273134099728768,1.5236428571428573
13864,0.15,0.45,0.4,0.0,0.2,0.8,2.2345,1.19,2.152,0.9281040980475136,1.5236428571428573
13880,0.15,0.45,0.4,0.05,0.0,0.95,2.2345,1.19,2.1805,0.9262354068947062,1.5236428571428573
13881,0.15,0.45,0.4,0.05,0.05,0.9,2.2345,1.19,2.1685000000000003,0.9270183586614168,1.5236428571428573
13882,0.15,0.45,0.4,0.05,0.1,0.85,2.2345,1.19,2.1565000000000003,0.9278069255013088,1.5236428571428573
13883,0.15,0.45,0.4,0.05,0.15,0.8,2.2345,1.19,2.1445000000000003,0.9286011680359548,1.5236428571428573
13899,0.15,0.45,0.4,0.1,0.0,0.9,2.2345,1.19,2.161,0.9275105510908592,1.5236428571428573
13900,0.15,0.45,0.4,0.1,0.05,0.85,2.2345,1.19,2.149,0.9283026580806322,1.5236428571428573
13901,0.15,0.45,0.4,0.1,0.1,0.8,2.2345,1.19,2.1370000000000005,0.9291004790973828,1.5236428571428573
13917,0.15,0.45,0.4,0.15,0.0,0.85,2.2345,1.19,2.1415,0.9288006226841758,1.5236428571428573
13918,0.15,0.45,0.4,0.15,0.05,0.8,2.2345,1.19,2.1295,0.9296020464220798,1.5236428571428573
13934,0.15,0.45,0.4,0.2,0.0,0.8,2.2345,1.19,2.1220000000000003,0.9301058853379208,1.5236428571428573
14070,0.15,0.5,0.35,0.0,0.0,1.0,2.216,1.19,2.2,0.92111609018283,1.5236428571428573
14071,0.15,0.5,0.35,0.0,0.05,0.95,2.216,1.19,2.188,0.9218763363959608,1.5236428571428573
14072,0.15,0.5,0.35,0.0,0.1,0.9,2.216,1.19,2.176,0.9226420032594522,1.5236428571428573
14073,0.15,0.5,0.35,0.0,0.15,0.85,2.216,1.19,2.164,0.9234131489555986,1.5236428571428573
14074,0.15,0.5,0.35,0.0,0.2,0.8,2.216,1.19,2.152,0.9241898325023458,1.5236428571428573
14090,0.15,0.5,0.35,0.05,0.0,0.95,2.216,1.19,2.1805,0.9223542392780466,1.5236428571428573
14091,0.15,0.5,0.35,0.05,0.05,0.9,2.216,1.19,2.1685000000000003,0.9231233235409908,1.5236428571428573
14092,0.15,0.5,0.35,0.05,0.1,0.85,2.216,1.19,2.1565000000000003,0.9238979234239292,1.5236428571428573
14093,0.15,0.5,0.35,0.05,0.15,0.8,2.216,1.19,2.1445000000000003,0.9246780984747158,1.5236428571428573
14109,0.15,0.5,0.35,0.1,0.0,0.9,2.216,1.19,2.161,0.9236067983448278,1.5236428571428573
14110,0.15,0.5,0.35,0.1,0.05,0.85,2.216,1.19,2.149,0.9243848756751362,1.5236428571428573
14111,0.15,0.5,0.35,0.1,0.1,0.8,2.216,1.19,2.1370000000000005,0.9251685658265828,1.5236428571428573
14127,0.15,0.5,0.35,0.15,0.0,0.85,2.216,1.19,2.1415,0.9248740204173436,1.5236428571428573
14128,0.15,0.5,0.35,0.15,0.05,0.8,2.216,1.19,2.1295,0.925661249479181,1.5236428571428573
14144,0.15,0.5,0.35,0.2,0.0,0.8,2.216,1.19,2.1220000000000003,0.9261561644889018,1.5236428571428573
14280,0.15,0.55,0.3,0.0,0.0,1.0,2.1975,1.19,2.2,0.9172572478666202,1.5236428571428573
14281,0.15,0.55,0.3,0.0,0.05,0.95,2.1975,1.19,2.188,0.9180037859365316,1.5236428571428573
14282,0.15,0.55,0.3,0.0,0.1,0.9,2.1975,1.19,2.176,0.9187556469160324,1.5236428571428573
14283,0.15,0.55,0.3,0.0,0.15,0.85,2.1975,1.19,2.164,0.9195128879383204,1.5236428571428573
14284,0.15,0.55,0.3,0.0,0.2,0.8,2.1975,1.19,2.152,0.9202755669571776,1.5236428571428573
14300,0.15,0.55,0.3,0.05,0.0,0.95,2.1975,1.19,2.1805,0.9184730716613873,1.5236428571428573
14301,0.15,0.55,0.3,0.05,0.05,0.9,2.1975,1.19,2.1685000000000003,0.9192282884205644,1.5236428571428573
14302,0.15,0.55,0.3,0.05,0.1,0.85,2.1975,1.19,2.1565000000000003,0.9199889213465494,1.5236428571428573
14303,0.15,0.55,0.3,0.05,0.15,0.8,2.1975,1.19,2.1445000000000003,0.920755028913477,1.5236428571428573
14319,0.15,0.55,0.3,0.1,0.0,0.9,2.1975,1.19,2.161,0.9197030455987965,1.5236428571428573
14320,0.15,0.55,0.3,0.1,0.05,0.85,2.1975,1.19,2.149,0.9204670932696402,1.5236428571428573
14321,0.15,0.55,0.3,0.1,0.1,0.8,2.1975,1.19,2.1370000000000005,0.9212366525557828,1.5236428571428573
14337,0.15,0.55,0.3,0.15,0.0,0.85,2.1975,1.19,2.1415,0.9209474181505116,1.5236428571428573
14338,0.15,0.55,0.3,0.15,0.05,0.8,2.1975,1.19,2.1295,0.9217204525362828,1.5236428571428573
14354,0.15,0.55,0.3,0.2,0.0,0.8,2.1975,1.19,2.1220000000000003,0.9222064436398828,1.5236428571428573
14490,0.15,0.6,0.25,0.0,0.0,1.0,2.179,1.19,2.2,0.9133984055504104,1.5236428571428573
14491,0.15,0.6,0.25,0.0,0.05,0.95,2.179,1.19,2.188,0.9141312354771024,1.5236428571428573
14492,0.15,0.6,0.25,0.0,0.1,0.9,2.179,1.19,2.176,0.9148692905726128,1.5236428571428573
14493,0.15,0.6,0.25,0.0,0.15,0.85,2.179,1.19,2.164,0.9156126269210422,1.5236428571428573
14494,0.15,0.6,0.25,0.0,0.2,0.8,2.179,1.19,2.152,0.9163613014120098,1.5236428571428573
14510,0.15,0.6,0.25,0.05,0.0,0.95,2.179,1.19,2.1805,0.9145919040447272,1.5236428571428573
14511,0.15,0.6,0.25,0.05,0.05,0.9,2.179,1.19,2.1685000000000003,0.9153332533001384,1.5236428571428573
14512,0.15,0.6,0.25,0.05,0.1,0.85,2.179,1.19,2.1565000000000003,0.9160799192691697,1.5236428571428573
14513,0.15,0.6,0.25,0.05,0.15,0.8,2.179,1.19,2.1445000000000003,0.916831959352238,1.5236428571428573
14529,0.15,0.6,0.25,0.1,0.0,0.9,2.179,1.19,2.161,0.9157992928527652,1.5236428571428573
14530,0.15,0.6,0.25,0.1,0.05,0.85,2.179,1.19,2.149,0.916549310864144,1.5236428571428573
14531,0.15,0.6,0.25,0.1,0.1,0.8,2.179,1.19,2.1370000000000005,0.9173047392849832,1.5236428571428573
14547,0.15,0.6,0.25,0.15,0.0,0.85,2.179,1.19,2.1415,0.9170208158836796,1.5236428571428573
14548,0.15,0.6,0.25,0.15,0.05,0.8,2.179,1.19,2.1295,0.9177796555933846,1.5236428571428573
14564,0.15,0.6,0.25,0.2,0.0,0.8,2.179,1.19,2.1220000000000003,0.9182567227908636,1.5236428571428573
14700,0.15,0.65,0.2,0.0,0.0,1.0,2.1605,1.19,2.2,0.9095395632342006,1.5236428571428573
14701,0.15,0.65,0.2,0.0,0.05,0.95,2.1605,1.19,2.188,0.9102586850176736,1.5236428571428573
14702,0.15,0.65,0.2,0.0,0.1,0.9,2.1605,1.19,2.176,0.9109829342291929,1.5236428571428573
14703,0.15,0.65,0.2,0.0,0.15,0.85,2.1605,1.19,2.164,0.911712365903764,1.5236428571428573
14704,0.15,0.65,0.2,0.0,0.2,0.8,2.1605,1.19,2.152,0.912447035866842,1.5236428571428573
14720,0.15,0.65,0.2,0.05,0.0,0.95,2.1605,1.19,2.1805,0.9107107364280675,1.5236428571428573
14721,0.15,0.65,0.2,0.05,0.05,0.9,2.1605,1.19,2.1685000000000003,0.9114382181797124,1.5236428571428573
14722,0.15,0.65,0.2,0.05,0.1,0.85,2.1605,1.19,2.1565000000000003,0.91217091719179,1.5236428571428573
14723,0.15,0.65,0.2,0.05,0.15,0.8,2.1605,1.19,2.1445000000000003,0.9129088897909992,1.5236428571428573
14739,0.15,0.65,0.2,0.1,0.0,0.9,2.1605,1.19,2.161,0.911895540106734,1.5236428571428573
14740,0.15,0.65,0.2,0.1,0.05,0.85,2.1605,1.19,2.149,0.9126315284586484,1.5236428571428573
14741,0.15,0.65,0.2,0.1,0.1,0.8,2.1605,1.19,2.1370000000000005,0.9133728260141832,1.5236428571428573
14757,0.15,0.65,0.2,0.15,0.0,0.85,2.1605,1.19,2.1415,0.9130942136168472,1.5236428571428573
14758,0.15,0.65,0.2,0.15,0.05,0.8,2.1605,1.19,2.1295,0.913838858650486,1.5236428571428573
14774,0.15,0.65,0.2,0.2,0.0,0.8,2.1605,1.19,2.1220000000000003,0.9143070019418448,1.5236428571428573
14910,0.15,0.7,0.15,0.0,0.0,1.0,2.142,1.19,2.2,0.9056807209179908,1.5236428571428573
14911,0.15,0.7,0.15,0.0,0.05,0.95,2.142,1.19,2.188,0.9063861345582448,1.5236428571428573
14912,0.15,0.7,0.15,0.0,0.1,0.9,2.142,1.19,2.176,0.9070965778857728,1.5236428571428573
14913,0.15,0.7,0.15,0.0,0.15,0.85,2.142,1.19,2.164,0.9078121048864858,1.5236428571428573
14914,0.15,0.7,0.15,0.0,0.2,0.8,2.142,1.19,2.152,0.908532770321674,1.5236428571428573
14930,0.15,0.7,0.15,0.05,0.0,0.95,2.142,1.19,2.1805,0.9068295688114082,1.5236428571428573
14931,0.15,0.7,0.15,0.05,0.05,0.9,2.142,1.19,2.1685000000000003,0.9075431830592864,1.5236428571428573
14932,0.15,0.7,0.15,0.05,0.1,0.85,2.142,1.19,2.1565000000000003,0.9082619151144103,1.5236428571428573
14933,0.15,0.7,0.15,0.05,0.15,0.8,2.142,1.19,2.1445000000000003,0.9089858202297604,1.5236428571428573
14949,0.15,0.7,0.15,0.1,0.0,0.9,2.142,1.19,2.161,0.9079917873607024,1.5236428571428573
14950,0.15,0.7,0.15,0.1,0.05,0.85,2.142,1.19,2.149,0.9087137460531524,1.5236428571428573
14951,0.15,0.7,0.15,0.1,0.1,0.8,2.142,1.19,2.1370000000000005,0.9094409127433832,1.5236428571428573
14967,0.15,0.7,0.15,0.15,0.0,0.85,2.142,1.19,2.1415,0.9091676113500152,1.5236428571428573
14968,0.15,0.7,0.15,0.15,0.05,0.8,2.142,1.19,2.1295,0.9098980617075876,1.5236428571428573
14984,0.15,0.7,0.15,0.2,0.0,0.8,2.142,1.19,2.1220000000000003,0.9103572810928257,1.5236428571428573
15120,0.15,0.75,0.1,0.0,0.0,1.0,2.1235,1.19,2.2,0.9018218786017812,1.5236428571428573
15121,0.15,0.75,0.1,0.0,0.05,0.95,2.1235,1.19,2.188,0.9025135840988155,1.5236428571428573
15122,0.15,0.75,0.1,0.0,0.1,0.9,2.1235,1.19,2.176,0.9032102215423532,1.5236428571428573
15123,0.15,0.75,0.1,0.0,0.15,0.85,2.1235,1.19,2.164,0.9039118438692074,1.5236428571428573
15124,0.15,0.75,0.1,0.0,0.2,0.8,2.1235,1.19,2.152,0.9046185047765062,1.5236428571428573
15140,0.15,0.75,0.1,0.05,0.0,0.95,2.1235,1.19,2.1805,0.9029484011947488,1.5236428571428573
15141,0.15,0.75,0.1,0.05,0.05,0.9,2.1235,1.19,2.1685000000000003,0.90364814793886,1.5236428571428573
15142,0.15,0.75,0.1,0.05,0.1,0.85,2.1235,1.19,2.1565000000000003,0.9043529130370308,1.5236428571428573
15143,0.15,0.75,0.1,0.05,0.15,0.8,2.1235,1.19,2.1445000000000003,0.9050627506685216,1.5236428571428573
15159,0.15,0.75,0.1,0.1,0.0,0.9,2.1235,1.19,2.161,0.9040880346146708,1.5236428571428573
15160,0.15,0.75,0.1,0.1,0.05,0.85,2.1235,1.19,2.149,0.904795963647656,1.5236428571428573
15161,0.15,0.75,0.1,0.1,0.1,0.8,2.1235,1.19,2.1370000000000005,0.9055089994725836,1.5236428571428573
15177,0.15,0.75,0.1,0.15,0.0,0.85,2.1235,1.19,2.1415,0.9052410090831832,1.5236428571428573
15178,0.15,0.75,0.1,0.15,0.05,0.8,2.1235,1.19,2.1295,0.9059572647646892,1.5236428571428573
15194,0.15,0.75,0.1,0.2,0.0,0.8,2.1235,1.19,2.1220000000000003,0.9064075602438064,1.5236428571428573
15333,0.15,0.8,0.05,0.0,0.15,0.85,2.105,1.19,2.164,0.9000115828519295,1.6106666666666667
15334,0.15,0.8,0.05,0.0,0.2,0.8,2.105,1.19,2.152,0.9007042392313381,1.6106666666666667
15352,0.15,0.8,0.05,0.05,0.1,0.85,2.105,1.19,2.1565000000000003,0.9004439109596508,1.6106666666666667
15353,0.15,0.8,0.05,0.05,0.15,0.8,2.105,1.19,2.1445000000000003,0.9011396811072826,1.6106666666666667
15369,0.15,0.8,0.05,0.1,0.0,0.9,2.105,1.19,2.161,0.9001842818686396,1.6106666666666667
15370,0.15,0.8,0.05,0.1,0.05,0.85,2.105,1.19,2.149,0.90087818124216,1.6106666666666667
15371,0.15,0.8,0.05,0.1,0.1,0.8,2.105,1.19,2.1370000000000005,0.9015770862017838,1.6106666666666667
15387,0.15,0.8,0.05,0.15,0.0,0.85,2.105,1.19,2.1415,0.9013144068163512,1.6106666666666667
15388,0.15,0.8,0.05,0.15,0.05,0.8,2.105,1.19,2.1295,0.902016467821791,1.6106666666666667
15404,0.15,0.8,0.05,0.2,0.0,0.8,2.105,1.19,2.1220000000000003,0.9024578393947874,1.6106666666666667
15540,0.2,0.0,0.8,0.0,0.0,1.0,2.358,1.19,2.2,0.9507353122856292,1.5236428571428573
15541,0.2,0.0,0.8,0.0,0.05,0.95,2.358,1.19,2.188,0.9516007777602264,1.5236428571428573
15542,0.2,0.0,0.8,0.0,0.1,0.9,2.358,1.19,2.176,0.9524724141116478,1.5236428571428573
15543,0.2,0.0,0.8,0.0,0.15,0.85,2.358,1.19,2.164,0.9533502875747072,1.5236428571428573
15544,0.2,0.0,0.8,0.0,0.2,0.8,2.358,1.19,2.152,0.9542344653355264,1.5236428571428573
15560,0.2,0.0,0.8,0.05,0.0,0.95,2.358,1.19,2.1805,0.9521448231464608,1.5236428571428573
15561,0.2,0.0,0.8,0.05,0.05,0.9,2.358,1.19,2.1685000000000003,0.953020349870748,1.5236428571428573
15562,0.2,0.0,0.8,0.05,0.1,0.85,2.358,1.19,2.1565000000000003,0.953902155585438,1.5236428571428573
15563,0.2,0.0,0.8,0.05,0.15,0.8,2.358,1.19,2.1445000000000003,0.9547903080799012,1.5236428571428573
15579,0.2,0.0,0.8,0.1,0.0,0.9,2.358,1.19,2.161,0.953570738341393,1.5236428571428573
15580,0.2,0.0,0.8,0.1,0.05,0.85,2.358,1.19,2.149,0.954456502787592,1.5236428571428573
15581,0.2,0.0,0.8,0.1,0.1,0.8,2.358,1.19,2.1370000000000005,0.9553486568781278,1.5236428571428573
15597,0.2,0.0,0.8,0.15,0.0,0.85,2.358,1.19,2.1415,0.9550133459249198,1.5236428571428573
15598,0.2,0.0,0.8,0.15,0.05,0.8,2.358,1.19,2.1295,0.9559095287165634,1.5236428571428573
15614,0.2,0.0,0.8,0.2,0.0,0.8,2.358,1.19,2.1220000000000003,0.9564729407354264,1.5236428571428573
15750,0.2,0.05,0.75,0.0,0.0,1.0,2.3395,1.19,2.2,0.9468764699694197,1.5236428571428573
15751,0.2,0.05,0.75,0.0,0.05,0.95,2.3395,1.19,2.188,0.9477282273007974,1.5236428571428573
15752,0.2,0.05,0.75,0.0,0.1,0.9,2.3395,1.19,2.176,0.948586057768228,1.5236428571428573
15753,0.2,0.05,0.75,0.0,0.15,0.85,2.3395,1.19,2.164,0.949450026557429,1.5236428571428573
15754,0.2,0.05,0.75,0.0,0.2,0.8,2.3395,1.19,2.152,0.9503201997903584,1.5236428571428573
15770,0.2,0.05,0.75,0.05,0.0,0.95,2.3395,1.19,2.1805,0.9482636555298012,1.5236428571428573
15771,0.2,0.05,0.75,0.05,0.05,0.9,2.3395,1.19,2.1685000000000003,0.949125314750322,1.5236428571428573
15772,0.2,0.05,0.75,0.05,0.1,0.85,2.3395,1.19,2.1565000000000003,0.9499931535080584,1.5236428571428573
15773,0.2,0.05,0.75,0.05,0.15,0.8,2.3395,1.19,2.1445000000000003,0.9508672385186622,1.5236428571428573
15789,0.2,0.05,0.75,0.1,0.0,0.9,2.3395,1.19,2.161,0.9496669855953618,1.5236428571428573
15790,0.2,0.05,0.75,0.1,0.05,0.85,2.3395,1.19,2.149,0.950538720382096,1.5236428571428573
15791,0.2,0.05,0.75,0.1,0.1,0.8,2.3395,1.19,2.1370000000000005,0.951416743607328,1.5236428571428573
15807,0.2,0.05,0.75,0.15,0.0,0.85,2.3395,1.19,2.1415,0.9510867436580877,1.5236428571428573
15808,0.2,0.05,0.75,0.15,0.05,0.8,2.3395,1.19,2.1295,0.9519687317736648,1.5236428571428573
15824,0.2,0.05,0.75,0.2,0.0,0.8,2.3395,1.19,2.1220000000000003,0.9525232198864076,1.5236428571428573
15960,0.2,0.1,0.7,0.0,0.0,1.0,2.321,1.19,2.2,0.9430176276532096,1.5236428571428573
15961,0.2,0.1,0.7,0.0,0.05,0.95,2.321,1.19,2.188,0.9438556768413684,1.5236428571428573
15962,0.2,0.1,0.7,0.0,0.1,0.9,2.321,1.19,2.176,0.944699701424808,1.5236428571428573
15963,0.2,0.1,0.7,0.0,0.15,0.85,2.321,1.19,2.164,0.9455497655401506,1.5236428571428573
15964,0.2,0.1,0.7,0.0,0.2,0.8,2.321,1.19,2.152,0.9464059342451904,1.5236428571428573
15980,0.2,0.1,0.7,0.05,0.0,0.95,2.321,1.19,2.1805,0.9443824879131416,1.5236428571428573
15981,0.2,0.1,0.7,0.05,0.05,0.9,2.321,1.19,2.1685000000000003,0.9452302796298956,1.5236428571428573
15982,0.2,0.1,0.7,0.05,0.1,0.85,2.321,1.19,2.1565000000000003,0.9460841514306786,1.5236428571428573
15983,0.2,0.1,0.7,0.05,0.15,0.8,2.321,1.19,2.1445000000000003,0.9469441689574232,1.5236428571428573
15999,0.2,0.1,0.7,0.1,0.0,0.9,2.321,1.19,2.161,0.9457632328493302,1.5236428571428573
16000,0.2,0.1,0.7,0.1,0.05,0.85,2.321,1.19,2.149,0.9466209379766,1.5236428571428573
16001,0.2,0.1,0.7,0.1,0.1,0.8,2.321,1.19,2.1370000000000005,0.947484830336528,1.5236428571428573
16017,0.2,0.1,0.7,0.15,0.0,0.85,2.321,1.19,2.1415,0.9471601413912556,1.5236428571428573
16018,0.2,0.1,0.7,0.15,0.05,0.8,2.321,1.19,2.1295,0.9480279348307664,1.5236428571428573
16034,0.2,0.1,0.7,0.2,0.0,0.8,2.321,1.19,2.1220000000000003,0.9485734990373884,1.5236428571428573
16170,0.2,0.15,0.65,0.0,0.0,1.0,2.3025,1.19,2.2,0.9391587853369998,1.5236428571428573
16171,0.2,0.15,0.65,0.0,0.05,0.95,2.3025,1.19,2.188,0.9399831263819391,1.5236428571428573
16172,0.2,0.15,0.65,0.0,0.1,0.9,2.3025,1.19,2.176,0.9408133450813884,1.5236428571428573
16173,0.2,0.15,0.65,0.0,0.15,0.85,2.3025,1.19,2.164,0.9416495045228724,1.5236428571428573
16174,0.2,0.15,0.65,0.0,0.2,0.8,2.3025,1.19,2.152,0.9424916687000224,1.5236428571428573
16190,0.2,0.15,0.65,0.05,0.0,0.95,2.3025,1.19,2.1805,0.940501320296482,1.5236428571428573
16191,0.2,0.15,0.65,0.05,0.05,0.9,2.3025,1.19,2.1685000000000003,0.9413352445094696,1.5236428571428573
16192,0.2,0.15,0.65,0.05,0.1,0.85,2.3025,1.19,2.1565000000000003,0.9421751493532988,1.5236428571428573
16193,0.2,0.15,0.65,0.05,0.15,0.8,2.3025,1.19,2.1445000000000003,0.9430210993961844,1.5236428571428573
16209,0.2,0.15,0.65,0.1,0.0,0.9,2.3025,1.19,2.161,0.9418594801032988,1.5236428571428573
16210,0.2,0.15,0.65,0.1,0.05,0.85,2.3025,1.19,2.149,0.9427031555711038,1.5236428571428573
16211,0.2,0.15,0.65,0.1,0.1,0.8,2.3025,1.19,2.1370000000000005,0.943552917065728,1.5236428571428573
16227,0.2,0.15,0.65,0.15,0.0,0.85,2.3025,1.19,2.1415,0.9432335391244236,1.5236428571428573
16228,0.2,0.15,0.65,0.15,0.05,0.8,2.3025,1.19,2.1295,0.9440871378878682,1.5236428571428573
16244,0.2,0.15,0.65,0.2,0.0,0.8,2.3025,1.19,2.1220000000000003,0.9446237781883692,1.5236428571428573
16380,0.2,0.2,0.6,0.0,0.0,1.0,2.284,1.19,2.2,0.9352999430207902,1.5236428571428573
16381,0.2,0.2,0.6,0.0,0.05,0.95,2.284,1.19,2.188,0.9361105759225103,1.5236428571428573
16382,0.2,0.2,0.6,0.0,0.1,0.9,2.284,1.19,2.176,0.9369269887379684,1.5236428571428573
16383,0.2,0.2,0.6,0.0,0.15,0.85,2.284,1.19,2.164,0.9377492435055944,1.5236428571428573
16384,0.2,0.2,0.6,0.0,0.2,0.8,2.284,1.19,2.152,0.9385774031548548,1.5236428571428573
16400,0.2,0.2,0.6,0.05,0.0,0.95,2.284,1.19,2.1805,0.9366201526798222,1.5236428571428573
16401,0.2,0.2,0.6,0.05,0.05,0.9,2.284,1.19,2.1685000000000003,0.9374402093890436,1.5236428571428573
16402,0.2,0.2,0.6,0.05,0.1,0.85,2.284,1.19,2.1565000000000003,0.9382661472759192,1.5236428571428573
16403,0.2,0.2,0.6,0.05,0.15,0.8,2.284,1.19,2.1445000000000003,0.9390980298349452,1.5236428571428573
16419,0.2,0.2,0.6,0.1,0.0,0.9,2.284,1.19,2.161,0.9379557273572676,1.5236428571428573
16420,0.2,0.2,0.6,0.1,0.05,0.85,2.284,1.19,2.149,0.938785373165608,1.5236428571428573
16421,0.2,0.2,0.6,0.1,0.1,0.8,2.284,1.19,2.1370000000000005,0.9396210037949282,1.5236428571428573
16437,0.2,0.2,0.6,0.15,0.0,0.85,2.284,1.19,2.1415,0.9393069368575911,1.5236428571428573
16438,0.2,0.2,0.6,0.15,0.05,0.8,2.284,1.19,2.1295,0.9401463409449698,1.5236428571428573
16454,0.2,0.2,0.6,0.2,0.0,0.8,2.284,1.19,2.1220000000000003,0.9406740573393504,1.5236428571428573
16590,0.2,0.25,0.55,0.0,0.0,1.0,2.2655000000000003,1.19,2.2,0.9314411007045804,1.5236428571428573
16591,0.2,0.25,0.55,0.0,0.05,0.95,2.2655000000000003,1.19,2.188,0.9322380254630817,1.5236428571428573
16592,0.2,0.25,0.55,0.0,0.1,0.9,2.2655000000000003,1.19,2.176,0.9330406323945488,1.5236428571428573
16593,0.2,0.25,0.55,0.0,0.15,0.85,2.2655000000000003,1.19,2.164,0.9338489824883162,1.5236428571428573
16594,0.2,0.25,0.55,0.0,0.2,0.8,2.2655000000000003,1.19,2.152,0.9346631376096868,1.5236428571428573
16610,0.2,0.25,0.55,0.05,0.0,0.95,2.2655000000000003,1.19,2.1805,0.9327389850631628,1.5236428571428573
16611,0.2,0.25,0.55,0.05,0.05,0.9,2.2655000000000003,1.19,2.1685000000000003,0.9335451742686176,1.5236428571428573
16612,0.2,0.25,0.55,0.05,0.1,0.85,2.2655000000000003,1.19,2.1565000000000003,0.9343571451985396,1.5236428571428573
16613,0.2,0.25,0.55,0.05,0.15,0.8,2.2655000000000003,1.19,2.1445000000000003,0.9351749602737064,1.5236428571428573
16629,0.2,0.25,0.55,0.1,0.0,0.9,2.2655000000000003,1.19,2.161,0.9340519746112363,1.5236428571428573
16630,0.2,0.25,0.55,0.1,0.05,0.85,2.2655000000000003,1.19,2.149,0.934867590760112,1.5236428571428573
16631,0.2,0.25,0.55,0.1,0.1,0.8,2.2655000000000003,1.19,2.1370000000000005,0.9356890905241284,1.5236428571428573
16647,0.2,0.25,0.55,0.15,0.0,0.85,2.2655000000000003,1.19,2.1415,0.9353803345907592,1.5236428571428573
16648,0.2,0.25,0.55,0.15,0.05,0.8,2.2655000000000003,1.19,2.1295,0.9362055440020716,1.5236428571428573
16664,0.2,0.25,0.55,0.2,0.0,0.8,2.2655000000000003,1.19,2.1220000000000003,0.9367243364903314,1.5236428571428573
16800,0.2,0.3,0.5,0.0,0.0,1.0,2.247,1.19,2.2,0.9275822583883706,1.5236428571428573
16801,0.2,0.3,0.5,0.0,0.05,0.95,2.247,1.19,2.188,0.9283654750036524,1.5236428571428573
16802,0.2,0.3,0.5,0.0,0.1,0.9,2.247,1.19,2.176,0.9291542760511288,1.5236428571428573
16803,0.2,0.3,0.5,0.0,0.15,0.85,2.247,1.19,2.164,0.9299487214710378,1.5236428571428573
16804,0.2,0.3,0.5,0.0,0.2,0.8,2.247,1.19,2.152,0.930748872064519,1.5236428571428573
16820,0.2,0.3,0.5,0.05,0.0,0.95,2.247,1.19,2.1805,0.9288578174465032,1.5236428571428573
16821,0.2,0.3,0.5,0.05,0.05,0.9,2.247,1.19,2.1685000000000003,0.9296501391481912,1.5236428571428573
16822,0.2,0.3,0.5,0.05,0.1,0.85,2.247,1.19,2.1565000000000003,0.93044814312116,1.5236428571428573
16823,0.2,0.3,0.5,0.05,0.15,0.8,2.247,1.19,2.1445000000000003,0.9312518907124676,1.5236428571428573
16839,0.2,0.3,0.5,0.1,0.0,0.9,2.247,1.19,2.161,0.9301482218652048,1.5236428571428573
16840,0.2,0.3,0.5,0.1,0.05,0.85,2.247,1.19,2.149,0.930949808354616,1.5236428571428573
16841,0.2,0.3,0.5,0.1,0.1,0.8,2.247,1.19,2.1370000000000005,0.9317571772533284,1.5236428571428573
16857,0.2,0.3,0.5,0.15,0.0,0.85,2.247,1.19,2.1415,0.9314537323239274,1.5236428571428573
16858,0.2,0.3,0.5,0.15,0.05,0.8,2.247,1.19,2.1295,0.9322647470591732,1.5236428571428573
16874,0.2,0.3,0.5,0.2,0.0,0.8,2.247,1.19,2.1220000000000003,0.932774615641312,1.5236428571428573
17010,0.2,0.35,0.45,0.0,0.0,1.0,2.2285,1.19,2.2,0.9237234160721608,1.5236428571428573
17011,0.2,0.35,0.45,0.0,0.05,0.95,2.2285,1.19,2.188,0.9244929245442234,1.5236428571428573
17012,0.2,0.35,0.45,0.0,0.1,0.9,2.2285,1.19,2.176,0.925267919707709,1.5236428571428573
17013,0.2,0.35,0.45,0.0,0.15,0.85,2.2285,1.19,2.164,0.9260484604537595,1.5236428571428573
17014,0.2,0.35,0.45,0.0,0.2,0.8,2.2285,1.19,2.152,0.926834606519351,1.5236428571428573
17030,0.2,0.35,0.45,0.05,0.0,0.95,2.2285,1.19,2.1805,0.9249766498298436,1.5236428571428573
17031,0.2,0.35,0.45,0.05,0.05,0.9,2.2285,1.19,2.1685000000000003,0.9257551040277652,1.5236428571428573
17032,0.2,0.35,0.45,0.05,0.1,0.85,2.2285,1.19,2.1565000000000003,0.92653914104378,1.5236428571428573
17033,0.2,0.35,0.45,0.05,0.15,0.8,2.2285,1.19,2.1445000000000003,0.9273288211512288,1.5236428571428573
17049,0.2,0.35,0.45,0.1,0.0,0.9,2.2285,1.19,2.161,0.9262444691191734,1.5236428571428573
17050,0.2,0.35,0.45,0.1,0.05,0.85,2.2285,1.19,2.149,0.9270320259491198,1.5236428571428573
17051,0.2,0.35,0.45,0.1,0.1,0.8,2.2285,1.19,2.1370000000000005,0.9278252639825288,1.5236428571428573
17067,0.2,0.35,0.45,0.15,0.0,0.85,2.2285,1.19,2.1415,0.9275271300570952,1.5236428571428573
17068,0.2,0.35,0.45,0.15,0.05,0.8,2.2285,1.19,2.1295,0.9283239501162748,1.5236428571428573
17084,0.2,0.35,0.45,0.2,0.0,0.8,2.2285,1.19,2.1220000000000003,0.928824894792293,1.5236428571428573
17220,0.2,0.4,0.4,0.0,0.0,1.0,2.21,1.19,2.2,0.9198645737559512,1.5236428571428573
17221,0.2,0.4,0.4,0.0,0.05,0.95,2.21,1.19,2.188,0.9206203740847944,1.5236428571428573
17222,0.2,0.4,0.4,0.0,0.1,0.9,2.21,1.19,2.176,0.9213815633642892,1.5236428571428573
17223,0.2,0.4,0.4,0.0,0.15,0.85,2.21,1.19,2.164,0.9221481994364816,1.5236428571428573
17224,0.2,0.4,0.4,0.0,0.2,0.8,2.21,1.19,2.152,0.9229203409741832,1.5236428571428573
17240,0.2,0.4,0.4,0.05,0.0,0.95,2.21,1.19,2.1805,0.921095482213184,1.5236428571428573
17241,0.2,0.4,0.4,0.05,0.05,0.9,2.21,1.19,2.1685000000000003,0.9218600689073392,1.5236428571428573
17242,0.2,0.4,0.4,0.05,0.1,0.85,2.21,1.19,2.1565000000000003,0.9226301389664006,1.5236428571428573
17243,0.2,0.4,0.4,0.05,0.15,0.8,2.21,1.19,2.1445000000000003,0.9234057515899896,1.5236428571428573
17259,0.2,0.4,0.4,0.1,0.0,0.9,2.21,1.19,2.161,0.922340716373142,1.5236428571428573
17260,0.2,0.4,0.4,0.1,0.05,0.85,2.21,1.19,2.149,0.923114243543624,1.5236428571428573
17261,0.2,0.4,0.4,0.1,0.1,0.8,2.21,1.19,2.1370000000000005,0.9238933507117288,1.5236428571428573
17277,0.2,0.4,0.4,0.15,0.0,0.85,2.21,1.19,2.1415,0.9236005277902628,1.5236428571428573
17278,0.2,0.4,0.4,0.15,0.05,0.8,2.21,1.19,2.1295,0.9243831531733764,1.5236428571428573
17294,0.2,0.4,0.4,0.2,0.0,0.8,2.21,1.19,2.1220000000000003,0.924875173943274,1.5236428571428573
17430,0.2,0.45,0.35,0.0,0.0,1.0,2.1915,1.19,2.2,0.9160057314397416,1.5236428571428573
17431,0.2,0.45,0.35,0.0,0.05,0.95,2.1915,1.19,2.188,0.9167478236253656,1.5236428571428573
17432,0.2,0.45,0.35,0.0,0.1,0.9,2.1915,1.19,2.176,0.9174952070208692,1.5236428571428573
17433,0.2,0.45,0.35,0.0,0.15,0.85,2.1915,1.19,2.164,0.9182479384192032,1.5236428571428573
17434,0.2,0.45,0.35,0.0,0.2,0.8,2.1915,1.19,2.152,0.9190060754290154,1.5236428571428573
17450,0.2,0.45,0.35,0.05,0.0,0.95,2.1915,1.19,2.1805,0.9172143145965244,1.5236428571428573
17451,0.2,0.45,0.35,0.05,0.05,0.9,2.1915,1.19,2.1685000000000003,0.9179650337869129,1.5236428571428573
17452,0.2,0.45,0.35,0.05,0.1,0.85,2.1915,1.19,2.1565000000000003,0.918721136889021,1.5236428571428573
17453,0.2,0.45,0.35,0.05,0.15,0.8,2.1915,1.19,2.1445000000000003,0.9194826820287508,1.5236428571428573
17469,0.2,0.45,0.35,0.1,0.0,0.9,2.1915,1.19,2.161,0.9184369636271108,1.5236428571428573
17470,0.2,0.45,0.35,0.1,0.05,0.85,2.1915,1.19,2.149,0.919196461138128,1.5236428571428573
17471,0.2,0.45,0.35,0.1,0.1,0.8,2.1915,1.19,2.1370000000000005,0.9199614374409288,1.5236428571428573
17487,0.2,0.45,0.35,0.15,0.0,0.85,2.1915,1.19,2.1415,0.919673925523431,1.5236428571428573
17488,0.2,0.45,0.35,0.15,0.05,0.8,2.1915,1.19,2.1295,0.920442356230478,1.5236428571428573
17504,0.2,0.45,0.35,0.2,0.0,0.8,2.1915,1.19,2.1220000000000003,0.920925453094255,1.5236428571428573
17640,0.2,0.5,0.3,0.0,0.0,1.0,2.173,1.19,2.2,0.9121468891235316,1.5236428571428573
17641,0.2,0.5,0.3,0.0,0.05,0.95,2.173,1.19,2.188,0.9128752731659366,1.5236428571428573
17642,0.2,0.5,0.3,0.0,0.1,0.9,2.173,1.19,2.176,0.9136088506774496,1.5236428571428573
17643,0.2,0.5,0.3,0.0,0.15,0.85,2.173,1.19,2.164,0.9143476774019248,1.5236428571428573
17644,0.2,0.5,0.3,0.0,0.2,0.8,2.173,1.19,2.152,0.9150918098838472,1.5236428571428573
17660,0.2,0.5,0.3,0.05,0.0,0.95,2.173,1.19,2.1805,0.913333146979865,1.5236428571428573
17661,0.2,0.5,0.3,0.05,0.05,0.9,2.173,1.19,2.1685000000000003,0.9140699986664867,1.5236428571428573
17662,0.2,0.5,0.3,0.05,0.1,0.85,2.173,1.19,2.1565000000000003,0.9148121348116413,1.5236428571428573
17663,0.2,0.5,0.3,0.05,0.15,0.8,2.173,1.19,2.1445000000000003,0.9155596124675122,1.5236428571428573
17679,0.2,0.5,0.3,0.1,0.0,0.9,2.173,1.19,2.161,0.9145332108810792,1.5236428571428573
17680,0.2,0.5,0.3,0.1,0.05,0.85,2.173,1.19,2.149,0.915278678732632,1.5236428571428573
17681,0.2,0.5,0.3,0.1,0.1,0.8,2.173,1.19,2.1370000000000005,0.9160295241701292,1.5236428571428573
17697,0.2,0.5,0.3,0.15,0.0,0.85,2.173,1.19,2.1415,0.9157473232565988,1.5236428571428573
17698,0.2,0.5,0.3,0.15,0.05,0.8,2.173,1.19,2.1295,0.9165015592875796,1.5236428571428573
17714,0.2,0.5,0.3,0.2,0.0,0.8,2.173,1.19,2.1220000000000003,0.916975732245236,1.5236428571428573
17850,0.2,0.55,0.25,0.0,0.0,1.0,2.1545,1.19,2.2,0.9082880468073216,1.5236428571428573
17851,0.2,0.55,0.25,0.0,0.05,0.95,2.1545,1.19,2.188,0.9090027227065074,1.5236428571428573
17852,0.2,0.55,0.25,0.0,0.1,0.9,2.1545,1.19,2.176,0.9097224943340296,1.5236428571428573
17853,0.2,0.55,0.25,0.0,0.15,0.85,2.1545,1.19,2.164,0.9104474163846468,1.5236428571428573
17854,0.2,0.55,0.25,0.0,0.2,0.8,2.1545,1.19,2.152,0.9111775443386794,1.5236428571428573
17870,0.2,0.55,0.25,0.05,0.0,0.95,2.1545,1.19,2.1805,0.9094519793632052,1.5236428571428573
17871,0.2,0.55,0.25,0.05,0.05,0.9,2.1545,1.19,2.1685000000000003,0.9101749635460606,1.5236428571428573
17872,0.2,0.55,0.25,0.05,0.1,0.85,2.1545,1.19,2.1565000000000003,0.9109031327342616,1.5236428571428573
17873,0.2,0.55,0.25,0.05,0.15,0.8,2.1545,1.19,2.1445000000000003,0.911636542906273,1.5236428571428573
17889,0.2,0.55,0.25,0.1,0.0,0.9,2.1545,1.19,2.161,0.910629458135048,1.5236428571428573
17890,0.2,0.55,0.25,0.1,0.05,0.85,2.1545,1.19,2.149,0.911360896327136,1.5236428571428573
17891,0.2,0.55,0.25,0.1,0.1,0.8,2.1545,1.19,2.1370000000000005,0.9120976108993292,1.5236428571428573
17907,0.2,0.55,0.25,0.15,0.0,0.85,2.1545,1.19,2.1415,0.9118207209897669,1.5236428571428573
17908,0.2,0.55,0.25,0.15,0.05,0.8,2.1545,1.19,2.1295,0.9125607623446812,1.5236428571428573
17924,0.2,0.55,0.25,0.2,0.0,0.8,2.1545,1.19,2.1220000000000003,0.9130260113962168,1.5236428571428573
18060,0.2,0.6,0.2,0.0,0.0,1.0,2.136,1.19,2.2,0.904429204491112,1.5236428571428573
18061,0.2,0.6,0.2,0.0,0.05,0.95,2.136,1.19,2.188,0.9051301722470784,1.5236428571428573
18062,0.2,0.6,0.2,0.0,0.1,0.9,2.136,1.19,2.176,0.90583613799061,1.5236428571428573
18063,0.2,0.6,0.2,0.0,0.15,0.85,2.136,1.19,2.164,0.9065471553673686,1.5236428571428573
18064,0.2,0.6,0.2,0.0,0.2,0.8,2.136,1.19,2.152,0.9072632787935117,1.5236428571428573
18080,0.2,0.6,0.2,0.05,0.0,0.95,2.136,1.19,2.1805,0.9055708117465456,1.5236428571428573
18081,0.2,0.6,0.2,0.05,0.05,0.9,2.136,1.19,2.1685000000000003,0.9062799284256348,1.5236428571428573
18082,0.2,0.6,0.2,0.05,0.1,0.85,2.136,1.19,2.1565000000000003,0.9069941306568818,1.5236428571428573
18083,0.2,0.6,0.2,0.05,0.15,0.8,2.136,1.19,2.1445000000000003,0.9077134733450342,1.5236428571428573
18099,0.2,0.6,0.2,0.1,0.0,0.9,2.136,1.19,2.161,0.9067257053890168,1.5236428571428573
18100,0.2,0.6,0.2,0.1,0.05,0.85,2.136,1.19,2.149,0.90744311392164,1.5236428571428573
18101,0.2,0.6,0.2,0.1,0.1,0.8,2.136,1.19,2.1370000000000005,0.9081656976285294,1.5236428571428573
18117,0.2,0.6,0.2,0.15,0.0,0.85,2.136,1.19,2.1415,0.9078941187229346,1.5236428571428573
18118,0.2,0.6,0.2,0.15,0.05,0.8,2.136,1.19,2.1295,0.9086199654017828,1.5236428571428573
18134,0.2,0.6,0.2,0.2,0.0,0.8,2.136,1.19,2.1220000000000003,0.909076290547198,1.5236428571428573
18270,0.2,0.65,0.15,0.0,0.0,1.0,2.1175,1.19,2.2,0.9005703621749025,1.5236428571428573
18271,0.2,0.65,0.15,0.0,0.05,0.95,2.1175,1.19,2.188,0.9012576217876496,1.5236428571428573
18272,0.2,0.65,0.15,0.0,0.1,0.9,2.1175,1.19,2.176,0.90194978164719,1.5236428571428573
18273,0.2,0.65,0.15,0.0,0.15,0.85,2.1175,1.19,2.164,0.9026468943500904,1.5236428571428573
18274,0.2,0.65,0.15,0.0,0.2,0.8,2.1175,1.19,2.152,0.9033490132483436,1.5236428571428573
18290,0.2,0.65,0.15,0.05,0.0,0.95,2.1175,1.19,2.1805,0.901689644129886,1.5236428571428573
18291,0.2,0.65,0.15,0.05,0.05,0.9,2.1175,1.19,2.1685000000000003,0.9023848933052084,1.5236428571428573
18292,0.2,0.65,0.15,0.05,0.1,0.85,2.1175,1.19,2.1565000000000003,0.9030851285795024,1.5236428571428573
18293,0.2,0.65,0.15,0.05,0.15,0.8,2.1175,1.19,2.1445000000000003,0.9037904037837952,1.5236428571428573
18309,0.2,0.65,0.15,0.1,0.0,0.9,2.1175,1.19,2.161,0.9028219526429851,1.5236428571428573
18310,0.2,0.65,0.15,0.1,0.05,0.85,2.1175,1.19,2.149,0.9035253315161442,1.5236428571428573
18311,0.2,0.65,0.15,0.1,0.1,0.8,2.1175,1.19,2.1370000000000005,0.9042337843577296,1.5236428571428573
18327,0.2,0.65,0.15,0.15,0.0,0.85,2.1175,1.19,2.1415,0.9039675164561024,1.5236428571428573
18328,0.2,0.65,0.15,0.15,0.05,0.8,2.1175,1.19,2.1295,0.9046791684588844,1.5236428571428573
18344,0.2,0.65,0.15,0.2,0.0,0.8,2.1175,1.19,2.1220000000000003,0.9051265696981788,1.5236428571428573
18521,0.2,0.7,0.1,0.1,0.1,0.8,2.099,1.19,2.1370000000000005,0.9003018710869297,1.5236428571428573
18537,0.2,0.7,0.1,0.15,0.0,0.85,2.099,1.19,2.1415,0.9000409141892706,1.5236428571428573
18538,0.2,0.7,0.1,0.15,0.05,0.8,2.099,1.19,2.1295,0.900738371515986,1.5236428571428573
18554,0.2,0.7,0.1,0.2,0.0,0.8,2.099,1.19,2.1220000000000003,0.9011768488491596,1.5236428571428573
18900,0.25,0.0,0.75,0.0,0.0,1.0,2.315,1.19,2.2,0.941766111226331,1.5236428571428573
18901,0.25,0.0,0.75,0.0,0.05,0.95,2.315,1.19,2.188,0.9425997145302024,1.5236428571428573
18902,0.25,0.0,0.75,0.0,0.1,0.9,2.315,1.19,2.176,0.9434392615296447,1.5236428571428573
18903,0.25,0.0,0.75,0.0,0.15,0.85,2.315,1.19,2.164,0.9442848160210332,1.5236428571428573
18904,0.25,0.0,0.75,0.0,0.2,0.8,2.315,1.19,2.152,0.945136442717028,1.5236428571428573
18920,0.25,0.0,0.75,0.05,0.0,0.95,2.315,1.19,2.1805,0.9431237308482788,1.5236428571428573
18921,0.25,0.0,0.75,0.05,0.05,0.9,2.315,1.19,2.1685000000000003,0.943967024996244,1.5236428571428573
18922,0.25,0.0,0.75,0.05,0.1,0.85,2.315,1.19,2.1565000000000003,0.9448163669731504,1.5236428571428573
18923,0.25,0.0,0.75,0.05,0.15,0.8,2.315,1.19,2.1445000000000003,0.9456718220726972,1.5236428571428573
18939,0.25,0.0,0.75,0.1,0.0,0.9,2.315,1.19,2.161,0.9444971508776444,1.5236428571428573
18940,0.25,0.0,0.75,0.1,0.05,0.85,2.315,1.19,2.149,0.9453503058450878,1.5236428571428573
18941,0.25,0.0,0.75,0.1,0.1,0.8,2.315,1.19,2.1370000000000005,0.9462096152216738,1.5236428571428573
18957,0.25,0.0,0.75,0.15,0.0,0.85,2.315,1.19,2.1415,0.9458866487641748,1.5236428571428573
18958,0.25,0.0,0.75,0.15,0.05,0.8,2.315,1.19,2.1295,0.9467498385249616,1.5236428571428573
18974,0.25,0.0,0.75,0.2,0.0,0.8,2.315,1.19,2.1220000000000003,0.9472925084917606,1.5236428571428573
19110,0.25,0.05,0.7,0.0,0.0,1.0,2.2964999999999995,1.19,2.2,0.9379072689101208,1.5236428571428573
19111,0.25,0.05,0.7,0.0,0.05,0.95,2.2964999999999995,1.19,2.188,0.9387271640707732,1.5236428571428573
19112,0.25,0.05,0.7,0.0,0.1,0.9,2.2964999999999995,1.19,2.176,0.939552905186225,1.5236428571428573
19113,0.25,0.05,0.7,0.0,0.15,0.85,2.2964999999999995,1.19,2.164,0.9403845550037552,1.5236428571428573
19114,0.25,0.05,0.7,0.0,0.2,0.8,2.2964999999999995,1.19,2.152,0.94122217717186,1.5236428571428573
19130,0.25,0.05,0.7,0.05,0.0,0.95,2.2964999999999995,1.19,2.1805,0.9392425632316194,1.5236428571428573
19131,0.25,0.05,0.7,0.05,0.05,0.9,2.2964999999999995,1.19,2.1685000000000003,0.940071989875818,1.5236428571428573
19132,0.25,0.05,0.7,0.05,0.1,0.85,2.2964999999999995,1.19,2.1565000000000003,0.9409073648957704,1.5236428571428573
19133,0.25,0.05,0.7,0.05,0.15,0.8,2.2964999999999995,1.19,2.1445000000000003,0.941748752511458,1.5236428571428573
19149,0.25,0.05,0.7,0.1,0.0,0.9,2.2964999999999995,1.19,2.161,0.940593398131613,1.5236428571428573
19150,0.25,0.05,0.7,0.1,0.05,0.85,2.2964999999999995,1.19,2.149,0.9414325234395916,1.5236428571428573
19151,0.25,0.05,0.7,0.1,0.1,0.8,2.2964999999999995,1.19,2.1370000000000005,0.942277701950874,1.5236428571428573
19167,0.25,0.05,0.7,0.15,0.0,0.85,2.2964999999999995,1.19,2.1415,0.9419600464973428,1.5236428571428573
19168,0.25,0.05,0.7,0.15,0.05,0.8,2.2964999999999995,1.19,2.1295,0.9428090415820632,1.5236428571428573
19184,0.25,0.05,0.7,0.2,0.0,0.8,2.2964999999999995,1.19,2.1220000000000003,0.9433427876427416,1.5236428571428573
19320,0.25,0.1,0.65,0.0,0.0,1.0,2.278,1.19,2.2,0.9340484265939114,1.5236428571428573
19321,0.25,0.1,0.65,0.0,0.05,0.95,2.278,1.19,2.188,0.934854613611344,1.5236428571428573
19322,0.25,0.1,0.65,0.0,0.1,0.9,2.278,1.19,2.176,0.9356665488428052,1.5236428571428573
19323,0.25,0.1,0.65,0.0,0.15,0.85,2.278,1.19,2.164,0.936484293986477,1.5236428571428573
19324,0.25,0.1,0.65,0.0,0.2,0.8,2.278,1.19,2.152,0.937307911626692,1.5236428571428573
19340,0.25,0.1,0.65,0.05,0.0,0.95,2.278,1.19,2.1805,0.9353613956149596,1.5236428571428573
19341,0.25,0.1,0.65,0.05,0.05,0.9,2.278,1.19,2.1685000000000003,0.9361769547553918,1.5236428571428573
19342,0.25,0.1,0.65,0.05,0.1,0.85,2.278,1.19,2.1565000000000003,0.9369983628183908,1.5236428571428573
19343,0.25,0.1,0.65,0.05,0.15,0.8,2.278,1.19,2.1445000000000003,0.9378256829502192,1.5236428571428573
19359,0.25,0.1,0.65,0.1,0.0,0.9,2.278,1.19,2.161,0.9366896453855816,1.5236428571428573
19360,0.25,0.1,0.65,0.1,0.05,0.85,2.278,1.19,2.149,0.9375147410340956,1.5236428571428573
19361,0.25,0.1,0.65,0.1,0.1,0.8,2.278,1.19,2.1370000000000005,0.938345788680074,1.5236428571428573
19377,0.25,0.1,0.65,0.15,0.0,0.85,2.278,1.19,2.1415,0.9380334442305104,1.5236428571428573
19378,0.25,0.1,0.65,0.15,0.05,0.8,2.278,1.19,2.1295,0.9388682446391649,1.5236428571428573
19394,0.25,0.1,0.65,0.2,0.0,0.8,2.278,1.19,2.1220000000000003,0.9393930667937224,1.5236428571428573
19530,0.25,0.15,0.6,0.0,0.0,1.0,2.2595,1.19,2.2,0.9301895842777016,1.5236428571428573
19531,0.25,0.15,0.6,0.0,0.05,0.95,2.2595,1.19,2.188,0.9309820631519156,1.5236428571428573
19532,0.25,0.15,0.6,0.0,0.1,0.9,2.2595,1.19,2.176,0.9317801924993856,1.5236428571428573
19533,0.25,0.15,0.6,0.0,0.15,0.85,2.2595,1.19,2.164,0.9325840329691988,1.5236428571428573
19534,0.25,0.15,0.6,0.0,0.2,0.8,2.2595,1.19,2.152,0.9333936460815244,1.5236428571428573
19550,0.25,0.15,0.6,0.05,0.0,0.95,2.2595,1.19,2.1805,0.9314802279983,1.5236428571428573
19551,0.25,0.15,0.6,0.05,0.05,0.9,2.2595,1.19,2.1685000000000003,0.9322819196349658,1.5236428571428573
19552,0.25,0.15,0.6,0.05,0.1,0.85,2.2595,1.19,2.1565000000000003,0.9330893607410112,1.5236428571428573
19553,0.25,0.15,0.6,0.05,0.15,0.8,2.2595,1.19,2.1445000000000003,0.9339026133889804,1.5236428571428573
19569,0.25,0.15,0.6,0.1,0.0,0.9,2.2595,1.19,2.161,0.9327858926395504,1.5236428571428573
19570,0.25,0.15,0.6,0.1,0.05,0.85,2.2595,1.19,2.149,0.9335969586285998,1.5236428571428573
19571,0.25,0.15,0.6,0.1,0.1,0.8,2.2595,1.19,2.1370000000000005,0.9344138754092745,1.5236428571428573
19587,0.25,0.15,0.6,0.15,0.0,0.85,2.2595,1.19,2.1415,0.9341068419636784,1.5236428571428573
19588,0.25,0.15,0.6,0.15,0.05,0.8,2.2595,1.19,2.1295,0.9349274476962666,1.5236428571428573
19604,0.25,0.15,0.6,0.2,0.0,0.8,2.2595,1.19,2.1220000000000003,0.9354433459447036,1.5236428571428573
19740,0.25,0.2,0.55,0.0,0.0,1.0,2.241,1.19,2.2,0.926330741961492,1.5236428571428573
19741,0.25,0.2,0.55,0.0,0.05,0.95,2.241,1.19,2.188,0.9271095126924864,1.5236428571428573
19742,0.25,0.2,0.55,0.0,0.1,0.9,2.241,1.19,2.176,0.9278938361559655,1.5236428571428573
19743,0.25,0.2,0.55,0.0,0.15,0.85,2.241,1.19,2.164,0.9286837719519206,1.5236428571428573
19744,0.25,0.2,0.55,0.0,0.2,0.8,2.241,1.19,2.152,0.9294793805363564,1.5236428571428573
19760,0.25,0.2,0.55,0.05,0.0,0.95,2.241,1.19,2.1805,0.9275990603816406,1.5236428571428573
19761,0.25,0.2,0.55,0.05,0.05,0.9,2.241,1.19,2.1685000000000003,0.9283868845145395,1.5236428571428573
19762,0.25,0.2,0.55,0.05,0.1,0.85,2.241,1.19,2.1565000000000003,0.9291803586636316,1.5236428571428573
19763,0.25,0.2,0.55,0.05,0.15,0.8,2.241,1.19,2.1445000000000003,0.9299795438277416,1.5236428571428573
19779,0.25,0.2,0.55,0.1,0.0,0.9,2.241,1.19,2.161,0.928882139893519,1.5236428571428573
19780,0.25,0.2,0.55,0.1,0.05,0.85,2.241,1.19,2.149,0.929679176223104,1.5236428571428573
19781,0.25,0.2,0.55,0.1,0.1,0.8,2.241,1.19,2.1370000000000005,0.9304819621384744,1.5236428571428573
19797,0.25,0.2,0.55,0.15,0.0,0.85,2.241,1.19,2.1415,0.9301802396968466,1.5236428571428573
19798,0.25,0.2,0.55,0.15,0.05,0.8,2.241,1.19,2.1295,0.930986650753368,1.5236428571428573
19814,0.25,0.2,0.55,0.2,0.0,0.8,2.241,1.19,2.1220000000000003,0.9314936250956845,1.5236428571428573
19950,0.25,0.25,0.5,0.0,0.0,1.0,2.2225,1.19,2.2,0.922471899645282,1.5236428571428573
19951,0.25,0.25,0.5,0.0,0.05,0.95,2.2225,1.19,2.188,0.9232369622330574,1.5236428571428573
19952,0.25,0.25,0.5,0.0,0.1,0.9,2.2225,1.19,2.176,0.9240074798125458,1.5236428571428573
19953,0.25,0.25,0.5,0.0,0.15,0.85,2.2225,1.19,2.164,0.9247835109346424,1.5236428571428573
19954,0.25,0.25,0.5,0.0,0.2,0.8,2.2225,1.19,2.152,0.9255651149911884,1.5236428571428573
19970,0.25,0.25,0.5,0.05,0.0,0.95,2.2225,1.19,2.1805,0.9237178927649812,1.5236428571428573
19971,0.25,0.25,0.5,0.05,0.05,0.9,2.2225,1.19,2.1685000000000003,0.9244918493941132,1.5236428571428573
19972,0.25,0.25,0.5,0.05,0.1,0.85,2.2225,1.19,2.1565000000000003,0.9252713565862518,1.5236428571428573
19973,0.25,0.25,0.5,0.05,0.15,0.8,2.2225,1.19,2.1445000000000003,0.9260564742665028,1.5236428571428573
19989,0.25,0.25,0.5,0.1,0.0,0.9,2.2225,1.19,2.161,0.9249783871474876,1.5236428571428573
19990,0.25,0.25,0.5,0.1,0.05,0.85,2.2225,1.19,2.149,0.9257613938176076,1.5236428571428573
19991,0.25,0.25,0.5,0.1,0.1,0.8,2.2225,1.19,2.1370000000000005,0.9265500488676748,1.5236428571428573
20007,0.25,0.25,0.5,0.15,0.0,0.85,2.2225,1.19,2.1415,0.9262536374300148,1.5236428571428573
20008,0.25,0.25,0.5,0.15,0.05,0.8,2.2225,1.19,2.1295,0.92704585381047,1.5236428571428573
20024,0.25,0.25,0.5,0.2,0.0,0.8,2.2225,1.19,2.1220000000000003,0.9275439042466652,1.5236428571428573
20160,0.25,0.3,0.45,0.0,0.0,1.0,2.204,1.19,2.2,0.9186130573290724,1.5236428571428573
20161,0.25,0.3,0.45,0.0,0.05,0.95,2.204,1.19,2.188,0.9193644117736284,1.5236428571428573
20162,0.25,0.3,0.45,0.0,0.1,0.9,2.204,1.19,2.176,0.920121123469126,1.5236428571428573
20163,0.25,0.3,0.45,0.0,0.15,0.85,2.204,1.19,2.164,0.9208832499173644,1.5236428571428573
20164,0.25,0.3,0.45,0.0,0.2,0.8,2.204,1.19,2.152,0.9216508494460206,1.5236428571428573
20180,0.25,0.3,0.45,0.05,0.0,0.95,2.204,1.19,2.1805,0.9198367251483214,1.5236428571428573
20181,0.25,0.3,0.45,0.05,0.05,0.9,2.204,1.19,2.1685000000000003,0.9205968142736872,1.5236428571428573
20182,0.25,0.3,0.45,0.05,0.1,0.85,2.204,1.19,2.1565000000000003,0.921362354508872,1.5236428571428573
20183,0.25,0.3,0.45,0.05,0.15,0.8,2.204,1.19,2.1445000000000003,0.9221334047052636,1.5236428571428573
20199,0.25,0.3,0.45,0.1,0.0,0.9,2.204,1.19,2.161,0.9210746344014562,1.5236428571428573
20200,0.25,0.3,0.45,0.1,0.05,0.85,2.204,1.19,2.149,0.9218436114121116,1.5236428571428573
20201,0.25,0.3,0.45,0.1,0.1,0.8,2.204,1.19,2.1370000000000005,0.9226181355968748,1.5236428571428573
20217,0.25,0.3,0.45,0.15,0.0,0.85,2.204,1.19,2.1415,0.9223270351631824,1.5236428571428573
20218,0.25,0.3,0.45,0.15,0.05,0.8,2.204,1.19,2.1295,0.9231050568675714,1.5236428571428573
20234,0.25,0.3,0.45,0.2,0.0,0.8,2.204,1.19,2.1220000000000003,0.9235941833976462,1.5236428571428573
20370,0.25,0.35,0.4,0.0,0.0,1.0,2.1855,1.19,2.2,0.9147542150128626,1.5236428571428573
20371,0.25,0.35,0.4,0.0,0.05,0.95,2.1855,1.19,2.188,0.9154918613141996,1.5236428571428573
20372,0.25,0.35,0.4,0.0,0.1,0.9,2.1855,1.19,2.176,0.9162347671257062,1.5236428571428573
20373,0.25,0.35,0.4,0.0,0.15,0.85,2.1855,1.19,2.164,0.916982988900086,1.5236428571428573
20374,0.25,0.35,0.4,0.0,0.2,0.8,2.1855,1.19,2.152,0.9177365839008528,1.5236428571428573
20390,0.25,0.35,0.4,0.05,0.0,0.95,2.1855,1.19,2.1805,0.915955557531662,1.5236428571428573
20391,0.25,0.35,0.4,0.05,0.05,0.9,2.1855,1.19,2.1685000000000003,0.9167017791532612,1.5236428571428573
20392,0.25,0.35,0.4,0.05,0.1,0.85,2.1855,1.19,2.1565000000000003,0.9174533524314924,1.5236428571428573
20393,0.25,0.35,0.4,0.05,0.15,0.8,2.1855,1.19,2.1445000000000003,0.9182103351440246,1.5236428571428573
20409,0.25,0.35,0.4,0.1,0.0,0.9,2.1855,1.19,2.161,0.9171708816554248,1.5236428571428573
20410,0.25,0.35,0.4,0.1,0.05,0.85,2.1855,1.19,2.149,0.9179258290066158,1.5236428571428573
20411,0.25,0.35,0.4,0.1,0.1,0.8,2.1855,1.19,2.1370000000000005,0.9186862223260752,1.5236428571428573
20427,0.25,0.35,0.4,0.15,0.0,0.85,2.1855,1.19,2.1415,0.9184004328963502,1.5236428571428573
20428,0.25,0.35,0.4,0.15,0.05,0.8,2.1855,1.19,2.1295,0.9191642599246732,1.5236428571428573
20444,0.25,0.35,0.4,0.2,0.0,0.8,2.1855,1.19,2.1220000000000003,0.9196444625486272,1.5236428571428573
20580,0.25,0.4,0.35,0.0,0.0,1.0,2.167,1.19,2.2,0.9108953726966528,1.5236428571428573
20581,0.25,0.4,0.35,0.0,0.05,0.95,2.167,1.19,2.188,0.9116193108547704,1.5236428571428573
20582,0.25,0.4,0.35,0.0,0.1,0.9,2.167,1.19,2.176,0.9123484107822862,1.5236428571428573
20583,0.25,0.4,0.35,0.0,0.15,0.85,2.167,1.19,2.164,0.9130827278828076,1.5236428571428573
20584,0.25,0.4,0.35,0.0,0.2,0.8,2.167,1.19,2.152,0.9138223183556848,1.5236428571428573
20600,0.25,0.4,0.35,0.05,0.0,0.95,2.167,1.19,2.1805,0.9120743899150024,1.5236428571428573
20601,0.25,0.4,0.35,0.05,0.05,0.9,2.167,1.19,2.1685000000000003,0.912806744032835,1.5236428571428573
20602,0.25,0.4,0.35,0.05,0.1,0.85,2.167,1.19,2.1565000000000003,0.9135443503541126,1.5236428571428573
20603,0.25,0.4,0.35,0.05,0.15,0.8,2.167,1.19,2.1445000000000003,0.914287265582786,1.5236428571428573
20619,0.25,0.4,0.35,0.1,0.0,0.9,2.167,1.19,2.161,0.9132671289093932,1.5236428571428573
20620,0.25,0.4,0.35,0.1,0.05,0.85,2.167,1.19,2.149,0.9140080466011198,1.5236428571428573
20621,0.25,0.4,0.35,0.1,0.1,0.8,2.167,1.19,2.1370000000000005,0.914754309055275,1.5236428571428573
20637,0.25,0.4,0.35,0.15,0.0,0.85,2.167,1.19,2.1415,0.9144738306295184,1.5236428571428573
20638,0.25,0.4,0.35,0.15,0.05,0.8,2.167,1.19,2.1295,0.9152234629817748,1.5236428571428573
20654,0.25,0.4,0.35,0.2,0.0,0.8,2.167,1.19,2.1220000000000003,0.915694741699608,1.5236428571428573
20790,0.25,0.45,0.3,0.0,0.0,1.0,2.1485,1.19,2.2,0.9070365303804429,1.5236428571428573
20791,0.25,0.45,0.3,0.0,0.05,0.95,2.1485,1.19,2.188,0.9077467603953412,1.5236428571428573
20792,0.25,0.45,0.3,0.0,0.1,0.9,2.1485,1.19,2.176,0.9084620544388664,1.5236428571428573
20793,0.25,0.45,0.3,0.0,0.15,0.85,2.1485,1.19,2.164,0.9091824668655296,1.5236428571428573
20794,0.25,0.45,0.3,0.0,0.2,0.8,2.1485,1.19,2.152,0.9099080528105168,1.5236428571428573
20810,0.25,0.45,0.3,0.05,0.0,0.95,2.1485,1.19,2.1805,0.9081932222983428,1.5236428571428573
20811,0.25,0.45,0.3,0.05,0.05,0.9,2.1485,1.19,2.1685000000000003,0.9089117089124088,1.5236428571428573
20812,0.25,0.45,0.3,0.05,0.1,0.85,2.1485,1.19,2.1565000000000003,0.9096353482767328,1.5236428571428573
20813,0.25,0.45,0.3,0.05,0.15,0.8,2.1485,1.19,2.1445000000000003,0.910364196021547,1.5236428571428573
20829,0.25,0.45,0.3,0.1,0.0,0.9,2.1485,1.19,2.161,0.9093633761633622,1.5236428571428573
20830,0.25,0.45,0.3,0.1,0.05,0.85,2.1485,1.19,2.149,0.9100902641956238,1.5236428571428573
20831,0.25,0.45,0.3,0.1,0.1,0.8,2.1485,1.19,2.1370000000000005,0.9108223957844752,1.5236428571428573
20847,0.25,0.45,0.3,0.15,0.0,0.85,2.1485,1.19,2.1415,0.910547228362686,1.5236428571428573
20848,0.25,0.45,0.3,0.15,0.05,0.8,2.1485,1.19,2.1295,0.9112826660388764,1.5236428571428573
20864,0.25,0.45,0.3,0.2,0.0,0.8,2.1485,1.19,2.1220000000000003,0.9117450208505892,1.5236428571428573
21000,0.25,0.5,0.25,0.0,0.0,1.0,2.13,1.19,2.2,0.9031776880642332,1.5236428571428573
21001,0.25,0.5,0.25,0.0,0.05,0.95,2.13,1.19,2.188,0.9038742099359124,1.5236428571428573
21002,0.25,0.5,0.25,0.0,0.1,0.9,2.13,1.19,2.176,0.9045756980954468,1.5236428571428573
21003,0.25,0.5,0.25,0.0,0.15,0.85,2.13,1.19,2.164,0.9052822058482514,1.5236428571428573
21004,0.25,0.5,0.25,0.0,0.2,0.8,2.13,1.19,2.152,0.905993787265349,1.5236428571428573
21020,0.25,0.5,0.25,0.05,0.0,0.95,2.13,1.19,2.1805,0.904312054681683,1.5236428571428573
21021,0.25,0.5,0.25,0.05,0.05,0.9,2.13,1.19,2.1685000000000003,0.9050166737919828,1.5236428571428573
21022,0.25,0.5,0.25,0.05,0.1,0.85,2.13,1.19,2.1565000000000003,0.9057263461993532,1.5236428571428573
21023,0.25,0.5,0.25,0.05,0.15,0.8,2.13,1.19,2.1445000000000003,0.906441126460308,1.5236428571428573
21039,0.25,0.5,0.25,0.1,0.0,0.9,2.13,1.19,2.161,0.9054596234173308,1.5236428571428573
21040,0.25,0.5,0.25,0.1,0.05,0.85,2.13,1.19,2.149,0.9061724817901278,1.5236428571428573
21041,0.25,0.5,0.25,0.1,0.1,0.8,2.13,1.19,2.1370000000000005,0.9068904825136752,1.5236428571428573
21057,0.25,0.5,0.25,0.15,0.0,0.85,2.13,1.19,2.1415,0.9066206260958538,1.5236428571428573
21058,0.25,0.5,0.25,0.15,0.05,0.8,2.13,1.19,2.1295,0.907341869095978,1.5236428571428573
21074,0.25,0.5,0.25,0.2,0.0,0.8,2.13,1.19,2.1220000000000003,0.90779530000157,1.5236428571428573
21211,0.25,0.55,0.2,0.0,0.05,0.95,2.1115000000000004,1.19,2.188,0.9000016594764835,1.5236428571428573
21212,0.25,0.55,0.2,0.0,0.1,0.9,2.1115000000000004,1.19,2.176,0.900689341752027,1.5236428571428573
21213,0.25,0.55,0.2,0.0,0.15,0.85,2.1115000000000004,1.19,2.164,0.9013819448309732,1.5236428571428573
21214,0.25,0.55,0.2,0.0,0.2,0.8,2.1115000000000004,1.19,2.152,0.9020795217201812,1.5236428571428573
21230,0.25,0.55,0.2,0.05,0.0,0.95,2.1115000000000004,1.19,2.1805,0.9004308870650235,1.5236428571428573
21231,0.25,0.55,0.2,0.05,0.05,0.9,2.1115000000000004,1.19,2.1685000000000003,0.9011216386715568,1.5236428571428573
21232,0.25,0.55,0.2,0.05,0.1,0.85,2.1115000000000004,1.19,2.1565000000000003,0.9018173441219736,1.5236428571428573
21233,0.25,0.55,0.2,0.05,0.15,0.8,2.1115000000000004,1.19,2.1445000000000003,0.9025180568990692,1.5236428571428573
21249,0.25,0.55,0.2,0.1,0.0,0.9,2.1115000000000004,1.19,2.161,0.9015558706712996,1.5236428571428573
21250,0.25,0.55,0.2,0.1,0.05,0.85,2.1115000000000004,1.19,2.149,0.902254699384632,1.5236428571428573
21251,0.25,0.55,0.2,0.1,0.1,0.8,2.1115000000000004,1.19,2.1370000000000005,0.9029585692428757,1.5236428571428573
21267,0.25,0.55,0.2,0.15,0.0,0.85,2.1115000000000004,1.19,2.1415,0.902694023829022,1.5236428571428573
21268,0.25,0.55,0.2,0.15,0.05,0.8,2.1115000000000004,1.19,2.1295,0.9034010721530796,1.5236428571428573
21284,0.25,0.55,0.2,0.2,0.0,0.8,2.1115000000000004,1.19,2.1220000000000003,0.9038455791525511,1.5236428571428573
22050,0.3,0.0,0.7,0.0,0.0,1.0,2.272,1.19,2.2,0.9327969101670324,1.5236428571428573
22051,0.3,0.0,0.7,0.0,0.05,0.95,2.272,1.19,2.188,0.933598651300178,1.5236428571428573
22052,0.3,0.0,0.7,0.0,0.1,0.9,2.272,1.19,2.176,0.934406108947642,1.5236428571428573
22053,0.3,0.0,0.7,0.0,0.15,0.85,2.272,1.19,2.164,0.9352193444673595,1.5236428571428573
22054,0.3,0.0,0.7,0.0,0.2,0.8,2.272,1.19,2.152,0.9360384200985294,1.5236428571428573
22070,0.3,0.0,0.7,0.05,0.0,0.95,2.272,1.19,2.1805,0.9341026385500972,1.5236428571428573
22071,0.3,0.0,0.7,0.05,0.05,0.9,2.272,1.19,2.1685000000000003,0.93491370012174,1.5236428571428573
22072,0.3,0.0,0.7,0.05,0.1,0.85,2.272,1.19,2.1565000000000003,0.9357305783608622,1.5236428571428573
22073,0.3,0.0,0.7,0.05,0.15,0.8,2.272,1.19,2.1445000000000003,0.9365533360654932,1.5236428571428573
22089,0.3,0.0,0.7,0.1,0.0,0.9,2.272,1.19,2.161,0.935423563413896,1.5236428571428573
22090,0.3,0.0,0.7,0.1,0.05,0.85,2.272,1.19,2.149,0.9362441089025836,1.5236428571428573
22091,0.3,0.0,0.7,0.1,0.1,0.8,2.272,1.19,2.1370000000000005,0.9370705735652204,1.5236428571428573
22107,0.3,0.0,0.7,0.15,0.0,0.85,2.272,1.19,2.1415,0.93675995160343,1.5236428571428573
22108,0.3,0.0,0.7,0.15,0.05,0.8,2.272,1.19,2.1295,0.93759014833336,1.5236428571428573
22124,0.3,0.0,0.7,0.2,0.0,0.8,2.272,1.19,2.1220000000000003,0.9381120762480948,1.5236428571428573
22260,0.3,0.05,0.65,0.0,0.0,1.0,2.2535,1.19,2.2,0.9289380678508228,1.5236428571428573
22261,0.3,0.05,0.65,0.0,0.05,0.95,2.2535,1.19,2.188,0.9297261008407492,1.5236428571428573
22262,0.3,0.05,0.65,0.0,0.1,0.9,2.2535,1.19,2.176,0.9305197526042224,1.5236428571428573
22263,0.3,0.05,0.65,0.0,0.15,0.85,2.2535,1.19,2.164,0.9313190834500816,1.5236428571428573
22264,0.3,0.05,0.65,0.0,0.2,0.8,2.2535,1.19,2.152,0.9321241545533616,1.5236428571428573
22280,0.3,0.05,0.65,0.05,0.0,0.95,2.2535,1.19,2.1805,0.9302214709334374,1.5236428571428573
22281,0.3,0.05,0.65,0.05,0.05,0.9,2.2535,1.19,2.1685000000000003,0.931018665001314,1.5236428571428573
22282,0.3,0.05,0.65,0.05,0.1,0.85,2.2535,1.19,2.1565000000000003,0.9318215762834824,1.5236428571428573
22283,0.3,0.05,0.65,0.05,0.15,0.8,2.2535,1.19,2.1445000000000003,0.932630266504254,1.5236428571428573
22299,0.3,0.05,0.65,0.1,0.0,0.9,2.2535,1.19,2.161,0.9315198106678646,1.5236428571428573
22300,0.3,0.05,0.65,0.1,0.05,0.85,2.2535,1.19,2.149,0.9323263264970876,1.5236428571428573
22301,0.3,0.05,0.65,0.1,0.1,0.8,2.2535,1.19,2.1370000000000005,0.9331386602944204,1.5236428571428573
22317,0.3,0.05,0.65,0.15,0.0,0.85,2.2535,1.19,2.1415,0.9328333493365978,1.5236428571428573
22318,0.3,0.05,0.65,0.15,0.05,0.8,2.2535,1.19,2.1295,0.9336493513904616,1.5236428571428573
22334,0.3,0.05,0.65,0.2,0.0,0.8,2.2535,1.19,2.1220000000000003,0.9341623553990756,1.5236428571428573
22470,0.3,0.1,0.6,0.0,0.0,1.0,2.235,1.19,2.2,0.9250792255346132,1.5236428571428573
22471,0.3,0.1,0.6,0.0,0.05,0.95,2.235,1.19,2.188,0.9258535503813204,1.5236428571428573
22472,0.3,0.1,0.6,0.0,0.1,0.9,2.235,1.19,2.176,0.9266333962608024,1.5236428571428573
22473,0.3,0.1,0.6,0.0,0.15,0.85,2.235,1.19,2.164,0.9274188224328032,1.5236428571428573
22474,0.3,0.1,0.6,0.0,0.2,0.8,2.235,1.19,2.152,0.928209889008194,1.5236428571428573
22490,0.3,0.1,0.6,0.05,0.0,0.95,2.235,1.19,2.1805,0.926340303316778,1.5236428571428573
22491,0.3,0.1,0.6,0.05,0.05,0.9,2.235,1.19,2.1685000000000003,0.9271236298808878,1.5236428571428573
22492,0.3,0.1,0.6,0.05,0.1,0.85,2.235,1.19,2.1565000000000003,0.927912574206103,1.5236428571428573
22493,0.3,0.1,0.6,0.05,0.15,0.8,2.235,1.19,2.1445000000000003,0.9287071969430152,1.5236428571428573
22509,0.3,0.1,0.6,0.1,0.0,0.9,2.235,1.19,2.161,0.927616057921833,1.5236428571428573
22510,0.3,0.1,0.6,0.1,0.05,0.85,2.235,1.19,2.149,0.9284085440915916,1.5236428571428573
22511,0.3,0.1,0.6,0.1,0.1,0.8,2.235,1.19,2.1370000000000005,0.9292067470236204,1.5236428571428573
22527,0.3,0.1,0.6,0.15,0.0,0.85,2.235,1.19,2.1415,0.928906747069766,1.5236428571428573
22528,0.3,0.1,0.6,0.15,0.05,0.8,2.235,1.19,2.1295,0.9297085544475632,1.5236428571428573
22544,0.3,0.1,0.6,0.2,0.0,0.8,2.235,1.19,2.1220000000000003,0.9302126345500564,1.5236428571428573
22680,0.3,0.15,0.55,0.0,0.0,1.0,2.2165,1.19,2.2,0.9212203832184032,1.5236428571428573
22681,0.3,0.15,0.55,0.0,0.05,0.95,2.2165,1.19,2.188,0.9219809999218912,1.5236428571428573
22682,0.3,0.15,0.55,0.0,0.1,0.9,2.2165,1.19,2.176,0.9227470399173826,1.5236428571428573
22683,0.3,0.15,0.55,0.0,0.15,0.85,2.2165,1.19,2.164,0.923518561415525,1.5236428571428573
22684,0.3,0.15,0.55,0.0,0.2,0.8,2.2165,1.19,2.152,0.924295623463026,1.5236428571428573
22700,0.3,0.15,0.55,0.05,0.0,0.95,2.2165,1.19,2.1805,0.9224591357001184,1.5236428571428573
22701,0.3,0.15,0.55,0.05,0.05,0.9,2.2165,1.19,2.1685000000000003,0.9232285947604616,1.5236428571428573
22702,0.3,0.15,0.55,0.05,0.1,0.85,2.2165,1.19,2.1565000000000003,0.9240035721287232,1.5236428571428573
22703,0.3,0.15,0.55,0.05,0.15,0.8,2.2165,1.19,2.1445000000000003,0.9247841273817764,1.5236428571428573
22719,0.3,0.15,0.55,0.1,0.0,0.9,2.2165,1.19,2.161,0.9237123051758016,1.5236428571428573
22720,0.3,0.15,0.55,0.1,0.05,0.85,2.2165,1.19,2.149,0.9244907616860956,1.5236428571428573
22721,0.3,0.15,0.55,0.1,0.1,0.8,2.2165,1.19,2.1370000000000005,0.9252748337528208,1.5236428571428573
22737,0.3,0.15,0.55,0.15,0.0,0.85,2.2165,1.19,2.1415,0.924980144802934,1.5236428571428573
22738,0.3,0.15,0.55,0.15,0.05,0.8,2.2165,1.19,2.1295,0.925767757504665,1.5236428571428573
22754,0.3,0.15,0.55,0.2,0.0,0.8,2.2165,1.19,2.1220000000000003,0.9262629137010372,1.5236428571428573
22890,0.3,0.2,0.5,0.0,0.0,1.0,2.198,1.19,2.2,0.9173615409021934,1.5236428571428573
22891,0.3,0.2,0.5,0.0,0.05,0.95,2.198,1.19,2.188,0.918108449462462,1.5236428571428573
22892,0.3,0.2,0.5,0.0,0.1,0.9,2.198,1.19,2.176,0.9188606835739628,1.5236428571428573
22893,0.3,0.2,0.5,0.0,0.15,0.85,2.198,1.19,2.164,0.919618300398247,1.5236428571428573
22894,0.3,0.2,0.5,0.0,0.2,0.8,2.198,1.19,2.152,0.920381357917858,1.5236428571428573
22910,0.3,0.2,0.5,0.05,0.0,0.95,2.198,1.19,2.1805,0.9185779680834588,1.5236428571428573
22911,0.3,0.2,0.5,0.05,0.05,0.9,2.198,1.19,2.1685000000000003,0.9193335596400356,1.5236428571428573
22912,0.3,0.2,0.5,0.05,0.1,0.85,2.198,1.19,2.1565000000000003,0.9200945700513432,1.5236428571428573
22913,0.3,0.2,0.5,0.05,0.15,0.8,2.198,1.19,2.1445000000000003,0.9208610578205376,1.5236428571428573
22929,0.3,0.2,0.5,0.1,0.0,0.9,2.198,1.19,2.161,0.9198085524297704,1.5236428571428573
22930,0.3,0.2,0.5,0.1,0.05,0.85,2.198,1.19,2.149,0.9205729792805994,1.5236428571428573
22931,0.3,0.2,0.5,0.1,0.1,0.8,2.198,1.19,2.1370000000000005,0.9213429204820208,1.5236428571428573
22947,0.3,0.2,0.5,0.15,0.0,0.85,2.198,1.19,2.1415,0.9210535425361016,1.5236428571428573
22948,0.3,0.2,0.5,0.15,0.05,0.8,2.198,1.19,2.1295,0.9218269605617668,1.5236428571428573
22964,0.3,0.2,0.5,0.2,0.0,0.8,2.198,1.19,2.1220000000000003,0.9223131928520184,1.5236428571428573
23100,0.3,0.25,0.45,0.0,0.0,1.0,2.1795,1.19,2.2,0.9135026985859837,1.5236428571428573
23101,0.3,0.25,0.45,0.0,0.05,0.95,2.1795,1.19,2.188,0.9142358990030331,1.5236428571428573
23102,0.3,0.25,0.45,0.0,0.1,0.9,2.1795,1.19,2.176,0.9149743272305428,1.5236428571428573
23103,0.3,0.25,0.45,0.0,0.15,0.85,2.1795,1.19,2.164,0.9157180393809689,1.5236428571428573
23104,0.3,0.25,0.45,0.0,0.2,0.8,2.1795,1.19,2.152,0.9164670923726902,1.5236428571428573
23120,0.3,0.25,0.45,0.05,0.0,0.95,2.1795,1.19,2.1805,0.9146968004667992,1.5236428571428573
23121,0.3,0.25,0.45,0.05,0.05,0.9,2.1795,1.19,2.1685000000000003,0.9154385245196096,1.5236428571428573
23122,0.3,0.25,0.45,0.05,0.1,0.85,2.1795,1.19,2.1565000000000003,0.9161855679739638,1.5236428571428573
23123,0.3,0.25,0.45,0.05,0.15,0.8,2.1795,1.19,2.1445000000000003,0.9169379882592984,1.5236428571428573
23139,0.3,0.25,0.45,0.1,0.0,0.9,2.1795,1.19,2.161,0.9159047996837392,1.5236428571428573
23140,0.3,0.25,0.45,0.1,0.05,0.85,2.1795,1.19,2.149,0.9166551968751036,1.5236428571428573
23141,0.3,0.25,0.45,0.1,0.1,0.8,2.1795,1.19,2.1370000000000005,0.917411007211221,1.5236428571428573
23157,0.3,0.25,0.45,0.15,0.0,0.85,2.1795,1.19,2.1415,0.9171269402692696,1.5236428571428573
23158,0.3,0.25,0.45,0.15,0.05,0.8,2.1795,1.19,2.1295,0.9178861636188682,1.5236428571428573
23174,0.3,0.25,0.45,0.2,0.0,0.8,2.1795,1.19,2.1220000000000003,0.9183634720029994,1.5236428571428573
23310,0.3,0.3,0.4,0.0,0.0,1.0,2.161,1.19,2.2,0.909643856269774,1.5236428571428573
23311,0.3,0.3,0.4,0.0,0.05,0.95,2.161,1.19,2.188,0.9103633485436043,1.5236428571428573
23312,0.3,0.3,0.4,0.0,0.1,0.9,2.161,1.19,2.176,0.911087970887123,1.5236428571428573
23313,0.3,0.3,0.4,0.0,0.15,0.85,2.161,1.19,2.164,0.9118177783636904,1.5236428571428573
23314,0.3,0.3,0.4,0.0,0.2,0.8,2.161,1.19,2.152,0.9125528268275224,1.5236428571428573
23330,0.3,0.3,0.4,0.05,0.0,0.95,2.161,1.19,2.1805,0.9108156328501398,1.5236428571428573
23331,0.3,0.3,0.4,0.05,0.05,0.9,2.161,1.19,2.1685000000000003,0.9115434893991832,1.5236428571428573
23332,0.3,0.3,0.4,0.05,0.1,0.85,2.161,1.19,2.1565000000000003,0.9122765658965842,1.5236428571428573
23333,0.3,0.3,0.4,0.05,0.15,0.8,2.161,1.19,2.1445000000000003,0.9130149186980596,1.5236428571428573
23349,0.3,0.3,0.4,0.1,0.0,0.9,2.161,1.19,2.161,0.9120010469377076,1.5236428571428573
23350,0.3,0.3,0.4,0.1,0.05,0.85,2.161,1.19,2.149,0.9127374144696077,1.5236428571428573
23351,0.3,0.3,0.4,0.1,0.1,0.8,2.161,1.19,2.1370000000000005,0.913479093940421,1.5236428571428573
23367,0.3,0.3,0.4,0.15,0.0,0.85,2.161,1.19,2.1415,0.9132003380024376,1.5236428571428573
23368,0.3,0.3,0.4,0.15,0.05,0.8,2.161,1.19,2.1295,0.9139453666759698,1.5236428571428573
23384,0.3,0.3,0.4,0.2,0.0,0.8,2.161,1.19,2.1220000000000003,0.9144137511539804,1.5236428571428573
23520,0.3,0.35,0.35,0.0,0.0,1.0,2.1425,1.19,2.2,0.905785013953564,1.5236428571428573
23521,0.3,0.35,0.35,0.0,0.05,0.95,2.1425,1.19,2.188,0.9064907980841752,1.5236428571428573
23522,0.3,0.35,0.35,0.0,0.1,0.9,2.1425,1.19,2.176,0.9072016145437032,1.5236428571428573
23523,0.3,0.35,0.35,0.0,0.15,0.85,2.1425,1.19,2.164,0.907917517346412,1.5236428571428573
23524,0.3,0.35,0.35,0.0,0.2,0.8,2.1425,1.19,2.152,0.9086385612823544,1.5236428571428573
23540,0.3,0.35,0.35,0.05,0.0,0.95,2.1425,1.19,2.1805,0.9069344652334804,1.5236428571428573
23541,0.3,0.35,0.35,0.05,0.05,0.9,2.1425,1.19,2.1685000000000003,0.9076484542787572,1.5236428571428573
23542,0.3,0.35,0.35,0.05,0.1,0.85,2.1425,1.19,2.1565000000000003,0.9083675638192044,1.5236428571428573
23543,0.3,0.35,0.35,0.05,0.15,0.8,2.1425,1.19,2.1445000000000003,0.909091849136821,1.5236428571428573
23559,0.3,0.35,0.35,0.1,0.0,0.9,2.1425,1.19,2.161,0.9080972941916762,1.5236428571428573
23560,0.3,0.35,0.35,0.1,0.05,0.85,2.1425,1.19,2.149,0.9088196320641116,1.5236428571428573
23561,0.3,0.35,0.35,0.1,0.1,0.8,2.1425,1.19,2.1370000000000005,0.9095471806696211,1.5236428571428573
23577,0.3,0.35,0.35,0.15,0.0,0.85,2.1425,1.19,2.1415,0.9092737357356055,1.5236428571428573
23578,0.3,0.35,0.35,0.15,0.05,0.8,2.1425,1.19,2.1295,0.9100045697330716,1.5236428571428573
23594,0.3,0.35,0.35,0.2,0.0,0.8,2.1425,1.19,2.1220000000000003,0.9104640303049611,1.5236428571428573
23730,0.3,0.4,0.3,0.0,0.0,1.0,2.124,1.19,2.2,0.9019261716373542,1.5236428571428573
23731,0.3,0.4,0.3,0.0,0.05,0.95,2.124,1.19,2.188,0.902618247624746,1.5236428571428573
23732,0.3,0.4,0.3,0.0,0.1,0.9,2.124,1.19,2.176,0.9033152582002836,1.5236428571428573
23733,0.3,0.4,0.3,0.0,0.15,0.85,2.124,1.19,2.164,0.904017256329134,1.5236428571428573
23734,0.3,0.4,0.3,0.0,0.2,0.8,2.124,1.19,2.152,0.9047242957371864,1.5236428571428573
23750,0.3,0.4,0.3,0.05,0.0,0.95,2.124,1.19,2.1805,0.9030532976168206,1.5236428571428573
23751,0.3,0.4,0.3,0.05,0.05,0.9,2.124,1.19,2.1685000000000003,0.9037534191583312,1.5236428571428573
23752,0.3,0.4,0.3,0.05,0.1,0.85,2.124,1.19,2.1565000000000003,0.9044585617418248,1.5236428571428573
23753,0.3,0.4,0.3,0.05,0.15,0.8,2.124,1.19,2.1445000000000003,0.905168779575582,1.5236428571428573
23769,0.3,0.4,0.3,0.1,0.0,0.9,2.124,1.19,2.161,0.9041935414456448,1.5236428571428573
23770,0.3,0.4,0.3,0.1,0.05,0.85,2.124,1.19,2.149,0.9049018496586156,1.5236428571428573
23771,0.3,0.4,0.3,0.1,0.1,0.8,2.124,1.19,2.1370000000000005,0.9056152673988216,1.5236428571428573
23787,0.3,0.4,0.3,0.15,0.0,0.85,2.124,1.19,2.1415,0.9053471334687734,1.5236428571428573
23788,0.3,0.4,0.3,0.15,0.05,0.8,2.124,1.19,2.1295,0.9060637727901732,1.5236428571428573
23804,0.3,0.4,0.3,0.2,0.0,0.8,2.124,1.19,2.1220000000000003,0.9065143094559422,1.5236428571428573
23943,0.3,0.45,0.25,0.0,0.15,0.85,2.1055,1.19,2.164,0.900116995311856,1.5236428571428573
23944,0.3,0.45,0.25,0.0,0.2,0.8,2.1055,1.19,2.152,0.9008100301920186,1.5236428571428573
23962,0.3,0.45,0.25,0.05,0.1,0.85,2.1055,1.19,2.1565000000000003,0.900549559664445,1.5236428571428573
23963,0.3,0.45,0.25,0.05,0.15,0.8,2.1055,1.19,2.1445000000000003,0.901245710014343,1.5236428571428573
23979,0.3,0.45,0.25,0.1,0.0,0.9,2.1055,1.19,2.161,0.9002897886996136,1.5236428571428573
23980,0.3,0.45,0.25,0.1,0.05,0.85,2.1055,1.19,2.149,0.9009840672531196,1.5236428571428573
23981,0.3,0.45,0.25,0.1,0.1,0.8,2.1055,1.19,2.1370000000000005,0.9016833541280216,1.5236428571428573
23997,0.3,0.45,0.25,0.15,0.0,0.85,2.1055,1.19,2.1415,0.9014205312019412,1.5236428571428573
23998,0.3,0.45,0.25,0.15,0.05,0.8,2.1055,1.19,2.1295,0.9021229758472749,1.5236428571428573
24014,0.3,0.45,0.25,0.2,0.0,0.8,2.1055,1.19,2.1220000000000003,0.9025645886069232,1.5236428571428573
24990,0.35,0.0,0.65,0.0,0.0,1.0,2.229,1.19,2.2,0.9238277091077344,1.5236428571428573
24991,0.35,0.0,0.65,0.0,0.05,0.95,2.229,1.19,2.188,0.924597588070154,1.5236428571428573
24992,0.35,0.0,0.65,0.0,0.1,0.9,2.229,1.19,2.176,0.9253729563656392,1.5236428571428573
24993,0.35,0.0,0.65,0.0,0.15,0.85,2.229,1.19,2.164,0.926153872913686,1.5236428571428573
24994,0.35,0.0,0.65,0.0,0.2,0.8,2.229,1.19,2.152,0.9269403974800312,1.5236428571428573
25010,0.35,0.0,0.65,0.05,0.0,0.95,2.229,1.19,2.1805,0.9250815462519154,1.5236428571428573
25011,0.35,0.0,0.65,0.05,0.05,0.9,2.229,1.19,2.1685000000000003,0.925860375247236,1.5236428571428573
25012,0.35,0.0,0.65,0.05,0.1,0.85,2.229,1.19,2.1565000000000003,0.9266447897485744,1.5236428571428573
25013,0.35,0.0,0.65,0.05,0.15,0.8,2.229,1.19,2.1445000000000003,0.9274348500582892,1.5236428571428573
25029,0.35,0.0,0.65,0.1,0.0,0.9,2.229,1.19,2.161,0.9263499759501472,1.5236428571428573
25030,0.35,0.0,0.65,0.1,0.05,0.85,2.229,1.19,2.149,0.9271379119600792,1.5236428571428573
25031,0.35,0.0,0.65,0.1,0.1,0.8,2.229,1.19,2.1370000000000005,0.9279315319087664,1.5236428571428573
25047,0.35,0.0,0.65,0.15,0.0,0.85,2.229,1.19,2.1415,0.9276332544426852,1.5236428571428573
25048,0.35,0.0,0.65,0.15,0.05,0.8,2.229,1.19,2.1295,0.9284304581417582,1.5236428571428573
25064,0.35,0.0,0.65,0.2,0.0,0.8,2.229,1.19,2.1220000000000003,0.9289316440044288,1.5236428571428573
25200,0.35,0.05,0.6,0.0,0.0,1.0,2.2105,1.19,2.2,0.9199688667915242,1.5236428571428573
25201,0.35,0.05,0.6,0.0,0.05,0.95,2.2105,1.19,2.188,0.920725037610725,1.5236428571428573
25202,0.35,0.05,0.6,0.0,0.1,0.9,2.2105,1.19,2.176,0.9214866000222194,1.5236428571428573
25203,0.35,0.05,0.6,0.0,0.15,0.85,2.2105,1.19,2.164,0.9222536118964078,1.5236428571428573
25204,0.35,0.05,0.6,0.0,0.2,0.8,2.2105,1.19,2.152,0.9230261319348632,1.5236428571428573
25220,0.35,0.05,0.6,0.05,0.0,0.95,2.2105,1.19,2.1805,0.9212003786352558,1.5236428571428573
25221,0.35,0.05,0.6,0.05,0.05,0.9,2.2105,1.19,2.1685000000000003,0.9219653401268098,1.5236428571428573
25222,0.35,0.05,0.6,0.05,0.1,0.85,2.2105,1.19,2.1565000000000003,0.9227357876711946,1.5236428571428573
25223,0.35,0.05,0.6,0.05,0.15,0.8,2.2105,1.19,2.1445000000000003,0.9235117804970504,1.5236428571428573
25239,0.35,0.05,0.6,0.1,0.0,0.9,2.2105,1.19,2.161,0.9224462232041156,1.5236428571428573
25240,0.35,0.05,0.6,0.1,0.05,0.85,2.2105,1.19,2.149,0.9232201295545832,1.5236428571428573
25241,0.35,0.05,0.6,0.1,0.1,0.8,2.2105,1.19,2.1370000000000005,0.9239996186379666,1.5236428571428573
25257,0.35,0.05,0.6,0.15,0.0,0.85,2.2105,1.19,2.1415,0.9237066521758532,1.5236428571428573
25258,0.35,0.05,0.6,0.15,0.05,0.8,2.2105,1.19,2.1295,0.92448966119886,1.5236428571428573
25274,0.35,0.05,0.6,0.2,0.0,0.8,2.2105,1.19,2.1220000000000003,0.9249819231554096,1.5236428571428573
25410,0.35,0.1,0.55,0.0,0.0,1.0,2.192,1.19,2.2,0.9161100244753146,1.5236428571428573
25411,0.35,0.1,0.55,0.0,0.05,0.95,2.192,1.19,2.188,0.916852487151296,1.5236428571428573
25412,0.35,0.1,0.55,0.0,0.1,0.9,2.192,1.19,2.176,0.9176002436787996,1.5236428571428573
25413,0.35,0.1,0.55,0.0,0.15,0.85,2.192,1.19,2.164,0.9183533508791296,1.5236428571428573
25414,0.35,0.1,0.55,0.0,0.2,0.8,2.192,1.19,2.152,0.9191118663896956,1.5236428571428573
25430,0.35,0.1,0.55,0.05,0.0,0.95,2.192,1.19,2.1805,0.9173192110185964,1.5236428571428573
25431,0.35,0.1,0.55,0.05,0.05,0.9,2.192,1.19,2.1685000000000003,0.9180703050063838,1.5236428571428573
25432,0.35,0.1,0.55,0.05,0.1,0.85,2.192,1.19,2.1565000000000003,0.918826785593815,1.5236428571428573
25433,0.35,0.1,0.55,0.05,0.15,0.8,2.192,1.19,2.1445000000000003,0.9195887109358116,1.5236428571428573
25449,0.35,0.1,0.55,0.1,0.0,0.9,2.192,1.19,2.161,0.9185424704580843,1.5236428571428573
25450,0.35,0.1,0.55,0.1,0.05,0.85,2.192,1.19,2.149,0.9193023471490874,1.5236428571428573
25451,0.35,0.1,0.55,0.1,0.1,0.8,2.192,1.19,2.1370000000000005,0.9200677053671668,1.5236428571428573
25467,0.35,0.1,0.55,0.15,0.0,0.85,2.192,1.19,2.1415,0.9197800499090212,1.5236428571428573
25468,0.35,0.1,0.55,0.15,0.05,0.8,2.192,1.19,2.1295,0.9205488642559618,1.5236428571428573
25484,0.35,0.1,0.55,0.2,0.0,0.8,2.192,1.19,2.1220000000000003,0.9210322023063904,1.5236428571428573
25620,0.35,0.15,0.5,0.0,0.0,1.0,2.1735,1.19,2.2,0.9122511821591048,1.5236428571428573
25621,0.35,0.15,0.5,0.0,0.05,0.95,2.1735,1.19,2.188,0.9129799366918672,1.5236428571428573
25622,0.35,0.15,0.5,0.0,0.1,0.9,2.1735,1.19,2.176,0.9137138873353796,1.5236428571428573
25623,0.35,0.15,0.5,0.0,0.15,0.85,2.1735,1.19,2.164,0.9144530898618516,1.5236428571428573
25624,0.35,0.15,0.5,0.0,0.2,0.8,2.1735,1.19,2.152,0.9151976008445276,1.5236428571428573
25640,0.35,0.15,0.5,0.05,0.0,0.95,2.1735,1.19,2.1805,0.9134380434019368,1.5236428571428573
25641,0.35,0.15,0.5,0.05,0.05,0.9,2.1735,1.19,2.1685000000000003,0.9141752698859578,1.5236428571428573
25642,0.35,0.15,0.5,0.05,0.1,0.85,2.1735,1.19,2.1565000000000003,0.9149177835164352,1.5236428571428573
25643,0.35,0.15,0.5,0.05,0.15,0.8,2.1735,1.19,2.1445000000000003,0.9156656413745724,1.5236428571428573
25659,0.35,0.15,0.5,0.1,0.0,0.9,2.1735,1.19,2.161,0.9146387177120532,1.5236428571428573
25660,0.35,0.15,0.5,0.1,0.05,0.85,2.1735,1.19,2.149,0.9153845647435912,1.5236428571428573
25661,0.35,0.15,0.5,0.1,0.1,0.8,2.1735,1.19,2.1370000000000005,0.916135792096367,1.5236428571428573
25677,0.35,0.15,0.5,0.15,0.0,0.85,2.1735,1.19,2.1415,0.9158534476421888,1.5236428571428573
25678,0.35,0.15,0.5,0.15,0.05,0.8,2.1735,1.19,2.1295,0.9166080673130632,1.5236428571428573
25694,0.35,0.15,0.5,0.2,0.0,0.8,2.1735,1.19,2.1220000000000003,0.9170824814573716,1.5236428571428573
25830,0.35,0.2,0.45,0.0,0.0,1.0,2.155,1.19,2.2,0.9083923398428952,1.5236428571428573
25831,0.35,0.2,0.45,0.0,0.05,0.95,2.155,1.19,2.188,0.909107386232438,1.5236428571428573
25832,0.35,0.2,0.45,0.0,0.1,0.9,2.155,1.19,2.176,0.9098275309919598,1.5236428571428573
25833,0.35,0.2,0.45,0.0,0.15,0.85,2.155,1.19,2.164,0.9105528288445732,1.5236428571428573
25834,0.35,0.2,0.45,0.0,0.2,0.8,2.155,1.19,2.152,0.9112833352993598,1.5236428571428573
25850,0.35,0.2,0.45,0.05,0.0,0.95,2.155,1.19,2.1805,0.9095568757852772,1.5236428571428573
25851,0.35,0.2,0.45,0.05,0.05,0.9,2.155,1.19,2.1685000000000003,0.9102802347655315,1.5236428571428573
25852,0.35,0.2,0.45,0.05,0.1,0.85,2.155,1.19,2.1565000000000003,0.9110087814390556,1.5236428571428573
25853,0.35,0.2,0.45,0.05,0.15,0.8,2.155,1.19,2.1445000000000003,0.9117425718133336,1.5236428571428573
25869,0.35,0.2,0.45,0.1,0.0,0.9,2.155,1.19,2.161,0.9107349649660218,1.5236428571428573
25870,0.35,0.2,0.45,0.1,0.05,0.85,2.155,1.19,2.149,0.9114667823380954,1.5236428571428573
25871,0.35,0.2,0.45,0.1,0.1,0.8,2.155,1.19,2.1370000000000005,0.912203878825567,1.5236428571428573
25887,0.35,0.2,0.45,0.15,0.0,0.85,2.155,1.19,2.1415,0.9119268453753568,1.5236428571428573
25888,0.35,0.2,0.45,0.15,0.05,0.8,2.155,1.19,2.1295,0.9126672703701648,1.5236428571428573
25904,0.35,0.2,0.45,0.2,0.0,0.8,2.155,1.19,2.1220000000000003,0.9131327606083524,1.5236428571428573
26040,0.35,0.25,0.4,0.0,0.0,1.0,2.1365,1.19,2.2,0.9045334975266852,1.5236428571428573
26041,0.35,0.25,0.4,0.0,0.05,0.95,2.1365,1.19,2.188,0.9052348357730092,1.5236428571428573
26042,0.35,0.25,0.4,0.0,0.1,0.9,2.1365,1.19,2.176,0.90594117464854,1.5236428571428573
26043,0.35,0.25,0.4,0.0,0.15,0.85,2.1365,1.19,2.164,0.9066525678272948,1.5236428571428573
26044,0.35,0.25,0.4,0.0,0.2,0.8,2.1365,1.19,2.152,0.9073690697541916,1.5236428571428573
26060,0.35,0.25,0.4,0.05,0.0,0.95,2.1365,1.19,2.1805,0.9056757081686176,1.5236428571428573
26061,0.35,0.25,0.4,0.05,0.05,0.9,2.1365,1.19,2.1685000000000003,0.9063851996451054,1.5236428571428573
26062,0.35,0.25,0.4,0.05,0.1,0.85,2.1365,1.19,2.1565000000000003,0.907099779361676,1.5236428571428573
26063,0.35,0.25,0.4,0.05,0.15,0.8,2.1365,1.19,2.1445000000000003,0.9078195022520948,1.5236428571428573
26079,0.35,0.25,0.4,0.1,0.0,0.9,2.1365,1.19,2.161,0.9068312122199904,1.5236428571428573
26080,0.35,0.25,0.4,0.1,0.05,0.85,2.1365,1.19,2.149,0.9075489999325992,1.5236428571428573
26081,0.35,0.25,0.4,0.1,0.1,0.8,2.1365,1.19,2.1370000000000005,0.9082719655547672,1.5236428571428573
26097,0.35,0.25,0.4,0.15,0.0,0.85,2.1365,1.19,2.1415,0.9080002431085248,1.5236428571428573
26098,0.35,0.25,0.4,0.15,0.05,0.8,2.1365,1.19,2.1295,0.9087264734272664,1.5236428571428573
26114,0.35,0.25,0.4,0.2,0.0,0.8,2.1365,1.19,2.1220000000000003,0.9091830397593332,1.5236428571428573
26250,0.35,0.3,0.35,0.0,0.0,1.0,2.118,1.19,2.2,0.9006746552104754,1.5236428571428573
26251,0.35,0.3,0.35,0.0,0.05,0.95,2.118,1.19,2.188,0.90136228531358,1.5236428571428573
26252,0.35,0.3,0.35,0.0,0.1,0.9,2.118,1.19,2.176,0.9020548183051204,1.5236428571428573
26253,0.35,0.3,0.35,0.0,0.15,0.85,2.118,1.19,2.164,0.9027523068100168,1.5236428571428573
26254,0.35,0.3,0.35,0.0,0.2,0.8,2.118,1.19,2.152,0.9034548042090236,1.5236428571428573
26270,0.35,0.3,0.35,0.05,0.0,0.95,2.118,1.19,2.1805,0.9017945405519578,1.5236428571428573
26271,0.35,0.3,0.35,0.05,0.05,0.9,2.118,1.19,2.1685000000000003,0.9024901645246792,1.5236428571428573
26272,0.35,0.3,0.35,0.05,0.1,0.85,2.118,1.19,2.1565000000000003,0.903190777284296,1.5236428571428573
26273,0.35,0.3,0.35,0.05,0.15,0.8,2.118,1.19,2.1445000000000003,0.9038964326908556,1.5236428571428573
26289,0.35,0.3,0.35,0.1,0.0,0.9,2.118,1.19,2.161,0.902927459473959,1.5236428571428573
26290,0.35,0.3,0.35,0.1,0.05,0.85,2.118,1.19,2.149,0.9036312175271032,1.5236428571428573
26291,0.35,0.3,0.35,0.1,0.1,0.8,2.118,1.19,2.1370000000000005,0.9043400522839674,1.5236428571428573
26307,0.35,0.3,0.35,0.15,0.0,0.85,2.118,1.19,2.1415,0.9040736408416926,1.5236428571428573
26308,0.35,0.3,0.35,0.15,0.05,0.8,2.118,1.19,2.1295,0.9047856764843684,1.5236428571428573
26324,0.35,0.3,0.35,0.2,0.0,0.8,2.118,1.19,2.1220000000000003,0.9052333189103144,1.5236428571428573
26501,0.35,0.35,0.3,0.1,0.1,0.8,2.0995,1.19,2.1370000000000005,0.9004081390131675,1.5236428571428573
26517,0.35,0.35,0.3,0.15,0.0,0.85,2.0995,1.19,2.1415,0.9001470385748603,1.5236428571428573
26518,0.35,0.35,0.3,0.15,0.05,0.8,2.0995,1.19,2.1295,0.90084487954147,1.5236428571428573
26534,0.35,0.35,0.3,0.2,0.0,0.8,2.0995,1.19,2.1220000000000003,0.9012835980612954,1.5236428571428573
27720,0.4,0.0,0.6,0.0,0.0,1.0,2.186,1.19,2.2,0.9148585080484356,1.5236428571428573
27721,0.4,0.0,0.6,0.0,0.05,0.95,2.186,1.19,2.188,0.91559652484013,1.5236428571428573
27722,0.4,0.0,0.6,0.0,0.1,0.9,2.186,1.19,2.176,0.9163398037836364,1.5236428571428573
27723,0.4,0.0,0.6,0.0,0.15,0.85,2.186,1.19,2.164,0.9170884013600124,1.5236428571428573
27724,0.4,0.0,0.6,0.0,0.2,0.8,2.186,1.19,2.152,0.9178423748615328,1.5236428571428573
27740,0.4,0.0,0.6,0.05,0.0,0.95,2.186,1.19,2.1805,0.9160604539537338,1.5236428571428573
27741,0.4,0.0,0.6,0.05,0.05,0.9,2.186,1.19,2.1685000000000003,0.916807050372732,1.5236428571428573
27742,0.4,0.0,0.6,0.05,0.1,0.85,2.186,1.19,2.1565000000000003,0.9175590011362864,1.5236428571428573
27743,0.4,0.0,0.6,0.05,0.15,0.8,2.186,1.19,2.1445000000000003,0.9183163640510852,1.5236428571428573
27759,0.4,0.0,0.6,0.1,0.0,0.9,2.186,1.19,2.161,0.9172763884863986,1.5236428571428573
27760,0.4,0.0,0.6,0.1,0.05,0.85,2.186,1.19,2.149,0.9180317150175752,1.5236428571428573
27761,0.4,0.0,0.6,0.1,0.1,0.8,2.186,1.19,2.1370000000000005,0.9187924902523128,1.5236428571428573
27777,0.4,0.0,0.6,0.15,0.0,0.85,2.186,1.19,2.1415,0.9185065572819404,1.5236428571428573
27778,0.4,0.0,0.6,0.15,0.05,0.8,2.186,1.19,2.1295,0.9192707679501568,1.5236428571428573
27794,0.4,0.0,0.6,0.2,0.0,0.8,2.186,1.19,2.1220000000000003,0.9197512117607628,1.5236428571428573
27930,0.4,0.05,0.55,0.0,0.0,1.0,2.1675,1.19,2.2,0.910999665732226,1.5236428571428573
27931,0.4,0.05,0.55,0.0,0.05,0.95,2.1675,1.19,2.188,0.9117239743807009,1.5236428571428573
27932,0.4,0.05,0.55,0.0,0.1,0.9,2.1675,1.19,2.176,0.9124534474402168,1.5236428571428573
27933,0.4,0.05,0.55,0.0,0.15,0.85,2.1675,1.19,2.164,0.9131881403427342,1.5236428571428573
27934,0.4,0.05,0.55,0.0,0.2,0.8,2.1675,1.19,2.152,0.9139281093163648,1.5236428571428573
27950,0.4,0.05,0.55,0.05,0.0,0.95,2.1675,1.19,2.1805,0.912179286337074,1.5236428571428573
27951,0.4,0.05,0.55,0.05,0.05,0.9,2.1675,1.19,2.1685000000000003,0.912912015252306,1.5236428571428573
27952,0.4,0.05,0.55,0.05,0.1,0.85,2.1675,1.19,2.1565000000000003,0.9136499990589064,1.5236428571428573
27953,0.4,0.05,0.55,0.05,0.15,0.8,2.1675,1.19,2.1445000000000003,0.9143932944898464,1.5236428571428573
27969,0.4,0.05,0.55,0.1,0.0,0.9,2.1675,1.19,2.161,0.9133726357403672,1.5236428571428573
27970,0.4,0.05,0.55,0.1,0.05,0.85,2.1675,1.19,2.149,0.914113932612079,1.5236428571428573
27971,0.4,0.05,0.55,0.1,0.1,0.8,2.1675,1.19,2.1370000000000005,0.914860576981513,1.5236428571428573
27987,0.4,0.05,0.55,0.15,0.0,0.85,2.1675,1.19,2.1415,0.9145799550151082,1.5236428571428573
27988,0.4,0.05,0.55,0.15,0.05,0.8,2.1675,1.19,2.1295,0.9153299710072588,1.5236428571428573
28004,0.4,0.05,0.55,0.2,0.0,0.8,2.1675,1.19,2.1220000000000003,0.9158014909117436,1.5236428571428573
28140,0.4,0.1,0.5,0.0,0.0,1.0,2.149,1.19,2.2,0.9071408234160162,1.5236428571428573
28141,0.4,0.1,0.5,0.0,0.05,0.95,2.149,1.19,2.188,0.907851423921272,1.5236428571428573
28142,0.4,0.1,0.5,0.0,0.1,0.9,2.149,1.19,2.176,0.9085670910967968,1.5236428571428573
28143,0.4,0.1,0.5,0.0,0.15,0.85,2.149,1.19,2.164,0.909287879325456,1.5236428571428573
28144,0.4,0.1,0.5,0.0,0.2,0.8,2.149,1.19,2.152,0.9100138437711972,1.5236428571428573
28160,0.4,0.1,0.5,0.05,0.0,0.95,2.149,1.19,2.1805,0.9082981187204144,1.5236428571428573
28161,0.4,0.1,0.5,0.05,0.05,0.9,2.149,1.19,2.1685000000000003,0.90901698013188,1.5236428571428573
28162,0.4,0.1,0.5,0.05,0.1,0.85,2.149,1.19,2.1565000000000003,0.909740996981527,1.5236428571428573
28163,0.4,0.1,0.5,0.05,0.15,0.8,2.149,1.19,2.1445000000000003,0.9104702249286072,1.5236428571428573
28179,0.4,0.1,0.5,0.1,0.0,0.9,2.149,1.19,2.161,0.909468882994336,1.5236428571428573
28180,0.4,0.1,0.5,0.1,0.05,0.85,2.149,1.19,2.149,0.9101961502065832,1.5236428571428573
28181,0.4,0.1,0.5,0.1,0.1,0.8,2.149,1.19,2.1370000000000005,0.9109286637107132,1.5236428571428573
28197,0.4,0.1,0.5,0.15,0.0,0.85,2.149,1.19,2.1415,0.910653352748276,1.5236428571428573
28198,0.4,0.1,0.5,0.15,0.05,0.8,2.149,1.19,2.1295,0.91138917406436,1.5236428571428573
28214,0.4,0.1,0.5,0.2,0.0,0.8,2.149,1.19,2.1220000000000003,0.9118517700627248,1.5236428571428573
28350,0.4,0.15,0.45,0.0,0.0,1.0,2.1305,1.19,2.2,0.9032819810998064,1.5236428571428573
28351,0.4,0.15,0.45,0.0,0.05,0.95,2.1305,1.19,2.188,0.9039788734618428,1.5236428571428573
28352,0.4,0.15,0.45,0.0,0.1,0.9,2.1305,1.19,2.176,0.9046807347533768,1.5236428571428573
28353,0.4,0.15,0.45,0.0,0.15,0.85,2.1305,1.19,2.164,0.9053876183081776,1.5236428571428573
28354,0.4,0.15,0.45,0.0,0.2,0.8,2.1305,1.19,2.152,0.906099578226029,1.5236428571428573
28370,0.4,0.15,0.45,0.05,0.0,0.95,2.1305,1.19,2.1805,0.9044169511037552,1.5236428571428573
28371,0.4,0.15,0.45,0.05,0.05,0.9,2.1305,1.19,2.1685000000000003,0.9051219450114536,1.5236428571428573
28372,0.4,0.15,0.45,0.05,0.1,0.85,2.1305,1.19,2.1565000000000003,0.9058319949041472,1.5236428571428573
28373,0.4,0.15,0.45,0.05,0.15,0.8,2.1305,1.19,2.1445000000000003,0.9065471553673686,1.5236428571428573
28389,0.4,0.15,0.45,0.1,0.0,0.9,2.1305,1.19,2.161,0.9055651302483044,1.5236428571428573
28390,0.4,0.15,0.45,0.1,0.05,0.85,2.1305,1.19,2.149,0.9062783678010872,1.5236428571428573
28391,0.4,0.15,0.45,0.1,0.1,0.8,2.1305,1.19,2.1370000000000005,0.9069967504399132,1.5236428571428573
28407,0.4,0.15,0.45,0.15,0.0,0.85,2.1305,1.19,2.1415,0.906726750481444,1.5236428571428573
28408,0.4,0.15,0.45,0.15,0.05,0.8,2.1305,1.19,2.1295,0.9074483771214616,1.5236428571428573
28424,0.4,0.15,0.45,0.2,0.0,0.8,2.1305,1.19,2.1220000000000003,0.9079020492137057,1.5236428571428573
28561,0.4,0.2,0.4,0.0,0.05,0.95,2.112,1.19,2.188,0.900106323002414,1.5236428571428573
28562,0.4,0.2,0.4,0.0,0.1,0.9,2.112,1.19,2.176,0.9007943784099572,1.5236428571428573
28563,0.4,0.2,0.4,0.0,0.15,0.85,2.112,1.19,2.164,0.9014873572908996,1.5236428571428573
28564,0.4,0.2,0.4,0.0,0.2,0.8,2.112,1.19,2.152,0.9021853126808612,1.5236428571428573
28580,0.4,0.2,0.4,0.05,0.0,0.95,2.112,1.19,2.1805,0.9005357834870955,1.5236428571428573
28581,0.4,0.2,0.4,0.05,0.05,0.9,2.112,1.19,2.1685000000000003,0.9012269098910276,1.5236428571428573
28582,0.4,0.2,0.4,0.05,0.1,0.85,2.112,1.19,2.1565000000000003,0.9019229928267676,1.5236428571428573
28583,0.4,0.2,0.4,0.05,0.15,0.8,2.112,1.19,2.1445000000000003,0.9026240858061298,1.5236428571428573
28599,0.4,0.2,0.4,0.1,0.0,0.9,2.112,1.19,2.161,0.9016613775022732,1.5236428571428573
28600,0.4,0.2,0.4,0.1,0.05,0.85,2.112,1.19,2.149,0.9023605853955912,1.5236428571428573
28601,0.4,0.2,0.4,0.1,0.1,0.8,2.112,1.19,2.1370000000000005,0.9030648371691132,1.5236428571428573
28617,0.4,0.2,0.4,0.15,0.0,0.85,2.112,1.19,2.1415,0.902800148214612,1.5236428571428573
28618,0.4,0.2,0.4,0.15,0.05,0.8,2.112,1.19,2.1295,0.9035075801785634,1.5236428571428573
28634,0.4,0.2,0.4,0.2,0.0,0.8,2.112,1.19,2.1220000000000003,0.9039523283646864,1.5236428571428573
28844,0.4,0.25,0.35,0.2,0.0,0.8,2.0935,1.19,2.1220000000000003,0.9000026075156676,1.5236428571428573
30240,0.45,0.0,0.55,0.0,0.0,1.0,2.143,1.19,2.2,0.9058893069891372,1.5236428571428573
30241,0.45,0.0,0.55,0.0,0.05,0.95,2.143,1.19,2.188,0.9065954616101056,1.5236428571428573
30242,0.45,0.0,0.55,0.0,0.1,0.9,2.143,1.19,2.176,0.9073066512016336,1.5236428571428573
30243,0.45,0.0,0.55,0.0,0.15,0.85,2.143,1.19,2.164,0.9080229298063388,1.5236428571428573
30244,0.45,0.0,0.55,0.0,0.2,0.8,2.143,1.19,2.152,0.9087443522430344,1.5236428571428573
30260,0.45,0.0,0.55,0.05,0.0,0.95,2.143,1.19,2.1805,0.907039361655552,1.5236428571428573
30261,0.45,0.0,0.55,0.05,0.05,0.9,2.143,1.19,2.1685000000000003,0.9077537254982284,1.5236428571428573
30262,0.45,0.0,0.55,0.05,0.1,0.85,2.143,1.19,2.1565000000000003,0.9084732125239984,1.5236428571428573
30263,0.45,0.0,0.55,0.05,0.15,0.8,2.143,1.19,2.1445000000000003,0.9091978780438812,1.5236428571428573
30279,0.45,0.0,0.55,0.1,0.0,0.9,2.143,1.19,2.161,0.90820280102265,1.5236428571428573
30280,0.45,0.0,0.55,0.1,0.05,0.85,2.143,1.19,2.149,0.9089255180750708,1.5236428571428573
30281,0.45,0.0,0.55,0.1,0.1,0.8,2.143,1.19,2.1370000000000005,0.9096534485958592,1.5236428571428573
30297,0.45,0.0,0.55,0.15,0.0,0.85,2.143,1.19,2.1415,0.9093798601211952,1.5236428571428573
30298,0.45,0.0,0.55,0.15,0.05,0.8,2.143,1.19,2.1295,0.9101110777585552,1.5236428571428573
30314,0.45,0.0,0.55,0.2,0.0,0.8,2.143,1.19,2.1220000000000003,0.9105707795170968,1.5236428571428573
30450,0.45,0.05,0.5,0.0,0.0,1.0,2.1245,1.19,2.2,0.9020304646729276,1.5236428571428573
30451,0.45,0.05,0.5,0.0,0.05,0.95,2.1245,1.19,2.188,0.9027229111506768,1.5236428571428573
30452,0.45,0.05,0.5,0.0,0.1,0.9,2.1245,1.19,2.176,0.9034202948582136,1.5236428571428573
30453,0.45,0.05,0.5,0.0,0.15,0.85,2.1245,1.19,2.164,0.9041226687890604,1.5236428571428573
30454,0.45,0.05,0.5,0.0,0.2,0.8,2.1245,1.19,2.152,0.9048300866978668,1.5236428571428573
30470,0.45,0.05,0.5,0.05,0.0,0.95,2.1245,1.19,2.1805,0.9031581940388924,1.5236428571428573
30471,0.45,0.05,0.5,0.05,0.05,0.9,2.1245,1.19,2.1685000000000003,0.903858690377802,1.5236428571428573
30472,0.45,0.05,0.5,0.05,0.1,0.85,2.1245,1.19,2.1565000000000003,0.9045642104466188,1.5236428571428573
30473,0.45,0.05,0.5,0.05,0.15,0.8,2.1245,1.19,2.1445000000000003,0.9052748084826424,1.5236428571428573
30489,0.45,0.05,0.5,0.1,0.0,0.9,2.1245,1.19,2.161,0.9042990482766188,1.5236428571428573
30490,0.45,0.05,0.5,0.1,0.05,0.85,2.1245,1.19,2.149,0.9050077356695748,1.5236428571428573
30491,0.45,0.05,0.5,0.1,0.1,0.8,2.1245,1.19,2.1370000000000005,0.9057215353250592,1.5236428571428573
30507,0.45,0.05,0.5,0.15,0.0,0.85,2.1245,1.19,2.1415,0.9054532578543634,1.5236428571428573
30508,0.45,0.05,0.5,0.15,0.05,0.8,2.1245,1.19,2.1295,0.9061702808156568,1.5236428571428573
30524,0.45,0.05,0.5,0.2,0.0,0.8,2.1245,1.19,2.1220000000000003,0.906621058668078,1.5236428571428573
30663,0.45,0.1,0.45,0.0,0.15,0.85,2.106,1.19,2.164,0.9002224077717822,1.5236428571428573
30664,0.45,0.1,0.45,0.0,0.2,0.8,2.106,1.19,2.152,0.9009158211526986,1.5236428571428573
30682,0.45,0.1,0.45,0.05,0.1,0.85,2.106,1.19,2.1565000000000003,0.9006552083692391,1.5236428571428573
30683,0.45,0.1,0.45,0.05,0.15,0.8,2.106,1.19,2.1445000000000003,0.9013517389214036,1.5236428571428573
30699,0.45,0.1,0.45,0.1,0.0,0.9,2.106,1.19,2.161,0.9003952955305873,1.5236428571428573
30700,0.45,0.1,0.45,0.1,0.05,0.85,2.106,1.19,2.149,0.9010899532640788,1.5236428571428573
30701,0.45,0.1,0.45,0.1,0.1,0.8,2.106,1.19,2.1370000000000005,0.9017896220542592,1.5236428571428573
30717,0.45,0.1,0.45,0.15,0.0,0.85,2.106,1.19,2.1415,0.9015266555875312,1.5236428571428573
30718,0.45,0.1,0.45,0.15,0.05,0.8,2.106,1.19,2.1295,0.9022294838727584,1.5236428571428573
30734,0.45,0.1,0.45,0.2,0.0,0.8,2.106,1.19,2.1220000000000003,0.9026713378190588,1.5236428571428573
32573,0.5,0.0,0.5,0.05,0.15,0.8,2.1,1.19,2.1445000000000003,0.9000793920366774,1.5236428571428573
32591,0.5,0.0,0.5,0.1,0.1,0.8,2.1,1.19,2.1370000000000005,0.9005144069394052,1.5236428571428573
32607,0.5,0.0,0.5,0.15,0.0,0.85,2.1,1.19,2.1415,0.9002531629604505,1.5236428571428573
32608,0.5,0.0,0.5,0.15,0.05,0.8,2.1,1.19,2.1295,0.9009513875669536,1.5236428571428573
32624,0.5,0.0,0.5,0.2,0.0,0.8,2.1,1.19,2.1220000000000003,0.9013903472734308,1.5236428571428573
