,xA,yA,zA,xC,yC,zC,rA,rB,rC,TF,predicted
1,0.0,0.0,1.0,0.0,0.05,0.95,2.53,1.19,2.188,0.987605030680323,1.5214222639981583
2,0.0,0.0,1.0,0.0,0.1,0.9,2.53,1.19,2.176,0.9886050244396588,1.5532665623868236
3,0.0,0.0,1.0,0.0,0.15,0.85,2.53,1.19,2.164,0.989612173789402,1.5851124765503188
4,0.0,0.0,1.0,0.0,0.2,0.8,2.53,1.19,2.152,0.99062655580952,1.6169600238937623
5,0.0,0.0,1.0,0.0,0.25,0.75,2.53,1.19,2.14,0.991648248691044,1.6488092220731478
6,0.0,0.0,1.0,0.0,0.3,0.7,2.53,1.19,2.128,0.9926773317561596,1.6806600889999008
20,0.0,0.0,1.0,0.05,0.0,0.95,2.53,1.19,2.1805,0.9882291923391876,1.5482651536836807
21,0.0,0.0,1.0,0.05,0.05,0.9,2.53,1.19,2.1685000000000003,0.9892336493687638,1.5801104599052875
22,0.0,0.0,1.0,0.05,0.1,0.85,2.53,1.19,2.1565000000000003,0.99024531003459,1.6119573927507616
23,0.0,0.0,1.0,0.05,0.15,0.8,2.53,1.19,2.1445000000000003,0.9912642521087168,1.643805969781495
24,0.0,0.0,1.0,0.05,0.2,0.75,2.53,1.19,2.1325000000000003,0.9922905544867652,1.6756562088125833
39,0.0,0.0,1.0,0.1,0.0,0.9,2.53,1.19,2.161,0.9898650881963874,1.6069549928187596
40,0.0,0.0,1.0,0.1,0.05,0.85,2.53,1.19,2.149,0.9908812905576088,1.6388029512060358
41,0.0,0.0,1.0,0.1,0.1,0.8,2.53,1.19,2.1370000000000005,0.9919048235039424,1.6706525648829924
57,0.0,0.0,1.0,0.15,0.0,0.85,2.53,1.19,2.1415,0.9915201345678992,1.6656491562537545
58,0.0,0.0,1.0,0.15,0.05,0.8,2.53,1.19,2.1295,0.9925482894829696,1.697499813598712
211,0.0,0.05,0.95,0.0,0.05,0.95,2.5115,1.19,2.188,0.983732480220894,1.526603427880859
212,0.0,0.05,0.95,0.0,0.1,0.9,2.5115,1.19,2.176,0.9847186680962392,1.5584446088188866
213,0.0,0.05,0.95,0.0,0.15,0.85,2.5115,1.19,2.164,0.9857119127721236,1.5902873832244069
214,0.0,0.05,0.95,0.0,0.2,0.8,2.5115,1.19,2.152,0.986712290264352,1.6221317682622396
215,0.0,0.05,0.95,0.0,0.25,0.75,2.5115,1.19,2.14,0.9877198776844522,1.6539777813446266
216,0.0,0.05,0.95,0.0,0.3,0.7,2.5115,1.19,2.128,0.9887347532594898,1.6858254401357002
230,0.0,0.05,0.95,0.05,0.0,0.95,2.5115,1.19,2.1805,0.984348024722528,1.5534443717610817
231,0.0,0.05,0.95,0.05,0.05,0.9,2.5115,1.19,2.1685000000000003,0.9853386142483376,1.585286546617937
232,0.0,0.05,0.95,0.05,0.1,0.85,2.5115,1.19,2.1565000000000003,0.98633630795721,1.6171303256415404
233,0.0,0.05,0.95,0.05,0.15,0.8,2.5115,1.19,2.1445000000000003,0.987341182547478,1.6489757261508333
234,0.0,0.05,0.95,0.05,0.2,0.75,2.5115,1.19,2.1325000000000003,0.9883533158255308,1.6808227657149546
249,0.0,0.05,0.95,0.1,0.0,0.9,2.5115,1.19,2.161,0.985961335450356,1.612129111039748
250,0.0,0.05,0.95,0.1,0.05,0.85,2.5115,1.19,2.149,0.9869635081521128,1.6439739014465578
251,0.0,0.05,0.95,0.1,0.1,0.8,2.5115,1.19,2.1370000000000005,0.9879729102331426,1.6758203242901648
267,0.0,0.05,0.95,0.15,0.0,0.85,2.5115,1.19,2.1415,0.9875935323010672,1.6708181149171812
421,0.0,0.1,0.9,0.0,0.05,0.95,2.493,1.19,2.188,0.9798599297614649,1.531784591763559
422,0.0,0.1,0.9,0.0,0.1,0.9,2.493,1.19,2.176,0.9808323117528196,1.5636226552509505
423,0.0,0.1,0.9,0.0,0.15,0.85,2.493,1.19,2.164,0.9818116517548454,1.5954622898984958
424,0.0,0.1,0.9,0.0,0.2,0.8,2.493,1.19,2.152,0.982798024719184,1.6273035126307183
425,0.0,0.1,0.9,0.0,0.25,0.75,2.493,1.19,2.14,0.9837915066778602,1.659146340616103
426,0.0,0.1,0.9,0.0,0.3,0.7,2.493,1.19,2.128,0.9847921747628198,1.6909907912714996
440,0.0,0.1,0.9,0.05,0.0,0.95,2.493,1.19,2.1805,0.9804668571058685,1.5586235898384757
441,0.0,0.1,0.9,0.05,0.05,0.9,2.493,1.19,2.1685000000000003,0.9814435791279116,1.5904626333305871
442,0.0,0.1,0.9,0.05,0.1,0.85,2.493,1.19,2.1565000000000003,0.9824273058798304,1.6223032585323218
443,0.0,0.1,0.9,0.05,0.15,0.8,2.493,1.19,2.1445000000000003,0.9834181129862388,1.6541454825201694
444,0.0,0.1,0.9,0.05,0.2,0.75,2.493,1.19,2.1325000000000003,0.9844160771642968,1.6859893226173233
459,0.0,0.1,0.9,0.1,0.0,0.9,2.493,1.19,2.161,0.9820575827043246,1.6173032292607363
460,0.0,0.1,0.9,0.1,0.05,0.85,2.493,1.19,2.149,0.9830457257466167,1.6491448516870792
461,0.0,0.1,0.9,0.1,0.1,0.8,2.493,1.19,2.1370000000000005,0.9840409969623428,1.6809880836973359
477,0.0,0.1,0.9,0.15,0.0,0.85,2.493,1.19,2.1415,0.9836669300342352,1.6759870735806048
630,0.0,0.15,0.85,0.0,0.0,1.0,2.4744999999999995,1.19,2.2,0.9750355895741936,1.5051323420143223
631,0.0,0.15,0.85,0.0,0.05,0.95,2.4744999999999995,1.19,2.188,0.975987379302036,1.5369657556462597
632,0.0,0.15,0.85,0.0,0.1,0.9,2.4744999999999995,1.19,2.176,0.9769459554093994,1.568800701683016
633,0.0,0.15,0.85,0.0,0.15,0.85,2.4744999999999995,1.19,2.164,0.9779113907375672,1.600637196572583
634,0.0,0.15,0.85,0.0,0.2,0.8,2.4744999999999995,1.19,2.152,0.978883759174016,1.6324752569991965
635,0.0,0.15,0.85,0.0,0.25,0.75,2.4744999999999995,1.19,2.14,0.979863135671268,1.6643148998875814
636,0.0,0.15,0.85,0.0,0.3,0.7,2.4744999999999995,1.19,2.128,0.9808495962661496,1.6961561424073026
650,0.0,0.15,0.85,0.05,0.0,0.95,2.4744999999999995,1.19,2.1805,0.9765856894892088,1.5638028079158723
651,0.0,0.15,0.85,0.05,0.05,0.9,2.4744999999999995,1.19,2.1685000000000003,0.9775485440074854,1.5956387200432331
652,0.0,0.15,0.85,0.05,0.1,0.85,2.4744999999999995,1.19,2.1565000000000003,0.9785183038024508,1.6274761914231033
653,0.0,0.15,0.85,0.05,0.15,0.8,2.4744999999999995,1.19,2.1445000000000003,0.979495043425,1.659315238889509
654,0.0,0.15,0.85,0.05,0.2,0.75,2.4744999999999995,1.19,2.1325000000000003,0.980478838503062,1.6911558795196928
669,0.0,0.15,0.85,0.1,0.0,0.9,2.4744999999999995,1.19,2.161,0.9781538299582933,1.6224773474817247
670,0.0,0.15,0.85,0.1,0.05,0.85,2.4744999999999995,1.19,2.149,0.9791279433411209,1.654315801927598
671,0.0,0.15,0.85,0.1,0.1,0.8,2.4744999999999995,1.19,2.1370000000000005,0.9801090836915428,1.6861558431045083
687,0.0,0.15,0.85,0.15,0.0,0.85,2.4744999999999995,1.19,2.1415,0.9797403277674028,1.6811560322440284
840,0.0,0.2,0.8,0.0,0.0,1.0,2.456,1.19,2.2,0.971176747257984,1.5103166012772133
841,0.0,0.2,0.8,0.0,0.05,0.95,2.456,1.19,2.188,0.9721148288426072,1.5421469195289612
842,0.0,0.2,0.8,0.0,0.1,0.9,2.456,1.19,2.176,0.9730595990659796,1.57397874811508
843,0.0,0.2,0.8,0.0,0.15,0.85,2.456,1.19,2.164,0.974011129720289,1.6058121032466706
844,0.0,0.2,0.8,0.0,0.2,0.8,2.456,1.19,2.152,0.9749694936288482,1.6376470013676765
845,0.0,0.2,0.8,0.0,0.25,0.75,2.456,1.19,2.14,0.9759347646646764,1.669483459159058
860,0.0,0.2,0.8,0.05,0.0,0.95,2.456,1.19,2.1805,0.9727045218725492,1.5689820259932703
861,0.0,0.2,0.8,0.05,0.05,0.9,2.456,1.19,2.1685000000000003,0.9736535088870594,1.6008148067558827
862,0.0,0.2,0.8,0.05,0.1,0.85,2.456,1.19,2.1565000000000003,0.9746093017250712,1.632649124313882
863,0.0,0.2,0.8,0.05,0.15,0.8,2.456,1.19,2.1445000000000003,0.9755719738637612,1.6644849952588463
864,0.0,0.2,0.8,0.05,0.2,0.75,2.456,1.19,2.1325000000000003,0.9765415998418278,1.696322436422062
879,0.0,0.2,0.8,0.1,0.0,0.9,2.456,1.19,2.161,0.974250077212262,1.6276514657027117
880,0.0,0.2,0.8,0.1,0.05,0.85,2.456,1.19,2.149,0.9752101609356248,1.6594867521681191
881,0.0,0.2,0.8,0.1,0.1,0.8,2.456,1.19,2.1370000000000005,0.976177170420743,1.6913236025116798
897,0.0,0.2,0.8,0.15,0.0,0.85,2.456,1.19,2.1415,0.975813725500571,1.6863249909074551
1050,0.0,0.25,0.75,0.0,0.0,1.0,2.4375,1.19,2.2,0.967317904941774,1.5155008605401048
1051,0.0,0.25,0.75,0.0,0.05,0.95,2.4375,1.19,2.188,0.968242278383178,1.5473280834116618
1052,0.0,0.25,0.75,0.0,0.1,0.9,2.4375,1.19,2.176,0.96917324272256,1.579156794547143
1053,0.0,0.25,0.75,0.0,0.15,0.85,2.4375,1.19,2.164,0.9701108687030108,1.6109870099207604
1054,0.0,0.25,0.75,0.0,0.2,0.8,2.4375,1.19,2.152,0.9710552280836804,1.6428187457361547
1055,0.0,0.25,0.75,0.0,0.25,0.75,2.4375,1.19,2.14,0.9720063936580844,1.6746520184305371
1070,0.0,0.25,0.75,0.05,0.0,0.95,2.4375,1.19,2.1805,0.9688233542558896,1.574161244070667
1071,0.0,0.25,0.75,0.05,0.05,0.9,2.4375,1.19,2.1685000000000003,0.969758473766633,1.605990893468531
1072,0.0,0.25,0.75,0.05,0.1,0.85,2.4375,1.19,2.1565000000000003,0.9707002996476912,1.6378220572046631
1073,0.0,0.25,0.75,0.05,0.15,0.8,2.4375,1.19,2.1445000000000003,0.9716489043025224,1.6696547516281846
1089,0.0,0.25,0.75,0.1,0.0,0.9,2.4375,1.19,2.161,0.9703463244662304,1.6328255839237014
1090,0.0,0.25,0.75,0.1,0.05,0.85,2.4375,1.19,2.149,0.9712923785301288,1.6646577024086393
1091,0.0,0.25,0.75,0.1,0.1,0.8,2.4375,1.19,2.1370000000000005,0.9722452571499434,1.6964913619188544
1107,0.0,0.25,0.75,0.15,0.0,0.85,2.4375,1.19,2.1415,0.9718871232337388,1.6914939495708796
1260,0.0,0.3,0.7,0.0,0.0,1.0,2.419,1.19,2.2,0.963459062625564,1.5206851198029931
1261,0.0,0.3,0.7,0.0,0.05,0.95,2.419,1.19,2.188,0.964369727923749,1.5525092472943638
1262,0.0,0.3,0.7,0.0,0.1,0.9,2.419,1.19,2.176,0.96528688637914,1.5843348409792064
1263,0.0,0.3,0.7,0.0,0.15,0.85,2.419,1.19,2.164,0.9662106076857326,1.616161916594847
1264,0.0,0.3,0.7,0.0,0.2,0.8,2.419,1.19,2.152,0.9671409625385124,1.6479904901046338
1265,0.0,0.3,0.7,0.0,0.25,0.75,2.419,1.19,2.14,0.9680780226514925,1.679820577702015
1280,0.0,0.3,0.7,0.05,0.0,0.95,2.419,1.19,2.1805,0.96494218663923,1.579340462148065
1281,0.0,0.3,0.7,0.05,0.05,0.9,2.419,1.19,2.1685000000000003,0.965863438646207,1.6111669801811788
1282,0.0,0.3,0.7,0.05,0.1,0.85,2.419,1.19,2.1565000000000003,0.9667912975703116,1.6429949900954397
1283,0.0,0.3,0.7,0.05,0.15,0.8,2.419,1.19,2.1445000000000003,0.9677258347412832,1.674824507997526
1299,0.0,0.3,0.7,0.1,0.0,0.9,2.419,1.19,2.161,0.9664425717201992,1.6379997021446884
1300,0.0,0.3,0.7,0.1,0.05,0.85,2.419,1.19,2.149,0.9673745961246328,1.6698286526491595
1317,0.0,0.3,0.7,0.15,0.0,0.85,2.419,1.19,2.1415,0.9679605209669064,1.696662908234304
1470,0.0,0.35,0.65,0.0,0.0,1.0,2.4005,1.19,2.2,0.9596002203093544,1.5258693790658837
1471,0.0,0.35,0.65,0.0,0.05,0.95,2.4005,1.19,2.188,0.96049717746432,1.5576904111770604
1472,0.0,0.35,0.65,0.0,0.1,0.9,2.4005,1.19,2.176,0.9614005300357202,1.5895128874112685
1473,0.0,0.35,0.65,0.0,0.15,0.85,2.4005,1.19,2.164,0.9623103466684544,1.6213368232689356
1474,0.0,0.35,0.65,0.0,0.2,0.8,2.4005,1.19,2.152,0.9632266969933446,1.653162234473113
1475,0.0,0.35,0.65,0.0,0.25,0.75,2.4005,1.19,2.14,0.9641496516449004,1.6849891369734924
1490,0.0,0.35,0.65,0.05,0.0,0.95,2.4005,1.19,2.1805,0.9610610190225704,1.5845196802254602
1491,0.0,0.35,0.65,0.05,0.05,0.9,2.4005,1.19,2.1685000000000003,0.9619684035257812,1.616343066893828
1492,0.0,0.35,0.65,0.05,0.1,0.85,2.4005,1.19,2.1565000000000003,0.962882295492932,1.6481679229862194
1493,0.0,0.35,0.65,0.05,0.15,0.8,2.4005,1.19,2.1445000000000003,0.9638027651800444,1.6799942643668602
1509,0.0,0.35,0.65,0.1,0.0,0.9,2.4005,1.19,2.161,0.962538818974168,1.643173820365679
1510,0.0,0.35,0.65,0.1,0.05,0.85,2.4005,1.19,2.149,0.9634568137191368,1.6749996028896788
1680,0.0,0.4,0.6,0.0,0.0,1.0,2.382,1.19,2.2,0.9557413779931446,1.5310536383287756
1681,0.0,0.4,0.6,0.0,0.05,0.95,2.382,1.19,2.188,0.956624627004891,1.5628715750597628
1682,0.0,0.4,0.6,0.0,0.1,0.9,2.382,1.19,2.176,0.9575141736923004,1.5946909338433337
1683,0.0,0.4,0.6,0.0,0.15,0.85,2.382,1.19,2.164,0.958410085651176,1.626511729943025
1684,0.0,0.4,0.6,0.0,0.2,0.8,2.382,1.19,2.152,0.9593124314481764,1.658333978841592
1685,0.0,0.4,0.6,0.0,0.25,0.75,2.382,1.19,2.14,0.9602212806383088,1.690157696244968
1700,0.0,0.4,0.6,0.05,0.0,0.95,2.382,1.19,2.1805,0.957179851405911,1.589698898302856
1701,0.0,0.4,0.6,0.05,0.05,0.9,2.382,1.19,2.1685000000000003,0.9580733684053548,1.6215191536064726
1702,0.0,0.4,0.6,0.05,0.1,0.85,2.382,1.19,2.1565000000000003,0.9589732934155522,1.6533408558769995
1703,0.0,0.4,0.6,0.05,0.15,0.8,2.382,1.19,2.1445000000000003,0.9598796956188056,1.6851640207362006
1719,0.0,0.4,0.6,0.1,0.0,0.9,2.382,1.19,2.161,0.9586350662281364,1.6483479385866668
1720,0.0,0.4,0.6,0.1,0.05,0.85,2.382,1.19,2.149,0.9595390313136408,1.680170553130199
1890,0.0,0.45,0.55,0.0,0.0,1.0,2.3635,1.19,2.2,0.951882535676935,1.5362378975916635
1891,0.0,0.45,0.55,0.0,0.05,0.95,2.3635,1.19,2.188,0.952752076545462,1.568052738942466
1892,0.0,0.45,0.55,0.0,0.1,0.9,2.3635,1.19,2.176,0.9536278173488808,1.5998689802753985
1893,0.0,0.45,0.55,0.0,0.15,0.85,2.3635,1.19,2.164,0.954509824633898,1.6316866366171112
1894,0.0,0.45,0.55,0.0,0.2,0.8,2.3635,1.19,2.152,0.9553981659030087,1.6635057232100703
1895,0.0,0.45,0.55,0.0,0.25,0.75,2.3635,1.19,2.14,0.9562929096317168,1.6953262555164454
1910,0.0,0.45,0.55,0.05,0.0,0.95,2.3635,1.19,2.1805,0.9532986837892516,1.5948781163802535
1911,0.0,0.45,0.55,0.05,0.05,0.9,2.3635,1.19,2.1685000000000003,0.9541783332849288,1.6266952403191244
1912,0.0,0.45,0.55,0.05,0.1,0.85,2.3635,1.19,2.1565000000000003,0.9550642913381726,1.6585137887677783
1913,0.0,0.45,0.55,0.05,0.15,0.8,2.3635,1.19,2.1445000000000003,0.9559566260575668,1.6903337771055384
1929,0.0,0.45,0.55,0.1,0.0,0.9,2.3635,1.19,2.161,0.954731313482105,1.6535220568076552
1930,0.0,0.45,0.55,0.1,0.05,0.85,2.3635,1.19,2.149,0.9556212489081448,1.68534150337072
2100,0.0,0.5,0.5,0.0,0.0,1.0,2.345,1.19,2.2,0.948023693360725,1.5414221568545559
2101,0.0,0.5,0.5,0.0,0.05,0.95,2.345,1.19,2.188,0.948879526086033,1.573233902825165
2102,0.0,0.5,0.5,0.0,0.1,0.9,2.345,1.19,2.176,0.9497414610054608,1.6050470267074615
2103,0.0,0.5,0.5,0.0,0.15,0.85,2.345,1.19,2.164,0.9506095636166196,1.6368615432911988
2104,0.0,0.5,0.5,0.0,0.2,0.8,2.345,1.19,2.152,0.9514839003578408,1.6686774675785476
2120,0.0,0.5,0.5,0.05,0.0,0.95,2.345,1.19,2.1805,0.9494175161725916,1.6000573344576514
2121,0.0,0.5,0.5,0.05,0.05,0.9,2.345,1.19,2.1685000000000003,0.9502832981645026,1.6318713270317722
2122,0.0,0.5,0.5,0.05,0.1,0.85,2.345,1.19,2.1565000000000003,0.9511552892607928,1.6636867216585616
2123,0.0,0.5,0.5,0.05,0.15,0.8,2.345,1.19,2.1445000000000003,0.9520335564963276,1.6955035334748763
2139,0.0,0.5,0.5,0.1,0.0,0.9,2.345,1.19,2.161,0.9508275607360738,1.658696175028643
2140,0.0,0.5,0.5,0.1,0.05,0.85,2.345,1.19,2.149,0.9517034665026488,1.6905124536112406
2310,0.0,0.55,0.45,0.0,0.0,1.0,2.3265,1.19,2.2,0.9441648510445156,1.5466064161174455
2311,0.0,0.55,0.45,0.0,0.05,0.95,2.3265,1.19,2.188,0.9450069756266042,1.5784150667078642
2312,0.0,0.55,0.45,0.0,0.1,0.9,2.3265,1.19,2.176,0.945855104662041,1.610225073139525
2313,0.0,0.55,0.45,0.0,0.15,0.85,2.3265,1.19,2.164,0.9467093025993416,1.6420364499652877
2314,0.0,0.55,0.45,0.0,0.2,0.8,2.3265,1.19,2.152,0.947569634812673,1.6738492119470272
2330,0.0,0.55,0.45,0.05,0.0,0.95,2.3265,1.19,2.1805,0.9455363485559322,1.6052365525350436
2331,0.0,0.55,0.45,0.05,0.05,0.9,2.3265,1.19,2.1685000000000003,0.9463882630440766,1.6370474137444218
2332,0.0,0.55,0.45,0.05,0.1,0.85,2.3265,1.19,2.1565000000000003,0.9472462871834132,1.668859654549339
2349,0.0,0.55,0.45,0.1,0.0,0.9,2.3265,1.19,2.161,0.9469238079900424,1.6638702932496323
2350,0.0,0.55,0.45,0.1,0.05,0.85,2.3265,1.19,2.149,0.9477856840971528,1.6956834038517616
2520,0.0,0.6,0.4,0.0,0.0,1.0,2.308,1.19,2.2,0.9403060087283056,1.551790675380336
2521,0.0,0.6,0.4,0.0,0.05,0.95,2.308,1.19,2.188,0.941134425167175,1.5835962305905649
2522,0.0,0.6,0.4,0.0,0.1,0.9,2.308,1.19,2.176,0.9419687483186212,1.61540311957159
2523,0.0,0.6,0.4,0.0,0.15,0.85,2.308,1.19,2.164,0.9428090415820632,1.6472113566393767
2524,0.0,0.6,0.4,0.0,0.2,0.8,2.308,1.19,2.152,0.943655369267505,1.6790209563155063
2540,0.0,0.6,0.4,0.05,0.0,0.95,2.308,1.19,2.1805,0.9416551809392728,1.6104157706124425
2541,0.0,0.6,0.4,0.05,0.05,0.9,2.308,1.19,2.1685000000000003,0.9424932279236502,1.6422235004570678
2542,0.0,0.6,0.4,0.05,0.1,0.85,2.308,1.19,2.1565000000000003,0.9433372851060337,1.6740325874401183
2559,0.0,0.6,0.4,0.1,0.0,0.9,2.308,1.19,2.161,0.9430200552440108,1.6690444114706207
2730,0.0,0.65,0.35,0.0,0.0,1.0,2.2895,1.19,2.2,0.9364471664120956,1.5569749346432245
2731,0.0,0.65,0.35,0.0,0.05,0.95,2.2895,1.19,2.188,0.937261874707746,1.5887773944732668
2732,0.0,0.65,0.35,0.0,0.1,0.9,2.2895,1.19,2.176,0.9380823919752016,1.6205811660036509
2733,0.0,0.65,0.35,0.0,0.15,0.85,2.2895,1.19,2.164,0.9389087805647852,1.6523862633134643
2734,0.0,0.65,0.35,0.0,0.2,0.8,2.2895,1.19,2.152,0.9397411037223372,1.684192700683984
2750,0.0,0.65,0.35,0.05,0.0,0.95,2.2895,1.19,2.1805,0.937774013322613,1.615594988689839
2751,0.0,0.65,0.35,0.05,0.05,0.9,2.2895,1.19,2.1685000000000003,0.9385981928032242,1.6473995871697187
2752,0.0,0.65,0.35,0.05,0.1,0.85,2.2895,1.19,2.1565000000000003,0.9394282830286536,1.6792055203308958
2769,0.0,0.65,0.35,0.1,0.0,0.9,2.2895,1.19,2.161,0.9391163024979796,1.6742185296916077
2940,0.0,0.7,0.3,0.0,0.0,1.0,2.271,1.19,2.2,0.932588324095886,1.5621591939061168
2941,0.0,0.7,0.3,0.0,0.05,0.95,2.271,1.19,2.188,0.9333893242483172,1.5939585583559661
2942,0.0,0.7,0.3,0.0,0.1,0.9,2.271,1.19,2.176,0.9341960356317814,1.6257592124357183
2943,0.0,0.7,0.3,0.0,0.15,0.85,2.271,1.19,2.164,0.935008519547507,1.6575611699875514
2944,0.0,0.7,0.3,0.0,0.2,0.8,2.271,1.19,2.152,0.9358268381771692,1.6893644450524619
2960,0.0,0.7,0.3,0.05,0.0,0.95,2.271,1.19,2.1805,0.9338928457059534,1.620774206767234
2961,0.0,0.7,0.3,0.05,0.05,0.9,2.271,1.19,2.1685000000000003,0.934703157682798,1.6525756738823647
2962,0.0,0.7,0.3,0.05,0.1,0.85,2.271,1.19,2.1565000000000003,0.935519280951274,1.6843784532216781
2979,0.0,0.7,0.3,0.1,0.0,0.9,2.271,1.19,2.161,0.9352125497519482,1.679392647912597
3150,0.0,0.75,0.25,0.0,0.0,1.0,2.2525,1.19,2.2,0.9287294817796764,1.567343453169007
3151,0.0,0.75,0.25,0.0,0.05,0.95,2.2525,1.19,2.188,0.9295167737888882,1.5991397222386672
3152,0.0,0.75,0.25,0.0,0.1,0.9,2.2525,1.19,2.176,0.9303096792883616,1.6309372588677817
3153,0.0,0.75,0.25,0.0,0.15,0.85,2.2525,1.19,2.164,0.9311082585302286,1.6627360766616404
3154,0.0,0.75,0.25,0.0,0.2,0.8,2.2525,1.19,2.152,0.9319125726320014,1.6945361894209423
3170,0.0,0.75,0.25,0.05,0.0,0.95,2.2525,1.19,2.1805,0.930011678089294,1.625953424844635
3171,0.0,0.75,0.25,0.05,0.05,0.9,2.2525,1.19,2.1685000000000003,0.930808122562372,1.657751760595012
3172,0.0,0.75,0.25,0.05,0.1,0.85,2.2525,1.19,2.1565000000000003,0.9316102788738944,1.689551386112456
3189,0.0,0.75,0.25,0.1,0.0,0.9,2.2525,1.19,2.161,0.9313087970059168,1.684566766133587
3360,0.0,0.8,0.2,0.0,0.0,1.0,2.234,1.19,2.2,0.9248706394634666,1.5725277124318975
3361,0.0,0.8,0.2,0.0,0.05,0.95,2.234,1.19,2.188,0.9256442233294592,1.604320886121366
3362,0.0,0.8,0.2,0.0,0.1,0.9,2.234,1.19,2.176,0.926423322944942,1.636115305299843
3363,0.0,0.8,0.2,0.0,0.15,0.85,2.234,1.19,2.164,0.9272079975129504,1.6679109833357293
3364,0.0,0.8,0.2,0.0,0.2,0.8,2.234,1.19,2.152,0.9279983070868334,1.6997079337894219
3380,0.0,0.8,0.2,0.05,0.0,0.95,2.234,1.19,2.1805,0.9261305104726344,1.6311326429220285
3381,0.0,0.8,0.2,0.05,0.05,0.9,2.234,1.19,2.1685000000000003,0.9269130874419458,1.662927847307663
3382,0.0,0.8,0.2,0.05,0.1,0.85,2.234,1.19,2.1565000000000003,0.9277012767965148,1.6947243190032353
3399,0.0,0.8,0.2,0.1,0.0,0.9,2.234,1.19,2.161,0.9274050442598852,1.689740884354575
3570,0.0,0.85,0.15,0.0,0.0,1.0,2.2155,1.19,2.2,0.9210117971472568,1.5777119716947876
3571,0.0,0.85,0.15,0.0,0.05,0.95,2.2155,1.19,2.188,0.92177167287003,1.6095020500040675
3572,0.0,0.85,0.15,0.0,0.1,0.9,2.2155,1.19,2.176,0.9225369666015222,1.6412933517319095
3573,0.0,0.85,0.15,0.0,0.15,0.85,2.2155,1.19,2.164,0.9233077364956722,1.673085890009817
3590,0.0,0.85,0.15,0.05,0.0,0.95,2.2155,1.19,2.1805,0.9222493428559748,1.6363118609994238
3591,0.0,0.85,0.15,0.05,0.05,0.9,2.2155,1.19,2.1685000000000003,0.9230180523215198,1.6681039340203117
3592,0.0,0.85,0.15,0.05,0.1,0.85,2.2155,1.19,2.1565000000000003,0.923792274719135,1.6998972518940167
3609,0.0,0.85,0.15,0.1,0.0,0.9,2.2155,1.19,2.161,0.9235012915138542,1.694915002575562
3780,0.0,0.9,0.1,0.0,0.0,1.0,2.197,1.19,2.2,0.917152954831047,1.5828962309576795
3781,0.0,0.9,0.1,0.0,0.05,0.95,2.197,1.19,2.188,0.9178991224106012,1.6146832138867686
3782,0.0,0.9,0.1,0.0,0.1,0.9,2.197,1.19,2.176,0.9186506102581022,1.6464713981639738
3783,0.0,0.9,0.1,0.0,0.15,0.85,2.197,1.19,2.164,0.919407475478394,1.678260796683905
3800,0.0,0.9,0.1,0.05,0.0,0.95,2.197,1.19,2.1805,0.918368175239315,1.6414910790768218
3801,0.0,0.9,0.1,0.05,0.05,0.9,2.197,1.19,2.1685000000000003,0.9191230172010938,1.67328002073296
3990,0.0,0.95,0.05,0.0,0.0,1.0,2.1785,1.19,2.2,0.9132941125148372,1.5880804902205683
3991,0.0,0.95,0.05,0.0,0.05,0.95,2.1785,1.19,2.188,0.9140265719511722,1.619864377769468
3992,0.0,0.95,0.05,0.0,0.1,0.9,2.1785,1.19,2.176,0.9147642539146824,1.6516494445960364
3993,0.0,0.95,0.05,0.0,0.15,0.85,2.1785,1.19,2.164,0.9155072144611158,1.6834357033579903
4010,0.0,0.95,0.05,0.05,0.0,0.95,2.1785,1.19,2.1805,0.9144870076226556,1.646670297154218
4011,0.0,0.95,0.05,0.05,0.05,0.9,2.1785,1.19,2.1685000000000003,0.9152279820806676,1.678456107445609
4201,0.05,0.0,0.95,0.0,0.05,0.95,2.487,1.19,2.188,0.9786039674502988,1.5219338205952058
4202,0.05,0.0,0.95,0.0,0.1,0.9,2.487,1.19,2.176,0.9795718718576564,1.5537708730175286
4203,0.05,0.0,0.95,0.0,0.15,0.85,2.487,1.19,2.164,0.980546702235728,1.5856094893651882
4204,0.05,0.0,0.95,0.0,0.2,0.8,2.487,1.19,2.152,0.9815285331910212,1.6174496864847803
4205,0.05,0.0,0.95,0.0,0.25,0.75,2.487,1.19,2.14,0.982517440405452,1.6492914814657338
4206,0.05,0.0,0.95,0.0,0.3,0.7,2.487,1.19,2.128,0.9835135006557916,1.6811348916446969
4220,0.05,0.0,0.95,0.05,0.0,0.95,2.487,1.19,2.1805,0.979208100041006,1.5487721875981322
4221,0.05,0.0,0.95,0.05,0.05,0.9,2.487,1.19,2.1685000000000003,0.9801803244942596,1.580610215512488
4222,0.05,0.0,0.95,0.05,0.1,0.85,2.487,1.19,2.1565000000000003,0.9811595214223016,1.6124498178530744
4223,0.05,0.0,0.95,0.05,0.15,0.8,2.487,1.19,2.1445000000000003,0.9821457661015128,1.6442910116177507
4224,0.05,0.0,0.95,0.05,0.2,0.75,2.487,1.19,2.1325000000000003,0.9831391348957882,1.6761338140499435
4239,0.05,0.0,0.95,0.1,0.0,0.9,2.487,1.19,2.161,0.9807915007326388,1.607450173012909
4240,0.05,0.0,0.95,0.1,0.05,0.85,2.487,1.19,2.149,0.9817750936151044,1.6392907679861266
4241,0.05,0.0,0.95,0.1,0.1,0.8,2.487,1.19,2.1370000000000005,0.9827657818474888,1.6711329651315152
4257,0.05,0.0,0.95,0.15,0.0,0.85,2.487,1.19,2.1415,0.9823934374071543,1.6661323439627562
4258,0.05,0.0,0.95,0.15,0.05,0.8,2.487,1.19,2.1295,0.983388599291368,1.6979755512853116
4411,0.05,0.05,0.9,0.0,0.05,0.95,2.4685,1.19,2.188,0.9747314169908698,1.5271149844779064
4412,0.05,0.05,0.9,0.0,0.1,0.9,2.4685,1.19,2.176,0.9756855155142364,1.5589489194495907
4413,0.05,0.05,0.9,0.0,0.15,0.85,2.4685,1.19,2.164,0.97664644121845,1.5907843960392736
4414,0.05,0.05,0.9,0.0,0.2,0.8,2.4685,1.19,2.152,0.9776142676458536,1.6226214308532585
4415,0.05,0.05,0.9,0.0,0.25,0.75,2.4685,1.19,2.14,0.97858906939886,1.6544600407372108
4416,0.05,0.05,0.9,0.0,0.3,0.7,2.4685,1.19,2.128,0.9795709221591216,1.6863002427804932
4430,0.05,0.05,0.9,0.05,0.0,0.95,2.4685,1.19,2.1805,0.975326932424346,1.5539514056755306
4431,0.05,0.05,0.9,0.05,0.05,0.9,2.4685,1.19,2.1685000000000003,0.9762852893738336,1.5857863022251344
4432,0.05,0.05,0.9,0.05,0.1,0.85,2.4685,1.19,2.1565000000000003,0.977250519344922,1.6176227507438568
4433,0.05,0.05,0.9,0.05,0.15,0.8,2.4685,1.19,2.1445000000000003,0.9782226965402738,1.649460767987092
4434,0.05,0.05,0.9,0.05,0.2,0.75,2.4685,1.19,2.1325000000000003,0.9792018962345536,1.681300370952314
4449,0.05,0.05,0.9,0.1,0.0,0.9,2.4685,1.19,2.161,0.9768877479866076,1.6126242912338973
4450,0.05,0.05,0.9,0.1,0.05,0.85,2.4685,1.19,2.149,0.9778573112096084,1.6444617182266463
4451,0.05,0.05,0.9,0.1,0.1,0.8,2.4685,1.19,2.1370000000000005,0.978833868576689,1.6763007245386863
4467,0.05,0.05,0.9,0.15,0.0,0.85,2.4685,1.19,2.1415,0.978466835140322,1.6713013026261812
4620,0.05,0.1,0.85,0.0,0.0,1.0,2.45,1.19,2.2,0.969925230831105,1.500466834015949
4621,0.05,0.1,0.85,0.0,0.05,0.95,2.45,1.19,2.188,0.9708588665314408,1.5322961483606083
4622,0.05,0.1,0.85,0.0,0.1,0.9,2.45,1.19,2.176,0.9717991591708164,1.5641269658816555
4623,0.05,0.1,0.85,0.0,0.15,0.85,2.45,1.19,2.164,0.9727461802011717,1.5959593027133616
4624,0.05,0.1,0.85,0.0,0.2,0.8,2.45,1.19,2.152,0.9737000021006856,1.6277931752217385
4625,0.05,0.1,0.85,0.0,0.25,0.75,2.45,1.19,2.14,0.974660698392268,1.6596286000086873
4626,0.05,0.1,0.85,0.0,0.3,0.7,2.45,1.19,2.128,0.9756283436624514,1.6914655939162948
4640,0.05,0.1,0.85,0.05,0.0,0.95,2.45,1.19,2.1805,0.9714457648076866,1.5591306237529259
4641,0.05,0.1,0.85,0.05,0.05,0.9,2.45,1.19,2.1685000000000003,0.9723902542534076,1.5909623889377826
4642,0.05,0.1,0.85,0.05,0.1,0.85,2.45,1.19,2.1565000000000003,0.9733415172675424,1.6227956836346338
4643,0.05,0.1,0.85,0.05,0.15,0.8,2.45,1.19,2.1445000000000003,0.9742996269790348,1.6546305243564312
4644,0.05,0.1,0.85,0.05,0.2,0.75,2.45,1.19,2.1325000000000003,0.9752646575733191,1.6864669278546818
4659,0.05,0.1,0.85,0.1,0.0,0.9,2.45,1.19,2.161,0.972983995240576,1.617798409454886
4660,0.05,0.1,0.85,0.1,0.05,0.85,2.45,1.19,2.149,0.9739395288041126,1.6496326684671665
4661,0.05,0.1,0.85,0.1,0.1,0.8,2.45,1.19,2.1370000000000005,0.9749019553058892,1.6814684839458591
4677,0.05,0.1,0.85,0.15,0.0,0.85,2.45,1.19,2.1415,0.9745402328734902,1.6764702612896065
4830,0.05,0.15,0.8,0.0,0.0,1.0,2.4315,1.19,2.2,0.9660663885148952,1.5056510932788383
4831,0.05,0.15,0.8,0.0,0.05,0.95,2.4315,1.19,2.188,0.966986316072012,1.537477312243308
4832,0.05,0.15,0.8,0.0,0.1,0.9,2.4315,1.19,2.176,0.9679128028273968,1.5693050123137207
4833,0.05,0.15,0.8,0.0,0.15,0.85,2.4315,1.19,2.164,0.9688459191838936,1.6011342093874497
4834,0.05,0.15,0.8,0.0,0.2,0.8,2.4315,1.19,2.152,0.9697857365555178,1.6329649195902154
4835,0.05,0.15,0.8,0.0,0.25,0.75,2.4315,1.19,2.14,0.9707323273856762,1.6647971592801674
4836,0.05,0.15,0.8,0.0,0.3,0.7,2.4315,1.19,2.128,0.9716857651657814,1.6966309450520929
4850,0.05,0.15,0.8,0.05,0.0,0.95,2.4315,1.19,2.1805,0.9675645971910272,1.5643098418303225
4851,0.05,0.15,0.8,0.05,0.05,0.9,2.4315,1.19,2.1685000000000003,0.9684952191329816,1.596138475650433
4852,0.05,0.15,0.8,0.05,0.1,0.85,2.4315,1.19,2.1565000000000003,0.9694325151901628,1.6279686165254144
4853,0.05,0.15,0.8,0.05,0.15,0.8,2.4315,1.19,2.1445000000000003,0.9703765574177962,1.6598002807257677
4854,0.05,0.15,0.8,0.05,0.2,0.75,2.4315,1.19,2.1325000000000003,0.971327418912085,1.6916334847570518
4869,0.05,0.15,0.8,0.1,0.0,0.9,2.4315,1.19,2.161,0.9690802424945448,1.6229725276758757
4870,0.05,0.15,0.8,0.1,0.05,0.85,2.4315,1.19,2.149,0.9700217463986168,1.6548036187076862
4871,0.05,0.15,0.8,0.1,0.1,0.8,2.4315,1.19,2.1370000000000005,0.9709700420350892,1.6866362433530315
4887,0.05,0.15,0.8,0.15,0.0,0.85,2.4315,1.19,2.1415,0.9706136306066584,1.6816392199530314
5040,0.05,0.2,0.75,0.0,0.0,1.0,2.4130000000000003,1.19,2.2,0.9622075461986854,1.510835352541731
5041,0.05,0.2,0.75,0.0,0.05,0.95,2.4130000000000003,1.19,2.188,0.9631137656125828,1.5426584761260078
5042,0.05,0.2,0.75,0.0,0.1,0.9,2.4130000000000003,1.19,2.176,0.9640264464839772,1.5744830587457823
5043,0.05,0.2,0.75,0.0,0.15,0.85,2.4130000000000003,1.19,2.164,0.9649456581666154,1.60630911606154
5044,0.05,0.2,0.75,0.0,0.2,0.8,2.4130000000000003,1.19,2.152,0.96587147101035,1.6381366639586967
5045,0.05,0.2,0.75,0.0,0.25,0.75,2.4130000000000003,1.19,2.14,0.9668039563790845,1.6699657185516426
5060,0.05,0.2,0.75,0.05,0.0,0.95,2.4130000000000003,1.19,2.1805,0.9636834295743676,1.56948905990772
5061,0.05,0.2,0.75,0.05,0.05,0.9,2.4130000000000003,1.19,2.1685000000000003,0.9646001840125552,1.6013145623630818
5062,0.05,0.2,0.75,0.05,0.1,0.85,2.4130000000000003,1.19,2.1565000000000003,0.9655235131127832,1.6331415494161945
5063,0.05,0.2,0.75,0.05,0.15,0.8,2.4130000000000003,1.19,2.1445000000000003,0.9664534878565574,1.6649700370951064
5064,0.05,0.2,0.75,0.05,0.2,0.75,2.4130000000000003,1.19,2.1325000000000003,0.9673901802508508,1.6968000416594236
5079,0.05,0.2,0.75,0.1,0.0,0.9,2.4130000000000003,1.19,2.161,0.9651764897485132,1.6281466458968605
5080,0.05,0.2,0.75,0.1,0.05,0.85,2.4130000000000003,1.19,2.149,0.9661039639931208,1.6599745689482073
5081,0.05,0.2,0.75,0.1,0.1,0.8,2.4130000000000003,1.19,2.1370000000000005,0.9670381287642896,1.6918040027602044
5097,0.05,0.2,0.75,0.15,0.0,0.85,2.4130000000000003,1.19,2.1415,0.9666870283398262,1.686808178616456
5250,0.05,0.25,0.7,0.0,0.0,1.0,2.3945,1.19,2.2,0.9583487038824756,1.5160196118046203
5251,0.05,0.25,0.7,0.0,0.05,0.95,2.3945,1.19,2.188,0.959241215153154,1.5478396400087089
5252,0.05,0.25,0.7,0.0,0.1,0.9,2.3945,1.19,2.176,0.960140090140557,1.5796611051778457
5253,0.05,0.25,0.7,0.0,0.15,0.85,2.3945,1.19,2.164,0.9610453971493372,1.6114840227356275
5254,0.05,0.25,0.7,0.0,0.2,0.8,2.3945,1.19,2.152,0.961957205465182,1.643308408327174
5255,0.05,0.25,0.7,0.0,0.25,0.75,2.3945,1.19,2.14,0.9628755853724924,1.67513427782312
5270,0.05,0.25,0.7,0.05,0.0,0.95,2.3945,1.19,2.1805,0.959802261957708,1.574668277985118
5271,0.05,0.25,0.7,0.05,0.05,0.9,2.3945,1.19,2.1685000000000003,0.9607051488921294,1.6064906490757282
5272,0.05,0.25,0.7,0.05,0.1,0.85,2.3945,1.19,2.1565000000000003,0.9616145110354032,1.6383144823069724
5273,0.05,0.25,0.7,0.05,0.15,0.8,2.3945,1.19,2.1445000000000003,0.9625304182953182,1.6701397934644446
5289,0.05,0.25,0.7,0.1,0.0,0.9,2.3945,1.19,2.161,0.961272737002482,1.6333207641178515
5290,0.05,0.25,0.7,0.1,0.05,0.85,2.3945,1.19,2.149,0.9621861815876244,1.66514551918873
5291,0.05,0.25,0.7,0.1,0.1,0.8,2.3945,1.19,2.1370000000000005,0.9631062154934896,1.6969717621673772
5307,0.05,0.25,0.7,0.15,0.0,0.85,2.3945,1.19,2.1415,0.9627604260729938,1.69197713727988
5460,0.05,0.3,0.65,0.0,0.0,1.0,2.376,1.19,2.2,0.954489861566266,1.5212038710675082
5461,0.05,0.3,0.65,0.0,0.05,0.95,2.376,1.19,2.188,0.955368664693725,1.5530208038914073
5462,0.05,0.3,0.65,0.0,0.1,0.9,2.376,1.19,2.176,0.9562537337971372,1.5848391516099092
5463,0.05,0.3,0.65,0.0,0.15,0.85,2.376,1.19,2.164,0.9571451361320588,1.6166589294097173
5464,0.05,0.3,0.65,0.0,0.2,0.8,2.376,1.19,2.152,0.958042939920014,1.648480152695654
5465,0.05,0.3,0.65,0.0,0.25,0.75,2.376,1.19,2.14,0.9589472143659004,1.6803028370945987
5480,0.05,0.3,0.65,0.05,0.0,0.95,2.376,1.19,2.1805,0.9559210943410484,1.5798474960625146
5481,0.05,0.3,0.65,0.05,0.05,0.9,2.376,1.19,2.1685000000000003,0.9568101137717032,1.6116667357883765
5482,0.05,0.3,0.65,0.05,0.1,0.85,2.376,1.19,2.1565000000000003,0.957705508958024,1.6434874151977557
5483,0.05,0.3,0.65,0.05,0.15,0.8,2.376,1.19,2.1445000000000003,0.9586073487340796,1.6753095498337838
5499,0.05,0.3,0.65,0.1,0.0,0.9,2.376,1.19,2.161,0.9573689842564506,1.6384948823388417
5500,0.05,0.3,0.65,0.1,0.05,0.85,2.376,1.19,2.149,0.9582683991821286,1.6703164694292485
5517,0.05,0.3,0.65,0.15,0.0,0.85,2.376,1.19,2.1415,0.9588338238061618,1.6971460959433058
5670,0.05,0.35,0.6,0.0,0.0,1.0,2.3575,1.19,2.2,0.950631019250056,1.526388130330401
5671,0.05,0.35,0.6,0.0,0.05,0.95,2.3575,1.19,2.188,0.951496114234296,1.558201967774108
5672,0.05,0.35,0.6,0.0,0.1,0.9,2.3575,1.19,2.176,0.9523673774537176,1.590017198041974
5673,0.05,0.35,0.6,0.0,0.15,0.85,2.3575,1.19,2.164,0.9532448751147806,1.6218338360838014
5674,0.05,0.35,0.6,0.0,0.2,0.8,2.3575,1.19,2.152,0.954128674374846,1.6536518970641314
5675,0.05,0.35,0.6,0.0,0.25,0.75,2.3575,1.19,2.14,0.9550188433593086,1.6854713963660783
5690,0.05,0.35,0.6,0.05,0.0,0.95,2.3575,1.19,2.1805,0.9520399267243888,1.5850267141399077
5691,0.05,0.35,0.6,0.05,0.05,0.9,2.3575,1.19,2.1685000000000003,0.9529150786512768,1.6168428225010247
5692,0.05,0.35,0.6,0.05,0.1,0.85,2.3575,1.19,2.1565000000000003,0.953796506880644,1.648660348088534
5693,0.05,0.35,0.6,0.05,0.15,0.8,2.3575,1.19,2.1445000000000003,0.9546842791728406,1.6804793062031247
5709,0.05,0.35,0.6,0.1,0.0,0.9,2.3575,1.19,2.161,0.9534652315104192,1.64366900055983
5710,0.05,0.35,0.6,0.1,0.05,0.85,2.3575,1.19,2.149,0.9543506167766326,1.6754874196697664
5880,0.05,0.4,0.55,0.0,0.0,1.0,2.339,1.19,2.2,0.9467721769338462,1.531572389593293
5881,0.05,0.4,0.55,0.0,0.05,0.95,2.339,1.19,2.188,0.9476235637748668,1.5633831316568108
5882,0.05,0.4,0.55,0.0,0.1,0.9,2.339,1.19,2.176,0.9484810211102978,1.595195244474036
5883,0.05,0.4,0.55,0.0,0.15,0.85,2.339,1.19,2.164,0.9493446140975024,1.6270087427578934
5884,0.05,0.4,0.55,0.0,0.2,0.8,2.339,1.19,2.152,0.950214408829678,1.6588236414326096
5885,0.05,0.4,0.55,0.0,0.25,0.75,2.339,1.19,2.14,0.9510904723527164,1.690639955637553
5900,0.05,0.4,0.55,0.05,0.0,0.95,2.339,1.19,2.1805,0.9481587591077292,1.5902059322173039
5901,0.05,0.4,0.55,0.05,0.05,0.9,2.339,1.19,2.1685000000000003,0.9490200435308508,1.622018909213673
5902,0.05,0.4,0.55,0.05,0.1,0.85,2.339,1.19,2.1565000000000003,0.9498875048032642,1.6538332809793133
5903,0.05,0.4,0.55,0.05,0.15,0.8,2.339,1.19,2.1445000000000003,0.9507612096116016,1.6856490625724598
5919,0.05,0.4,0.55,0.1,0.0,0.9,2.339,1.19,2.161,0.949561478764388,1.6488431187808184
5920,0.05,0.4,0.55,0.1,0.05,0.85,2.339,1.19,2.149,0.9504328343711366,1.680658369910288
6090,0.05,0.45,0.5,0.0,0.0,1.0,2.3205,1.19,2.2,0.9429133346176366,1.5367566488561804
6091,0.05,0.45,0.5,0.0,0.05,0.95,2.3205,1.19,2.188,0.943751013315438,1.5685642955395118
6092,0.05,0.45,0.5,0.0,0.1,0.9,2.3205,1.19,2.176,0.9445946647668778,1.6003732909061026
6093,0.05,0.45,0.5,0.0,0.15,0.85,2.3205,1.19,2.164,0.9454443530802245,1.6321836494319806
6094,0.05,0.45,0.5,0.0,0.2,0.8,2.3205,1.19,2.152,0.9463001432845104,1.6639953858010887
6095,0.05,0.45,0.5,0.0,0.25,0.75,2.3205,1.19,2.14,0.9471621013461246,1.69580851490903
6110,0.05,0.45,0.5,0.05,0.0,0.95,2.3205,1.19,2.1805,0.9442775914910696,1.5953851502947032
6111,0.05,0.45,0.5,0.05,0.05,0.9,2.3205,1.19,2.1685000000000003,0.9451250084104248,1.6271949959263239
6112,0.05,0.45,0.5,0.05,0.1,0.85,2.3205,1.19,2.1565000000000003,0.9459785027258848,1.6590062138700938
6113,0.05,0.45,0.5,0.05,0.15,0.8,2.3205,1.19,2.1445000000000003,0.9468381400503626,1.6908188189417985
6129,0.05,0.45,0.5,0.1,0.0,0.9,2.3205,1.19,2.161,0.9456577260183566,1.6540172370018063
6130,0.05,0.45,0.5,0.1,0.05,0.85,2.3205,1.19,2.149,0.9465150519656408,1.6858293201508077
6300,0.05,0.5,0.45,0.0,0.0,1.0,2.302,1.19,2.2,0.9390544923014268,1.5419409081190718
6301,0.05,0.5,0.45,0.0,0.05,0.95,2.302,1.19,2.188,0.9398784628560088,1.5737454594222107
6302,0.05,0.5,0.45,0.0,0.1,0.9,2.302,1.19,2.176,0.940708308423458,1.605551337338167
6303,0.05,0.5,0.45,0.0,0.15,0.85,2.302,1.19,2.164,0.9415440920629458,1.6373585561060682
6304,0.05,0.5,0.45,0.0,0.2,0.8,2.302,1.19,2.152,0.9423858777393423,1.6691671301695696
6320,0.05,0.5,0.45,0.05,0.0,0.95,2.302,1.19,2.1805,0.94039642387441,1.600564368372098
6321,0.05,0.5,0.45,0.05,0.05,0.9,2.302,1.19,2.1685000000000003,0.9412299732899984,1.6323710826389695
6322,0.05,0.5,0.45,0.05,0.1,0.85,2.302,1.19,2.1565000000000003,0.9420695006485048,1.6641791467608749
6323,0.05,0.5,0.45,0.05,0.15,0.8,2.302,1.19,2.1445000000000003,0.9429150704891238,1.6959885753111386
6339,0.05,0.5,0.45,0.1,0.0,0.9,2.302,1.19,2.161,0.9417539732723248,1.6591913552227955
6340,0.05,0.5,0.45,0.1,0.05,0.85,2.302,1.19,2.149,0.9425972695601444,1.6910002703913292
6510,0.05,0.55,0.4,0.0,0.0,1.0,2.2835,1.19,2.2,0.935195649985217,1.5471251673819633
6511,0.05,0.55,0.4,0.0,0.05,0.95,2.2835,1.19,2.188,0.93600591239658,1.578926623304913
6512,0.05,0.55,0.4,0.0,0.1,0.9,2.2835,1.19,2.176,0.9368219520800384,1.6107293837702281
6513,0.05,0.55,0.4,0.0,0.15,0.85,2.2835,1.19,2.164,0.9376438310456678,1.6425334627801558
6514,0.05,0.55,0.4,0.0,0.2,0.8,2.2835,1.19,2.152,0.9384716121941746,1.6743388745380456
6530,0.05,0.55,0.4,0.05,0.0,0.95,2.2835,1.19,2.1805,0.9365152562577506,1.6057435864494947
6531,0.05,0.55,0.4,0.05,0.05,0.9,2.2835,1.19,2.1685000000000003,0.9373349381695724,1.6375471693516168
6532,0.05,0.55,0.4,0.05,0.1,0.85,2.2835,1.19,2.1565000000000003,0.9381604985711254,1.6693520796516523
6549,0.05,0.55,0.4,0.1,0.0,0.9,2.2835,1.19,2.161,0.9378502205262936,1.6643654734437838
6550,0.05,0.55,0.4,0.1,0.05,0.85,2.2835,1.19,2.149,0.9386794871546486,1.6961712206318493
6720,0.05,0.6,0.35,0.0,0.0,1.0,2.265,1.19,2.2,0.9313368076690072,1.5523094266448538
6721,0.05,0.6,0.35,0.0,0.05,0.95,2.265,1.19,2.188,0.9321333619371508,1.584107787187612
6722,0.05,0.6,0.35,0.0,0.1,0.9,2.265,1.19,2.176,0.9329355957366182,1.615907430202295
6723,0.05,0.6,0.35,0.0,0.15,0.85,2.265,1.19,2.164,0.9337435700283896,1.6477083694542443
6724,0.05,0.6,0.35,0.0,0.2,0.8,2.265,1.19,2.152,0.9345573466490066,1.6795106189065252
6740,0.05,0.6,0.35,0.05,0.0,0.95,2.265,1.19,2.1805,0.9326340886410908,1.6109228045268926
6741,0.05,0.6,0.35,0.05,0.05,0.9,2.265,1.19,2.1685000000000003,0.9334399030491464,1.6427232560642677
6742,0.05,0.6,0.35,0.05,0.1,0.85,2.265,1.19,2.1565000000000003,0.9342514964937456,1.6745250125424316
6759,0.05,0.6,0.35,0.1,0.0,0.9,2.265,1.19,2.161,0.9339464677802624,1.6695395916647722
6930,0.05,0.65,0.3,0.0,0.0,1.0,2.2465,1.19,2.2,0.9274779653527976,1.557493685907743
6931,0.05,0.65,0.3,0.0,0.05,0.95,2.2465,1.19,2.188,0.928260811477722,1.589288951070313
6932,0.05,0.65,0.3,0.0,0.1,0.9,2.2465,1.19,2.176,0.9290492393931984,1.6210854766343563
6933,0.05,0.65,0.3,0.0,0.15,0.85,2.2465,1.19,2.164,0.9298433090111116,1.6528832761283332
6934,0.05,0.65,0.3,0.0,0.2,0.8,2.2465,1.19,2.152,0.9306430811038388,1.6846823632750034
6950,0.05,0.65,0.3,0.05,0.0,0.95,2.2465,1.19,2.1805,0.9287529210244312,1.6161020226042888
6951,0.05,0.65,0.3,0.05,0.05,0.9,2.2465,1.19,2.1685000000000003,0.9295448679287204,1.647899342776916
6952,0.05,0.65,0.3,0.05,0.1,0.85,2.2465,1.19,2.1565000000000003,0.930342494416366,1.6796979454332113
6969,0.05,0.65,0.3,0.1,0.0,0.9,2.2465,1.19,2.161,0.9300427150342312,1.674713709885761
7140,0.05,0.7,0.25,0.0,0.0,1.0,2.228,1.19,2.2,0.9236191230365876,1.562677945170634
7141,0.05,0.7,0.25,0.0,0.05,0.95,2.228,1.19,2.188,0.924388261018293,1.5944701149530136
7142,0.05,0.7,0.25,0.0,0.1,0.9,2.228,1.19,2.176,0.9251628830497788,1.6262635230664215
7143,0.05,0.7,0.25,0.0,0.15,0.85,2.228,1.19,2.164,0.9259430479938332,1.6580581828024212
7144,0.05,0.7,0.25,0.0,0.2,0.8,2.228,1.19,2.152,0.9267288155586708,1.6898541076434825
7160,0.05,0.7,0.25,0.05,0.0,0.95,2.228,1.19,2.1805,0.9248717534077718,1.6212812406816859
7161,0.05,0.7,0.25,0.05,0.05,0.9,2.228,1.19,2.1685000000000003,0.925649832808294,1.6530754294895642
7162,0.05,0.7,0.25,0.05,0.1,0.85,2.228,1.19,2.1565000000000003,0.9264334923389862,1.6848708783239927
7179,0.05,0.7,0.25,0.1,0.0,0.9,2.228,1.19,2.161,0.9261389622881994,1.6798878281067489
7350,0.05,0.75,0.2,0.0,0.0,1.0,2.2095,1.19,2.2,0.919760280720378,1.5678622044335224
7351,0.05,0.75,0.2,0.0,0.05,0.95,2.2095,1.19,2.188,0.920515710558864,1.5996512788357142
7352,0.05,0.75,0.2,0.0,0.1,0.9,2.2095,1.19,2.176,0.921276526706359,1.6314415694984854
7353,0.05,0.75,0.2,0.0,0.15,0.85,2.2095,1.19,2.164,0.922042786976555,1.6632330894765093
7354,0.05,0.75,0.2,0.0,0.2,0.8,2.2095,1.19,2.152,0.922814550013503,1.6950258520119625
7370,0.05,0.75,0.2,0.05,0.0,0.95,2.2095,1.19,2.1805,0.9209905857911124,1.6264604587590838
7371,0.05,0.75,0.2,0.05,0.05,0.9,2.2095,1.19,2.1685000000000003,0.921754797687868,1.658251516202213
7372,0.05,0.75,0.2,0.05,0.1,0.85,2.2095,1.19,2.1565000000000003,0.9225244902616064,1.6900438112147702
7389,0.05,0.75,0.2,0.1,0.0,0.9,2.2095,1.19,2.161,0.9222352095421684,1.6850619463277363
7560,0.05,0.8,0.15,0.0,0.0,1.0,2.191,1.19,2.2,0.915901438404168,1.5730464636964152
7561,0.05,0.8,0.15,0.0,0.05,0.95,2.191,1.19,2.188,0.9166431600994348,1.6048324427184135
7562,0.05,0.8,0.15,0.0,0.1,0.9,2.191,1.19,2.176,0.917390170362939,1.636619615930547
7563,0.05,0.8,0.15,0.0,0.15,0.85,2.191,1.19,2.164,0.9181425259592768,1.6684079961505978
7580,0.05,0.8,0.15,0.05,0.0,0.95,2.191,1.19,2.1805,0.9171094181744524,1.6316396768364787
7581,0.05,0.8,0.15,0.05,0.05,0.9,2.191,1.19,2.1685000000000003,0.917859762567442,1.6634276029148602
7582,0.05,0.8,0.15,0.05,0.1,0.85,2.191,1.19,2.1565000000000003,0.9186154881842268,1.6952167441055508
7599,0.05,0.8,0.15,0.1,0.0,0.9,2.191,1.19,2.161,0.918331456796137,1.6902360645487233
7770,0.05,0.85,0.1,0.0,0.0,1.0,2.1725,1.19,2.2,0.9120425960879583,1.5782307229593049
7771,0.05,0.85,0.1,0.0,0.05,0.95,2.1725,1.19,2.188,0.912770609640006,1.6100136066011168
7772,0.05,0.85,0.1,0.0,0.1,0.9,2.1725,1.19,2.176,0.9135038140195192,1.641797662362611
7773,0.05,0.85,0.1,0.0,0.15,0.85,2.1725,1.19,2.164,0.9142422649419986,1.673582902824684
7790,0.05,0.85,0.1,0.05,0.0,0.95,2.1725,1.19,2.1805,0.9132282505577928,1.6368188949138758
7791,0.05,0.85,0.1,0.05,0.05,0.9,2.1725,1.19,2.1685000000000003,0.9139647274470158,1.6686036896275072
7809,0.05,0.85,0.1,0.1,0.0,0.9,2.1725,1.19,2.161,0.9144277040501054,1.6954101827697121
7980,0.05,0.9,0.05,0.0,0.0,1.0,2.1540000000000004,1.19,2.2,0.9081837537717488,1.5834149822221941
7981,0.05,0.9,0.05,0.0,0.05,0.95,2.1540000000000004,1.19,2.188,0.9088980591805772,1.6151947704838157
7982,0.05,0.9,0.05,0.0,0.1,0.9,2.1540000000000004,1.19,2.176,0.9096174576760994,1.6469757087946757
7983,0.05,0.9,0.05,0.0,0.15,0.85,2.1540000000000004,1.19,2.164,0.9103420039247204,1.6787578094987743
8000,0.05,0.9,0.05,0.05,0.0,0.95,2.1540000000000004,1.19,2.1805,0.9093470829411334,1.641998112991271
8001,0.05,0.9,0.05,0.05,0.05,0.9,2.1540000000000004,1.19,2.1685000000000003,0.91006969232659,1.6737797763401576
8191,0.1,0.0,0.9,0.0,0.05,0.95,2.4439999999999995,1.19,2.188,0.9696029042202748,1.5224453771922537
8192,0.1,0.0,0.9,0.0,0.1,0.9,2.4439999999999995,1.19,2.176,0.9705387192756532,1.5542751836482274
8193,0.1,0.0,0.9,0.0,0.15,0.85,2.4439999999999995,1.19,2.164,0.9714812306820544,1.5861065021800558
8194,0.1,0.0,0.9,0.0,0.2,0.8,2.4439999999999995,1.19,2.152,0.972430510572523,1.6179393490757983
8195,0.1,0.0,0.9,0.0,0.25,0.75,2.4439999999999995,1.19,2.14,0.9733866321198598,1.6497737408583153
8196,0.1,0.0,0.9,0.0,0.3,0.7,2.4439999999999995,1.19,2.128,0.9743496695554232,1.6816096942894871
8210,0.1,0.0,0.9,0.05,0.0,0.95,2.4439999999999995,1.19,2.1805,0.970187007742824,1.5492792215125841
8211,0.1,0.0,0.9,0.05,0.05,0.9,2.4439999999999995,1.19,2.1685000000000003,0.9711269996197558,1.5811099711196817
8212,0.1,0.0,0.9,0.05,0.1,0.85,2.4439999999999995,1.19,2.1565000000000003,0.972073732810014,1.612942242955389
8213,0.1,0.0,0.9,0.05,0.15,0.8,2.4439999999999995,1.19,2.1445000000000003,0.9730272800943088,1.6447760534540135
8214,0.1,0.0,0.9,0.05,0.2,0.75,2.4439999999999995,1.19,2.1325000000000003,0.9739877153048108,1.6766114192873038
8229,0.1,0.0,0.9,0.1,0.0,0.9,2.4439999999999995,1.19,2.161,0.97171791326889,1.6079453532070582
8230,0.1,0.0,0.9,0.1,0.05,0.85,2.4439999999999995,1.19,2.149,0.9726688966726004,1.6397785847662156
8231,0.1,0.0,0.9,0.1,0.1,0.8,2.4439999999999995,1.19,2.1370000000000005,0.973626740191035,1.6716133653800362
8247,0.1,0.0,0.9,0.15,0.0,0.85,2.4439999999999995,1.19,2.1415,0.9732667402464096,1.6666155316717584
8248,0.1,0.0,0.9,0.15,0.05,0.8,2.4439999999999995,1.19,2.1295,0.9742289090997662,1.6984512889719077
8401,0.1,0.05,0.85,0.0,0.05,0.95,2.4254999999999995,1.19,2.188,0.9657303537608456,1.5276265410749552
8402,0.1,0.05,0.85,0.0,0.1,0.9,2.4254999999999995,1.19,2.176,0.9666523629322336,1.5594532300802952
8403,0.1,0.05,0.85,0.0,0.15,0.85,2.4254999999999995,1.19,2.164,0.967580969664776,1.591281408854143
8404,0.1,0.05,0.85,0.0,0.2,0.8,2.4254999999999995,1.19,2.152,0.9685162450273552,1.6231110934442774
8405,0.1,0.05,0.85,0.0,0.25,0.75,2.4254999999999995,1.19,2.14,0.969458261113268,1.6549423001297936
8406,0.1,0.05,0.85,0.0,0.3,0.7,2.4254999999999995,1.19,2.128,0.9704070910587532,1.6867750454252883
8420,0.1,0.05,0.85,0.05,0.0,0.95,2.4254999999999995,1.19,2.1805,0.9663058401261644,1.554458439589979
8421,0.1,0.05,0.85,0.05,0.05,0.9,2.4254999999999995,1.19,2.1685000000000003,0.9672319644993296,1.5862860578323321
8422,0.1,0.05,0.85,0.05,0.1,0.85,2.4254999999999995,1.19,2.1565000000000003,0.9681647307326342,1.6181151758461678
8423,0.1,0.05,0.85,0.05,0.15,0.8,2.4254999999999995,1.19,2.1445000000000003,0.96910421053307,1.649945809823354
8424,0.1,0.05,0.85,0.05,0.2,0.75,2.4254999999999995,1.19,2.1325000000000003,0.9700504766435766,1.6817779761896725
8439,0.1,0.05,0.85,0.1,0.0,0.9,2.4254999999999995,1.19,2.161,0.9678141605228586,1.6131194714280448
8440,0.1,0.05,0.85,0.1,0.05,0.85,2.4254999999999995,1.19,2.149,0.9687511142671044,1.6449495350067354
8441,0.1,0.05,0.85,0.1,0.1,0.8,2.4254999999999995,1.19,2.1370000000000005,0.9696948269202352,1.6767811247872095
8457,0.1,0.05,0.85,0.15,0.0,0.85,2.4254999999999995,1.19,2.1415,0.9693401379795776,1.671784490335185
8610,0.1,0.1,0.8,0.0,0.0,1.0,2.407,1.19,2.2,0.9609560297718064,1.5009855852804685
8611,0.1,0.1,0.8,0.0,0.05,0.95,2.407,1.19,2.188,0.9618578033014168,1.5328077049576572
8612,0.1,0.1,0.8,0.0,0.1,0.9,2.407,1.19,2.176,0.9627660065888138,1.5646312765123578
8613,0.1,0.1,0.8,0.0,0.15,0.85,2.407,1.19,2.164,0.963680708647498,1.5964563155282314
8614,0.1,0.1,0.8,0.0,0.2,0.8,2.407,1.19,2.152,0.9646019794821872,1.628282837812757
8615,0.1,0.1,0.8,0.0,0.25,0.75,2.407,1.19,2.14,0.965529890106676,1.6601108594012723
8616,0.1,0.1,0.8,0.0,0.3,0.7,2.407,1.19,2.128,0.9664645125620834,1.6919403965610873
8630,0.1,0.1,0.8,0.05,0.0,0.95,2.407,1.19,2.1805,0.962424672509505,1.559637657667377
8631,0.1,0.1,0.8,0.05,0.05,0.9,2.407,1.19,2.1685000000000003,0.9633369293789036,1.5914621445449786
8632,0.1,0.1,0.8,0.05,0.1,0.85,2.407,1.19,2.1565000000000003,0.9642557286552546,1.6232881087369484
8633,0.1,0.1,0.8,0.05,0.15,0.8,2.407,1.19,2.1445000000000003,0.9651811409718312,1.6551155661926917
8634,0.1,0.1,0.8,0.05,0.2,0.75,2.407,1.19,2.1325000000000003,0.9661132379823424,1.6869445330920434
8649,0.1,0.1,0.8,0.1,0.0,0.9,2.407,1.19,2.161,0.9639104077768272,1.6182935896490371
8650,0.1,0.1,0.8,0.1,0.05,0.85,2.407,1.19,2.149,0.9648333318616084,1.650120485247255
8651,0.1,0.1,0.8,0.1,0.1,0.8,2.407,1.19,2.1370000000000005,0.9657629136494356,1.6819488841943828
8667,0.1,0.1,0.8,0.15,0.0,0.85,2.407,1.19,2.1415,0.9654135357127456,1.67695344899861
8820,0.1,0.15,0.75,0.0,0.0,1.0,2.3885,1.19,2.2,0.9570971874555968,1.5061698445433551
8821,0.1,0.15,0.75,0.0,0.05,0.95,2.3885,1.19,2.188,0.9579852528419875,1.5379888688403587
8822,0.1,0.15,0.75,0.0,0.1,0.9,2.3885,1.19,2.176,0.958879650245394,1.5698093229444208
8823,0.1,0.15,0.75,0.0,0.15,0.85,2.3885,1.19,2.164,0.95978044763022,1.601631222202319
8824,0.1,0.15,0.75,0.0,0.2,0.8,2.3885,1.19,2.152,0.9606877139370192,1.6334545821812334
8825,0.1,0.15,0.75,0.0,0.25,0.75,2.3885,1.19,2.14,0.9616015191000842,1.6652794186727489
8826,0.1,0.15,0.75,0.0,0.3,0.7,2.3885,1.19,2.128,0.9625219340654134,1.6971057476968867
8840,0.1,0.15,0.75,0.05,0.0,0.95,2.3885,1.19,2.1805,0.9585435048928456,1.5648168757447718
8841,0.1,0.15,0.75,0.05,0.05,0.9,2.3885,1.19,2.1685000000000003,0.9594418942584776,1.5966382312576286
8842,0.1,0.15,0.75,0.05,0.1,0.85,2.3885,1.19,2.1565000000000003,0.9603467265778748,1.628461041627729
8843,0.1,0.15,0.75,0.05,0.15,0.8,2.3885,1.19,2.1445000000000003,0.9612580714105924,1.6602853225620287
8844,0.1,0.15,0.75,0.05,0.2,0.75,2.3885,1.19,2.1325000000000003,0.962175999321108,1.6921110899944116
8859,0.1,0.15,0.75,0.1,0.0,0.9,2.3885,1.19,2.161,0.960006655030796,1.6234677078700237
8860,0.1,0.15,0.75,0.1,0.05,0.85,2.3885,1.19,2.149,0.9609155494561122,1.6552914354877766
8861,0.1,0.15,0.75,0.1,0.1,0.8,2.3885,1.19,2.1370000000000005,0.9618310003786356,1.6871166436015534
8877,0.1,0.15,0.75,0.15,0.0,0.85,2.3885,1.19,2.1415,0.9614869334459132,1.6821224076620327
9030,0.1,0.2,0.7,0.0,0.0,1.0,2.37,1.19,2.2,0.953238345139387,1.5113541038062461
9031,0.1,0.2,0.7,0.0,0.05,0.95,2.37,1.19,2.188,0.9541127023825589,1.5431700327230584
9032,0.1,0.2,0.7,0.0,0.1,0.9,2.37,1.19,2.176,0.954993293901974,1.5749873693764864
9033,0.1,0.2,0.7,0.0,0.15,0.85,2.37,1.19,2.164,0.9558801866129416,1.6068061288764088
9034,0.1,0.2,0.7,0.0,0.2,0.8,2.37,1.19,2.152,0.9567734483918516,1.6386263265497116
9035,0.1,0.2,0.7,0.0,0.25,0.75,2.37,1.19,2.14,0.9576731480934922,1.670447977944224
9050,0.1,0.2,0.7,0.05,0.0,0.95,2.37,1.19,2.1805,0.9546623372761858,1.5699960938221698
9051,0.1,0.2,0.7,0.05,0.05,0.9,2.37,1.19,2.1685000000000003,0.9555468591380514,1.6018143179702782
9052,0.1,0.2,0.7,0.05,0.1,0.85,2.37,1.19,2.1565000000000003,0.9564377245004952,1.6336339745185078
9053,0.1,0.2,0.7,0.05,0.15,0.8,2.37,1.19,2.1445000000000003,0.9573350018493532,1.665455078931367
9054,0.1,0.2,0.7,0.05,0.2,0.75,2.37,1.19,2.1325000000000003,0.9582387606598732,1.6972776468967825
9069,0.1,0.2,0.7,0.1,0.0,0.9,2.37,1.19,2.161,0.9561029022847648,1.6286418260910143
9070,0.1,0.2,0.7,0.1,0.05,0.85,2.37,1.19,2.149,0.9569977670506165,1.6604623857282972
9071,0.1,0.2,0.7,0.1,0.1,0.8,2.37,1.19,2.1370000000000005,0.9578990871078356,1.6922844030087276
9087,0.1,0.2,0.7,0.15,0.0,0.85,2.37,1.19,2.1415,0.9575603311790812,1.6872913663254594
9240,0.1,0.25,0.65,0.0,0.0,1.0,2.3515,1.19,2.2,0.9493795028231772,1.5165383630691354
9241,0.1,0.25,0.65,0.0,0.05,0.95,2.3515,1.19,2.188,0.9502401519231296,1.5483511966057577
9242,0.1,0.25,0.65,0.0,0.1,0.9,2.3515,1.19,2.176,0.9511069375585542,1.5801654158085494
9243,0.1,0.25,0.65,0.0,0.15,0.85,2.3515,1.19,2.164,0.9519799255956632,1.611981035550495
9244,0.1,0.25,0.65,0.0,0.2,0.8,2.3515,1.19,2.152,0.9528591828466836,1.6437980709181939
9245,0.1,0.25,0.65,0.0,0.25,0.75,2.3515,1.19,2.14,0.9537447770869004,1.6756165372157028
9260,0.1,0.25,0.65,0.05,0.0,0.95,2.3515,1.19,2.1805,0.9507811696595264,1.5751753118995673
9261,0.1,0.25,0.65,0.05,0.05,0.9,2.3515,1.19,2.1685000000000003,0.9516518240176252,1.6069904046829229
9262,0.1,0.25,0.65,0.05,0.1,0.85,2.3515,1.19,2.1565000000000003,0.9525287224231154,1.638806907409287
9263,0.1,0.25,0.65,0.05,0.15,0.8,2.3515,1.19,2.1445000000000003,0.9534119322881144,1.6706248353007056
9279,0.1,0.25,0.65,0.1,0.0,0.9,2.3515,1.19,2.161,0.9521991495387332,1.6338159443120026
9280,0.1,0.25,0.65,0.1,0.05,0.85,2.3515,1.19,2.149,0.9530799846451204,1.665633335968817
9281,0.1,0.25,0.65,0.1,0.1,0.8,2.3515,1.19,2.1370000000000005,0.9539671738370358,1.6974521624158996
9297,0.1,0.25,0.65,0.15,0.0,0.85,2.3515,1.19,2.1415,0.9536337289122492,1.6924603249888817
9450,0.1,0.3,0.6,0.0,0.0,1.0,2.333,1.19,2.2,0.9455206605069671,1.5217226223320268
9451,0.1,0.3,0.6,0.0,0.05,0.95,2.333,1.19,2.188,0.9463676014637006,1.553532360488457
9452,0.1,0.3,0.6,0.0,0.1,0.9,2.333,1.19,2.176,0.9472205812151344,1.585343462240615
9453,0.1,0.3,0.6,0.0,0.15,0.85,2.333,1.19,2.164,0.9480796645783852,1.6171559422245823
9454,0.1,0.3,0.6,0.0,0.2,0.8,2.333,1.19,2.152,0.9489449173015156,1.648969815286673
9455,0.1,0.3,0.6,0.0,0.25,0.75,2.333,1.19,2.14,0.9498164060803084,1.6807850964871816
9470,0.1,0.3,0.6,0.05,0.0,0.95,2.333,1.19,2.1805,0.9469000020428668,1.5803545299769612
9471,0.1,0.3,0.6,0.05,0.05,0.9,2.333,1.19,2.1685000000000003,0.9477567888971992,1.6121664913955729
9472,0.1,0.3,0.6,0.05,0.1,0.85,2.333,1.19,2.1565000000000003,0.9486197203457356,1.6439798403000676
9473,0.1,0.3,0.6,0.05,0.15,0.8,2.333,1.19,2.1445000000000003,0.9494888627268754,1.6757945916700443
9489,0.1,0.3,0.6,0.1,0.0,0.9,2.333,1.19,2.161,0.948295396792702,1.638990062532991
9490,0.1,0.3,0.6,0.1,0.05,0.85,2.333,1.19,2.149,0.9491622022396244,1.6708042862093375
9507,0.1,0.3,0.6,0.15,0.0,0.85,2.333,1.19,2.1415,0.949707126645417,1.6976292836523066
9660,0.1,0.35,0.55,0.0,0.0,1.0,2.3145,1.19,2.2,0.9416618181907576,1.5269068815949187
9661,0.1,0.35,0.55,0.0,0.05,0.95,2.3145,1.19,2.188,0.9424950510042716,1.558713524371159
9662,0.1,0.35,0.55,0.0,0.1,0.9,2.3145,1.19,2.176,0.9433342248717146,1.590521508672679
9663,0.1,0.35,0.55,0.0,0.15,0.85,2.3145,1.19,2.164,0.944179403561107,1.6223308488986694
9664,0.1,0.35,0.55,0.0,0.2,0.8,2.3145,1.19,2.152,0.9450306517563476,1.6541415596551503
9665,0.1,0.35,0.55,0.0,0.25,0.75,2.3145,1.19,2.14,0.9458880350737164,1.6859536557586594
9680,0.1,0.35,0.55,0.05,0.0,0.95,2.3145,1.19,2.1805,0.9430188344262068,1.5855337480543588
9681,0.1,0.35,0.55,0.05,0.05,0.9,2.3145,1.19,2.1685000000000003,0.9438617537767732,1.617342578108223
9682,0.1,0.35,0.55,0.05,0.1,0.85,2.3145,1.19,2.1565000000000003,0.944710718268356,1.6491527731908469
9683,0.1,0.35,0.55,0.05,0.15,0.8,2.3145,1.19,2.1445000000000003,0.9455657931656364,1.6809643480393799
9699,0.1,0.35,0.55,0.1,0.0,0.9,2.3145,1.19,2.161,0.9443916440466708,1.6441641807539793
9700,0.1,0.35,0.55,0.1,0.05,0.85,2.3145,1.19,2.149,0.9452444198341284,1.6759752364498564
9870,0.1,0.4,0.5,0.0,0.0,1.0,2.2960000000000003,1.19,2.2,0.937802975874548,1.532091140857807
9871,0.1,0.4,0.5,0.0,0.05,0.95,2.2960000000000003,1.19,2.188,0.938622500544843,1.5638946882538614
9872,0.1,0.4,0.5,0.0,0.1,0.9,2.2960000000000003,1.19,2.176,0.9394478685282948,1.5956995551047415
9873,0.1,0.4,0.5,0.0,0.15,0.85,2.2960000000000003,1.19,2.164,0.9402791425438288,1.6275057555727597
9874,0.1,0.4,0.5,0.0,0.2,0.8,2.2960000000000003,1.19,2.152,0.94111638621118,1.659313304023628
9875,0.1,0.4,0.5,0.0,0.25,0.75,2.2960000000000003,1.19,2.14,0.9419596640671244,1.6911222150301368
9890,0.1,0.4,0.5,0.05,0.0,0.95,2.2960000000000003,1.19,2.1805,0.9391376668095476,1.5907129661317558
9891,0.1,0.4,0.5,0.05,0.05,0.9,2.2960000000000003,1.19,2.1685000000000003,0.9399667186563472,1.6225186648208703
9892,0.1,0.4,0.5,0.05,0.1,0.85,2.2960000000000003,1.19,2.1565000000000003,0.9408017161909764,1.654325706081626
9893,0.1,0.4,0.5,0.05,0.15,0.8,2.2960000000000003,1.19,2.1445000000000003,0.9416427236043976,1.6861341044087226
9909,0.1,0.4,0.5,0.1,0.0,0.9,2.2960000000000003,1.19,2.161,0.9404878913006396,1.6493382989749668
9910,0.1,0.4,0.5,0.1,0.05,0.85,2.2960000000000003,1.19,2.149,0.9413266374286324,1.6811461866903779
10080,0.1,0.45,0.45,0.0,0.0,1.0,2.2775,1.19,2.2,0.933944133558338,1.5372754001206967
10081,0.1,0.45,0.45,0.0,0.05,0.95,2.2775,1.19,2.188,0.9347499500854136,1.5690758521365615
10082,0.1,0.45,0.45,0.0,0.1,0.9,2.2775,1.19,2.176,0.935561512184875,1.6008776015368058
10083,0.1,0.45,0.45,0.0,0.15,0.85,2.2775,1.19,2.164,0.9363788815265504,1.6326806622468477
10084,0.1,0.45,0.45,0.0,0.2,0.8,2.2775,1.19,2.152,0.937202120666012,1.6644850483921076
10085,0.1,0.45,0.45,0.0,0.25,0.75,2.2775,1.19,2.14,0.9380312930605326,1.6962907743016147
10100,0.1,0.45,0.45,0.05,0.0,0.95,2.2775,1.19,2.1805,0.935256499192888,1.595892184209153
10101,0.1,0.45,0.45,0.05,0.05,0.9,2.2775,1.19,2.1685000000000003,0.9360716835359206,1.6276947515335207
10102,0.1,0.45,0.45,0.05,0.1,0.85,2.2775,1.19,2.1565000000000003,0.9368927141135968,1.6594986389724053
10103,0.1,0.45,0.45,0.05,0.15,0.8,2.2775,1.19,2.1445000000000003,0.9377196540431588,1.6913038607780586
10119,0.1,0.45,0.45,0.1,0.0,0.9,2.2775,1.19,2.161,0.9365841385546078,1.6545124171959564
10120,0.1,0.45,0.45,0.1,0.05,0.85,2.2775,1.19,2.149,0.9374088550231364,1.686317136930898
10290,0.1,0.5,0.4,0.0,0.0,1.0,2.2590000000000003,1.19,2.2,0.9300852912421284,1.5424596593835882
10291,0.1,0.5,0.4,0.0,0.05,0.95,2.2590000000000003,1.19,2.188,0.9308773996259848,1.5742570160192613
10292,0.1,0.5,0.4,0.0,0.1,0.9,2.2590000000000003,1.19,2.176,0.9316751558414552,1.6060556479688692
10293,0.1,0.5,0.4,0.0,0.15,0.85,2.2590000000000003,1.19,2.164,0.9324786205092724,1.6378555689209375
10294,0.1,0.5,0.4,0.0,0.2,0.8,2.2590000000000003,1.19,2.152,0.933287855120844,1.6696567927605859
10310,0.1,0.5,0.4,0.05,0.0,0.95,2.2590000000000003,1.19,2.1805,0.9313753315762284,1.6010714022865495
10311,0.1,0.5,0.4,0.05,0.05,0.9,2.2590000000000003,1.19,2.1685000000000003,0.9321766484154946,1.6328708382461672
10312,0.1,0.5,0.4,0.05,0.1,0.85,2.2590000000000003,1.19,2.1565000000000003,0.9329837120362172,1.6646715718631873
10313,0.1,0.5,0.4,0.05,0.15,0.8,2.2590000000000003,1.19,2.1445000000000003,0.93379658448192,1.6964736171473977
10329,0.1,0.5,0.4,0.1,0.0,0.9,2.2590000000000003,1.19,2.161,0.9326803858085764,1.659686535416943
10330,0.1,0.5,0.4,0.1,0.05,0.85,2.2590000000000003,1.19,2.149,0.9334910726176404,1.6914880871714173
10500,0.1,0.55,0.35,0.0,0.0,1.0,2.2405,1.19,2.2,0.9262264489259184,1.5476439186464792
10501,0.1,0.55,0.35,0.0,0.05,0.95,2.2405,1.19,2.188,0.9270048491665558,1.5794381799019606
10502,0.1,0.55,0.35,0.0,0.1,0.9,2.2405,1.19,2.176,0.9277887994980352,1.6112336944009322
10503,0.1,0.55,0.35,0.0,0.15,0.85,2.2405,1.19,2.164,0.9285783594919944,1.6430304755950251
10504,0.1,0.55,0.35,0.0,0.2,0.8,2.2405,1.19,2.152,0.9293735895756762,1.6748285371290645
10520,0.1,0.55,0.35,0.05,0.0,0.95,2.2405,1.19,2.1805,0.9274941639595689,1.6062506203639453
10521,0.1,0.55,0.35,0.05,0.05,0.9,2.2405,1.19,2.1685000000000003,0.9282816132950686,1.6380469249588172
10522,0.1,0.55,0.35,0.05,0.1,0.85,2.2405,1.19,2.1565000000000003,0.9290747099588372,1.669844504753966
10539,0.1,0.55,0.35,0.1,0.0,0.9,2.2405,1.19,2.161,0.9287766330625452,1.6648606536379305
10540,0.1,0.55,0.35,0.1,0.05,0.85,2.2405,1.19,2.149,0.9295732902121444,1.6966590374119352
10710,0.1,0.6,0.3,0.0,0.0,1.0,2.222,1.19,2.2,0.922367606609709,1.5528281779093671
10711,0.1,0.6,0.3,0.0,0.05,0.95,2.222,1.19,2.188,0.923132298707127,1.5846193437846616
10712,0.1,0.6,0.3,0.0,0.1,0.9,2.222,1.19,2.176,0.9239024431546154,1.616411740832996
10713,0.1,0.6,0.3,0.0,0.15,0.85,2.222,1.19,2.164,0.924678098474716,1.6482053822691105
10714,0.1,0.6,0.3,0.0,0.2,0.8,2.222,1.19,2.152,0.9254593240305083,1.6800002814975428
10730,0.1,0.6,0.3,0.05,0.0,0.95,2.222,1.19,2.1805,0.9236129963429092,1.6114298384413446
10731,0.1,0.6,0.3,0.05,0.05,0.9,2.222,1.19,2.1685000000000003,0.9243865781746424,1.643223011671466
10732,0.1,0.6,0.3,0.05,0.1,0.85,2.222,1.19,2.1565000000000003,0.9251657078814576,1.675017437644743
10749,0.1,0.6,0.3,0.1,0.0,0.9,2.222,1.19,2.161,0.9248728803165138,1.6700347718589215
10920,0.1,0.65,0.25,0.0,0.0,1.0,2.2035,1.19,2.2,0.9185087642934991,1.5580124371722586
10921,0.1,0.65,0.25,0.0,0.05,0.95,2.2035,1.19,2.188,0.9192597482476978,1.5898005076673627
10922,0.1,0.65,0.25,0.0,0.1,0.9,2.2035,1.19,2.176,0.9200160868111956,1.6215897872650604
10923,0.1,0.65,0.25,0.0,0.15,0.85,2.2035,1.19,2.164,0.9207778374574376,1.6533802889432012
10924,0.1,0.65,0.25,0.0,0.2,0.8,2.2035,1.19,2.152,0.9215450584853404,1.6851720258660223
10940,0.1,0.65,0.25,0.05,0.0,0.95,2.2035,1.19,2.1805,0.9197318287262496,1.616609056518739
10941,0.1,0.65,0.25,0.05,0.05,0.9,2.2035,1.19,2.1685000000000003,0.9204915430542164,1.6483990983841115
10942,0.1,0.65,0.25,0.05,0.1,0.85,2.2035,1.19,2.1565000000000003,0.921256705804078,1.680190370535525
10959,0.1,0.65,0.25,0.1,0.0,0.9,2.2035,1.19,2.161,0.9209691275704822,1.6752088900799098
11130,0.1,0.7,0.2,0.0,0.0,1.0,2.185,1.19,2.2,0.9146499219772892,1.5631966964351491
11131,0.1,0.7,0.2,0.0,0.05,0.95,2.185,1.19,2.188,0.9153871977882688,1.5949816715500624
11132,0.1,0.7,0.2,0.0,0.1,0.9,2.185,1.19,2.176,0.916129730467776,1.6267678336971243
11133,0.1,0.7,0.2,0.0,0.15,0.85,2.185,1.19,2.164,0.9168775764401595,1.6585551956172884
11134,0.1,0.7,0.2,0.0,0.2,0.8,2.185,1.19,2.152,0.9176307929401724,1.690343770234501
11150,0.1,0.7,0.2,0.05,0.0,0.95,2.185,1.19,2.1805,0.91585066110959,1.621788274596136
11151,0.1,0.7,0.2,0.05,0.05,0.9,2.185,1.19,2.1685000000000003,0.9165965079337902,1.6535751850967602
11152,0.1,0.7,0.2,0.05,0.1,0.85,2.185,1.19,2.1565000000000003,0.9173477037266984,1.6853633034263042
11169,0.1,0.7,0.2,0.1,0.0,0.9,2.185,1.19,2.161,0.917065374824451,1.6803830083008995
11340,0.1,0.75,0.15,0.0,0.0,1.0,2.1665,1.19,2.2,0.9107910796610796,1.5683809556980415
11341,0.1,0.75,0.15,0.0,0.05,0.95,2.1665,1.19,2.188,0.9115146473288398,1.6001628354327648
11342,0.1,0.75,0.15,0.0,0.1,0.9,2.1665,1.19,2.176,0.912243374124356,1.6319458801291882
11343,0.1,0.75,0.15,0.0,0.15,0.85,2.1665,1.19,2.164,0.9129773154228814,1.6637301022913769
11344,0.1,0.75,0.15,0.0,0.2,0.8,2.1665,1.19,2.152,0.9137165273950044,1.6955155146029797
11360,0.1,0.75,0.15,0.05,0.0,0.95,2.1665,1.19,2.1805,0.9119694934929304,1.6269674926735296
11361,0.1,0.75,0.15,0.05,0.05,0.9,2.1665,1.19,2.1685000000000003,0.9127014728133642,1.6587512718094106
11362,0.1,0.75,0.15,0.05,0.1,0.85,2.1665,1.19,2.1565000000000003,0.9134387016493186,1.6905362363170826
11379,0.1,0.75,0.15,0.1,0.0,0.9,2.1665,1.19,2.161,0.9131616220784198,1.6855571265218847
11550,0.1,0.8,0.1,0.0,0.0,1.0,2.148,1.19,2.2,0.90693223734487,1.573565214960932
11551,0.1,0.8,0.1,0.0,0.05,0.95,2.148,1.19,2.188,0.907642096869411,1.6053439993154668
11552,0.1,0.8,0.1,0.0,0.1,0.9,2.148,1.19,2.176,0.908357017780936,1.6371239265612516
11553,0.1,0.8,0.1,0.0,0.15,0.85,2.148,1.19,2.164,0.9090770544056032,1.6689050089654653
11570,0.1,0.8,0.1,0.05,0.0,0.95,2.148,1.19,2.1805,0.9080883258762708,1.6321467107509298
11571,0.1,0.8,0.1,0.05,0.05,0.9,2.148,1.19,2.1685000000000003,0.908806437692938,1.6639273585220566
11572,0.1,0.8,0.1,0.05,0.1,0.85,2.148,1.19,2.1565000000000003,0.9095296995719392,1.6957091692078623
11589,0.1,0.8,0.1,0.1,0.0,0.9,2.148,1.19,2.161,0.9092578693323884,1.6907312447428757
11760,0.1,0.85,0.05,0.0,0.0,1.0,2.1295,1.19,2.2,0.90307339502866,1.5787494742238222
11761,0.1,0.85,0.05,0.0,0.05,0.95,2.1295,1.19,2.188,0.903769546409982,1.6105251631981652
11762,0.1,0.85,0.05,0.0,0.1,0.9,2.1295,1.19,2.176,0.9044706614375164,1.6423019729933186
11763,0.1,0.85,0.05,0.0,0.15,0.85,2.1295,1.19,2.164,0.9051767933883248,1.674079915639552
11780,0.1,0.85,0.05,0.05,0.0,0.95,2.1295,1.19,2.1805,0.9042071582596112,1.6373259288283277
11781,0.1,0.85,0.05,0.05,0.05,0.9,2.1295,1.19,2.1685000000000003,0.9049114025725118,1.6691034452347053
11799,0.1,0.85,0.05,0.1,0.0,0.9,2.1295,1.19,2.161,0.9053541165863568,1.695905362963864
11971,0.15,0.0,0.85,0.0,0.05,0.95,2.401,1.19,2.188,0.9606018409902504,1.5229569337893012
11972,0.15,0.0,0.85,0.0,0.1,0.9,2.401,1.19,2.176,0.9615055666936506,1.5547794942789332
11973,0.15,0.0,0.85,0.0,0.15,0.85,2.401,1.19,2.164,0.9624157591283808,1.5866035149949247
11974,0.15,0.0,0.85,0.0,0.2,0.8,2.401,1.19,2.152,0.9633324879540248,1.6184290116668194
11975,0.15,0.0,0.85,0.0,0.25,0.75,2.401,1.19,2.14,0.964255823834268,1.6502560002508995
11976,0.15,0.0,0.85,0.0,0.3,0.7,2.401,1.19,2.128,0.9651858384550552,1.6820844969342805
11990,0.15,0.0,0.85,0.05,0.0,0.95,2.401,1.19,2.1805,0.9611659154446424,1.549786255427032
11991,0.15,0.0,0.85,0.05,0.05,0.9,2.401,1.19,2.1685000000000003,0.9620736747452516,1.5816097267268812
11992,0.15,0.0,0.85,0.05,0.1,0.85,2.401,1.19,2.1565000000000003,0.962987944197726,1.6134346680577014
11993,0.15,0.0,0.85,0.05,0.15,0.8,2.401,1.19,2.1445000000000003,0.963908794087105,1.645261095290274
11994,0.15,0.0,0.85,0.05,0.2,0.75,2.401,1.19,2.1325000000000003,0.9648362957138338,1.6770890245246628
12009,0.15,0.0,0.85,0.1,0.0,0.9,2.401,1.19,2.161,0.9626443258051416,1.6084405334012102
12010,0.15,0.0,0.85,0.1,0.05,0.85,2.401,1.19,2.149,0.9635626997300962,1.6402664015463033
12011,0.15,0.0,0.85,0.1,0.1,0.8,2.401,1.19,2.1370000000000005,0.9644876985345814,1.6720937656285577
12027,0.15,0.0,0.85,0.15,0.0,0.85,2.401,1.19,2.1415,0.9641400430856648,1.6670987193807596
12028,0.15,0.0,0.85,0.15,0.05,0.8,2.401,1.19,2.1295,0.9650692189081648,1.6989270266585041
12181,0.15,0.05,0.8,0.0,0.05,0.95,2.3825000000000003,1.19,2.188,0.9567292905308216,1.5281380976720031
12182,0.15,0.05,0.8,0.0,0.1,0.9,2.3825000000000003,1.19,2.176,0.9576192103502308,1.559957540710998
12183,0.15,0.05,0.8,0.0,0.15,0.85,2.3825000000000003,1.19,2.164,0.9585154981111026,1.5917784216690132
12184,0.15,0.05,0.8,0.0,0.2,0.8,2.3825000000000003,1.19,2.152,0.9594182224088568,1.6236007560352994
12185,0.15,0.05,0.8,0.0,0.25,0.75,2.3825000000000003,1.19,2.14,0.960327452827676,1.6554245595223782
12186,0.15,0.05,0.8,0.0,0.3,0.7,2.3825000000000003,1.19,2.128,0.9612432599583852,1.6872498480700813
12200,0.15,0.05,0.8,0.05,0.0,0.95,2.3825000000000003,1.19,2.1805,0.9572847478279832,1.554965473504431
12201,0.15,0.05,0.8,0.05,0.05,0.9,2.3825000000000003,1.19,2.1685000000000003,0.9581786396248256,1.5867858134395276
12202,0.15,0.05,0.8,0.05,0.1,0.85,2.3825000000000003,1.19,2.1565000000000003,0.9590789421203464,1.618607600948482
12203,0.15,0.05,0.8,0.05,0.15,0.8,2.3825000000000003,1.19,2.1445000000000003,0.9599857245258662,1.6504308516596122
12204,0.15,0.05,0.8,0.05,0.2,0.75,2.3825000000000003,1.19,2.1325000000000003,0.9608990570525996,1.6822555814270324
12219,0.15,0.05,0.8,0.1,0.0,0.9,2.3825000000000003,1.19,2.161,0.9587405730591102,1.6136146516221972
12220,0.15,0.05,0.8,0.1,0.05,0.85,2.3825000000000003,1.19,2.149,0.9596449173246002,1.6454373517868235
12221,0.15,0.05,0.8,0.1,0.1,0.8,2.3825000000000003,1.19,2.1370000000000005,0.9605557852637816,1.6772615250357332
12237,0.15,0.05,0.8,0.15,0.0,0.85,2.3825000000000003,1.19,2.1415,0.9602134408188328,1.6722676780441859
12390,0.15,0.1,0.75,0.0,0.0,1.0,2.364,1.19,2.2,0.9519868287125082,1.5015043365449823
12391,0.15,0.1,0.75,0.0,0.05,0.95,2.364,1.19,2.188,0.9528567400713924,1.5333192615547038
12392,0.15,0.1,0.75,0.0,0.1,0.9,2.364,1.19,2.176,0.9537328540068108,1.5651355871430632
12393,0.15,0.1,0.75,0.0,0.15,0.85,2.364,1.19,2.164,0.9546152370938245,1.5969533283430999
12394,0.15,0.1,0.75,0.0,0.2,0.8,2.364,1.19,2.152,0.9555039568636888,1.628772500403775
12395,0.15,0.1,0.75,0.0,0.25,0.75,2.364,1.19,2.14,0.956399081821084,1.6605931187938556
12396,0.15,0.1,0.75,0.0,0.3,0.7,2.364,1.19,2.128,0.9573006814617152,1.6924151992058811
12410,0.15,0.1,0.75,0.05,0.0,0.95,2.364,1.19,2.1805,0.9534035802113232,1.5601446915818258
12411,0.15,0.1,0.75,0.05,0.05,0.9,2.364,1.19,2.1685000000000003,0.9542836045044,1.5919619001521785
12412,0.15,0.1,0.75,0.05,0.1,0.85,2.364,1.19,2.1565000000000003,0.9551699400429666,1.6237805338392621
12413,0.15,0.1,0.75,0.05,0.15,0.8,2.364,1.19,2.1445000000000003,0.956062654964627,1.65560060802895
12414,0.15,0.1,0.75,0.05,0.2,0.75,2.364,1.19,2.1325000000000003,0.9569618183913652,1.687422138329405
12429,0.15,0.1,0.75,0.1,0.0,0.9,2.364,1.19,2.161,0.9548368203130788,1.6187887698431864
12430,0.15,0.1,0.75,0.1,0.05,0.85,2.364,1.19,2.149,0.955727134919104,1.6506083020273454
12431,0.15,0.1,0.75,0.1,0.1,0.8,2.364,1.19,2.1370000000000005,0.9566238719929816,1.6824292844429043
12447,0.15,0.1,0.75,0.15,0.0,0.85,2.364,1.19,2.1415,0.9562868385520004,1.67743663670761
12600,0.15,0.15,0.7,0.0,0.0,1.0,2.3454999999999995,1.19,2.2,0.9481279863962984,1.5066885958078742
12601,0.15,0.15,0.7,0.0,0.05,0.95,2.3454999999999995,1.19,2.188,0.9489841896119636,1.5385004254374035
12602,0.15,0.15,0.7,0.0,0.1,0.9,2.3454999999999995,1.19,2.176,0.949846497663391,1.5703136335751253
12603,0.15,0.15,0.7,0.0,0.15,0.85,2.3454999999999995,1.19,2.164,0.950714976076546,1.602128235017188
12604,0.15,0.15,0.7,0.0,0.2,0.8,2.3454999999999995,1.19,2.152,0.9515896913185208,1.6339442447722554
12605,0.15,0.15,0.7,0.0,0.25,0.75,2.3454999999999995,1.19,2.14,0.952470710814492,1.665761678065333
12606,0.15,0.15,0.7,0.0,0.3,0.7,2.3454999999999995,1.19,2.128,0.9533581029650452,1.697580550341681
12620,0.15,0.15,0.7,0.05,0.0,0.95,2.3454999999999995,1.19,2.1805,0.9495224125946636,1.5653239096592237
12621,0.15,0.15,0.7,0.05,0.05,0.9,2.3454999999999995,1.19,2.1685000000000003,0.9503885693839734,1.5971379868648259
12622,0.15,0.15,0.7,0.05,0.1,0.85,2.3454999999999995,1.19,2.1565000000000003,0.9512609379655868,1.6289534667300405
12623,0.15,0.15,0.7,0.05,0.15,0.8,2.3454999999999995,1.19,2.1445000000000003,0.9521395854033884,1.6607703643982887
12624,0.15,0.15,0.7,0.05,0.2,0.75,2.3454999999999995,1.19,2.1325000000000003,0.9530245797301308,1.6925886952317715
12639,0.15,0.15,0.7,0.1,0.0,0.9,2.3454999999999995,1.19,2.161,0.9509330675670474,1.6239628880641752
12640,0.15,0.15,0.7,0.1,0.05,0.85,2.3454999999999995,1.19,2.149,0.951809352513608,1.6557792522678656
12641,0.15,0.15,0.7,0.1,0.1,0.8,2.3454999999999995,1.19,2.1370000000000005,0.9526919587221816,1.6875970438500754
12657,0.15,0.15,0.7,0.15,0.0,0.85,2.3454999999999995,1.19,2.1415,0.9523602362851684,1.6826055953710357
12810,0.15,0.2,0.65,0.0,0.0,1.0,2.327,1.19,2.2,0.9442691440800888,1.5118728550707612
12811,0.15,0.2,0.65,0.0,0.05,0.95,2.327,1.19,2.188,0.9451116391525346,1.5436815893201037
12812,0.15,0.2,0.65,0.0,0.1,0.9,2.327,1.19,2.176,0.9459601413199712,1.57549168000719
12813,0.15,0.2,0.65,0.0,0.15,0.85,2.327,1.19,2.164,0.9468147150592678,1.6073031416912746
12814,0.15,0.2,0.65,0.0,0.2,0.8,2.327,1.19,2.152,0.9476754257733532,1.6391159891407328
12815,0.15,0.2,0.65,0.0,0.25,0.75,2.327,1.19,2.14,0.9485423398079004,1.6709302373368096
12830,0.15,0.2,0.65,0.05,0.0,0.95,2.327,1.19,2.1805,0.9456412449780042,1.5705031277366204
12831,0.15,0.2,0.65,0.05,0.05,0.9,2.327,1.19,2.1685000000000003,0.9464935342635474,1.6023140735774741
12832,0.15,0.2,0.65,0.05,0.1,0.85,2.327,1.19,2.1565000000000003,0.9473519358882072,1.634126399620821
12833,0.15,0.2,0.65,0.05,0.15,0.8,2.327,1.19,2.1445000000000003,0.9482165158421496,1.6659401207676274
12834,0.15,0.2,0.65,0.05,0.2,0.75,2.327,1.19,2.1325000000000003,0.9490873410688964,1.6977552521341432
12849,0.15,0.2,0.65,0.1,0.0,0.9,2.327,1.19,2.161,0.947029314821016,1.6291370062851644
12850,0.15,0.2,0.65,0.1,0.05,0.85,2.327,1.19,2.149,0.9478915701081122,1.660950202508384
12851,0.15,0.2,0.65,0.1,0.1,0.8,2.327,1.19,2.1370000000000005,0.948760045451382,1.692764803257249
12867,0.15,0.2,0.65,0.15,0.0,0.85,2.327,1.19,2.1415,0.9484336340183364,1.6877745540344593
13020,0.15,0.25,0.6,0.0,0.0,1.0,2.3085,1.19,2.2,0.9404103017638789,1.517057114333653
13021,0.15,0.25,0.6,0.0,0.05,0.95,2.3085,1.19,2.188,0.9412390886931056,1.5488627532028039
13022,0.15,0.25,0.6,0.0,0.1,0.9,2.3085,1.19,2.176,0.9420737849765514,1.580669726439253
13023,0.15,0.25,0.6,0.0,0.15,0.85,2.3085,1.19,2.164,0.9429144540419896,1.6124780483653627
13024,0.15,0.25,0.6,0.0,0.2,0.8,2.3085,1.19,2.152,0.9437611602281852,1.6442877335092119
13025,0.15,0.25,0.6,0.0,0.25,0.75,2.3085,1.19,2.14,0.944613968801308,1.676098796608287
13040,0.15,0.25,0.6,0.05,0.0,0.95,2.3085,1.19,2.1805,0.9417600773613444,1.575682345814017
13041,0.15,0.25,0.6,0.05,0.05,0.9,2.3085,1.19,2.1685000000000003,0.9425984991431212,1.6074901602901228
13042,0.15,0.25,0.6,0.05,0.1,0.85,2.3085,1.19,2.1565000000000003,0.9434429338108274,1.6392993325116012
13043,0.15,0.25,0.6,0.05,0.15,0.8,2.3085,1.19,2.1445000000000003,0.9442934462809104,1.6711098771369652
13059,0.15,0.25,0.6,0.1,0.0,0.9,2.3085,1.19,2.161,0.9431255620749848,1.634311124506152
13060,0.15,0.25,0.6,0.1,0.05,0.85,2.3085,1.19,2.149,0.943973787702616,1.666121152748905
13061,0.15,0.25,0.6,0.1,0.1,0.8,2.3085,1.19,2.1370000000000005,0.944828132180582,1.6979325626644206
13077,0.15,0.25,0.6,0.15,0.0,0.85,2.3085,1.19,2.1415,0.944507031751504,1.692943512697886
13230,0.15,0.3,0.55,0.0,0.0,1.0,2.29,1.19,2.2,0.9365514594476692,1.5222413735965437
13231,0.15,0.3,0.55,0.0,0.05,0.95,2.29,1.19,2.188,0.9373665382336768,1.5540439170855063
13232,0.15,0.3,0.55,0.0,0.1,0.9,2.29,1.19,2.176,0.9381874286331316,1.5858477728713174
13233,0.15,0.3,0.55,0.0,0.15,0.85,2.29,1.19,2.164,0.9390141930247116,1.6176529550394516
13234,0.15,0.3,0.55,0.0,0.2,0.8,2.29,1.19,2.152,0.9398468946830172,1.6494594778776905
13235,0.15,0.3,0.55,0.0,0.25,0.75,2.29,1.19,2.14,0.9406855977947162,1.6812673558797635
13250,0.15,0.3,0.55,0.05,0.0,0.95,2.29,1.19,2.1805,0.9378789097446848,1.5808615638914123
13251,0.15,0.3,0.55,0.05,0.05,0.9,2.29,1.19,2.1685000000000003,0.9387034640226952,1.6126662470027702
13252,0.15,0.3,0.55,0.05,0.1,0.85,2.29,1.19,2.1565000000000003,0.939533931733448,1.6444722654023818
13253,0.15,0.3,0.55,0.05,0.15,0.8,2.29,1.19,2.1445000000000003,0.9403703767196716,1.6762796335063057
13269,0.15,0.3,0.55,0.1,0.0,0.9,2.29,1.19,2.161,0.9392218093289536,1.6394852427271407
13270,0.15,0.3,0.55,0.1,0.05,0.85,2.29,1.19,2.149,0.9400560052971202,1.6712921029894243
13287,0.15,0.3,0.55,0.15,0.0,0.85,2.29,1.19,2.1415,0.940580429484672,1.6981124713613092
13440,0.15,0.35,0.5,0.0,0.0,1.0,2.2715,1.19,2.2,0.9326926171314592,1.5274256328594324
13441,0.15,0.35,0.5,0.0,0.05,0.95,2.2715,1.19,2.188,0.9334939877742476,1.5592250809682064
13442,0.15,0.35,0.5,0.0,0.1,0.9,2.2715,1.19,2.176,0.9343010722897118,1.5910258193033817
13443,0.15,0.35,0.5,0.0,0.15,0.85,2.2715,1.19,2.164,0.9351139320074332,1.6228278617135379
13444,0.15,0.35,0.5,0.0,0.2,0.8,2.2715,1.19,2.152,0.9359326291378494,1.6546312222461692
13445,0.15,0.35,0.5,0.0,0.25,0.75,2.2715,1.19,2.14,0.9367572267881245,1.6864359151512436
13460,0.15,0.35,0.5,0.05,0.0,0.95,2.2715,1.19,2.1805,0.9339977421280252,1.586040781968808
13461,0.15,0.35,0.5,0.05,0.05,0.9,2.2715,1.19,2.1685000000000003,0.9348084289022688,1.6178423337154202
13462,0.15,0.35,0.5,0.05,0.1,0.85,2.2715,1.19,2.1565000000000003,0.935624929656068,1.649645198293161
13463,0.15,0.35,0.5,0.05,0.15,0.8,2.2715,1.19,2.1445000000000003,0.9364473071584326,1.681449389875643
13479,0.15,0.35,0.5,0.1,0.0,0.9,2.2715,1.19,2.161,0.935318056582922,1.644659360948129
13480,0.15,0.35,0.5,0.1,0.05,0.85,2.2715,1.19,2.149,0.936138222891624,1.676463053229945
13650,0.15,0.4,0.45,0.0,0.0,1.0,2.253,1.19,2.2,0.9288337748152496,1.532609892122324
13651,0.15,0.4,0.45,0.0,0.05,0.95,2.253,1.19,2.188,0.9296214373148186,1.5644062448509066
13652,0.15,0.4,0.45,0.0,0.1,0.9,2.253,1.19,2.176,0.930414715946292,1.5962038657354434
13653,0.15,0.4,0.45,0.0,0.15,0.85,2.253,1.19,2.164,0.9312136709901552,1.6280027683876281
13654,0.15,0.4,0.45,0.0,0.2,0.8,2.253,1.19,2.152,0.9320183635926816,1.6598029666146465
13655,0.15,0.4,0.45,0.0,0.25,0.75,2.253,1.19,2.14,0.9328288557815324,1.6916044744227205
13670,0.15,0.4,0.45,0.05,0.0,0.95,2.253,1.19,2.1805,0.930116574511366,1.591220000046206
13671,0.15,0.4,0.45,0.05,0.05,0.9,2.253,1.19,2.1685000000000003,0.9309133937818428,1.6230184204280684
13672,0.15,0.4,0.45,0.05,0.1,0.85,2.253,1.19,2.1565000000000003,0.9317159275786886,1.6548181311839394
13673,0.15,0.4,0.45,0.05,0.15,0.8,2.253,1.19,2.1445000000000003,0.9325242375971938,1.6866191462449813
13689,0.15,0.4,0.45,0.1,0.0,0.9,2.253,1.19,2.161,0.9314143038368906,1.6498334791691178
13690,0.15,0.4,0.45,0.1,0.05,0.85,2.253,1.19,2.149,0.9322204404861282,1.681634003470465
13860,0.15,0.45,0.4,0.0,0.0,1.0,2.2345,1.19,2.2,0.9249749324990396,1.5377941513852131
13861,0.15,0.45,0.4,0.0,0.05,0.95,2.2345,1.19,2.188,0.9257488868553896,1.5695874087336064
13862,0.15,0.45,0.4,0.0,0.1,0.9,2.2345,1.19,2.176,0.9265283596028724,1.6013819121675086
13863,0.15,0.45,0.4,0.0,0.15,0.85,2.2345,1.19,2.164,0.9273134099728768,1.633177675061718
13864,0.15,0.45,0.4,0.0,0.2,0.8,2.2345,1.19,2.152,0.9281040980475136,1.6649747109831257
13865,0.15,0.45,0.4,0.0,0.25,0.75,2.2345,1.19,2.14,0.9289004847749406,1.6967730336941997
13880,0.15,0.45,0.4,0.05,0.0,0.95,2.2345,1.19,2.1805,0.9262354068947062,1.5963992181236035
13881,0.15,0.45,0.4,0.05,0.05,0.9,2.2345,1.19,2.1685000000000003,0.9270183586614168,1.6281945071407158
13882,0.15,0.45,0.4,0.05,0.1,0.85,2.2345,1.19,2.1565000000000003,0.9278069255013088,1.6599910640747186
13883,0.15,0.45,0.4,0.05,0.15,0.8,2.2345,1.19,2.1445000000000003,0.9286011680359548,1.6917889026143191
13899,0.15,0.45,0.4,0.1,0.0,0.9,2.2345,1.19,2.161,0.9275105510908592,1.6550075973901048
13900,0.15,0.45,0.4,0.1,0.05,0.85,2.2345,1.19,2.149,0.9283026580806322,1.6868049537109848
14070,0.15,0.5,0.35,0.0,0.0,1.0,2.216,1.19,2.2,0.92111609018283,1.5429784106481055
14071,0.15,0.5,0.35,0.0,0.05,0.95,2.216,1.19,2.188,0.9218763363959608,1.5747685726163088
14072,0.15,0.5,0.35,0.0,0.1,0.9,2.216,1.19,2.176,0.9226420032594522,1.6065599585995725
14073,0.15,0.5,0.35,0.0,0.15,0.85,2.216,1.19,2.164,0.9234131489555986,1.6383525817358056
14074,0.15,0.5,0.35,0.0,0.2,0.8,2.216,1.19,2.152,0.9241898325023458,1.6701464553516043
14090,0.15,0.5,0.35,0.05,0.0,0.95,2.216,1.19,2.1805,0.9223542392780466,1.6015784362010002
14091,0.15,0.5,0.35,0.05,0.05,0.9,2.216,1.19,2.1685000000000003,0.9231233235409908,1.6333705938533654
14092,0.15,0.5,0.35,0.05,0.1,0.85,2.216,1.19,2.1565000000000003,0.9238979234239292,1.6651639969654979
14093,0.15,0.5,0.35,0.05,0.15,0.8,2.216,1.19,2.1445000000000003,0.9246780984747158,1.696958658983657
14109,0.15,0.5,0.35,0.1,0.0,0.9,2.216,1.19,2.161,0.9236067983448278,1.6601817156110932
14110,0.15,0.5,0.35,0.1,0.05,0.85,2.216,1.19,2.149,0.9243848756751362,1.6919759039515054
14280,0.15,0.55,0.3,0.0,0.0,1.0,2.1975,1.19,2.2,0.9172572478666202,1.5481626699109974
14281,0.15,0.55,0.3,0.0,0.05,0.95,2.1975,1.19,2.188,0.9180037859365316,1.579949736499009
14282,0.15,0.55,0.3,0.0,0.1,0.9,2.1975,1.19,2.176,0.9187556469160324,1.6117380050316354
14283,0.15,0.55,0.3,0.0,0.15,0.85,2.1975,1.19,2.164,0.9195128879383204,1.643527488409894
14284,0.15,0.55,0.3,0.0,0.2,0.8,2.1975,1.19,2.152,0.9202755669571776,1.6753181997200834
14300,0.15,0.55,0.3,0.05,0.0,0.95,2.1975,1.19,2.1805,0.9184730716613873,1.6067576542783968
14301,0.15,0.55,0.3,0.05,0.05,0.9,2.1975,1.19,2.1685000000000003,0.9192282884205644,1.6385466805660118
14302,0.15,0.55,0.3,0.05,0.1,0.85,2.1975,1.19,2.1565000000000003,0.9199889213465494,1.6703369298562802
14319,0.15,0.55,0.3,0.1,0.0,0.9,2.1975,1.19,2.161,0.9197030455987965,1.6653558338320824
14320,0.15,0.55,0.3,0.1,0.05,0.85,2.1975,1.19,2.149,0.9204670932696402,1.697146854192026
14490,0.15,0.6,0.25,0.0,0.0,1.0,2.179,1.19,2.2,0.9133984055504104,1.5533469291738862
14491,0.15,0.6,0.25,0.0,0.05,0.95,2.179,1.19,2.188,0.9141312354771024,1.585130900381711
14492,0.15,0.6,0.25,0.0,0.1,0.9,2.179,1.19,2.176,0.9148692905726128,1.6169160514637029
14493,0.15,0.6,0.25,0.0,0.15,0.85,2.179,1.19,2.164,0.9156126269210422,1.6487023950839799
14494,0.15,0.6,0.25,0.0,0.2,0.8,2.179,1.19,2.152,0.9163613014120098,1.6804899440885626
14510,0.15,0.6,0.25,0.05,0.0,0.95,2.179,1.19,2.1805,0.9145919040447272,1.6119368723557939
14511,0.15,0.6,0.25,0.05,0.05,0.9,2.179,1.19,2.1685000000000003,0.9153332533001384,1.6437227672786623
14512,0.15,0.6,0.25,0.05,0.1,0.85,2.179,1.19,2.1565000000000003,0.9160799192691697,1.6755098627470577
14529,0.15,0.6,0.25,0.1,0.0,0.9,2.179,1.19,2.161,0.9157992928527652,1.6705299520530703
14700,0.15,0.65,0.2,0.0,0.0,1.0,2.1605,1.19,2.2,0.9095395632342006,1.5585311884367754
14701,0.15,0.65,0.2,0.0,0.05,0.95,2.1605,1.19,2.188,0.9102586850176736,1.590312064264412
14702,0.15,0.65,0.2,0.0,0.1,0.9,2.1605,1.19,2.176,0.9109829342291929,1.622094097895764
14703,0.15,0.65,0.2,0.0,0.15,0.85,2.1605,1.19,2.164,0.911712365903764,1.6538773017580688
14704,0.15,0.65,0.2,0.0,0.2,0.8,2.1605,1.19,2.152,0.912447035866842,1.6856616884570403
14720,0.15,0.65,0.2,0.05,0.0,0.95,2.1605,1.19,2.1805,0.9107107364280675,1.6171160904331905
14721,0.15,0.65,0.2,0.05,0.05,0.9,2.1605,1.19,2.1685000000000003,0.9114382181797124,1.648898853991311
14722,0.15,0.65,0.2,0.05,0.1,0.85,2.1605,1.19,2.1565000000000003,0.91217091719179,1.6806827956378378
14739,0.15,0.65,0.2,0.1,0.0,0.9,2.1605,1.19,2.161,0.911895540106734,1.6757040702740613
14910,0.15,0.7,0.15,0.0,0.0,1.0,2.142,1.19,2.2,0.9056807209179908,1.5637154476996669
14911,0.15,0.7,0.15,0.0,0.05,0.95,2.142,1.19,2.188,0.9063861345582448,1.5954932281471135
14912,0.15,0.7,0.15,0.0,0.1,0.9,2.142,1.19,2.176,0.9070965778857728,1.6272721443278293
14913,0.15,0.7,0.15,0.0,0.15,0.85,2.142,1.19,2.164,0.9078121048864858,1.659052208432156
14914,0.15,0.7,0.15,0.0,0.2,0.8,2.142,1.19,2.152,0.908532770321674,1.6908334328255186
14930,0.15,0.7,0.15,0.05,0.0,0.95,2.142,1.19,2.1805,0.9068295688114082,1.6222953085105867
14931,0.15,0.7,0.15,0.05,0.05,0.9,2.142,1.19,2.1685000000000003,0.9075431830592864,1.654074940703956
14932,0.15,0.7,0.15,0.05,0.1,0.85,2.142,1.19,2.1565000000000003,0.9082619151144103,1.6858557285286166
14949,0.15,0.7,0.15,0.1,0.0,0.9,2.142,1.19,2.161,0.9079917873607024,1.68087818849505
15120,0.15,0.75,0.1,0.0,0.0,1.0,2.1235,1.19,2.2,0.9018218786017812,1.5688997069625552
15121,0.15,0.75,0.1,0.0,0.05,0.95,2.1235,1.19,2.188,0.9025135840988155,1.6006743920298097
15122,0.15,0.75,0.1,0.0,0.1,0.9,2.1235,1.19,2.176,0.9032102215423532,1.6324501907598918
15123,0.15,0.75,0.1,0.0,0.15,0.85,2.1235,1.19,2.164,0.9039118438692074,1.664227115106243
15124,0.15,0.75,0.1,0.0,0.2,0.8,2.1235,1.19,2.152,0.9046185047765062,1.6960051771939986
15140,0.15,0.75,0.1,0.05,0.0,0.95,2.1235,1.19,2.1805,0.9029484011947488,1.6274745265879833
15141,0.15,0.75,0.1,0.05,0.05,0.9,2.1235,1.19,2.1685000000000003,0.90364814793886,1.6592510274166092
15142,0.15,0.75,0.1,0.05,0.1,0.85,2.1235,1.19,2.1565000000000003,0.9043529130370308,1.6910286614193972
15159,0.15,0.75,0.1,0.1,0.0,0.9,2.1235,1.19,2.161,0.9040880346146708,1.686052306716039
15333,0.15,0.8,0.05,0.0,0.15,0.85,2.105,1.19,2.164,0.9000115828519295,1.669402021780333
15352,0.15,0.8,0.05,0.05,0.1,0.85,2.105,1.19,2.1565000000000003,0.9004439109596508,1.6962015943101765
15369,0.15,0.8,0.05,0.1,0.0,0.9,2.105,1.19,2.161,0.9001842818686396,1.6912264249370255
15541,0.2,0.0,0.8,0.0,0.05,0.95,2.358,1.19,2.188,0.9516007777602264,1.523468490386351
15542,0.2,0.0,0.8,0.0,0.1,0.9,2.358,1.19,2.176,0.9524724141116478,1.5552838049096391
15543,0.2,0.0,0.8,0.0,0.15,0.85,2.358,1.19,2.164,0.9533502875747072,1.5871005278097914
15544,0.2,0.0,0.8,0.0,0.2,0.8,2.358,1.19,2.152,0.9542344653355264,1.6189186742578374
15545,0.2,0.0,0.8,0.0,0.25,0.75,2.358,1.19,2.14,0.955125015548676,1.650738259643485
15546,0.2,0.0,0.8,0.0,0.3,0.7,2.358,1.19,2.128,0.9560220073546872,1.6825592995790748
15560,0.2,0.0,0.8,0.05,0.0,0.95,2.358,1.19,2.1805,0.9521448231464608,1.5502932893414836
15561,0.2,0.0,0.8,0.05,0.05,0.9,2.358,1.19,2.1685000000000003,0.953020349870748,1.5821094823340798
15562,0.2,0.0,0.8,0.05,0.1,0.85,2.358,1.19,2.1565000000000003,0.953902155585438,1.6139270931600151
15563,0.2,0.0,0.8,0.05,0.15,0.8,2.358,1.19,2.1445000000000003,0.9547903080799012,1.6457461371265367
15564,0.2,0.0,0.8,0.05,0.2,0.75,2.358,1.19,2.1325000000000003,0.9556848761228568,1.6775666297620244
15579,0.2,0.0,0.8,0.1,0.0,0.9,2.358,1.19,2.161,0.953570738341393,1.6089357135953604
15580,0.2,0.0,0.8,0.1,0.05,0.85,2.358,1.19,2.149,0.954456502787592,1.6407542183263941
15581,0.2,0.0,0.8,0.1,0.1,0.8,2.358,1.19,2.1370000000000005,0.9553486568781278,1.6725741658770832
15597,0.2,0.0,0.8,0.15,0.0,0.85,2.358,1.19,2.1415,0.9550133459249198,1.6675819070897635
15598,0.2,0.0,0.8,0.15,0.05,0.8,2.358,1.19,2.1295,0.9559095287165634,1.6994027643451002
15751,0.2,0.05,0.75,0.0,0.05,0.95,2.3395,1.19,2.188,0.9477282273007974,1.5286496542690537
15752,0.2,0.05,0.75,0.0,0.1,0.9,2.3395,1.19,2.176,0.948586057768228,1.5604618513417017
15753,0.2,0.05,0.75,0.0,0.15,0.85,2.3395,1.19,2.164,0.949450026557429,1.5922754344838785
15754,0.2,0.05,0.75,0.0,0.2,0.8,2.3395,1.19,2.152,0.9503201997903584,1.624090418626317
15755,0.2,0.05,0.75,0.0,0.25,0.75,2.3395,1.19,2.14,0.951196644542084,1.6559068189149624
15756,0.2,0.05,0.75,0.0,0.3,0.7,2.3395,1.19,2.128,0.9520794288580172,1.6877246507148738
15770,0.2,0.05,0.75,0.05,0.0,0.95,2.3395,1.19,2.1805,0.9482636555298012,1.555472507418881
15771,0.2,0.05,0.75,0.05,0.05,0.9,2.3395,1.19,2.1685000000000003,0.949125314750322,1.587285569046728
15772,0.2,0.05,0.75,0.05,0.1,0.85,2.3395,1.19,2.1565000000000003,0.9499931535080584,1.6191000260507957
15773,0.2,0.05,0.75,0.05,0.15,0.8,2.3395,1.19,2.1445000000000003,0.9508672385186622,1.650915893495874
15774,0.2,0.05,0.75,0.05,0.2,0.75,2.3395,1.19,2.1325000000000003,0.9517476374616224,1.682733186664394
15789,0.2,0.05,0.75,0.1,0.0,0.9,2.3395,1.19,2.161,0.9496669855953618,1.6141098318163465
15790,0.2,0.05,0.75,0.1,0.05,0.85,2.3395,1.19,2.149,0.950538720382096,1.6459251685669116
15791,0.2,0.05,0.75,0.1,0.1,0.8,2.3395,1.19,2.1370000000000005,0.951416743607328,1.6777419252842543
15807,0.2,0.05,0.75,0.15,0.0,0.85,2.3395,1.19,2.1415,0.9510867436580877,1.6727508657531858
15960,0.2,0.1,0.7,0.0,0.0,1.0,2.321,1.19,2.2,0.9430176276532096,1.5020230878094996
15961,0.2,0.1,0.7,0.0,0.05,0.95,2.321,1.19,2.188,0.9438556768413684,1.533830818151753
15962,0.2,0.1,0.7,0.0,0.1,0.9,2.321,1.19,2.176,0.944699701424808,1.5656398977737656
15963,0.2,0.1,0.7,0.0,0.15,0.85,2.321,1.19,2.164,0.9455497655401506,1.597450341157967
15964,0.2,0.1,0.7,0.0,0.2,0.8,2.321,1.19,2.152,0.9464059342451904,1.629262162994796
15965,0.2,0.1,0.7,0.0,0.25,0.75,2.321,1.19,2.14,0.947268273535492,1.661075378186439
15966,0.2,0.1,0.7,0.0,0.3,0.7,2.321,1.19,2.128,0.9481368503613472,1.6928900018506745
15980,0.2,0.1,0.7,0.05,0.0,0.95,2.321,1.19,2.1805,0.9443824879131416,1.5606517254962768
15981,0.2,0.1,0.7,0.05,0.05,0.9,2.321,1.19,2.1685000000000003,0.9452302796298956,1.592461655759378
15982,0.2,0.1,0.7,0.05,0.1,0.85,2.321,1.19,2.1565000000000003,0.9460841514306786,1.6242729589415767
15983,0.2,0.1,0.7,0.05,0.15,0.8,2.321,1.19,2.1445000000000003,0.9469441689574232,1.6560856498652115
15984,0.2,0.1,0.7,0.05,0.2,0.75,2.321,1.19,2.1325000000000003,0.947810398800388,1.687899743566764
15999,0.2,0.1,0.7,0.1,0.0,0.9,2.321,1.19,2.161,0.9457632328493302,1.6192839500373384
16000,0.2,0.1,0.7,0.1,0.05,0.85,2.321,1.19,2.149,0.9466209379766,1.6510961188074362
16001,0.2,0.1,0.7,0.1,0.1,0.8,2.321,1.19,2.1370000000000005,0.947484830336528,1.6829096846914275
16017,0.2,0.1,0.7,0.15,0.0,0.85,2.321,1.19,2.1415,0.9471601413912556,1.677919824416612
16170,0.2,0.15,0.65,0.0,0.0,1.0,2.3025,1.19,2.2,0.9391587853369998,1.5072073470723892
16171,0.2,0.15,0.65,0.0,0.05,0.95,2.3025,1.19,2.188,0.9399831263819391,1.539011982034454
16172,0.2,0.15,0.65,0.0,0.1,0.9,2.3025,1.19,2.176,0.9408133450813884,1.5708179442058285
16173,0.2,0.15,0.65,0.0,0.15,0.85,2.3025,1.19,2.164,0.9416495045228724,1.6026252478320568
16174,0.2,0.15,0.65,0.0,0.2,0.8,2.3025,1.19,2.152,0.9424916687000224,1.6344339073632734
16175,0.2,0.15,0.65,0.0,0.25,0.75,2.3025,1.19,2.14,0.9433399025289,1.6662439374579185
16176,0.2,0.15,0.65,0.0,0.3,0.7,2.3025,1.19,2.128,0.9441942718646772,1.6980553529864744
16190,0.2,0.15,0.65,0.05,0.0,0.95,2.3025,1.19,2.1805,0.940501320296482,1.5658309435736717
16191,0.2,0.15,0.65,0.05,0.05,0.9,2.3025,1.19,2.1685000000000003,0.9413352445094696,1.5976377424720236
16192,0.2,0.15,0.65,0.05,0.1,0.85,2.3025,1.19,2.1565000000000003,0.9421751493532988,1.6294458918323538
16193,0.2,0.15,0.65,0.05,0.15,0.8,2.3025,1.19,2.1445000000000003,0.9430210993961844,1.6612554062345501
16194,0.2,0.15,0.65,0.05,0.2,0.75,2.3025,1.19,2.1325000000000003,0.9438731601391538,1.693066300469134
16209,0.2,0.15,0.65,0.1,0.0,0.9,2.3025,1.19,2.161,0.9418594801032988,1.6244580682583258
16210,0.2,0.15,0.65,0.1,0.05,0.85,2.3025,1.19,2.149,0.9427031555711038,1.656267069047955
16211,0.2,0.15,0.65,0.1,0.1,0.8,2.3025,1.19,2.1370000000000005,0.943552917065728,1.6880774440985995
16227,0.2,0.15,0.65,0.15,0.0,0.85,2.3025,1.19,2.1415,0.9432335391244236,1.6830887830800378
16380,0.2,0.2,0.6,0.0,0.0,1.0,2.284,1.19,2.2,0.9352999430207902,1.512391606335279
16381,0.2,0.2,0.6,0.0,0.05,0.95,2.284,1.19,2.188,0.9361105759225103,1.5441931459171534
16382,0.2,0.2,0.6,0.0,0.1,0.9,2.284,1.19,2.176,0.9369269887379684,1.5759959906378929
16383,0.2,0.2,0.6,0.0,0.15,0.85,2.284,1.19,2.164,0.9377492435055944,1.6078001545061427
16384,0.2,0.2,0.6,0.0,0.2,0.8,2.284,1.19,2.152,0.9385774031548548,1.6396056517317525
16385,0.2,0.2,0.6,0.0,0.25,0.75,2.284,1.19,2.14,0.939411531522308,1.671412496729396
16400,0.2,0.2,0.6,0.05,0.0,0.95,2.284,1.19,2.1805,0.9366201526798222,1.5710101616510697
16401,0.2,0.2,0.6,0.05,0.05,0.9,2.284,1.19,2.1685000000000003,0.9374402093890436,1.6028138291846705
16402,0.2,0.2,0.6,0.05,0.1,0.85,2.284,1.19,2.1565000000000003,0.9382661472759192,1.6346188247231344
16403,0.2,0.2,0.6,0.05,0.15,0.8,2.284,1.19,2.1445000000000003,0.9390980298349452,1.666425162603888
16404,0.2,0.2,0.6,0.05,0.2,0.75,2.284,1.19,2.1325000000000003,0.9399359214779192,1.698232857371503
16419,0.2,0.2,0.6,0.1,0.0,0.9,2.284,1.19,2.161,0.9379557273572676,1.6296321864793133
16420,0.2,0.2,0.6,0.1,0.05,0.85,2.284,1.19,2.149,0.938785373165608,1.6614380192884721
16421,0.2,0.2,0.6,0.1,0.1,0.8,2.284,1.19,2.1370000000000005,0.9396210037949282,1.6932452035057697
16437,0.2,0.2,0.6,0.15,0.0,0.85,2.284,1.19,2.1415,0.9393069368575911,1.6882577417434623
16590,0.2,0.25,0.55,0.0,0.0,1.0,2.2655000000000003,1.19,2.2,0.9314411007045804,1.51757586559817
16591,0.2,0.25,0.55,0.0,0.05,0.95,2.2655000000000003,1.19,2.188,0.9322380254630817,1.549374309799854
16592,0.2,0.25,0.55,0.0,0.1,0.9,2.2655000000000003,1.19,2.176,0.9330406323945488,1.5811740370699563
16593,0.2,0.25,0.55,0.0,0.15,0.85,2.2655000000000003,1.19,2.164,0.9338489824883162,1.612975061180232
16594,0.2,0.25,0.55,0.0,0.2,0.8,2.2655000000000003,1.19,2.152,0.9346631376096868,1.644777396100229
16595,0.2,0.25,0.55,0.0,0.25,0.75,2.2655000000000003,1.19,2.14,0.935483160515716,1.676581056000872
16610,0.2,0.25,0.55,0.05,0.0,0.95,2.2655000000000003,1.19,2.1805,0.9327389850631628,1.5761893797284658
16611,0.2,0.25,0.55,0.05,0.05,0.9,2.2655000000000003,1.19,2.1685000000000003,0.9335451742686176,1.60798991589732
16612,0.2,0.25,0.55,0.05,0.1,0.85,2.2655000000000003,1.19,2.1565000000000003,0.9343571451985396,1.6397917576139145
16613,0.2,0.25,0.55,0.05,0.15,0.8,2.2655000000000003,1.19,2.1445000000000003,0.9351749602737064,1.6715949189732253
16629,0.2,0.25,0.55,0.1,0.0,0.9,2.2655000000000003,1.19,2.161,0.9340519746112363,1.6348063047003039
16630,0.2,0.25,0.55,0.1,0.05,0.85,2.2655000000000003,1.19,2.149,0.934867590760112,1.6666089695289954
16631,0.2,0.25,0.55,0.1,0.1,0.8,2.2655000000000003,1.19,2.1370000000000005,0.9356890905241284,1.698412962912943
16647,0.2,0.25,0.55,0.15,0.0,0.85,2.2655000000000003,1.19,2.1415,0.9353803345907592,1.6934267004068864
16800,0.2,0.3,0.5,0.0,0.0,1.0,2.247,1.19,2.2,0.9275822583883706,1.5227601248610614
16801,0.2,0.3,0.5,0.0,0.05,0.95,2.247,1.19,2.188,0.9283654750036524,1.5545554736825564
16802,0.2,0.3,0.5,0.0,0.1,0.9,2.247,1.19,2.176,0.9291542760511288,1.5863520835020197
16803,0.2,0.3,0.5,0.0,0.15,0.85,2.247,1.19,2.164,0.9299487214710378,1.6181499678543219
16804,0.2,0.3,0.5,0.0,0.2,0.8,2.247,1.19,2.152,0.930748872064519,1.6499491404687099
16805,0.2,0.3,0.5,0.0,0.25,0.75,2.247,1.19,2.14,0.9315547895091244,1.6817496152723512
16820,0.2,0.3,0.5,0.05,0.0,0.95,2.247,1.19,2.1805,0.9288578174465032,1.5813685978058625
16821,0.2,0.3,0.5,0.05,0.05,0.9,2.247,1.19,2.1685000000000003,0.9296501391481912,1.613166002609968
16822,0.2,0.3,0.5,0.05,0.1,0.85,2.247,1.19,2.1565000000000003,0.93044814312116,1.6449646905046942
16823,0.2,0.3,0.5,0.05,0.15,0.8,2.247,1.19,2.1445000000000003,0.9312518907124676,1.6767646753425627
16839,0.2,0.3,0.5,0.1,0.0,0.9,2.247,1.19,2.161,0.9301482218652048,1.63998042292129
16840,0.2,0.3,0.5,0.1,0.05,0.85,2.247,1.19,2.149,0.930949808354616,1.6717799197695142
16857,0.2,0.3,0.5,0.15,0.0,0.85,2.247,1.19,2.1415,0.9314537323239274,1.6985956590703126
17010,0.2,0.35,0.45,0.0,0.0,1.0,2.2285,1.19,2.2,0.9237234160721608,1.527944384123951
17011,0.2,0.35,0.45,0.0,0.05,0.95,2.2285,1.19,2.188,0.9244929245442234,1.5597366375652562
17012,0.2,0.35,0.45,0.0,0.1,0.9,2.2285,1.19,2.176,0.925267919707709,1.591530129934085
17013,0.2,0.35,0.45,0.0,0.15,0.85,2.2285,1.19,2.164,0.9260484604537595,1.6233248745284086
17014,0.2,0.35,0.45,0.0,0.2,0.8,2.2285,1.19,2.152,0.926834606519351,1.655120884837189
17015,0.2,0.35,0.45,0.0,0.25,0.75,2.2285,1.19,2.14,0.9276264185025324,1.6869181745438273
17030,0.2,0.35,0.45,0.05,0.0,0.95,2.2285,1.19,2.1805,0.9249766498298436,1.58654781588326
17031,0.2,0.35,0.45,0.05,0.05,0.9,2.2285,1.19,2.1685000000000003,0.9257551040277652,1.6183420893226161
17032,0.2,0.35,0.45,0.05,0.1,0.85,2.2285,1.19,2.1565000000000003,0.92653914104378,1.650137623395473
17033,0.2,0.35,0.45,0.05,0.15,0.8,2.2285,1.19,2.1445000000000003,0.9273288211512288,1.6819344317119032
17049,0.2,0.35,0.45,0.1,0.0,0.9,2.2285,1.19,2.161,0.9262444691191734,1.6451545411422783
17050,0.2,0.35,0.45,0.1,0.05,0.85,2.2285,1.19,2.149,0.9270320259491198,1.6769508700100348
17220,0.2,0.4,0.4,0.0,0.0,1.0,2.21,1.19,2.2,0.9198645737559512,1.5331286433868403
17221,0.2,0.4,0.4,0.0,0.05,0.95,2.21,1.19,2.188,0.9206203740847944,1.5649178014479577
17222,0.2,0.4,0.4,0.0,0.1,0.9,2.21,1.19,2.176,0.9213815633642892,1.5967081763661475
17223,0.2,0.4,0.4,0.0,0.15,0.85,2.21,1.19,2.164,0.9221481994364816,1.6284997812024962
17224,0.2,0.4,0.4,0.0,0.2,0.8,2.21,1.19,2.152,0.9229203409741832,1.6602926292056663
17225,0.2,0.4,0.4,0.0,0.25,0.75,2.21,1.19,2.14,0.9236980474959404,1.692086733815307
17240,0.2,0.4,0.4,0.05,0.0,0.95,2.21,1.19,2.1805,0.921095482213184,1.5917270339606584
17241,0.2,0.4,0.4,0.05,0.05,0.9,2.21,1.19,2.1685000000000003,0.9218600689073392,1.6235181760352675
17242,0.2,0.4,0.4,0.05,0.1,0.85,2.21,1.19,2.1565000000000003,0.9226301389664006,1.6553105562862522
17243,0.2,0.4,0.4,0.05,0.15,0.8,2.21,1.19,2.1445000000000003,0.9234057515899896,1.6871041880812405
17259,0.2,0.4,0.4,0.1,0.0,0.9,2.21,1.19,2.161,0.922340716373142,1.6503286593632667
17260,0.2,0.4,0.4,0.1,0.05,0.85,2.21,1.19,2.149,0.923114243543624,1.6821218202505541
17430,0.2,0.45,0.35,0.0,0.0,1.0,2.1915,1.19,2.2,0.9160057314397416,1.5383129026497326
17431,0.2,0.45,0.35,0.0,0.05,0.95,2.1915,1.19,2.188,0.9167478236253656,1.570098965330656
17432,0.2,0.45,0.35,0.0,0.1,0.9,2.1915,1.19,2.176,0.9174952070208692,1.6018862227982114
17433,0.2,0.45,0.35,0.0,0.15,0.85,2.1915,1.19,2.164,0.9182479384192032,1.6336746878765842
17434,0.2,0.45,0.35,0.0,0.2,0.8,2.1915,1.19,2.152,0.9190060754290154,1.6654643735741441
17435,0.2,0.45,0.35,0.0,0.25,0.75,2.1915,1.19,2.14,0.9197696764893484,1.6972552930867808
17450,0.2,0.45,0.35,0.05,0.0,0.95,2.1915,1.19,2.1805,0.9172143145965244,1.596906252038052
17451,0.2,0.45,0.35,0.05,0.05,0.9,2.1915,1.19,2.1685000000000003,0.9179650337869129,1.6286942627479153
17452,0.2,0.45,0.35,0.05,0.1,0.85,2.1915,1.19,2.1565000000000003,0.918721136889021,1.6604834891770355
17453,0.2,0.45,0.35,0.05,0.15,0.8,2.1915,1.19,2.1445000000000003,0.9194826820287508,1.6922739444505792
17469,0.2,0.45,0.35,0.1,0.0,0.9,2.1915,1.19,2.161,0.9184369636271108,1.655502777584256
17470,0.2,0.45,0.35,0.1,0.05,0.85,2.1915,1.19,2.149,0.919196461138128,1.6872927704910743
17640,0.2,0.5,0.3,0.0,0.0,1.0,2.173,1.19,2.2,0.9121468891235316,1.543497161912621
17641,0.2,0.5,0.3,0.0,0.05,0.95,2.173,1.19,2.188,0.9128752731659366,1.5752801292133571
17642,0.2,0.5,0.3,0.0,0.1,0.9,2.173,1.19,2.176,0.9136088506774496,1.607064269230277
17643,0.2,0.5,0.3,0.0,0.15,0.85,2.173,1.19,2.164,0.9143476774019248,1.6388495945506723
17644,0.2,0.5,0.3,0.0,0.2,0.8,2.173,1.19,2.152,0.9150918098838472,1.6706361179426237
17660,0.2,0.5,0.3,0.05,0.0,0.95,2.173,1.19,2.1805,0.913333146979865,1.6020854701154503
17661,0.2,0.5,0.3,0.05,0.05,0.9,2.173,1.19,2.1685000000000003,0.9140699986664867,1.6338703494605618
17662,0.2,0.5,0.3,0.05,0.1,0.85,2.173,1.19,2.1565000000000003,0.9148121348116413,1.6656564220678116
17663,0.2,0.5,0.3,0.05,0.15,0.8,2.173,1.19,2.1445000000000003,0.9155596124675122,1.6974437008199188
17679,0.2,0.5,0.3,0.1,0.0,0.9,2.173,1.19,2.161,0.9145332108810792,1.6606768958052442
17680,0.2,0.5,0.3,0.1,0.05,0.85,2.173,1.19,2.149,0.915278678732632,1.692463720731595
17850,0.2,0.55,0.25,0.0,0.0,1.0,2.1545,1.19,2.2,0.9082880468073216,1.5486814211755116
17851,0.2,0.55,0.25,0.0,0.05,0.95,2.1545,1.19,2.188,0.9090027227065074,1.5804612930960595
17852,0.2,0.55,0.25,0.0,0.1,0.9,2.1545,1.19,2.176,0.9097224943340296,1.6122423156623404
17853,0.2,0.55,0.25,0.0,0.15,0.85,2.1545,1.19,2.164,0.9104474163846468,1.644024501224758
17854,0.2,0.55,0.25,0.0,0.2,0.8,2.1545,1.19,2.152,0.9111775443386794,1.6758078623111032
17870,0.2,0.55,0.25,0.05,0.0,0.95,2.1545,1.19,2.1805,0.9094519793632052,1.6072646881928474
17871,0.2,0.55,0.25,0.05,0.05,0.9,2.1545,1.19,2.1685000000000003,0.9101749635460606,1.6390464361732113
17872,0.2,0.55,0.25,0.05,0.1,0.85,2.1545,1.19,2.1565000000000003,0.9109031327342616,1.6708293549585922
17889,0.2,0.55,0.25,0.1,0.0,0.9,2.1545,1.19,2.161,0.910629458135048,1.665851014026233
17890,0.2,0.55,0.25,0.1,0.05,0.85,2.1545,1.19,2.149,0.911360896327136,1.6976346709721142
18060,0.2,0.6,0.2,0.0,0.0,1.0,2.136,1.19,2.2,0.904429204491112,1.5538656804384021
18061,0.2,0.6,0.2,0.0,0.05,0.95,2.136,1.19,2.188,0.9051301722470784,1.5856424569787593
18062,0.2,0.6,0.2,0.0,0.1,0.9,2.136,1.19,2.176,0.90583613799061,1.6174203620944057
18063,0.2,0.6,0.2,0.0,0.15,0.85,2.136,1.19,2.164,0.9065471553673686,1.6491994078988488
18064,0.2,0.6,0.2,0.0,0.2,0.8,2.136,1.19,2.152,0.9072632787935117,1.6809796066795801
18080,0.2,0.6,0.2,0.05,0.0,0.95,2.136,1.19,2.1805,0.9055708117465456,1.6124439062702454
18081,0.2,0.6,0.2,0.05,0.05,0.9,2.136,1.19,2.1685000000000003,0.9062799284256348,1.6442225228858591
18082,0.2,0.6,0.2,0.05,0.1,0.85,2.136,1.19,2.1565000000000003,0.9069941306568818,1.6760022878493728
18099,0.2,0.6,0.2,0.1,0.0,0.9,2.136,1.19,2.161,0.9067257053890168,1.67102513224722
18270,0.2,0.65,0.15,0.0,0.0,1.0,2.1175,1.19,2.2,0.9005703621749025,1.5590499397012922
18271,0.2,0.65,0.15,0.0,0.05,0.95,2.1175,1.19,2.188,0.9012576217876496,1.59082362086146
18272,0.2,0.65,0.15,0.0,0.1,0.9,2.1175,1.19,2.176,0.90194978164719,1.6225984085264682
18273,0.2,0.65,0.15,0.0,0.15,0.85,2.1175,1.19,2.164,0.9026468943500904,1.6543743145729373
18274,0.2,0.65,0.15,0.0,0.2,0.8,2.1175,1.19,2.152,0.9033490132483436,1.686151351048061
18290,0.2,0.65,0.15,0.05,0.0,0.95,2.1175,1.19,2.1805,0.901689644129886,1.6176231243476407
18291,0.2,0.65,0.15,0.05,0.05,0.9,2.1175,1.19,2.1685000000000003,0.9023848933052084,1.649398609598506
18292,0.2,0.65,0.15,0.05,0.1,0.85,2.1175,1.19,2.1565000000000003,0.9030851285795024,1.6811752207401507
18309,0.2,0.65,0.15,0.1,0.0,0.9,2.1175,1.19,2.161,0.9028219526429851,1.6761992504682084
18901,0.25,0.0,0.75,0.0,0.05,0.95,2.315,1.19,2.188,0.9425997145302024,1.5239800469834002
18902,0.25,0.0,0.75,0.0,0.1,0.9,2.315,1.19,2.176,0.9434392615296447,1.5557881155403401
18903,0.25,0.0,0.75,0.0,0.15,0.85,2.315,1.19,2.164,0.9442848160210332,1.587597540624659
18904,0.25,0.0,0.75,0.0,0.2,0.8,2.315,1.19,2.152,0.945136442717028,1.6194083368488554
18905,0.25,0.0,0.75,0.0,0.25,0.75,2.315,1.19,2.14,0.9459942072630838,1.6512205190360683
18906,0.25,0.0,0.75,0.0,0.3,0.7,2.315,1.19,2.128,0.9468581762543188,1.6830341022238668
18920,0.25,0.0,0.75,0.05,0.0,0.95,2.315,1.19,2.1805,0.9431237308482788,1.5508003232559338
18921,0.25,0.0,0.75,0.05,0.05,0.9,2.315,1.19,2.1685000000000003,0.943967024996244,1.5826092379412744
18922,0.25,0.0,0.75,0.05,0.1,0.85,2.315,1.19,2.1565000000000003,0.9448163669731504,1.6144195182623293
18923,0.25,0.0,0.75,0.05,0.15,0.8,2.315,1.19,2.1445000000000003,0.9456718220726972,1.6462311789627964
18924,0.25,0.0,0.75,0.05,0.2,0.75,2.315,1.19,2.1325000000000003,0.9465334565318796,1.6780442349993847
18939,0.25,0.0,0.75,0.1,0.0,0.9,2.315,1.19,2.161,0.9444971508776444,1.6094308937895092
18940,0.25,0.0,0.75,0.1,0.05,0.85,2.315,1.19,2.149,0.9453503058450878,1.6412420351064814
18941,0.25,0.0,0.75,0.1,0.1,0.8,2.315,1.19,2.1370000000000005,0.9462096152216738,1.673054566125606
18957,0.25,0.0,0.75,0.15,0.0,0.85,2.315,1.19,2.1415,0.9458866487641748,1.6680650947987639
18958,0.25,0.0,0.75,0.15,0.05,0.8,2.315,1.19,2.1295,0.9467498385249616,1.6998785020316993
19111,0.25,0.05,0.7,0.0,0.05,0.95,2.2964999999999995,1.19,2.188,0.9387271640707732,1.5291612108660995
19112,0.25,0.05,0.7,0.0,0.1,0.9,2.2964999999999995,1.19,2.176,0.939552905186225,1.5609661619724027
19113,0.25,0.05,0.7,0.0,0.15,0.85,2.2964999999999995,1.19,2.164,0.9403845550037552,1.5927724472987483
19114,0.25,0.05,0.7,0.0,0.2,0.8,2.2964999999999995,1.19,2.152,0.94122217717186,1.624580081217334
19115,0.25,0.05,0.7,0.0,0.25,0.75,2.2964999999999995,1.19,2.14,0.9420658362564917,1.656389078307547
19116,0.25,0.05,0.7,0.0,0.3,0.7,2.2964999999999995,1.19,2.128,0.942915597757649,1.6881994533596667
19130,0.25,0.05,0.7,0.05,0.0,0.95,2.2964999999999995,1.19,2.1805,0.9392425632316194,1.5559795413333322
19131,0.25,0.05,0.7,0.05,0.05,0.9,2.2964999999999995,1.19,2.1685000000000003,0.940071989875818,1.5877853246539217
19132,0.25,0.05,0.7,0.05,0.1,0.85,2.2964999999999995,1.19,2.1565000000000003,0.9409073648957704,1.6195924511531081
19133,0.25,0.05,0.7,0.05,0.15,0.8,2.2964999999999995,1.19,2.1445000000000003,0.941748752511458,1.6514009353321333
19134,0.25,0.05,0.7,0.05,0.2,0.75,2.2964999999999995,1.19,2.1325000000000003,0.9425962178706452,1.6832107919017525
19149,0.25,0.05,0.7,0.1,0.0,0.9,2.2964999999999995,1.19,2.161,0.940593398131613,1.6146050120104976
19150,0.25,0.05,0.7,0.1,0.05,0.85,2.2964999999999995,1.19,2.149,0.9414325234395916,1.646412985347001
19151,0.25,0.05,0.7,0.1,0.1,0.8,2.2964999999999995,1.19,2.1370000000000005,0.942277701950874,1.6782223255327793
19167,0.25,0.05,0.7,0.15,0.0,0.85,2.2964999999999995,1.19,2.1415,0.9419600464973428,1.6732340534621915
19320,0.25,0.1,0.65,0.0,0.0,1.0,2.278,1.19,2.2,0.9340484265939114,1.502541839074015
19321,0.25,0.1,0.65,0.0,0.05,0.95,2.278,1.19,2.188,0.934854613611344,1.5343423747488023
19322,0.25,0.1,0.65,0.0,0.1,0.9,2.278,1.19,2.176,0.9356665488428052,1.5661442084044692
19323,0.25,0.1,0.65,0.0,0.15,0.85,2.278,1.19,2.164,0.936484293986477,1.5979473539728337
19324,0.25,0.1,0.65,0.0,0.2,0.8,2.278,1.19,2.152,0.937307911626692,1.629751825585815
19325,0.25,0.1,0.65,0.0,0.25,0.75,2.278,1.19,2.14,0.9381374652498996,1.6615576375790253
19326,0.25,0.1,0.65,0.0,0.3,0.7,2.278,1.19,2.128,0.938973019260979,1.6933648044954652
19340,0.25,0.1,0.65,0.05,0.0,0.95,2.278,1.19,2.1805,0.9353613956149596,1.5611587594107266
19341,0.25,0.1,0.65,0.05,0.05,0.9,2.278,1.19,2.1685000000000003,0.9361769547553918,1.592961411366573
19342,0.25,0.1,0.65,0.05,0.1,0.85,2.278,1.19,2.1565000000000003,0.9369983628183908,1.6247653840438878
19343,0.25,0.1,0.65,0.05,0.15,0.8,2.278,1.19,2.1445000000000003,0.9378256829502192,1.6565706917014733
19344,0.25,0.1,0.65,0.05,0.2,0.75,2.278,1.19,2.1325000000000003,0.9386589792094108,1.6883773488041234
19359,0.25,0.1,0.65,0.1,0.0,0.9,2.278,1.19,2.161,0.9366896453855816,1.6197791302314877
19360,0.25,0.1,0.65,0.1,0.05,0.85,2.278,1.19,2.149,0.9375147410340956,1.65158393558752
19361,0.25,0.1,0.65,0.1,0.1,0.8,2.278,1.19,2.1370000000000005,0.938345788680074,1.6833900849399512
19377,0.25,0.1,0.65,0.15,0.0,0.85,2.278,1.19,2.1415,0.9380334442305104,1.6784030121256133
19530,0.25,0.15,0.6,0.0,0.0,1.0,2.2595,1.19,2.2,0.9301895842777016,1.5077260983369065
19531,0.25,0.15,0.6,0.0,0.05,0.95,2.2595,1.19,2.188,0.9309820631519156,1.539523538631502
19532,0.25,0.15,0.6,0.0,0.1,0.9,2.2595,1.19,2.176,0.9317801924993856,1.5713222548365327
19533,0.25,0.15,0.6,0.0,0.15,0.85,2.2595,1.19,2.164,0.9325840329691988,1.6031222606469226
19534,0.25,0.15,0.6,0.0,0.2,0.8,2.2595,1.19,2.152,0.9333936460815244,1.6349235699542923
19535,0.25,0.15,0.6,0.0,0.25,0.75,2.2595,1.19,2.14,0.934209094243308,1.6667261968505018
19536,0.25,0.15,0.6,0.0,0.3,0.7,2.2595,1.19,2.128,0.935030440764309,1.6985301556312673
19550,0.25,0.15,0.6,0.05,0.0,0.95,2.2595,1.19,2.1805,0.9314802279983,1.5663379774881228
19551,0.25,0.15,0.6,0.05,0.05,0.9,2.2595,1.19,2.1685000000000003,0.9322819196349658,1.59813749807922
19552,0.25,0.15,0.6,0.05,0.1,0.85,2.2595,1.19,2.1565000000000003,0.9330893607410112,1.6299383169346666
19553,0.25,0.15,0.6,0.05,0.15,0.8,2.2595,1.19,2.1445000000000003,0.9339026133889804,1.6617404480708107
19554,0.25,0.15,0.6,0.05,0.2,0.75,2.2595,1.19,2.1325000000000003,0.9347217405481764,1.693543905706493
19569,0.25,0.15,0.6,0.1,0.0,0.9,2.2595,1.19,2.161,0.9327858926395504,1.6249532484524751
19570,0.25,0.15,0.6,0.1,0.05,0.85,2.2595,1.19,2.149,0.9335969586285998,1.6567548858280396
19571,0.25,0.15,0.6,0.1,0.1,0.8,2.2595,1.19,2.1370000000000005,0.9344138754092745,1.68855784434712
19587,0.25,0.15,0.6,0.15,0.0,0.85,2.2595,1.19,2.1415,0.9341068419636784,1.6835719707890369
19740,0.25,0.2,0.55,0.0,0.0,1.0,2.241,1.19,2.2,0.926330741961492,1.512910357599794
19741,0.25,0.2,0.55,0.0,0.05,0.95,2.241,1.19,2.188,0.9271095126924864,1.544704702514203
19742,0.25,0.2,0.55,0.0,0.1,0.9,2.241,1.19,2.176,0.9278938361559655,1.5765003012685979
19743,0.25,0.2,0.55,0.0,0.15,0.85,2.241,1.19,2.164,0.9286837719519206,1.6082971673210116
19744,0.25,0.2,0.55,0.0,0.2,0.8,2.241,1.19,2.152,0.9294793805363564,1.6400953143227714
19745,0.25,0.2,0.55,0.0,0.25,0.75,2.241,1.19,2.14,0.930280723236716,1.6718947561219797
19760,0.25,0.2,0.55,0.05,0.0,0.95,2.241,1.19,2.1805,0.9275990603816406,1.5715171955655198
19761,0.25,0.2,0.55,0.05,0.05,0.9,2.241,1.19,2.1685000000000003,0.9283868845145395,1.6033135847918687
19762,0.25,0.2,0.55,0.05,0.1,0.85,2.241,1.19,2.1565000000000003,0.9291803586636316,1.6351112498254468
19763,0.25,0.2,0.55,0.05,0.15,0.8,2.241,1.19,2.1445000000000003,0.9299795438277416,1.6669102044401485
19764,0.25,0.2,0.55,0.05,0.2,0.75,2.241,1.19,2.1325000000000003,0.930784501886942,1.6987104626088634
19779,0.25,0.2,0.55,0.1,0.0,0.9,2.241,1.19,2.161,0.928882139893519,1.6301273666734617
19780,0.25,0.2,0.55,0.1,0.05,0.85,2.241,1.19,2.149,0.929679176223104,1.661925836068562
19781,0.25,0.2,0.55,0.1,0.1,0.8,2.241,1.19,2.1370000000000005,0.9304819621384744,1.6937256037542938
19797,0.25,0.2,0.55,0.15,0.0,0.85,2.241,1.19,2.1415,0.9301802396968466,1.688740929452464
19950,0.25,0.25,0.5,0.0,0.0,1.0,2.2225,1.19,2.2,0.922471899645282,1.5180946168626877
19951,0.25,0.25,0.5,0.0,0.05,0.95,2.2225,1.19,2.188,0.9232369622330574,1.5498858663969033
19952,0.25,0.25,0.5,0.0,0.1,0.9,2.2225,1.19,2.176,0.9240074798125458,1.5816783477006626
19953,0.25,0.25,0.5,0.0,0.15,0.85,2.2225,1.19,2.164,0.9247835109346424,1.6134720739950992
19954,0.25,0.25,0.5,0.0,0.2,0.8,2.2225,1.19,2.152,0.9255651149911884,1.6452670586912506
19955,0.25,0.25,0.5,0.0,0.25,0.75,2.2225,1.19,2.14,0.9263523522301242,1.6770633153934567
19970,0.25,0.25,0.5,0.05,0.0,0.95,2.2225,1.19,2.1805,0.9237178927649812,1.576696413642917
19971,0.25,0.25,0.5,0.05,0.05,0.9,2.2225,1.19,2.1685000000000003,0.9244918493941132,1.6084896715045183
19972,0.25,0.25,0.5,0.05,0.1,0.85,2.2225,1.19,2.1565000000000003,0.9252713565862518,1.6402841827162278
19973,0.25,0.25,0.5,0.05,0.15,0.8,2.2225,1.19,2.1445000000000003,0.9260564742665028,1.6720799608094858
19989,0.25,0.25,0.5,0.1,0.0,0.9,2.2225,1.19,2.161,0.9249783871474876,1.6353014848944514
19990,0.25,0.25,0.5,0.1,0.05,0.85,2.2225,1.19,2.149,0.9257613938176076,1.6670967863090809
19991,0.25,0.25,0.5,0.1,0.1,0.8,2.2225,1.19,2.1370000000000005,0.9265500488676748,1.6988933631614653
20007,0.25,0.25,0.5,0.15,0.0,0.85,2.2225,1.19,2.1415,0.9262536374300148,1.693909888115889
20160,0.25,0.3,0.45,0.0,0.0,1.0,2.204,1.19,2.2,0.9186130573290724,1.5232788761255756
20161,0.25,0.3,0.45,0.0,0.05,0.95,2.204,1.19,2.188,0.9193644117736284,1.5550670302796021
20162,0.25,0.3,0.45,0.0,0.1,0.9,2.204,1.19,2.176,0.920121123469126,1.5868563941327252
20163,0.25,0.3,0.45,0.0,0.15,0.85,2.204,1.19,2.164,0.9208832499173644,1.6186469806691868
20164,0.25,0.3,0.45,0.0,0.2,0.8,2.204,1.19,2.152,0.9216508494460206,1.6504388030597283
20165,0.25,0.3,0.45,0.0,0.25,0.75,2.204,1.19,2.14,0.922423981223532,1.682231874664935
20180,0.25,0.3,0.45,0.05,0.0,0.95,2.204,1.19,2.1805,0.9198367251483214,1.5818756317203135
20181,0.25,0.3,0.45,0.05,0.05,0.9,2.204,1.19,2.1685000000000003,0.9205968142736872,1.6136657582171678
20182,0.25,0.3,0.45,0.05,0.1,0.85,2.204,1.19,2.1565000000000003,0.921362354508872,1.6454571156070057
20183,0.25,0.3,0.45,0.05,0.15,0.8,2.204,1.19,2.1445000000000003,0.9221334047052636,1.6772497171788259
20199,0.25,0.3,0.45,0.1,0.0,0.9,2.204,1.19,2.161,0.9210746344014562,1.6404756031154397
20200,0.25,0.3,0.45,0.1,0.05,0.85,2.204,1.19,2.149,0.9218436114121116,1.672267736549602
20217,0.25,0.3,0.45,0.15,0.0,0.85,2.204,1.19,2.1415,0.9223270351631824,1.6990788467793143
20370,0.25,0.35,0.4,0.0,0.0,1.0,2.1855,1.19,2.2,0.9147542150128626,1.528463135388467
20371,0.25,0.35,0.4,0.0,0.05,0.95,2.1855,1.19,2.188,0.9154918613141996,1.560248194162304
20372,0.25,0.35,0.4,0.0,0.1,0.9,2.1855,1.19,2.176,0.9162347671257062,1.5920344405647882
20373,0.25,0.35,0.4,0.0,0.15,0.85,2.1855,1.19,2.164,0.916982988900086,1.6238218873432761
20374,0.25,0.35,0.4,0.0,0.2,0.8,2.1855,1.19,2.152,0.9177365839008528,1.6556105474282083
20375,0.25,0.35,0.4,0.0,0.25,0.75,2.1855,1.19,2.14,0.9184956102169404,1.687400433936412
20390,0.25,0.35,0.4,0.05,0.0,0.95,2.1855,1.19,2.1805,0.915955557531662,1.5870548497977075
20391,0.25,0.35,0.4,0.05,0.05,0.9,2.1855,1.19,2.1685000000000003,0.9167017791532612,1.6188418449298152
20392,0.25,0.35,0.4,0.05,0.1,0.85,2.1855,1.19,2.1565000000000003,0.9174533524314924,1.6506300484977876
20393,0.25,0.35,0.4,0.05,0.15,0.8,2.1855,1.19,2.1445000000000003,0.9182103351440246,1.682419473548161
20409,0.25,0.35,0.4,0.1,0.0,0.9,2.1855,1.19,2.161,0.9171708816554248,1.6456497213364298
20410,0.25,0.35,0.4,0.1,0.05,0.85,2.1855,1.19,2.149,0.9179258290066158,1.6774386867901234
20580,0.25,0.4,0.35,0.0,0.0,1.0,2.167,1.19,2.2,0.9108953726966528,1.5336473946513594
20581,0.25,0.4,0.35,0.0,0.05,0.95,2.167,1.19,2.188,0.9116193108547704,1.5654293580450038
20582,0.25,0.4,0.35,0.0,0.1,0.9,2.167,1.19,2.176,0.9123484107822862,1.597212486996853
20583,0.25,0.4,0.35,0.0,0.15,0.85,2.167,1.19,2.164,0.9130827278828076,1.6289967940173664
20584,0.25,0.4,0.35,0.0,0.2,0.8,2.167,1.19,2.152,0.9138223183556848,1.6607822917966852
20585,0.25,0.4,0.35,0.0,0.25,0.75,2.167,1.19,2.14,0.9145672392103484,1.692568993207889
20600,0.25,0.4,0.35,0.05,0.0,0.95,2.167,1.19,2.1805,0.9120743899150024,1.5922340678751081
20601,0.25,0.4,0.35,0.05,0.05,0.9,2.167,1.19,2.1685000000000003,0.912806744032835,1.6240179316424652
20602,0.25,0.4,0.35,0.05,0.1,0.85,2.167,1.19,2.1565000000000003,0.9135443503541126,1.6558029813885664
20603,0.25,0.4,0.35,0.05,0.15,0.8,2.167,1.19,2.1445000000000003,0.914287265582786,1.6875892299175006
20619,0.25,0.4,0.35,0.1,0.0,0.9,2.167,1.19,2.161,0.9132671289093932,1.6508238395574186
20620,0.25,0.4,0.35,0.1,0.05,0.85,2.167,1.19,2.149,0.9140080466011198,1.6826096370306418
20790,0.25,0.45,0.3,0.0,0.0,1.0,2.1485,1.19,2.2,0.9070365303804429,1.538831653914249
20791,0.25,0.45,0.3,0.0,0.05,0.95,2.1485,1.19,2.188,0.9077467603953412,1.5706105219277053
20792,0.25,0.45,0.3,0.0,0.1,0.9,2.1485,1.19,2.176,0.9084620544388664,1.602390533428916
20793,0.25,0.45,0.3,0.0,0.15,0.85,2.1485,1.19,2.164,0.9091824668655296,1.6341717006914513
20794,0.25,0.45,0.3,0.0,0.2,0.8,2.1485,1.19,2.152,0.9099080528105168,1.6659540361651652
20795,0.25,0.45,0.3,0.0,0.25,0.75,2.1485,1.19,2.14,0.9106388682037564,1.6977375524793659
20810,0.25,0.45,0.3,0.05,0.0,0.95,2.1485,1.19,2.1805,0.9081932222983428,1.5974132859525025
20811,0.25,0.45,0.3,0.05,0.05,0.9,2.1485,1.19,2.1685000000000003,0.9089117089124088,1.6291940183551117
20812,0.25,0.45,0.3,0.05,0.1,0.85,2.1485,1.19,2.1565000000000003,0.9096353482767328,1.6609759142793465
20813,0.25,0.45,0.3,0.05,0.15,0.8,2.1485,1.19,2.1445000000000003,0.910364196021547,1.6927589862868393
20829,0.25,0.45,0.3,0.1,0.0,0.9,2.1485,1.19,2.161,0.9093633761633622,1.6559979577784056
20830,0.25,0.45,0.3,0.1,0.05,0.85,2.1485,1.19,2.149,0.9100902641956238,1.6877805872711624
21000,0.25,0.5,0.25,0.0,0.0,1.0,2.13,1.19,2.2,0.9031776880642332,1.5440159131771387
21001,0.25,0.5,0.25,0.0,0.05,0.95,2.13,1.19,2.188,0.9038742099359124,1.5757916858104042
21002,0.25,0.5,0.25,0.0,0.1,0.9,2.13,1.19,2.176,0.9045756980954468,1.6075685798609811
21003,0.25,0.5,0.25,0.0,0.15,0.85,2.13,1.19,2.164,0.9052822058482514,1.6393466073655394
21004,0.25,0.5,0.25,0.0,0.2,0.8,2.13,1.19,2.152,0.905993787265349,1.6711257805336435
21020,0.25,0.5,0.25,0.05,0.0,0.95,2.13,1.19,2.1805,0.904312054681683,1.6025925040298996
21021,0.25,0.5,0.25,0.05,0.05,0.9,2.13,1.19,2.1685000000000003,0.9050166737919828,1.6343701050677604
21022,0.25,0.5,0.25,0.05,0.1,0.85,2.13,1.19,2.1565000000000003,0.9057263461993532,1.6661488471701262
21023,0.25,0.5,0.25,0.05,0.15,0.8,2.13,1.19,2.1445000000000003,0.906441126460308,1.6979287426561789
21039,0.25,0.5,0.25,0.1,0.0,0.9,2.13,1.19,2.161,0.9054596234173308,1.6611720759993944
21040,0.25,0.5,0.25,0.1,0.05,0.85,2.13,1.19,2.149,0.9061724817901278,1.6929515375116848
21211,0.25,0.55,0.2,0.0,0.05,0.95,2.1115000000000004,1.19,2.188,0.9000016594764835,1.5809728496931057
21212,0.25,0.55,0.2,0.0,0.1,0.9,2.1115000000000004,1.19,2.176,0.900689341752027,1.6127466262930437
21213,0.25,0.55,0.2,0.0,0.15,0.85,2.1115000000000004,1.19,2.164,0.9013819448309732,1.6445215140396292
21214,0.25,0.55,0.2,0.0,0.2,0.8,2.1115000000000004,1.19,2.152,0.9020795217201812,1.6762975249021221
21230,0.25,0.55,0.2,0.05,0.0,0.95,2.1115000000000004,1.19,2.1805,0.9004308870650235,1.6077717221072971
21231,0.25,0.55,0.2,0.05,0.05,0.9,2.1115000000000004,1.19,2.1685000000000003,0.9011216386715568,1.6395461917804082
21232,0.25,0.55,0.2,0.05,0.1,0.85,2.1115000000000004,1.19,2.1565000000000003,0.9018173441219736,1.671321780060905
21249,0.25,0.55,0.2,0.1,0.0,0.9,2.1115000000000004,1.19,2.161,0.9015558706712996,1.6663461942203814
21250,0.25,0.55,0.2,0.1,0.05,0.85,2.1115000000000004,1.19,2.149,0.902254699384632,1.698122487752204
22051,0.3,0.0,0.7,0.0,0.05,0.95,2.272,1.19,2.188,0.933598651300178,1.524491603580448
22052,0.3,0.0,0.7,0.0,0.1,0.9,2.272,1.19,2.176,0.934406108947642,1.556292426171047
22053,0.3,0.0,0.7,0.0,0.15,0.85,2.272,1.19,2.164,0.9352193444673595,1.5880945534395283
22054,0.3,0.0,0.7,0.0,0.2,0.8,2.272,1.19,2.152,0.9360384200985294,1.6198979994398774
22055,0.3,0.0,0.7,0.0,0.25,0.75,2.272,1.19,2.14,0.9368633989774916,1.651702778428652
22056,0.3,0.0,0.7,0.0,0.3,0.7,2.272,1.19,2.128,0.9376943451539508,1.6835089048686593
22070,0.3,0.0,0.7,0.05,0.0,0.95,2.272,1.19,2.1805,0.9341026385500972,1.5513073571703822
22071,0.3,0.0,0.7,0.05,0.05,0.9,2.272,1.19,2.1685000000000003,0.93491370012174,1.5831089935484735
22072,0.3,0.0,0.7,0.05,0.1,0.85,2.272,1.19,2.1565000000000003,0.9357305783608622,1.614911943364643
22073,0.3,0.0,0.7,0.05,0.15,0.8,2.272,1.19,2.1445000000000003,0.9365533360654932,1.6467162207990542
22074,0.3,0.0,0.7,0.05,0.2,0.75,2.272,1.19,2.1325000000000003,0.9373820369409024,1.678521840236745
22089,0.3,0.0,0.7,0.1,0.0,0.9,2.272,1.19,2.161,0.935423563413896,1.6099260739836598
22090,0.3,0.0,0.7,0.1,0.05,0.85,2.272,1.19,2.149,0.9362441089025836,1.6417298518865682
22091,0.3,0.0,0.7,0.1,0.1,0.8,2.272,1.19,2.1370000000000005,0.9370705735652204,1.673534966374128
22107,0.3,0.0,0.7,0.15,0.0,0.85,2.272,1.19,2.1415,0.93675995160343,1.6685482825077669
22261,0.3,0.05,0.65,0.0,0.05,0.95,2.2535,1.19,2.188,0.9297261008407492,1.5296727674631496
22262,0.3,0.05,0.65,0.0,0.1,0.9,2.2535,1.19,2.176,0.9305197526042224,1.56147047260311
22263,0.3,0.05,0.65,0.0,0.15,0.85,2.2535,1.19,2.164,0.9313190834500816,1.5932694601136164
22264,0.3,0.05,0.65,0.0,0.2,0.8,2.2535,1.19,2.152,0.9321241545533616,1.6250697438083535
22265,0.3,0.05,0.65,0.0,0.25,0.75,2.2535,1.19,2.14,0.9329350279708996,1.6568713377001307
22266,0.3,0.05,0.65,0.0,0.3,0.7,2.2535,1.19,2.128,0.9337517666572808,1.6886742560044614
22280,0.3,0.05,0.65,0.05,0.0,0.95,2.2535,1.19,2.1805,0.9302214709334374,1.5564865752477806
22281,0.3,0.05,0.65,0.05,0.05,0.9,2.2535,1.19,2.1685000000000003,0.931018665001314,1.5882850802611204
22282,0.3,0.05,0.65,0.05,0.1,0.85,2.2535,1.19,2.1565000000000003,0.9318215762834824,1.6200848762554205
22283,0.3,0.05,0.65,0.05,0.15,0.8,2.2535,1.19,2.1445000000000003,0.932630266504254,1.6518859771683942
22284,0.3,0.05,0.65,0.05,0.2,0.75,2.2535,1.19,2.1325000000000003,0.933444798279668,1.683688397139115
22299,0.3,0.05,0.65,0.1,0.0,0.9,2.2535,1.19,2.161,0.9315198106678646,1.6151001922046455
22300,0.3,0.05,0.65,0.1,0.05,0.85,2.2535,1.19,2.149,0.9323263264970876,1.6469008021270883
22301,0.3,0.05,0.65,0.1,0.1,0.8,2.2535,1.19,2.1370000000000005,0.9331386602944204,1.6787027257813016
22317,0.3,0.05,0.65,0.15,0.0,0.85,2.2535,1.19,2.1415,0.9328333493365978,1.6737172411711918
22470,0.3,0.1,0.6,0.0,0.0,1.0,2.235,1.19,2.2,0.9250792255346132,1.5030605903385306
22471,0.3,0.1,0.6,0.0,0.05,0.95,2.235,1.19,2.188,0.9258535503813204,1.534853931345848
22472,0.3,0.1,0.6,0.0,0.1,0.9,2.235,1.19,2.176,0.9266333962608024,1.5666485190351733
22473,0.3,0.1,0.6,0.0,0.15,0.85,2.235,1.19,2.164,0.9274188224328032,1.598444366787704
22474,0.3,0.1,0.6,0.0,0.2,0.8,2.235,1.19,2.152,0.928209889008194,1.6302414881768348
22475,0.3,0.1,0.6,0.0,0.25,0.75,2.235,1.19,2.14,0.9290066569643078,1.6620398969716081
22476,0.3,0.1,0.6,0.0,0.3,0.7,2.235,1.19,2.128,0.9298091881606106,1.6938396071402595
22490,0.3,0.1,0.6,0.05,0.0,0.95,2.235,1.19,2.1805,0.926340303316778,1.561665793325178
22491,0.3,0.1,0.6,0.05,0.05,0.9,2.235,1.19,2.1685000000000003,0.9271236298808878,1.5934611669737677
22492,0.3,0.1,0.6,0.05,0.1,0.85,2.235,1.19,2.1565000000000003,0.927912574206103,1.6252578091462015
22493,0.3,0.1,0.6,0.05,0.15,0.8,2.235,1.19,2.1445000000000003,0.9287071969430152,1.657055733537732
22494,0.3,0.1,0.6,0.05,0.2,0.75,2.235,1.19,2.1325000000000003,0.9295075596184336,1.6888549540414837
22509,0.3,0.1,0.6,0.1,0.0,0.9,2.235,1.19,2.161,0.927616057921833,1.620274310425637
22510,0.3,0.1,0.6,0.1,0.05,0.85,2.235,1.19,2.149,0.9284085440915916,1.6520717523676094
22511,0.3,0.1,0.6,0.1,0.1,0.8,2.235,1.19,2.1370000000000005,0.9292067470236204,1.683870485188471
22527,0.3,0.1,0.6,0.15,0.0,0.85,2.235,1.19,2.1415,0.928906747069766,1.6788861998346163
22680,0.3,0.15,0.55,0.0,0.0,1.0,2.2165,1.19,2.2,0.9212203832184032,1.5082448496014234
22681,0.3,0.15,0.55,0.0,0.05,0.95,2.2165,1.19,2.188,0.9219809999218912,1.5400350952285504
22682,0.3,0.15,0.55,0.0,0.1,0.9,2.2165,1.19,2.176,0.9227470399173826,1.5718265654672359
22683,0.3,0.15,0.55,0.0,0.15,0.85,2.2165,1.19,2.164,0.923518561415525,1.603619273461792
22684,0.3,0.15,0.55,0.0,0.2,0.8,2.2165,1.19,2.152,0.924295623463026,1.6354132325453135
22685,0.3,0.15,0.55,0.0,0.25,0.75,2.2165,1.19,2.14,0.925078285957716,1.667208456243087
22686,0.3,0.15,0.55,0.0,0.3,0.7,2.2165,1.19,2.128,0.9258666096639409,1.699004958276059
22700,0.3,0.15,0.55,0.05,0.0,0.95,2.2165,1.19,2.1805,0.9224591357001184,1.566845011402573
22701,0.3,0.15,0.55,0.05,0.05,0.9,2.2165,1.19,2.1685000000000003,0.9232285947604616,1.5986372536864186
22702,0.3,0.15,0.55,0.05,0.1,0.85,2.2165,1.19,2.1565000000000003,0.9240035721287232,1.6304307420369808
22703,0.3,0.15,0.55,0.05,0.15,0.8,2.2165,1.19,2.1445000000000003,0.9247841273817764,1.6622254899070712
22704,0.3,0.15,0.55,0.05,0.2,0.75,2.2165,1.19,2.1325000000000003,0.9255703209571994,1.6940215109438532
22719,0.3,0.15,0.55,0.1,0.0,0.9,2.2165,1.19,2.161,0.9237123051758016,1.6254484286466244
22720,0.3,0.15,0.55,0.1,0.05,0.85,2.2165,1.19,2.149,0.9244907616860956,1.6572427026081296
22721,0.3,0.15,0.55,0.1,0.1,0.8,2.2165,1.19,2.1370000000000005,0.9252748337528208,1.6890382445956447
22737,0.3,0.15,0.55,0.15,0.0,0.85,2.2165,1.19,2.1415,0.924980144802934,1.6840551584980408
22890,0.3,0.2,0.5,0.0,0.0,1.0,2.198,1.19,2.2,0.9173615409021934,1.513429108864314
22891,0.3,0.2,0.5,0.0,0.05,0.95,2.198,1.19,2.188,0.918108449462462,1.5452162591112524
22892,0.3,0.2,0.5,0.0,0.1,0.9,2.198,1.19,2.176,0.9188606835739628,1.5770046118992997
22893,0.3,0.2,0.5,0.0,0.15,0.85,2.198,1.19,2.164,0.919618300398247,1.6087941801358792
22894,0.3,0.2,0.5,0.0,0.2,0.8,2.198,1.19,2.152,0.920381357917858,1.6405849769137912
22895,0.3,0.2,0.5,0.0,0.25,0.75,2.198,1.19,2.14,0.921149914951124,1.6723770155145639
22910,0.3,0.2,0.5,0.05,0.0,0.95,2.198,1.19,2.1805,0.9185779680834588,1.5720242294799704
22911,0.3,0.2,0.5,0.05,0.05,0.9,2.198,1.19,2.1685000000000003,0.9193335596400356,1.6038133403990686
22912,0.3,0.2,0.5,0.05,0.1,0.85,2.198,1.19,2.1565000000000003,0.9200945700513432,1.6356036749277596
22913,0.3,0.2,0.5,0.05,0.15,0.8,2.198,1.19,2.1445000000000003,0.9208610578205376,1.6673952462764086
22914,0.3,0.2,0.5,0.05,0.2,0.75,2.198,1.19,2.1325000000000003,0.9216330822959652,1.6991880678462228
22929,0.3,0.2,0.5,0.1,0.0,0.9,2.198,1.19,2.161,0.9198085524297704,1.6306225468676128
22930,0.3,0.2,0.5,0.1,0.05,0.85,2.198,1.19,2.149,0.9205729792805994,1.662413652848651
22931,0.3,0.2,0.5,0.1,0.1,0.8,2.198,1.19,2.1370000000000005,0.9213429204820208,1.6942060040028153
22947,0.3,0.2,0.5,0.15,0.0,0.85,2.198,1.19,2.1415,0.9210535425361016,1.689224117161464
23100,0.3,0.25,0.45,0.0,0.0,1.0,2.1795,1.19,2.2,0.9135026985859837,1.5186133681272032
23101,0.3,0.25,0.45,0.0,0.05,0.95,2.1795,1.19,2.188,0.9142358990030331,1.5503974229939521
23102,0.3,0.25,0.45,0.0,0.1,0.9,2.1795,1.19,2.176,0.9149743272305428,1.5821826583313654
23103,0.3,0.25,0.45,0.0,0.15,0.85,2.1795,1.19,2.164,0.9157180393809689,1.6139690868099694
23104,0.3,0.25,0.45,0.0,0.2,0.8,2.1795,1.19,2.152,0.9164670923726902,1.645756721282269
23105,0.3,0.25,0.45,0.0,0.25,0.75,2.1795,1.19,2.14,0.917221543944532,1.6775455747860417
23120,0.3,0.25,0.45,0.05,0.0,0.95,2.1795,1.19,2.1805,0.9146968004667992,1.577203447557367
23121,0.3,0.25,0.45,0.05,0.05,0.9,2.1795,1.19,2.1685000000000003,0.9154385245196096,1.6089894271117138
23122,0.3,0.25,0.45,0.05,0.1,0.85,2.1795,1.19,2.1565000000000003,0.9161855679739638,1.640776607818541
23123,0.3,0.25,0.45,0.05,0.15,0.8,2.1795,1.19,2.1445000000000003,0.9169379882592984,1.6725650026457473
23139,0.3,0.25,0.45,0.1,0.0,0.9,2.1795,1.19,2.161,0.9159047996837392,1.6357966650886033
23140,0.3,0.25,0.45,0.1,0.05,0.85,2.1795,1.19,2.149,0.9166551968751036,1.6675846030891717
23141,0.3,0.25,0.45,0.1,0.1,0.8,2.1795,1.19,2.1370000000000005,0.917411007211221,1.6993737634099904
23157,0.3,0.25,0.45,0.15,0.0,0.85,2.1795,1.19,2.1415,0.9171269402692696,1.694393075824892
23310,0.3,0.3,0.4,0.0,0.0,1.0,2.161,1.19,2.2,0.909643856269774,1.523797627390095
23311,0.3,0.3,0.4,0.0,0.05,0.95,2.161,1.19,2.188,0.9103633485436043,1.5555785868766532
23312,0.3,0.3,0.4,0.0,0.1,0.9,2.161,1.19,2.176,0.911087970887123,1.587360704763427
23313,0.3,0.3,0.4,0.0,0.15,0.85,2.161,1.19,2.164,0.9118177783636904,1.6191439934840552
23314,0.3,0.3,0.4,0.0,0.2,0.8,2.161,1.19,2.152,0.9125528268275224,1.6509284656507464
23315,0.3,0.3,0.4,0.0,0.25,0.75,2.161,1.19,2.14,0.9132931729379402,1.6827141340575174
23330,0.3,0.3,0.4,0.05,0.0,0.95,2.161,1.19,2.1805,0.9108156328501398,1.5823826656347624
23331,0.3,0.3,0.4,0.05,0.05,0.9,2.161,1.19,2.1685000000000003,0.9115434893991832,1.614165513824363
23332,0.3,0.3,0.4,0.05,0.1,0.85,2.161,1.19,2.1565000000000003,0.9122765658965842,1.6459495407093208
23333,0.3,0.3,0.4,0.05,0.15,0.8,2.161,1.19,2.1445000000000003,0.9130149186980596,1.6777347590150868
23349,0.3,0.3,0.4,0.1,0.0,0.9,2.161,1.19,2.161,0.9120010469377076,1.640970783309589
23350,0.3,0.3,0.4,0.1,0.05,0.85,2.161,1.19,2.149,0.9127374144696077,1.6727555533296905
23367,0.3,0.3,0.4,0.15,0.0,0.85,2.161,1.19,2.1415,0.9132003380024376,1.699562034488316
23520,0.3,0.35,0.35,0.0,0.0,1.0,2.1425,1.19,2.2,0.905785013953564,1.5289818866529852
23521,0.3,0.35,0.35,0.0,0.05,0.95,2.1425,1.19,2.188,0.9064907980841752,1.560759750759353
23522,0.3,0.35,0.35,0.0,0.1,0.9,2.1425,1.19,2.176,0.9072016145437032,1.5925387511954918
23523,0.3,0.35,0.35,0.0,0.15,0.85,2.1425,1.19,2.164,0.907917517346412,1.6243189001581424
23524,0.3,0.35,0.35,0.0,0.2,0.8,2.1425,1.19,2.152,0.9086385612823544,1.6561002100192272
23525,0.3,0.35,0.35,0.0,0.25,0.75,2.1425,1.19,2.14,0.9093648019313484,1.687882693328996
23540,0.3,0.35,0.35,0.05,0.0,0.95,2.1425,1.19,2.1805,0.9069344652334804,1.5875618837121612
23541,0.3,0.35,0.35,0.05,0.05,0.9,2.1425,1.19,2.1685000000000003,0.9076484542787572,1.6193416005370111
23542,0.3,0.35,0.35,0.05,0.1,0.85,2.1425,1.19,2.1565000000000003,0.9083675638192044,1.6511224736001004
23543,0.3,0.35,0.35,0.05,0.15,0.8,2.1425,1.19,2.1445000000000003,0.909091849136821,1.6829045153844224
23559,0.3,0.35,0.35,0.1,0.0,0.9,2.1425,1.19,2.161,0.9080972941916762,1.64614490153058
23560,0.3,0.35,0.35,0.1,0.05,0.85,2.1425,1.19,2.149,0.9088196320641116,1.6779265035702111
23730,0.3,0.4,0.3,0.0,0.0,1.0,2.124,1.19,2.2,0.9019261716373542,1.5341661459158726
23731,0.3,0.4,0.3,0.0,0.05,0.95,2.124,1.19,2.188,0.902618247624746,1.5659409146420513
23732,0.3,0.4,0.3,0.0,0.1,0.9,2.124,1.19,2.176,0.9033152582002836,1.5977167976275561
23733,0.3,0.4,0.3,0.0,0.15,0.85,2.124,1.19,2.164,0.904017256329134,1.6294938068322318
23734,0.3,0.4,0.3,0.0,0.2,0.8,2.124,1.19,2.152,0.9047242957371864,1.6612719543877064
23735,0.3,0.4,0.3,0.0,0.25,0.75,2.124,1.19,2.14,0.9054364309247562,1.693051252600473
23750,0.3,0.4,0.3,0.05,0.0,0.95,2.124,1.19,2.1805,0.9030532976168206,1.592741101789557
23751,0.3,0.4,0.3,0.05,0.05,0.9,2.124,1.19,2.1685000000000003,0.9037534191583312,1.6245176872496625
23752,0.3,0.4,0.3,0.05,0.1,0.85,2.124,1.19,2.1565000000000003,0.9044585617418248,1.6562954064908797
23753,0.3,0.4,0.3,0.05,0.15,0.8,2.124,1.19,2.1445000000000003,0.905168779575582,1.6880742717537642
23769,0.3,0.4,0.3,0.1,0.0,0.9,2.124,1.19,2.161,0.9041935414456448,1.6513190197515684
23770,0.3,0.4,0.3,0.1,0.05,0.85,2.124,1.19,2.149,0.9049018496586156,1.6830974538107317
23943,0.3,0.45,0.25,0.0,0.15,0.85,2.1055,1.19,2.164,0.900116995311856,1.6346687135063198
23944,0.3,0.45,0.25,0.0,0.2,0.8,2.1055,1.19,2.152,0.9008100301920186,1.6664436987561846
23945,0.3,0.45,0.25,0.0,0.25,0.75,2.1055,1.19,2.14,0.9015080599181644,1.6982198118719505
23962,0.3,0.45,0.25,0.05,0.1,0.85,2.1055,1.19,2.1565000000000003,0.900549559664445,1.6614683393816598
23963,0.3,0.45,0.25,0.05,0.15,0.8,2.1055,1.19,2.1445000000000003,0.901245710014343,1.693244028123103
23979,0.3,0.45,0.25,0.1,0.0,0.9,2.1055,1.19,2.161,0.9002897886996136,1.6564931379725567
23980,0.3,0.45,0.25,0.1,0.05,0.85,2.1055,1.19,2.149,0.9009840672531196,1.6882684040512514
24991,0.35,0.0,0.65,0.0,0.05,0.95,2.229,1.19,2.188,0.924597588070154,1.5250031601774983
24992,0.35,0.0,0.65,0.0,0.1,0.9,2.229,1.19,2.176,0.9253729563656392,1.5567967368017475
24993,0.35,0.0,0.65,0.0,0.15,0.85,2.229,1.19,2.164,0.926153872913686,1.588591566254396
24994,0.35,0.0,0.65,0.0,0.2,0.8,2.229,1.19,2.152,0.9269403974800312,1.620387662030896
24995,0.35,0.0,0.65,0.0,0.25,0.75,2.229,1.19,2.14,0.9277325906918996,1.6521850378212393
24996,0.35,0.0,0.65,0.0,0.3,0.7,2.229,1.19,2.128,0.9285305140535824,1.6839837075134532
25010,0.35,0.0,0.65,0.05,0.0,0.95,2.229,1.19,2.1805,0.9250815462519154,1.5518143910848345
25011,0.35,0.0,0.65,0.05,0.05,0.9,2.229,1.19,2.1685000000000003,0.925860375247236,1.5836087491556698
25012,0.35,0.0,0.65,0.05,0.1,0.85,2.229,1.19,2.1565000000000003,0.9266447897485744,1.615404368466955
25013,0.35,0.0,0.65,0.05,0.15,0.8,2.229,1.19,2.1445000000000003,0.9274348500582892,1.6472012626353165
25014,0.35,0.0,0.65,0.05,0.2,0.75,2.229,1.19,2.1325000000000003,0.9282306173499252,1.6789994454741048
25029,0.35,0.0,0.65,0.1,0.0,0.9,2.229,1.19,2.161,0.9263499759501472,1.610421254177811
25030,0.35,0.0,0.65,0.1,0.05,0.85,2.229,1.19,2.149,0.9271379119600792,1.642217668666658
25031,0.35,0.0,0.65,0.1,0.1,0.8,2.229,1.19,2.1370000000000005,0.9279315319087664,1.6740153666226494
25047,0.35,0.0,0.65,0.15,0.0,0.85,2.229,1.19,2.1415,0.9276332544426852,1.6690314702167681
25201,0.35,0.05,0.6,0.0,0.05,0.95,2.2105,1.19,2.188,0.920725037610725,1.5301843240601962
25202,0.35,0.05,0.6,0.0,0.1,0.9,2.2105,1.19,2.176,0.9214866000222194,1.5619747832338122
25203,0.35,0.05,0.6,0.0,0.15,0.85,2.2105,1.19,2.164,0.9222536118964078,1.5937664729284844
25204,0.35,0.05,0.6,0.0,0.2,0.8,2.2105,1.19,2.152,0.9230261319348632,1.6255594063993728
25205,0.35,0.05,0.6,0.0,0.25,0.75,2.2105,1.19,2.14,0.9238042196853078,1.6573535970927162
25206,0.35,0.05,0.6,0.0,0.3,0.7,2.2105,1.19,2.128,0.9245879355569124,1.689149058649254
25220,0.35,0.05,0.6,0.05,0.0,0.95,2.2105,1.19,2.1805,0.9212003786352558,1.5569936091622316
25221,0.35,0.05,0.6,0.05,0.05,0.9,2.2105,1.19,2.1685000000000003,0.9219653401268098,1.588784835868319
25222,0.35,0.05,0.6,0.05,0.1,0.85,2.2105,1.19,2.1565000000000003,0.9227357876711946,1.6205773013577351
25223,0.35,0.05,0.6,0.05,0.15,0.8,2.2105,1.19,2.1445000000000003,0.9235117804970504,1.6523710190046557
25224,0.35,0.05,0.6,0.05,0.2,0.75,2.2105,1.19,2.1325000000000003,0.9242933786886908,1.6841660023764757
25239,0.35,0.05,0.6,0.1,0.0,0.9,2.2105,1.19,2.161,0.9224462232041156,1.6155953723987975
25240,0.35,0.05,0.6,0.1,0.05,0.85,2.2105,1.19,2.149,0.9232201295545832,1.6473886189071791
25241,0.35,0.05,0.6,0.1,0.1,0.8,2.2105,1.19,2.1370000000000005,0.9239996186379666,1.6791831260298204
25257,0.35,0.05,0.6,0.15,0.0,0.85,2.2105,1.19,2.1415,0.9237066521758532,1.6742004288801953
25410,0.35,0.1,0.55,0.0,0.0,1.0,2.192,1.19,2.2,0.9161100244753146,1.5035793416030496
25411,0.35,0.1,0.55,0.0,0.05,0.95,2.192,1.19,2.188,0.916852487151296,1.5353654879428986
25412,0.35,0.1,0.55,0.0,0.1,0.9,2.192,1.19,2.176,0.9176002436787996,1.5671528296658779
25413,0.35,0.1,0.55,0.0,0.15,0.85,2.192,1.19,2.164,0.9183533508791296,1.598941379602572
25414,0.35,0.1,0.55,0.0,0.2,0.8,2.192,1.19,2.152,0.9191118663896956,1.6307311507678524
25415,0.35,0.1,0.55,0.0,0.25,0.75,2.192,1.19,2.14,0.919875848678716,1.6625221563641914
25416,0.35,0.1,0.55,0.0,0.3,0.7,2.192,1.19,2.128,0.9206453570602426,1.6943144097850533
25430,0.35,0.1,0.55,0.05,0.0,0.95,2.192,1.19,2.1805,0.9173192110185964,1.5621728272396274
25431,0.35,0.1,0.55,0.05,0.05,0.9,2.192,1.19,2.1685000000000003,0.9180703050063838,1.5939609225809668
25432,0.35,0.1,0.55,0.05,0.1,0.85,2.192,1.19,2.1565000000000003,0.918826785593815,1.6257502342485148
25433,0.35,0.1,0.55,0.05,0.15,0.8,2.192,1.19,2.1445000000000003,0.9195887109358116,1.6575407753739952
25434,0.35,0.1,0.55,0.05,0.2,0.75,2.192,1.19,2.1325000000000003,0.9203561400274566,1.6893325592788448
25449,0.35,0.1,0.55,0.1,0.0,0.9,2.192,1.19,2.161,0.9185424704580843,1.6207694906197867
25450,0.35,0.1,0.55,0.1,0.05,0.85,2.192,1.19,2.149,0.9193023471490874,1.6525595691476993
25451,0.35,0.1,0.55,0.1,0.1,0.8,2.192,1.19,2.1370000000000005,0.9200677053671668,1.6843508854369933
25467,0.35,0.1,0.55,0.15,0.0,0.85,2.192,1.19,2.1415,0.9197800499090212,1.679369387543618
25620,0.35,0.15,0.5,0.0,0.0,1.0,2.1735,1.19,2.2,0.9122511821591048,1.5087636008659375
25621,0.35,0.15,0.5,0.0,0.05,0.95,2.1735,1.19,2.188,0.9129799366918672,1.5405466518255988
25622,0.35,0.15,0.5,0.0,0.1,0.9,2.1735,1.19,2.176,0.9137138873353796,1.5723308760979395
25623,0.35,0.15,0.5,0.0,0.15,0.85,2.1735,1.19,2.164,0.9144530898618516,1.6041162862766587
25624,0.35,0.15,0.5,0.0,0.2,0.8,2.1735,1.19,2.152,0.9151976008445276,1.6359028951363324
25625,0.35,0.15,0.5,0.0,0.25,0.75,2.1735,1.19,2.14,0.9159474776721238,1.6676907156356697
25626,0.35,0.15,0.5,0.0,0.3,0.7,2.1735,1.19,2.128,0.9167027785635726,1.6994797609208523
25640,0.35,0.15,0.5,0.05,0.0,0.95,2.1735,1.19,2.1805,0.9134380434019368,1.567352045317024
25641,0.35,0.15,0.5,0.05,0.05,0.9,2.1735,1.19,2.1685000000000003,0.9141752698859578,1.5991370092936164
25642,0.35,0.15,0.5,0.05,0.1,0.85,2.1735,1.19,2.1565000000000003,0.9149177835164352,1.6309231671392963
25643,0.35,0.15,0.5,0.05,0.15,0.8,2.1735,1.19,2.1445000000000003,0.9156656413745724,1.6627105317433295
25644,0.35,0.15,0.5,0.05,0.2,0.75,2.1735,1.19,2.1325000000000003,0.9164189013662224,1.6944991161812135
25659,0.35,0.15,0.5,0.1,0.0,0.9,2.1735,1.19,2.161,0.9146387177120532,1.6259436088407768
25660,0.35,0.15,0.5,0.1,0.05,0.85,2.1735,1.19,2.149,0.9153845647435912,1.6577305193882195
25661,0.35,0.15,0.5,0.1,0.1,0.8,2.1735,1.19,2.1370000000000005,0.916135792096367,1.6895186448441657
25677,0.35,0.15,0.5,0.15,0.0,0.85,2.1735,1.19,2.1415,0.9158534476421888,1.684538346207042
25830,0.35,0.2,0.45,0.0,0.0,1.0,2.155,1.19,2.2,0.9083923398428952,1.5139478601288285
25831,0.35,0.2,0.45,0.0,0.05,0.95,2.155,1.19,2.188,0.909107386232438,1.5457278157082999
25832,0.35,0.2,0.45,0.0,0.1,0.9,2.155,1.19,2.176,0.9098275309919598,1.5775089225300043
25833,0.35,0.2,0.45,0.0,0.15,0.85,2.155,1.19,2.164,0.9105528288445732,1.609291192950749
25834,0.35,0.2,0.45,0.0,0.2,0.8,2.155,1.19,2.152,0.9112833352993598,1.641074639504812
25835,0.35,0.2,0.45,0.0,0.25,0.75,2.155,1.19,2.14,0.912019106665532,1.6728592749071454
25850,0.35,0.2,0.45,0.05,0.0,0.95,2.155,1.19,2.1805,0.9095568757852772,1.5725312633944202
25851,0.35,0.2,0.45,0.05,0.05,0.9,2.155,1.19,2.1685000000000003,0.9102802347655315,1.6043130960062646
25852,0.35,0.2,0.45,0.05,0.1,0.85,2.155,1.19,2.1565000000000003,0.9110087814390556,1.6360961000300742
25853,0.35,0.2,0.45,0.05,0.15,0.8,2.155,1.19,2.1445000000000003,0.9117425718133336,1.6678802881126695
25854,0.35,0.2,0.45,0.05,0.2,0.75,2.155,1.19,2.1325000000000003,0.9124816627049877,1.6996656730835835
25869,0.35,0.2,0.45,0.1,0.0,0.9,2.155,1.19,2.161,0.9107349649660218,1.6311177270617634
25870,0.35,0.2,0.45,0.1,0.05,0.85,2.155,1.19,2.149,0.9114667823380954,1.6629014696287374
25871,0.35,0.2,0.45,0.1,0.1,0.8,2.155,1.19,2.1370000000000005,0.912203878825567,1.6946864042513377
25887,0.35,0.2,0.45,0.15,0.0,0.85,2.155,1.19,2.1415,0.9119268453753568,1.6897073048704687
26040,0.35,0.25,0.4,0.0,0.0,1.0,2.1365,1.19,2.2,0.9045334975266852,1.519132119391719
26041,0.35,0.25,0.4,0.0,0.05,0.95,2.1365,1.19,2.188,0.9052348357730092,1.5509089795909992
26042,0.35,0.25,0.4,0.0,0.1,0.9,2.1365,1.19,2.176,0.90594117464854,1.5826869689620695
26043,0.35,0.25,0.4,0.0,0.15,0.85,2.1365,1.19,2.164,0.9066525678272948,1.6144660996248366
26044,0.35,0.25,0.4,0.0,0.2,0.8,2.1365,1.19,2.152,0.9073690697541916,1.6462463838732893
26045,0.35,0.25,0.4,0.0,0.25,0.75,2.1365,1.19,2.14,0.9080907356589402,1.6780278341786241
26060,0.35,0.25,0.4,0.05,0.0,0.95,2.1365,1.19,2.1805,0.9056757081686176,1.577710481471816
26061,0.35,0.25,0.4,0.05,0.05,0.9,2.1365,1.19,2.1685000000000003,0.9063851996451054,1.6094891827189137
26062,0.35,0.25,0.4,0.05,0.1,0.85,2.1365,1.19,2.1565000000000003,0.907099779361676,1.6412690329208521
26063,0.35,0.25,0.4,0.05,0.15,0.8,2.1365,1.19,2.1445000000000003,0.9078195022520948,1.6730500444820087
26079,0.35,0.25,0.4,0.1,0.0,0.9,2.1365,1.19,2.161,0.9068312122199904,1.6362918452827522
26080,0.35,0.25,0.4,0.1,0.05,0.85,2.1365,1.19,2.149,0.9075489999325992,1.668072419869258
26081,0.35,0.25,0.4,0.1,0.1,0.8,2.1365,1.19,2.1370000000000005,0.9082719655547672,1.699854163658511
26097,0.35,0.25,0.4,0.15,0.0,0.85,2.1365,1.19,2.1415,0.9080002431085248,1.6948762635338928
26250,0.35,0.3,0.35,0.0,0.0,1.0,2.118,1.19,2.2,0.9006746552104754,1.5243163786546114
26251,0.35,0.3,0.35,0.0,0.05,0.95,2.118,1.19,2.188,0.90136228531358,1.5560901434736998
26252,0.35,0.3,0.35,0.0,0.1,0.9,2.118,1.19,2.176,0.9020548183051204,1.5878650153941316
26253,0.35,0.3,0.35,0.0,0.15,0.85,2.118,1.19,2.164,0.9027523068100168,1.6196410062989237
26254,0.35,0.3,0.35,0.0,0.2,0.8,2.118,1.19,2.152,0.9034548042090236,1.6514181282417666
26255,0.35,0.3,0.35,0.0,0.25,0.75,2.118,1.19,2.14,0.904162364652348,1.6831963934501024
26270,0.35,0.3,0.35,0.05,0.0,0.95,2.118,1.19,2.1805,0.901794540551958,1.5828896995492125
26271,0.35,0.3,0.35,0.05,0.05,0.9,2.118,1.19,2.1685000000000003,0.9024901645246792,1.6146652694315624
26272,0.35,0.3,0.35,0.05,0.1,0.85,2.118,1.19,2.1565000000000003,0.903190777284296,1.6464419658116327
26273,0.35,0.3,0.35,0.05,0.15,0.8,2.118,1.19,2.1445000000000003,0.9038964326908556,1.6782198008513474
26289,0.35,0.3,0.35,0.1,0.0,0.9,2.118,1.19,2.161,0.902927459473959,1.6414659635037387
26290,0.35,0.3,0.35,0.1,0.05,0.85,2.118,1.19,2.149,0.9036312175271032,1.6732433701097786
26465,0.35,0.35,0.3,0.0,0.25,0.75,2.0995,1.19,2.14,0.9002339936457561,1.6883649527215794
27721,0.4,0.0,0.6,0.0,0.05,0.95,2.186,1.19,2.188,0.91559652484013,1.5255147167745466
27722,0.4,0.0,0.6,0.0,0.1,0.9,2.186,1.19,2.176,0.9163398037836364,1.5573010474324525
27723,0.4,0.0,0.6,0.0,0.15,0.85,2.186,1.19,2.164,0.9170884013600124,1.5890885790692635
27724,0.4,0.0,0.6,0.0,0.2,0.8,2.186,1.19,2.152,0.9178423748615328,1.6208773246219135
27725,0.4,0.0,0.6,0.0,0.25,0.75,2.186,1.19,2.14,0.9186017824063076,1.6526672972138208
27726,0.4,0.0,0.6,0.0,0.3,0.7,2.186,1.19,2.128,0.9193666829532144,1.684458510158247
27740,0.4,0.0,0.6,0.05,0.0,0.95,2.186,1.19,2.1805,0.9160604539537338,1.5523214249992847
27741,0.4,0.0,0.6,0.05,0.05,0.9,2.186,1.19,2.1685000000000003,0.916807050372732,1.584108504762869
27742,0.4,0.0,0.6,0.05,0.1,0.85,2.186,1.19,2.1565000000000003,0.9175590011362864,1.615896793569271
27743,0.4,0.0,0.6,0.05,0.15,0.8,2.186,1.19,2.1445000000000003,0.9183163640510852,1.647686304471578
27744,0.4,0.0,0.6,0.05,0.2,0.75,2.186,1.19,2.1325000000000003,0.919079197758948,1.6794770507114665
27759,0.4,0.0,0.6,0.1,0.0,0.9,2.186,1.19,2.161,0.9172763884863986,1.6109164343719597
27760,0.4,0.0,0.6,0.1,0.05,0.85,2.186,1.19,2.149,0.9180317150175752,1.6427054854467484
27761,0.4,0.0,0.6,0.1,0.1,0.8,2.186,1.19,2.1370000000000005,0.9187924902523128,1.674495766871174
27777,0.4,0.0,0.6,0.15,0.0,0.85,2.186,1.19,2.1415,0.9185065572819404,1.6695146579257703
27931,0.4,0.05,0.55,0.0,0.05,0.95,2.1675,1.19,2.188,0.9117239743807009,1.5306958806572455
27932,0.4,0.05,0.55,0.0,0.1,0.9,2.1675,1.19,2.176,0.9124534474402168,1.5624790938645177
27933,0.4,0.05,0.55,0.0,0.15,0.85,2.1675,1.19,2.164,0.9131881403427342,1.594263485743351
27934,0.4,0.05,0.55,0.0,0.2,0.8,2.1675,1.19,2.152,0.9139281093163648,1.626049068990393
27935,0.4,0.05,0.55,0.0,0.25,0.75,2.1675,1.19,2.14,0.9146734113997156,1.6578358564852995
27936,0.4,0.05,0.55,0.0,0.3,0.7,2.1675,1.19,2.128,0.9154241044565444,1.689623861294046
27950,0.4,0.05,0.55,0.05,0.0,0.95,2.1675,1.19,2.1805,0.912179286337074,1.5575006430766782
27951,0.4,0.05,0.55,0.05,0.05,0.9,2.1675,1.19,2.1685000000000003,0.912912015252306,1.589284591475518
27952,0.4,0.05,0.55,0.05,0.1,0.85,2.1675,1.19,2.1565000000000003,0.9136499990589064,1.6210697264600502
27953,0.4,0.05,0.55,0.05,0.15,0.8,2.1675,1.19,2.1445000000000003,0.9143932944898464,1.652856060840914
27954,0.4,0.05,0.55,0.05,0.2,0.75,2.1675,1.19,2.1325000000000003,0.915141959097714,1.6846436076138351
27969,0.4,0.05,0.55,0.1,0.0,0.9,2.1675,1.19,2.161,0.9133726357403672,1.616090552592949
27970,0.4,0.05,0.55,0.1,0.05,0.85,2.1675,1.19,2.149,0.914113932612079,1.6478764356872682
27971,0.4,0.05,0.55,0.1,0.1,0.8,2.1675,1.19,2.1370000000000005,0.914860576981513,1.679663526278345
27987,0.4,0.05,0.55,0.15,0.0,0.85,2.1675,1.19,2.1415,0.9145799550151082,1.6746836165891943
28140,0.4,0.1,0.5,0.0,0.0,1.0,2.149,1.19,2.2,0.9071408234160162,1.5040980928675647
28141,0.4,0.1,0.5,0.0,0.05,0.95,2.149,1.19,2.188,0.907851423921272,1.5358770445399466
28142,0.4,0.1,0.5,0.0,0.1,0.9,2.149,1.19,2.176,0.9085670910967968,1.5676571402965802
28143,0.4,0.1,0.5,0.0,0.15,0.85,2.149,1.19,2.164,0.909287879325456,1.5994383924174413
28144,0.4,0.1,0.5,0.0,0.2,0.8,2.149,1.19,2.152,0.9100138437711972,1.6312208133588713
28145,0.4,0.1,0.5,0.0,0.25,0.75,2.149,1.19,2.14,0.9107450403931238,1.663004415756777
28146,0.4,0.1,0.5,0.0,0.3,0.7,2.149,1.19,2.128,0.9114815259598744,1.6947892124298463
28160,0.4,0.1,0.5,0.05,0.0,0.95,2.149,1.19,2.1805,0.9082981187204144,1.5626798611540766
28161,0.4,0.1,0.5,0.05,0.05,0.9,2.149,1.19,2.1685000000000003,0.90901698013188,1.594460678188168
28162,0.4,0.1,0.5,0.05,0.1,0.85,2.149,1.19,2.1565000000000003,0.909740996981527,1.6262426593508286
28163,0.4,0.1,0.5,0.05,0.15,0.8,2.149,1.19,2.1445000000000003,0.9104702249286072,1.6580258172102535
28164,0.4,0.1,0.5,0.05,0.2,0.75,2.149,1.19,2.1325000000000003,0.9112047204364796,1.6898101645162047
28179,0.4,0.1,0.5,0.1,0.0,0.9,2.149,1.19,2.161,0.909468882994336,1.6212646708139342
28180,0.4,0.1,0.5,0.1,0.05,0.85,2.149,1.19,2.149,0.9101961502065832,1.6530473859277874
28181,0.4,0.1,0.5,0.1,0.1,0.8,2.149,1.19,2.1370000000000005,0.9109286637107132,1.6848312856855188
28197,0.4,0.1,0.5,0.15,0.0,0.85,2.149,1.19,2.1415,0.910653352748276,1.6798525752526206
28350,0.4,0.15,0.45,0.0,0.0,1.0,2.1305,1.19,2.2,0.9032819810998064,1.5092823521304575
28351,0.4,0.15,0.45,0.0,0.05,0.95,2.1305,1.19,2.188,0.9039788734618428,1.5410582084226467
28352,0.4,0.15,0.45,0.0,0.1,0.9,2.1305,1.19,2.176,0.9046807347533768,1.572835186728645
28353,0.4,0.15,0.45,0.0,0.15,0.85,2.1305,1.19,2.164,0.9053876183081776,1.6046132990915272
28354,0.4,0.15,0.45,0.0,0.2,0.8,2.1305,1.19,2.152,0.906099578226029,1.6363925577273508
28355,0.4,0.15,0.45,0.0,0.25,0.75,2.1305,1.19,2.14,0.906816669386532,1.6681729750282548
28356,0.4,0.15,0.45,0.0,0.3,0.7,2.1305,1.19,2.128,0.9075389474632044,1.6999545635656461
28370,0.4,0.15,0.45,0.05,0.0,0.95,2.1305,1.19,2.1805,0.9044169511037552,1.5678590792314742
28371,0.4,0.15,0.45,0.05,0.05,0.9,2.1305,1.19,2.1685000000000003,0.9051219450114536,1.5996367649008154
28372,0.4,0.15,0.45,0.05,0.1,0.85,2.1305,1.19,2.1565000000000003,0.9058319949041472,1.6314155922416083
28373,0.4,0.15,0.45,0.05,0.15,0.8,2.1305,1.19,2.1445000000000003,0.9065471553673686,1.663195573579591
28374,0.4,0.15,0.45,0.05,0.2,0.75,2.1305,1.19,2.1325000000000003,0.907267481775245,1.6949767214185743
28389,0.4,0.15,0.45,0.1,0.0,0.9,2.1305,1.19,2.161,0.9055651302483044,1.6264387890349248
28390,0.4,0.15,0.45,0.1,0.05,0.85,2.1305,1.19,2.149,0.9062783678010872,1.6582183361683067
28391,0.4,0.15,0.45,0.1,0.1,0.8,2.1305,1.19,2.1370000000000005,0.9069967504399132,1.6899990450926885
28407,0.4,0.15,0.45,0.15,0.0,0.85,2.1305,1.19,2.1415,0.906726750481444,1.6850215339160446
28561,0.4,0.2,0.4,0.0,0.05,0.95,2.112,1.19,2.188,0.900106323002414,1.5462393723053482
28562,0.4,0.2,0.4,0.0,0.1,0.9,2.112,1.19,2.176,0.9007943784099572,1.5780132331607066
28563,0.4,0.2,0.4,0.0,0.15,0.85,2.112,1.19,2.164,0.9014873572908996,1.6097882057656152
28564,0.4,0.2,0.4,0.0,0.2,0.8,2.112,1.19,2.152,0.9021853126808612,1.6415643020958295
28565,0.4,0.2,0.4,0.0,0.25,0.75,2.112,1.19,2.14,0.90288829837994,1.6733415342997313
28580,0.4,0.2,0.4,0.05,0.0,0.95,2.112,1.19,2.1805,0.9005357834870955,1.57303829730887
28581,0.4,0.2,0.4,0.05,0.05,0.9,2.112,1.19,2.1685000000000003,0.9012269098910276,1.6048128516134614
28582,0.4,0.2,0.4,0.05,0.1,0.85,2.112,1.19,2.1565000000000003,0.9019229928267676,1.636588525132388
28583,0.4,0.2,0.4,0.05,0.15,0.8,2.112,1.19,2.1445000000000003,0.9026240858061298,1.6683653299489296
28599,0.4,0.2,0.4,0.1,0.0,0.9,2.112,1.19,2.161,0.9016613775022732,1.6316129072559145
28600,0.4,0.2,0.4,0.1,0.05,0.85,2.112,1.19,2.149,0.9023605853955912,1.6633892864088278
28601,0.4,0.2,0.4,0.1,0.1,0.8,2.112,1.19,2.1370000000000005,0.9030648371691132,1.6951668044998622
28617,0.4,0.2,0.4,0.15,0.0,0.85,2.112,1.19,2.1415,0.902800148214612,1.6901904925794704
30241,0.45,0.0,0.55,0.0,0.05,0.95,2.143,1.19,2.188,0.9065954616101056,1.5260262733715946
30242,0.45,0.0,0.55,0.0,0.1,0.9,2.143,1.19,2.176,0.9073066512016336,1.5578053580631557
30243,0.45,0.0,0.55,0.0,0.15,0.85,2.143,1.19,2.164,0.9080229298063388,1.5895855918841315
30244,0.45,0.0,0.55,0.0,0.2,0.8,2.143,1.19,2.152,0.9087443522430344,1.6213669872129342
30245,0.45,0.0,0.55,0.0,0.25,0.75,2.143,1.19,2.14,0.9094709741207154,1.6531495566064045
30246,0.45,0.0,0.55,0.0,0.3,0.7,2.143,1.19,2.128,0.9102028518528464,1.6849333128030386
30260,0.45,0.0,0.55,0.05,0.0,0.95,2.143,1.19,2.1805,0.907039361655552,1.5528284589137336
30261,0.45,0.0,0.55,0.05,0.05,0.9,2.143,1.19,2.1685000000000003,0.9077537254982284,1.5846082603700662
30262,0.45,0.0,0.55,0.05,0.1,0.85,2.143,1.19,2.1565000000000003,0.9084732125239984,1.616389218671582
30263,0.45,0.0,0.55,0.05,0.15,0.8,2.143,1.19,2.1445000000000003,0.9091978780438812,1.6481713463078362
30264,0.45,0.0,0.55,0.05,0.2,0.75,2.143,1.19,2.1325000000000003,0.909927778167971,1.6799546559488254
30279,0.45,0.0,0.55,0.1,0.0,0.9,2.143,1.19,2.161,0.90820280102265,1.6114116145661077
30280,0.45,0.0,0.55,0.1,0.05,0.85,2.143,1.19,2.149,0.9089255180750708,1.6431933022268352
30281,0.45,0.0,0.55,0.1,0.1,0.8,2.143,1.19,2.1370000000000005,0.9096534485958592,1.6749761671196968
30297,0.45,0.0,0.55,0.15,0.0,0.85,2.143,1.19,2.1415,0.9093798601211952,1.669997845634772
30451,0.45,0.05,0.5,0.0,0.05,0.95,2.1245,1.19,2.188,0.9027229111506768,1.5312074372542948
30452,0.45,0.05,0.5,0.0,0.1,0.9,2.1245,1.19,2.176,0.9034202948582136,1.5629834044952196
30453,0.45,0.05,0.5,0.0,0.15,0.85,2.1245,1.19,2.164,0.9041226687890604,1.5947604985582196
30454,0.45,0.05,0.5,0.0,0.2,0.8,2.1245,1.19,2.152,0.9048300866978668,1.6265387315814124
30455,0.45,0.05,0.5,0.0,0.25,0.75,2.1245,1.19,2.14,0.9055426031141236,1.6583181158778832
30456,0.45,0.05,0.5,0.0,0.3,0.7,2.1245,1.19,2.128,0.9062602733561764,1.690098663938838
30470,0.45,0.05,0.5,0.05,0.0,0.95,2.1245,1.19,2.1805,0.9031581940388924,1.5580076769911284
30471,0.45,0.05,0.5,0.05,0.05,0.9,2.1245,1.19,2.1685000000000003,0.903858690377802,1.5897843470827144
30472,0.45,0.05,0.5,0.05,0.1,0.85,2.1245,1.19,2.1565000000000003,0.9045642104466188,1.621562151562364
30473,0.45,0.05,0.5,0.05,0.15,0.8,2.1245,1.19,2.1445000000000003,0.9052748084826424,1.653341102677174
30474,0.45,0.05,0.5,0.05,0.2,0.75,2.1245,1.19,2.1325000000000003,0.9059905395067364,1.6851212128511945
30489,0.45,0.05,0.5,0.1,0.0,0.9,2.1245,1.19,2.161,0.9042990482766188,1.6165857327870974
30490,0.45,0.05,0.5,0.1,0.05,0.85,2.1245,1.19,2.149,0.9050077356695748,1.648364252467355
30491,0.45,0.05,0.5,0.1,0.1,0.8,2.1245,1.19,2.1370000000000005,0.9057215353250592,1.6801439265268678
30507,0.45,0.05,0.5,0.15,0.0,0.85,2.1245,1.19,2.1415,0.9054532578543634,1.6751668042981969
30663,0.45,0.1,0.45,0.0,0.15,0.85,2.106,1.19,2.164,0.9002224077717822,1.5999354052323058
30664,0.45,0.1,0.45,0.0,0.2,0.8,2.106,1.19,2.152,0.9009158211526986,1.6317104759498906
30665,0.45,0.1,0.45,0.0,0.25,0.75,2.106,1.19,2.14,0.9016142321075318,1.6634866751493615
30666,0.45,0.1,0.45,0.0,0.3,0.7,2.106,1.19,2.128,0.9023176948595064,1.6952640150746405
30682,0.45,0.1,0.45,0.05,0.1,0.85,2.106,1.19,2.1565000000000003,0.9006552083692391,1.6267350844531392
30683,0.45,0.1,0.45,0.05,0.15,0.8,2.106,1.19,2.1445000000000003,0.9013517389214036,1.658510859046511
30684,0.45,0.1,0.45,0.05,0.2,0.75,2.106,1.19,2.1325000000000003,0.9020533008455024,1.6902877697535668
30699,0.45,0.1,0.45,0.1,0.0,0.9,2.106,1.19,2.161,0.9003952955305873,1.6217598510080857
30700,0.45,0.1,0.45,0.1,0.05,0.85,2.106,1.19,2.149,0.9010899532640788,1.6535352027078747
30701,0.45,0.1,0.45,0.1,0.1,0.8,2.106,1.19,2.1370000000000005,0.9017896220542592,1.685311685934042
30717,0.45,0.1,0.45,0.15,0.0,0.85,2.106,1.19,2.1415,0.9015266555875312,1.6803357629616227
32555,0.5,0.0,0.5,0.0,0.25,0.75,2.1,1.19,2.14,0.9003401658351236,1.6536318159989887
32556,0.5,0.0,0.5,0.0,0.3,0.7,2.1,1.19,2.128,0.9010390207524782,1.6854081154478324
32573,0.5,0.0,0.5,0.05,0.15,0.8,2.1,1.19,2.1445000000000003,0.9000793920366774,1.648656388144098
32574,0.5,0.0,0.5,0.05,0.2,0.75,2.1,1.19,2.1325000000000003,0.900776358576994,1.6804322611861853
32591,0.5,0.0,0.5,0.1,0.1,0.8,2.1,1.19,2.1370000000000005,0.9005144069394052,1.6754565673682182
32607,0.5,0.0,0.5,0.15,0.0,0.85,2.1,1.19,2.1415,0.9002531629604505,1.6704810333437736
