,xA,yA,zA,xC,yC,zC,rA,rB,rC,TF,predicted
2,0.0,0.0,1.0,0.0,0.1,0.9,2.53,1.19,2.176,0.9886050244396588,1.5028076171875
3,0.0,0.0,1.0,0.0,0.15,0.85,2.53,1.19,2.164,0.989612173789402,1.5389404296875
4,0.0,0.0,1.0,0.0,0.2,0.8,2.53,1.19,2.152,0.99062655580952,1.57568359375
5,0.0,0.0,1.0,0.0,0.25,0.75,2.53,1.19,2.14,0.991648248691044,1.612548828125
6,0.0,0.0,1.0,0.0,0.3,0.7,2.53,1.19,2.128,0.9926773317561596,1.649658203125
7,0.0,0.0,1.0,0.0,0.35,0.65,2.53,1.19,2.116,0.9937138854787354,1.686767578125
20,0.0,0.0,1.0,0.05,0.0,0.95,2.53,1.19,2.1805,0.9882291923391876,1.5150146484375
21,0.0,0.0,1.0,0.05,0.05,0.9,2.53,1.19,2.1685000000000003,0.9892336493687638,1.55126953125
22,0.0,0.0,1.0,0.05,0.1,0.85,2.53,1.19,2.1565000000000003,0.99024531003459,1.587890625
23,0.0,0.0,1.0,0.05,0.15,0.8,2.53,1.19,2.1445000000000003,0.9912642521087168,1.624755859375
24,0.0,0.0,1.0,0.05,0.2,0.75,2.53,1.19,2.1325000000000003,0.9922905544867652,1.66162109375
25,0.0,0.0,1.0,0.05,0.25,0.7,2.53,1.19,2.1205,0.9933242972082884,1.6988525390625
39,0.0,0.0,1.0,0.1,0.0,0.9,2.53,1.19,2.161,0.9898650881963874,1.60009765625
40,0.0,0.0,1.0,0.1,0.05,0.85,2.53,1.19,2.149,0.9908812905576088,1.6368408203125
41,0.0,0.0,1.0,0.1,0.1,0.8,2.53,1.19,2.1370000000000005,0.9919048235039424,1.673583984375
57,0.0,0.0,1.0,0.15,0.0,0.85,2.53,1.19,2.1415,0.9915201345678992,1.6856689453125
212,0.0,0.05,0.95,0.0,0.1,0.9,2.5115,1.19,2.176,0.9847186680962392,1.509765625
213,0.0,0.05,0.95,0.0,0.15,0.85,2.5115,1.19,2.164,0.9857119127721236,1.545654296875
214,0.0,0.05,0.95,0.0,0.2,0.8,2.5115,1.19,2.152,0.986712290264352,1.5819091796875
215,0.0,0.05,0.95,0.0,0.25,0.75,2.5115,1.19,2.14,0.9877198776844522,1.6182861328125
216,0.0,0.05,0.95,0.0,0.3,0.7,2.5115,1.19,2.128,0.9887347532594898,1.655029296875
217,0.0,0.05,0.95,0.0,0.35,0.65,2.5115,1.19,2.116,0.9897569963523134,1.6917724609375
230,0.0,0.05,0.95,0.05,0.0,0.95,2.5115,1.19,2.1805,0.984348024722528,1.5220947265625
231,0.0,0.05,0.95,0.05,0.05,0.9,2.5115,1.19,2.1685000000000003,0.9853386142483376,1.5579833984375
232,0.0,0.05,0.95,0.05,0.1,0.85,2.5115,1.19,2.1565000000000003,0.98633630795721,1.5941162109375
233,0.0,0.05,0.95,0.05,0.15,0.8,2.5115,1.19,2.1445000000000003,0.987341182547478,1.6304931640625
234,0.0,0.05,0.95,0.05,0.2,0.75,2.5115,1.19,2.1325000000000003,0.9883533158255308,1.6671142578125
249,0.0,0.05,0.95,0.1,0.0,0.9,2.5115,1.19,2.161,0.985961335450356,1.6065673828125
250,0.0,0.05,0.95,0.1,0.05,0.85,2.5115,1.19,2.149,0.9869635081521128,1.642822265625
251,0.0,0.05,0.95,0.1,0.1,0.8,2.5115,1.19,2.1370000000000005,0.9879729102331426,1.6793212890625
267,0.0,0.05,0.95,0.15,0.0,0.85,2.5115,1.19,2.1415,0.9875935323010672,1.69140625
422,0.0,0.1,0.9,0.0,0.1,0.9,2.493,1.19,2.176,0.9808323117528196,1.5166015625
423,0.0,0.1,0.9,0.0,0.15,0.85,2.493,1.19,2.164,0.9818116517548454,1.55224609375
424,0.0,0.1,0.9,0.0,0.2,0.8,2.493,1.19,2.152,0.982798024719184,1.588134765625
425,0.0,0.1,0.9,0.0,0.25,0.75,2.493,1.19,2.14,0.9837915066778602,1.6241455078125
426,0.0,0.1,0.9,0.0,0.3,0.7,2.493,1.19,2.128,0.9847921747628198,1.6602783203125
427,0.0,0.1,0.9,0.0,0.35,0.65,2.493,1.19,2.116,0.9858001072258916,1.69677734375
440,0.0,0.1,0.9,0.05,0.0,0.95,2.493,1.19,2.1805,0.9804668571058685,1.5291748046875
441,0.0,0.1,0.9,0.05,0.05,0.9,2.493,1.19,2.1685000000000003,0.9814435791279116,1.564697265625
442,0.0,0.1,0.9,0.05,0.1,0.85,2.493,1.19,2.1565000000000003,0.9824273058798304,1.6004638671875
443,0.0,0.1,0.9,0.05,0.15,0.8,2.493,1.19,2.1445000000000003,0.9834181129862388,1.636474609375
444,0.0,0.1,0.9,0.05,0.2,0.75,2.493,1.19,2.1325000000000003,0.9844160771642968,1.6724853515625
459,0.0,0.1,0.9,0.1,0.0,0.9,2.493,1.19,2.161,0.9820575827043246,1.6129150390625
460,0.0,0.1,0.9,0.1,0.05,0.85,2.493,1.19,2.149,0.9830457257466167,1.6488037109375
461,0.0,0.1,0.9,0.1,0.1,0.8,2.493,1.19,2.1370000000000005,0.9840409969623428,1.6849365234375
477,0.0,0.1,0.9,0.15,0.0,0.85,2.493,1.19,2.1415,0.9836669300342352,1.6973876953125
632,0.0,0.15,0.85,0.0,0.1,0.9,2.4744999999999995,1.19,2.176,0.9769459554093994,1.523681640625
633,0.0,0.15,0.85,0.0,0.15,0.85,2.4744999999999995,1.19,2.164,0.9779113907375672,1.558837890625
634,0.0,0.15,0.85,0.0,0.2,0.8,2.4744999999999995,1.19,2.152,0.978883759174016,1.5941162109375
635,0.0,0.15,0.85,0.0,0.25,0.75,2.4744999999999995,1.19,2.14,0.979863135671268,1.6298828125
636,0.0,0.15,0.85,0.0,0.3,0.7,2.4744999999999995,1.19,2.128,0.9808495962661496,1.665771484375
650,0.0,0.15,0.85,0.05,0.0,0.95,2.4744999999999995,1.19,2.1805,0.9765856894892088,1.5364990234375
651,0.0,0.15,0.85,0.05,0.05,0.9,2.4744999999999995,1.19,2.1685000000000003,0.9775485440074854,1.5716552734375
652,0.0,0.15,0.85,0.05,0.1,0.85,2.4744999999999995,1.19,2.1565000000000003,0.9785183038024508,1.6068115234375
653,0.0,0.15,0.85,0.05,0.15,0.8,2.4744999999999995,1.19,2.1445000000000003,0.979495043425,1.6424560546875
654,0.0,0.15,0.85,0.05,0.2,0.75,2.4744999999999995,1.19,2.1325000000000003,0.980478838503062,1.6781005859375
669,0.0,0.15,0.85,0.1,0.0,0.9,2.4744999999999995,1.19,2.161,0.9781538299582933,1.6195068359375
670,0.0,0.15,0.85,0.1,0.05,0.85,2.4744999999999995,1.19,2.149,0.9791279433411209,1.655029296875
671,0.0,0.15,0.85,0.1,0.1,0.8,2.4744999999999995,1.19,2.1370000000000005,0.9801090836915428,1.6905517578125
842,0.0,0.2,0.8,0.0,0.1,0.9,2.456,1.19,2.176,0.9730595990659796,1.5306396484375
843,0.0,0.2,0.8,0.0,0.15,0.85,2.456,1.19,2.164,0.974011129720289,1.5653076171875
844,0.0,0.2,0.8,0.0,0.2,0.8,2.456,1.19,2.152,0.9749694936288482,1.600341796875
845,0.0,0.2,0.8,0.0,0.25,0.75,2.456,1.19,2.14,0.9759347646646764,1.635498046875
846,0.0,0.2,0.8,0.0,0.3,0.7,2.456,1.19,2.128,0.9769070177694796,1.6710205078125
860,0.0,0.2,0.8,0.05,0.0,0.95,2.456,1.19,2.1805,0.9727045218725492,1.5435791015625
861,0.0,0.2,0.8,0.05,0.05,0.9,2.456,1.19,2.1685000000000003,0.9736535088870594,1.5782470703125
862,0.0,0.2,0.8,0.05,0.1,0.85,2.456,1.19,2.1565000000000003,0.9746093017250712,1.613037109375
863,0.0,0.2,0.8,0.05,0.15,0.8,2.456,1.19,2.1445000000000003,0.9755719738637612,1.6483154296875
864,0.0,0.2,0.8,0.05,0.2,0.75,2.456,1.19,2.1325000000000003,0.9765415998418278,1.6837158203125
879,0.0,0.2,0.8,0.1,0.0,0.9,2.456,1.19,2.161,0.974250077212262,1.6258544921875
880,0.0,0.2,0.8,0.1,0.05,0.85,2.456,1.19,2.149,0.9752101609356248,1.6610107421875
881,0.0,0.2,0.8,0.1,0.1,0.8,2.456,1.19,2.1370000000000005,0.976177170420743,1.6961669921875
1051,0.0,0.25,0.75,0.0,0.05,0.95,2.4375,1.19,2.188,0.968242278383178,1.5032958984375
1052,0.0,0.25,0.75,0.0,0.1,0.9,2.4375,1.19,2.176,0.96917324272256,1.5374755859375
1053,0.0,0.25,0.75,0.0,0.15,0.85,2.4375,1.19,2.164,0.9701108687030108,1.5718994140625
1054,0.0,0.25,0.75,0.0,0.2,0.8,2.4375,1.19,2.152,0.9710552280836804,1.6065673828125
1055,0.0,0.25,0.75,0.0,0.25,0.75,2.4375,1.19,2.14,0.9720063936580844,1.6412353515625
1056,0.0,0.25,0.75,0.0,0.3,0.7,2.4375,1.19,2.128,0.9729644392728096,1.6761474609375
1070,0.0,0.25,0.75,0.05,0.0,0.95,2.4375,1.19,2.1805,0.9688233542558896,1.550537109375
1071,0.0,0.25,0.75,0.05,0.05,0.9,2.4375,1.19,2.1685000000000003,0.969758473766633,1.5849609375
1072,0.0,0.25,0.75,0.05,0.1,0.85,2.4375,1.19,2.1565000000000003,0.9707002996476912,1.619384765625
1073,0.0,0.25,0.75,0.05,0.15,0.8,2.4375,1.19,2.1445000000000003,0.9716489043025224,1.6541748046875
1074,0.0,0.25,0.75,0.05,0.2,0.75,2.4375,1.19,2.1325000000000003,0.9726043611805936,1.6890869140625
1089,0.0,0.25,0.75,0.1,0.0,0.9,2.4375,1.19,2.161,0.9703463244662304,1.6324462890625
1090,0.0,0.25,0.75,0.1,0.05,0.85,2.4375,1.19,2.149,0.9712923785301288,1.6668701171875
1261,0.0,0.3,0.7,0.0,0.05,0.95,2.419,1.19,2.188,0.964369727923749,1.5106201171875
1262,0.0,0.3,0.7,0.0,0.1,0.9,2.419,1.19,2.176,0.96528688637914,1.54443359375
1263,0.0,0.3,0.7,0.0,0.15,0.85,2.419,1.19,2.164,0.9662106076857326,1.578369140625
1264,0.0,0.3,0.7,0.0,0.2,0.8,2.419,1.19,2.152,0.9671409625385124,1.612548828125
1265,0.0,0.3,0.7,0.0,0.25,0.75,2.419,1.19,2.14,0.9680780226514925,1.6470947265625
1266,0.0,0.3,0.7,0.0,0.3,0.7,2.419,1.19,2.128,0.9690218607761396,1.6815185546875
1280,0.0,0.3,0.7,0.05,0.0,0.95,2.419,1.19,2.1805,0.96494218663923,1.5577392578125
1281,0.0,0.3,0.7,0.05,0.05,0.9,2.419,1.19,2.1685000000000003,0.965863438646207,1.591552734375
1282,0.0,0.3,0.7,0.05,0.1,0.85,2.419,1.19,2.1565000000000003,0.9667912975703116,1.625732421875
1283,0.0,0.3,0.7,0.05,0.15,0.8,2.419,1.19,2.1445000000000003,0.9677258347412832,1.6600341796875
1284,0.0,0.3,0.7,0.05,0.2,0.75,2.419,1.19,2.1325000000000003,0.9686671225193592,1.6944580078125
1299,0.0,0.3,0.7,0.1,0.0,0.9,2.419,1.19,2.161,0.9664425717201992,1.638916015625
1300,0.0,0.3,0.7,0.1,0.05,0.85,2.419,1.19,2.149,0.9673745961246328,1.673095703125
1471,0.0,0.35,0.65,0.0,0.05,0.95,2.4005,1.19,2.188,0.96049717746432,1.5179443359375
1472,0.0,0.35,0.65,0.0,0.1,0.9,2.4005,1.19,2.176,0.9614005300357202,1.5513916015625
1473,0.0,0.35,0.65,0.0,0.15,0.85,2.4005,1.19,2.164,0.9623103466684544,1.5849609375
1474,0.0,0.35,0.65,0.0,0.2,0.8,2.4005,1.19,2.152,0.9632266969933446,1.6187744140625
1475,0.0,0.35,0.65,0.0,0.25,0.75,2.4005,1.19,2.14,0.9641496516449004,1.6527099609375
1476,0.0,0.35,0.65,0.0,0.3,0.7,2.4005,1.19,2.128,0.9650792822794696,1.6868896484375
1490,0.0,0.35,0.65,0.05,0.0,0.95,2.4005,1.19,2.1805,0.9610610190225704,1.5648193359375
1491,0.0,0.35,0.65,0.05,0.05,0.9,2.4005,1.19,2.1685000000000003,0.9619684035257812,1.5982666015625
1492,0.0,0.35,0.65,0.05,0.1,0.85,2.4005,1.19,2.1565000000000003,0.962882295492932,1.6319580078125
1493,0.0,0.35,0.65,0.05,0.15,0.8,2.4005,1.19,2.1445000000000003,0.9638027651800444,1.6658935546875
1509,0.0,0.35,0.65,0.1,0.0,0.9,2.4005,1.19,2.161,0.962538818974168,1.645263671875
1510,0.0,0.35,0.65,0.1,0.05,0.85,2.4005,1.19,2.149,0.9634568137191368,1.67919921875
1681,0.0,0.4,0.6,0.0,0.05,0.95,2.382,1.19,2.188,0.956624627004891,1.5255126953125
1682,0.0,0.4,0.6,0.0,0.1,0.9,2.382,1.19,2.176,0.9575141736923004,1.558349609375
1683,0.0,0.4,0.6,0.0,0.15,0.85,2.382,1.19,2.164,0.958410085651176,1.5916748046875
1684,0.0,0.4,0.6,0.0,0.2,0.8,2.382,1.19,2.152,0.9593124314481764,1.6251220703125
1685,0.0,0.4,0.6,0.0,0.25,0.75,2.382,1.19,2.14,0.9602212806383088,1.6585693359375
1686,0.0,0.4,0.6,0.0,0.3,0.7,2.382,1.19,2.128,0.9611367037827996,1.6922607421875
1700,0.0,0.4,0.6,0.05,0.0,0.95,2.382,1.19,2.1805,0.957179851405911,1.5718994140625
1701,0.0,0.4,0.6,0.05,0.05,0.9,2.382,1.19,2.1685000000000003,0.9580733684053548,1.60498046875
1702,0.0,0.4,0.6,0.05,0.1,0.85,2.382,1.19,2.1565000000000003,0.9589732934155522,1.6383056640625
1703,0.0,0.4,0.6,0.05,0.15,0.8,2.382,1.19,2.1445000000000003,0.9598796956188056,1.6717529296875
1719,0.0,0.4,0.6,0.1,0.0,0.9,2.382,1.19,2.161,0.9586350662281364,1.6517333984375
1720,0.0,0.4,0.6,0.1,0.05,0.85,2.382,1.19,2.149,0.9595390313136408,1.6851806640625
1890,0.0,0.45,0.55,0.0,0.0,1.0,2.3635,1.19,2.2,0.951882535676935,1.5003662109375
1891,0.0,0.45,0.55,0.0,0.05,0.95,2.3635,1.19,2.188,0.952752076545462,1.5328369140625
1892,0.0,0.45,0.55,0.0,0.1,0.9,2.3635,1.19,2.176,0.9536278173488808,1.5653076171875
1893,0.0,0.45,0.55,0.0,0.15,0.85,2.3635,1.19,2.164,0.954509824633898,1.59814453125
1894,0.0,0.45,0.55,0.0,0.2,0.8,2.3635,1.19,2.152,0.9553981659030087,1.631103515625
1895,0.0,0.45,0.55,0.0,0.25,0.75,2.3635,1.19,2.14,0.9562929096317168,1.664306640625
1896,0.0,0.45,0.55,0.0,0.3,0.7,2.3635,1.19,2.128,0.9571941252861296,1.6976318359375
1910,0.0,0.45,0.55,0.05,0.0,0.95,2.3635,1.19,2.1805,0.9532986837892516,1.5789794921875
1911,0.0,0.45,0.55,0.05,0.05,0.9,2.3635,1.19,2.1685000000000003,0.9541783332849288,1.6116943359375
1912,0.0,0.45,0.55,0.05,0.1,0.85,2.3635,1.19,2.1565000000000003,0.9550642913381726,1.6446533203125
1913,0.0,0.45,0.55,0.05,0.15,0.8,2.3635,1.19,2.1445000000000003,0.9559566260575668,1.6776123046875
1929,0.0,0.45,0.55,0.1,0.0,0.9,2.3635,1.19,2.161,0.954731313482105,1.658203125
1930,0.0,0.45,0.55,0.1,0.05,0.85,2.3635,1.19,2.149,0.9556212489081448,1.691162109375
2100,0.0,0.5,0.5,0.0,0.0,1.0,2.345,1.19,2.2,0.948023693360725,1.5081787109375
2101,0.0,0.5,0.5,0.0,0.05,0.95,2.345,1.19,2.188,0.948879526086033,1.5401611328125
2102,0.0,0.5,0.5,0.0,0.1,0.9,2.345,1.19,2.176,0.9497414610054608,1.5723876953125
2103,0.0,0.5,0.5,0.0,0.15,0.85,2.345,1.19,2.164,0.9506095636166196,1.6046142578125
2104,0.0,0.5,0.5,0.0,0.2,0.8,2.345,1.19,2.152,0.9514839003578408,1.6373291015625
2105,0.0,0.5,0.5,0.0,0.25,0.75,2.345,1.19,2.14,0.9523645386251246,1.6700439453125
2120,0.0,0.5,0.5,0.05,0.0,0.95,2.345,1.19,2.1805,0.9494175161725916,1.5863037109375
2121,0.0,0.5,0.5,0.05,0.05,0.9,2.345,1.19,2.1685000000000003,0.9502832981645026,1.6182861328125
2122,0.0,0.5,0.5,0.05,0.1,0.85,2.345,1.19,2.1565000000000003,0.9511552892607928,1.65087890625
2123,0.0,0.5,0.5,0.05,0.15,0.8,2.345,1.19,2.1445000000000003,0.9520335564963276,1.6837158203125
2139,0.0,0.5,0.5,0.1,0.0,0.9,2.345,1.19,2.161,0.9508275607360738,1.66455078125
2140,0.0,0.5,0.5,0.1,0.05,0.85,2.345,1.19,2.149,0.9517034665026488,1.697265625
2310,0.0,0.55,0.45,0.0,0.0,1.0,2.3265,1.19,2.2,0.9441648510445156,1.5159912109375
2311,0.0,0.55,0.45,0.0,0.05,0.95,2.3265,1.19,2.188,0.9450069756266042,1.547607421875
2312,0.0,0.55,0.45,0.0,0.1,0.9,2.3265,1.19,2.176,0.945855104662041,1.579345703125
2313,0.0,0.55,0.45,0.0,0.15,0.85,2.3265,1.19,2.164,0.9467093025993416,1.6112060546875
2314,0.0,0.55,0.45,0.0,0.2,0.8,2.3265,1.19,2.152,0.947569634812673,1.6434326171875
2315,0.0,0.55,0.45,0.0,0.25,0.75,2.3265,1.19,2.14,0.9484361676185328,1.6756591796875
2330,0.0,0.55,0.45,0.05,0.0,0.95,2.3265,1.19,2.1805,0.9455363485559322,1.5933837890625
2331,0.0,0.55,0.45,0.05,0.05,0.9,2.3265,1.19,2.1685000000000003,0.9463882630440766,1.625244140625
2332,0.0,0.55,0.45,0.05,0.1,0.85,2.3265,1.19,2.1565000000000003,0.9472462871834132,1.6572265625
2333,0.0,0.55,0.45,0.05,0.15,0.8,2.3265,1.19,2.1445000000000003,0.9481104869350888,1.6895751953125
2349,0.0,0.55,0.45,0.1,0.0,0.9,2.3265,1.19,2.161,0.9469238079900424,1.6710205078125
2520,0.0,0.6,0.4,0.0,0.0,1.0,2.308,1.19,2.2,0.9403060087283056,1.523681640625
2521,0.0,0.6,0.4,0.0,0.05,0.95,2.308,1.19,2.188,0.941134425167175,1.5548095703125
2522,0.0,0.6,0.4,0.0,0.1,0.9,2.308,1.19,2.176,0.9419687483186212,1.5863037109375
2523,0.0,0.6,0.4,0.0,0.15,0.85,2.308,1.19,2.164,0.9428090415820632,1.6177978515625
2524,0.0,0.6,0.4,0.0,0.2,0.8,2.308,1.19,2.152,0.943655369267505,1.6495361328125
2525,0.0,0.6,0.4,0.0,0.25,0.75,2.308,1.19,2.14,0.944507796611941,1.6815185546875
2540,0.0,0.6,0.4,0.05,0.0,0.95,2.308,1.19,2.1805,0.9416551809392728,1.6004638671875
2541,0.0,0.6,0.4,0.05,0.05,0.9,2.308,1.19,2.1685000000000003,0.9424932279236502,1.6319580078125
2542,0.0,0.6,0.4,0.05,0.1,0.85,2.308,1.19,2.1565000000000003,0.9433372851060337,1.66357421875
2543,0.0,0.6,0.4,0.05,0.15,0.8,2.308,1.19,2.1445000000000003,0.94418741737385,1.6954345703125
2559,0.0,0.6,0.4,0.1,0.0,0.9,2.308,1.19,2.161,0.9430200552440108,1.6776123046875
2730,0.0,0.65,0.35,0.0,0.0,1.0,2.2895,1.19,2.2,0.9364471664120956,1.531494140625
2731,0.0,0.65,0.35,0.0,0.05,0.95,2.2895,1.19,2.188,0.937261874707746,1.562255859375
2732,0.0,0.65,0.35,0.0,0.1,0.9,2.2895,1.19,2.176,0.9380823919752016,1.5931396484375
2733,0.0,0.65,0.35,0.0,0.15,0.85,2.2895,1.19,2.164,0.9389087805647852,1.6243896484375
2734,0.0,0.65,0.35,0.0,0.2,0.8,2.2895,1.19,2.152,0.9397411037223372,1.6556396484375
2735,0.0,0.65,0.35,0.0,0.25,0.75,2.2895,1.19,2.14,0.9405794256053488,1.6871337890625
2750,0.0,0.65,0.35,0.05,0.0,0.95,2.2895,1.19,2.1805,0.937774013322613,1.6075439453125
2751,0.0,0.65,0.35,0.05,0.05,0.9,2.2895,1.19,2.1685000000000003,0.9385981928032242,1.6385498046875
2752,0.0,0.65,0.35,0.05,0.1,0.85,2.2895,1.19,2.1565000000000003,0.9394282830286536,1.6697998046875
2769,0.0,0.65,0.35,0.1,0.0,0.9,2.2895,1.19,2.161,0.9391163024979796,1.6839599609375
2940,0.0,0.7,0.3,0.0,0.0,1.0,2.271,1.19,2.2,0.932588324095886,1.5391845703125
2941,0.0,0.7,0.3,0.0,0.05,0.95,2.271,1.19,2.188,0.9333893242483172,1.5697021484375
2942,0.0,0.7,0.3,0.0,0.1,0.9,2.271,1.19,2.176,0.9341960356317814,1.6002197265625
2943,0.0,0.7,0.3,0.0,0.15,0.85,2.271,1.19,2.164,0.935008519547507,1.630859375
2944,0.0,0.7,0.3,0.0,0.2,0.8,2.271,1.19,2.152,0.9358268381771692,1.661865234375
2945,0.0,0.7,0.3,0.0,0.25,0.75,2.271,1.19,2.14,0.936651054598757,1.69287109375
2960,0.0,0.7,0.3,0.05,0.0,0.95,2.271,1.19,2.1805,0.9338928457059534,1.6146240234375
2961,0.0,0.7,0.3,0.05,0.05,0.9,2.271,1.19,2.1685000000000003,0.934703157682798,1.645263671875
2962,0.0,0.7,0.3,0.05,0.1,0.85,2.271,1.19,2.1565000000000003,0.935519280951274,1.6761474609375
2979,0.0,0.7,0.3,0.1,0.0,0.9,2.271,1.19,2.161,0.9352125497519482,1.6905517578125
3150,0.0,0.75,0.25,0.0,0.0,1.0,2.2525,1.19,2.2,0.9287294817796764,1.5469970703125
3151,0.0,0.75,0.25,0.0,0.05,0.95,2.2525,1.19,2.188,0.9295167737888882,1.5770263671875
3152,0.0,0.75,0.25,0.0,0.1,0.9,2.2525,1.19,2.176,0.9303096792883616,1.6072998046875
3153,0.0,0.75,0.25,0.0,0.15,0.85,2.2525,1.19,2.164,0.9311082585302286,1.6375732421875
3154,0.0,0.75,0.25,0.0,0.2,0.8,2.2525,1.19,2.152,0.9319125726320014,1.6680908203125
3155,0.0,0.75,0.25,0.0,0.25,0.75,2.2525,1.19,2.14,0.9327226835921651,1.6988525390625
3170,0.0,0.75,0.25,0.05,0.0,0.95,2.2525,1.19,2.1805,0.930011678089294,1.6217041015625
3171,0.0,0.75,0.25,0.05,0.05,0.9,2.2525,1.19,2.1685000000000003,0.930808122562372,1.6519775390625
3172,0.0,0.75,0.25,0.05,0.1,0.85,2.2525,1.19,2.1565000000000003,0.9316102788738944,1.6824951171875
3189,0.0,0.75,0.25,0.1,0.0,0.9,2.2525,1.19,2.161,0.9313087970059168,1.697021484375
3360,0.0,0.8,0.2,0.0,0.0,1.0,2.234,1.19,2.2,0.9248706394634666,1.5548095703125
3361,0.0,0.8,0.2,0.0,0.05,0.95,2.234,1.19,2.188,0.9256442233294592,1.5843505859375
3362,0.0,0.8,0.2,0.0,0.1,0.9,2.234,1.19,2.176,0.926423322944942,1.6141357421875
3363,0.0,0.8,0.2,0.0,0.15,0.85,2.234,1.19,2.164,0.9272079975129504,1.6441650390625
3364,0.0,0.8,0.2,0.0,0.2,0.8,2.234,1.19,2.152,0.9279983070868334,1.6741943359375
3380,0.0,0.8,0.2,0.05,0.0,0.95,2.234,1.19,2.1805,0.9261305104726344,1.6287841796875
3381,0.0,0.8,0.2,0.05,0.05,0.9,2.234,1.19,2.1685000000000003,0.9269130874419458,1.6585693359375
3382,0.0,0.8,0.2,0.05,0.1,0.85,2.234,1.19,2.1565000000000003,0.9277012767965148,1.6885986328125
3570,0.0,0.85,0.15,0.0,0.0,1.0,2.2155,1.19,2.2,0.9210117971472568,1.5625
3571,0.0,0.85,0.15,0.0,0.05,0.95,2.2155,1.19,2.188,0.92177167287003,1.591796875
3572,0.0,0.85,0.15,0.0,0.1,0.9,2.2155,1.19,2.176,0.9225369666015222,1.6212158203125
3573,0.0,0.85,0.15,0.0,0.15,0.85,2.2155,1.19,2.164,0.9233077364956722,1.650634765625
3574,0.0,0.85,0.15,0.0,0.2,0.8,2.2155,1.19,2.152,0.9240840415416656,1.680419921875
3590,0.0,0.85,0.15,0.05,0.0,0.95,2.2155,1.19,2.1805,0.9222493428559748,1.6358642578125
3591,0.0,0.85,0.15,0.05,0.05,0.9,2.2155,1.19,2.1685000000000003,0.9230180523215198,1.6654052734375
3592,0.0,0.85,0.15,0.05,0.1,0.85,2.2155,1.19,2.1565000000000003,0.923792274719135,1.695068359375
3780,0.0,0.9,0.1,0.0,0.0,1.0,2.197,1.19,2.2,0.917152954831047,1.5703125
3781,0.0,0.9,0.1,0.0,0.05,0.95,2.197,1.19,2.188,0.9178991224106012,1.59912109375
3782,0.0,0.9,0.1,0.0,0.1,0.9,2.197,1.19,2.176,0.9186506102581022,1.628173828125
3783,0.0,0.9,0.1,0.0,0.15,0.85,2.197,1.19,2.164,0.919407475478394,1.6572265625
3784,0.0,0.9,0.1,0.0,0.2,0.8,2.197,1.19,2.152,0.9201697759964976,1.6864013671875
3800,0.0,0.9,0.1,0.05,0.0,0.95,2.197,1.19,2.1805,0.918368175239315,1.6431884765625
3801,0.0,0.9,0.1,0.05,0.05,0.9,2.197,1.19,2.1685000000000003,0.9191230172010938,1.672119140625
3990,0.0,0.95,0.05,0.0,0.0,1.0,2.1785,1.19,2.2,0.9132941125148372,1.578125
3991,0.0,0.95,0.05,0.0,0.05,0.95,2.1785,1.19,2.188,0.9140265719511722,1.6064453125
3992,0.0,0.95,0.05,0.0,0.1,0.9,2.1785,1.19,2.176,0.9147642539146824,1.635009765625
3993,0.0,0.95,0.05,0.0,0.15,0.85,2.1785,1.19,2.164,0.9155072144611158,1.6636962890625
3994,0.0,0.95,0.05,0.0,0.2,0.8,2.1785,1.19,2.152,0.9162555104513298,1.692626953125
4010,0.0,0.95,0.05,0.05,0.0,0.95,2.1785,1.19,2.1805,0.9144870076226556,1.6502685546875
4011,0.0,0.95,0.05,0.05,0.05,0.9,2.1785,1.19,2.1685000000000003,0.9152279820806676,1.6788330078125
4202,0.05,0.0,0.95,0.0,0.1,0.9,2.487,1.19,2.176,0.9795718718576564,1.511474609375
4203,0.05,0.0,0.95,0.0,0.15,0.85,2.487,1.19,2.164,0.980546702235728,1.546875
4204,0.05,0.0,0.95,0.0,0.2,0.8,2.487,1.19,2.152,0.9815285331910212,1.5826416015625
4205,0.05,0.0,0.95,0.0,0.25,0.75,2.487,1.19,2.14,0.982517440405452,1.6185302734375
4206,0.05,0.0,0.95,0.0,0.3,0.7,2.487,1.19,2.128,0.9835135006557916,1.654541015625
4207,0.05,0.0,0.95,0.0,0.35,0.65,2.487,1.19,2.116,0.9845167918335384,1.6907958984375
4220,0.05,0.0,0.95,0.05,0.0,0.95,2.487,1.19,2.1805,0.979208100041006,1.524169921875
4221,0.05,0.0,0.95,0.05,0.05,0.9,2.487,1.19,2.1685000000000003,0.9801803244942596,1.5594482421875
4222,0.05,0.0,0.95,0.05,0.1,0.85,2.487,1.19,2.1565000000000003,0.9811595214223016,1.5950927734375
4223,0.05,0.0,0.95,0.05,0.15,0.8,2.487,1.19,2.1445000000000003,0.9821457661015128,1.6309814453125
4224,0.05,0.0,0.95,0.05,0.2,0.75,2.487,1.19,2.1325000000000003,0.9831391348957882,1.6669921875
4239,0.05,0.0,0.95,0.1,0.0,0.9,2.487,1.19,2.161,0.9807915007326388,1.607666015625
4240,0.05,0.0,0.95,0.1,0.05,0.85,2.487,1.19,2.149,0.9817750936151044,1.643310546875
4241,0.05,0.0,0.95,0.1,0.1,0.8,2.487,1.19,2.1370000000000005,0.9827657818474888,1.67919921875
4257,0.05,0.0,0.95,0.15,0.0,0.85,2.487,1.19,2.1415,0.9823934374071543,1.691650390625
4412,0.05,0.05,0.9,0.0,0.1,0.9,2.4685,1.19,2.176,0.9756855155142364,1.5184326171875
4413,0.05,0.05,0.9,0.0,0.15,0.85,2.4685,1.19,2.164,0.97664644121845,1.553466796875
4414,0.05,0.05,0.9,0.0,0.2,0.8,2.4685,1.19,2.152,0.9776142676458536,1.5887451171875
4415,0.05,0.05,0.9,0.0,0.25,0.75,2.4685,1.19,2.14,0.97858906939886,1.6241455078125
4416,0.05,0.05,0.9,0.0,0.3,0.7,2.4685,1.19,2.128,0.9795709221591216,1.659912109375
4417,0.05,0.05,0.9,0.0,0.35,0.65,2.4685,1.19,2.116,0.9805599027071163,1.69580078125
4430,0.05,0.05,0.9,0.05,0.0,0.95,2.4685,1.19,2.1805,0.975326932424346,1.5313720703125
4431,0.05,0.05,0.9,0.05,0.05,0.9,2.4685,1.19,2.1685000000000003,0.9762852893738336,1.5662841796875
4432,0.05,0.05,0.9,0.05,0.1,0.85,2.4685,1.19,2.1565000000000003,0.977250519344922,1.6014404296875
4433,0.05,0.05,0.9,0.05,0.15,0.8,2.4685,1.19,2.1445000000000003,0.9782226965402738,1.6368408203125
4434,0.05,0.05,0.9,0.05,0.2,0.75,2.4685,1.19,2.1325000000000003,0.9792018962345536,1.6724853515625
4449,0.05,0.05,0.9,0.1,0.0,0.9,2.4685,1.19,2.161,0.9768877479866076,1.6141357421875
4450,0.05,0.05,0.9,0.1,0.05,0.85,2.4685,1.19,2.149,0.9778573112096084,1.6495361328125
4451,0.05,0.05,0.9,0.1,0.1,0.8,2.4685,1.19,2.1370000000000005,0.978833868576689,1.6851806640625
4467,0.05,0.05,0.9,0.15,0.0,0.85,2.4685,1.19,2.1415,0.978466835140322,1.6973876953125
4622,0.05,0.1,0.85,0.0,0.1,0.9,2.45,1.19,2.176,0.9717991591708164,1.5252685546875
4623,0.05,0.1,0.85,0.0,0.15,0.85,2.45,1.19,2.164,0.9727461802011717,1.56005859375
4624,0.05,0.1,0.85,0.0,0.2,0.8,2.45,1.19,2.152,0.9737000021006856,1.594970703125
4625,0.05,0.1,0.85,0.0,0.25,0.75,2.45,1.19,2.14,0.974660698392268,1.6300048828125
4626,0.05,0.1,0.85,0.0,0.3,0.7,2.45,1.19,2.128,0.9756283436624514,1.6651611328125
4640,0.05,0.1,0.85,0.05,0.0,0.95,2.45,1.19,2.1805,0.9714457648076866,1.538330078125
4641,0.05,0.1,0.85,0.05,0.05,0.9,2.45,1.19,2.1685000000000003,0.9723902542534076,1.572998046875
4642,0.05,0.1,0.85,0.05,0.1,0.85,2.45,1.19,2.1565000000000003,0.9733415172675424,1.607666015625
4643,0.05,0.1,0.85,0.05,0.15,0.8,2.45,1.19,2.1445000000000003,0.9742996269790348,1.6427001953125
4644,0.05,0.1,0.85,0.05,0.2,0.75,2.45,1.19,2.1325000000000003,0.9752646575733191,1.6778564453125
4659,0.05,0.1,0.85,0.1,0.0,0.9,2.45,1.19,2.161,0.972983995240576,1.62060546875
4660,0.05,0.1,0.85,0.1,0.05,0.85,2.45,1.19,2.149,0.9739395288041126,1.655517578125
4661,0.05,0.1,0.85,0.1,0.1,0.8,2.45,1.19,2.1370000000000005,0.9749019553058892,1.690673828125
4832,0.05,0.15,0.8,0.0,0.1,0.9,2.4315,1.19,2.176,0.9679128028273968,1.5323486328125
4833,0.05,0.15,0.8,0.0,0.15,0.85,2.4315,1.19,2.164,0.9688459191838936,1.5665283203125
4834,0.05,0.15,0.8,0.0,0.2,0.8,2.4315,1.19,2.152,0.9697857365555178,1.6009521484375
4835,0.05,0.15,0.8,0.0,0.25,0.75,2.4315,1.19,2.14,0.9707323273856762,1.6357421875
4836,0.05,0.15,0.8,0.0,0.3,0.7,2.4315,1.19,2.128,0.9716857651657814,1.6705322265625
4850,0.05,0.15,0.8,0.05,0.0,0.95,2.4315,1.19,2.1805,0.9675645971910272,1.5455322265625
4851,0.05,0.15,0.8,0.05,0.05,0.9,2.4315,1.19,2.1685000000000003,0.9684952191329816,1.57958984375
4852,0.05,0.15,0.8,0.05,0.1,0.85,2.4315,1.19,2.1565000000000003,0.9694325151901628,1.614013671875
4853,0.05,0.15,0.8,0.05,0.15,0.8,2.4315,1.19,2.1445000000000003,0.9703765574177962,1.648681640625
4854,0.05,0.15,0.8,0.05,0.2,0.75,2.4315,1.19,2.1325000000000003,0.971327418912085,1.6832275390625
4869,0.05,0.15,0.8,0.1,0.0,0.9,2.4315,1.19,2.161,0.9690802424945448,1.6270751953125
4870,0.05,0.15,0.8,0.1,0.05,0.85,2.4315,1.19,2.149,0.9700217463986168,1.6614990234375
4871,0.05,0.15,0.8,0.1,0.1,0.8,2.4315,1.19,2.1370000000000005,0.9709700420350892,1.6961669921875
5041,0.05,0.2,0.75,0.0,0.05,0.95,2.4130000000000003,1.19,2.188,0.9631137656125828,1.5054931640625
5042,0.05,0.2,0.75,0.0,0.1,0.9,2.4130000000000003,1.19,2.176,0.9640264464839772,1.5391845703125
5043,0.05,0.2,0.75,0.0,0.15,0.85,2.4130000000000003,1.19,2.164,0.9649456581666154,1.5731201171875
5044,0.05,0.2,0.75,0.0,0.2,0.8,2.4130000000000003,1.19,2.152,0.96587147101035,1.6072998046875
5045,0.05,0.2,0.75,0.0,0.25,0.75,2.4130000000000003,1.19,2.14,0.9668039563790845,1.641357421875
5046,0.05,0.2,0.75,0.0,0.3,0.7,2.4130000000000003,1.19,2.128,0.9677431866691116,1.6759033203125
5060,0.05,0.2,0.75,0.05,0.0,0.95,2.4130000000000003,1.19,2.1805,0.9636834295743676,1.5526123046875
5061,0.05,0.2,0.75,0.05,0.05,0.9,2.4130000000000003,1.19,2.1685000000000003,0.9646001840125552,1.5863037109375
5062,0.05,0.2,0.75,0.05,0.1,0.85,2.4130000000000003,1.19,2.1565000000000003,0.9655235131127832,1.6202392578125
5063,0.05,0.2,0.75,0.05,0.15,0.8,2.4130000000000003,1.19,2.1445000000000003,0.9664534878565574,1.6544189453125
5064,0.05,0.2,0.75,0.05,0.2,0.75,2.4130000000000003,1.19,2.1325000000000003,0.9673901802508508,1.68896484375
5079,0.05,0.2,0.75,0.1,0.0,0.9,2.4130000000000003,1.19,2.161,0.9651764897485132,1.6334228515625
5080,0.05,0.2,0.75,0.1,0.05,0.85,2.4130000000000003,1.19,2.149,0.9661039639931208,1.6676025390625
5251,0.05,0.25,0.7,0.0,0.05,0.95,2.3945,1.19,2.188,0.959241215153154,1.51318359375
5252,0.05,0.25,0.7,0.0,0.1,0.9,2.3945,1.19,2.176,0.960140090140557,1.54638671875
5253,0.05,0.25,0.7,0.0,0.15,0.85,2.3945,1.19,2.164,0.9610453971493372,1.5797119140625
5254,0.05,0.25,0.7,0.0,0.2,0.8,2.3945,1.19,2.152,0.961957205465182,1.6134033203125
5255,0.05,0.25,0.7,0.0,0.25,0.75,2.3945,1.19,2.14,0.9628755853724924,1.6473388671875
5256,0.05,0.25,0.7,0.0,0.3,0.7,2.3945,1.19,2.128,0.9638006081724416,1.6812744140625
5270,0.05,0.25,0.7,0.05,0.0,0.95,2.3945,1.19,2.1805,0.959802261957708,1.5595703125
5271,0.05,0.25,0.7,0.05,0.05,0.9,2.3945,1.19,2.1685000000000003,0.9607051488921294,1.593017578125
5272,0.05,0.25,0.7,0.05,0.1,0.85,2.3945,1.19,2.1565000000000003,0.9616145110354032,1.626708984375
5273,0.05,0.25,0.7,0.05,0.15,0.8,2.3945,1.19,2.1445000000000003,0.9625304182953182,1.660400390625
5274,0.05,0.25,0.7,0.05,0.2,0.75,2.3945,1.19,2.1325000000000003,0.9634529415896164,1.6943359375
5289,0.05,0.25,0.7,0.1,0.0,0.9,2.3945,1.19,2.161,0.961272737002482,1.6400146484375
5290,0.05,0.25,0.7,0.1,0.05,0.85,2.3945,1.19,2.149,0.9621861815876244,1.673583984375
5461,0.05,0.3,0.65,0.0,0.05,0.95,2.376,1.19,2.188,0.955368664693725,1.5203857421875
5462,0.05,0.3,0.65,0.0,0.1,0.9,2.376,1.19,2.176,0.9562537337971372,1.5533447265625
5463,0.05,0.3,0.65,0.0,0.15,0.85,2.376,1.19,2.164,0.9571451361320588,1.5863037109375
5464,0.05,0.3,0.65,0.0,0.2,0.8,2.376,1.19,2.152,0.958042939920014,1.6195068359375
5465,0.05,0.3,0.65,0.0,0.25,0.75,2.376,1.19,2.14,0.9589472143659004,1.6529541015625
5466,0.05,0.3,0.65,0.0,0.3,0.7,2.376,1.19,2.128,0.9598580296757714,1.6866455078125
5480,0.05,0.3,0.65,0.05,0.0,0.95,2.376,1.19,2.1805,0.9559210943410484,1.56689453125
5481,0.05,0.3,0.65,0.05,0.05,0.9,2.376,1.19,2.1685000000000003,0.9568101137717032,1.599609375
5482,0.05,0.3,0.65,0.05,0.1,0.85,2.376,1.19,2.1565000000000003,0.957705508958024,1.6329345703125
5483,0.05,0.3,0.65,0.05,0.15,0.8,2.376,1.19,2.1445000000000003,0.9586073487340796,1.6663818359375
5484,0.05,0.3,0.65,0.05,0.2,0.75,2.376,1.19,2.1325000000000003,0.9595157029283818,1.699951171875
5499,0.05,0.3,0.65,0.1,0.0,0.9,2.376,1.19,2.161,0.9573689842564506,1.6463623046875
5500,0.05,0.3,0.65,0.1,0.05,0.85,2.376,1.19,2.149,0.9582683991821286,1.6796875
5671,0.05,0.35,0.6,0.0,0.05,0.95,2.3575,1.19,2.188,0.951496114234296,1.52783203125
5672,0.05,0.35,0.6,0.0,0.1,0.9,2.3575,1.19,2.176,0.9523673774537176,1.5601806640625
5673,0.05,0.35,0.6,0.0,0.15,0.85,2.3575,1.19,2.164,0.9532448751147806,1.5928955078125
5674,0.05,0.35,0.6,0.0,0.2,0.8,2.3575,1.19,2.152,0.954128674374846,1.6256103515625
5675,0.05,0.35,0.6,0.0,0.25,0.75,2.3575,1.19,2.14,0.9550188433593086,1.65869140625
5676,0.05,0.35,0.6,0.0,0.3,0.7,2.3575,1.19,2.128,0.9559154511791016,1.69189453125
5690,0.05,0.35,0.6,0.05,0.0,0.95,2.3575,1.19,2.1805,0.9520399267243888,1.573974609375
5691,0.05,0.35,0.6,0.05,0.05,0.9,2.3575,1.19,2.1685000000000003,0.9529150786512768,1.6065673828125
5692,0.05,0.35,0.6,0.05,0.1,0.85,2.3575,1.19,2.1565000000000003,0.953796506880644,1.6392822265625
5693,0.05,0.35,0.6,0.05,0.15,0.8,2.3575,1.19,2.1445000000000003,0.9546842791728406,1.6722412109375
5709,0.05,0.35,0.6,0.1,0.0,0.9,2.3575,1.19,2.161,0.9534652315104192,1.6527099609375
5710,0.05,0.35,0.6,0.1,0.05,0.85,2.3575,1.19,2.149,0.9543506167766326,1.6856689453125
5880,0.05,0.4,0.55,0.0,0.0,1.0,2.339,1.19,2.2,0.9467721769338462,1.5032958984375
5881,0.05,0.4,0.55,0.0,0.05,0.95,2.339,1.19,2.188,0.9476235637748668,1.53515625
5882,0.05,0.4,0.55,0.0,0.1,0.9,2.339,1.19,2.176,0.9484810211102978,1.5672607421875
5883,0.05,0.4,0.55,0.0,0.15,0.85,2.339,1.19,2.164,0.9493446140975024,1.599365234375
5884,0.05,0.4,0.55,0.0,0.2,0.8,2.339,1.19,2.152,0.950214408829678,1.6318359375
5885,0.05,0.4,0.55,0.0,0.25,0.75,2.339,1.19,2.14,0.9510904723527164,1.6644287109375
5886,0.05,0.4,0.55,0.0,0.3,0.7,2.339,1.19,2.128,0.9519728726824316,1.6971435546875
5900,0.05,0.4,0.55,0.05,0.0,0.95,2.339,1.19,2.1805,0.9481587591077292,1.5811767578125
5901,0.05,0.4,0.55,0.05,0.05,0.9,2.339,1.19,2.1685000000000003,0.9490200435308508,1.61328125
5902,0.05,0.4,0.55,0.05,0.1,0.85,2.339,1.19,2.1565000000000003,0.9498875048032642,1.6455078125
5903,0.05,0.4,0.55,0.05,0.15,0.8,2.339,1.19,2.1445000000000003,0.9507612096116016,1.6781005859375
5919,0.05,0.4,0.55,0.1,0.0,0.9,2.339,1.19,2.161,0.949561478764388,1.6593017578125
5920,0.05,0.4,0.55,0.1,0.05,0.85,2.339,1.19,2.149,0.9504328343711366,1.691650390625
6090,0.05,0.45,0.5,0.0,0.0,1.0,2.3205,1.19,2.2,0.9429133346176366,1.510986328125
6091,0.05,0.45,0.5,0.0,0.05,0.95,2.3205,1.19,2.188,0.943751013315438,1.54248046875
6092,0.05,0.45,0.5,0.0,0.1,0.9,2.3205,1.19,2.176,0.9445946647668778,1.57421875
6093,0.05,0.45,0.5,0.0,0.15,0.85,2.3205,1.19,2.164,0.9454443530802245,1.60595703125
6094,0.05,0.45,0.5,0.0,0.2,0.8,2.3205,1.19,2.152,0.9463001432845104,1.637939453125
6095,0.05,0.45,0.5,0.0,0.25,0.75,2.3205,1.19,2.14,0.9471621013461246,1.670166015625
6110,0.05,0.45,0.5,0.05,0.0,0.95,2.3205,1.19,2.1805,0.9442775914910696,1.588134765625
6111,0.05,0.45,0.5,0.05,0.05,0.9,2.3205,1.19,2.1685000000000003,0.9451250084104248,1.6199951171875
6112,0.05,0.45,0.5,0.05,0.1,0.85,2.3205,1.19,2.1565000000000003,0.9459785027258848,1.65185546875
6113,0.05,0.45,0.5,0.05,0.15,0.8,2.3205,1.19,2.1445000000000003,0.9468381400503626,1.68408203125
6129,0.05,0.45,0.5,0.1,0.0,0.9,2.3205,1.19,2.161,0.9456577260183566,1.6658935546875
6130,0.05,0.45,0.5,0.1,0.05,0.85,2.3205,1.19,2.149,0.9465150519656408,1.6978759765625
6300,0.05,0.5,0.45,0.0,0.0,1.0,2.302,1.19,2.2,0.9390544923014268,1.518798828125
6301,0.05,0.5,0.45,0.0,0.05,0.95,2.302,1.19,2.188,0.9398784628560088,1.5498046875
6302,0.05,0.5,0.45,0.0,0.1,0.9,2.302,1.19,2.176,0.940708308423458,1.5810546875
6303,0.05,0.5,0.45,0.0,0.15,0.85,2.302,1.19,2.164,0.9415440920629458,1.612548828125
6304,0.05,0.5,0.45,0.0,0.2,0.8,2.302,1.19,2.152,0.9423858777393423,1.6441650390625
6305,0.05,0.5,0.45,0.0,0.25,0.75,2.302,1.19,2.14,0.9432337303395328,1.67578125
6320,0.05,0.5,0.45,0.05,0.0,0.95,2.302,1.19,2.1805,0.94039642387441,1.5953369140625
6321,0.05,0.5,0.45,0.05,0.05,0.9,2.302,1.19,2.1685000000000003,0.9412299732899984,1.6265869140625
6322,0.05,0.5,0.45,0.05,0.1,0.85,2.302,1.19,2.1565000000000003,0.9420695006485048,1.6580810546875
6323,0.05,0.5,0.45,0.05,0.15,0.8,2.302,1.19,2.1445000000000003,0.9429150704891238,1.6898193359375
6339,0.05,0.5,0.45,0.1,0.0,0.9,2.302,1.19,2.161,0.9417539732723248,1.6722412109375
6510,0.05,0.55,0.4,0.0,0.0,1.0,2.2835,1.19,2.2,0.935195649985217,1.526611328125
6511,0.05,0.55,0.4,0.0,0.05,0.95,2.2835,1.19,2.188,0.93600591239658,1.557373046875
6512,0.05,0.55,0.4,0.0,0.1,0.9,2.2835,1.19,2.176,0.9368219520800384,1.588134765625
6513,0.05,0.55,0.4,0.0,0.15,0.85,2.2835,1.19,2.164,0.9376438310456678,1.619140625
6514,0.05,0.55,0.4,0.0,0.2,0.8,2.2835,1.19,2.152,0.9384716121941746,1.650390625
6515,0.05,0.55,0.4,0.0,0.25,0.75,2.2835,1.19,2.14,0.9393053593329408,1.6817626953125
6530,0.05,0.55,0.4,0.05,0.0,0.95,2.2835,1.19,2.1805,0.9365152562577506,1.6024169921875
6531,0.05,0.55,0.4,0.05,0.05,0.9,2.2835,1.19,2.1685000000000003,0.9373349381695724,1.63330078125
6532,0.05,0.55,0.4,0.05,0.1,0.85,2.2835,1.19,2.1565000000000003,0.9381604985711254,1.6644287109375
6533,0.05,0.55,0.4,0.05,0.15,0.8,2.2835,1.19,2.1445000000000003,0.938992000927885,1.69580078125
6549,0.05,0.55,0.4,0.1,0.0,0.9,2.2835,1.19,2.161,0.9378502205262936,1.6787109375
6720,0.05,0.6,0.35,0.0,0.0,1.0,2.265,1.19,2.2,0.9313368076690072,1.534423828125
6721,0.05,0.6,0.35,0.0,0.05,0.95,2.265,1.19,2.188,0.9321333619371508,1.5645751953125
6722,0.05,0.6,0.35,0.0,0.1,0.9,2.265,1.19,2.176,0.9329355957366182,1.5950927734375
6723,0.05,0.6,0.35,0.0,0.15,0.85,2.265,1.19,2.164,0.9337435700283896,1.625732421875
6724,0.05,0.6,0.35,0.0,0.2,0.8,2.265,1.19,2.152,0.9345573466490066,1.6563720703125
6725,0.05,0.6,0.35,0.0,0.25,0.75,2.265,1.19,2.14,0.9353769883263487,1.6875
6740,0.05,0.6,0.35,0.05,0.0,0.95,2.265,1.19,2.1805,0.9326340886410908,1.6094970703125
6741,0.05,0.6,0.35,0.05,0.05,0.9,2.265,1.19,2.1685000000000003,0.9334399030491464,1.6400146484375
6742,0.05,0.6,0.35,0.05,0.1,0.85,2.265,1.19,2.1565000000000003,0.9342514964937456,1.6707763671875
6759,0.05,0.6,0.35,0.1,0.0,0.9,2.265,1.19,2.161,0.9339464677802624,1.6851806640625
6930,0.05,0.65,0.3,0.0,0.0,1.0,2.2465,1.19,2.2,0.9274779653527976,1.5421142578125
6931,0.05,0.65,0.3,0.0,0.05,0.95,2.2465,1.19,2.188,0.928260811477722,1.572021484375
6932,0.05,0.65,0.3,0.0,0.1,0.9,2.2465,1.19,2.176,0.9290492393931984,1.60205078125
6933,0.05,0.65,0.3,0.0,0.15,0.85,2.2465,1.19,2.164,0.9298433090111116,1.63232421875
6934,0.05,0.65,0.3,0.0,0.2,0.8,2.2465,1.19,2.152,0.9306430811038388,1.66259765625
6935,0.05,0.65,0.3,0.0,0.25,0.75,2.2465,1.19,2.14,0.9314486173197568,1.693115234375
6950,0.05,0.65,0.3,0.05,0.0,0.95,2.2465,1.19,2.1805,0.9287529210244312,1.6165771484375
6951,0.05,0.65,0.3,0.05,0.05,0.9,2.2465,1.19,2.1685000000000003,0.9295448679287204,1.6466064453125
6952,0.05,0.65,0.3,0.05,0.1,0.85,2.2465,1.19,2.1565000000000003,0.930342494416366,1.6768798828125
6969,0.05,0.65,0.3,0.1,0.0,0.9,2.2465,1.19,2.161,0.9300427150342312,1.6915283203125
7140,0.05,0.7,0.25,0.0,0.0,1.0,2.228,1.19,2.2,0.9236191230365876,1.5498046875
7141,0.05,0.7,0.25,0.0,0.05,0.95,2.228,1.19,2.188,0.924388261018293,1.5794677734375
7142,0.05,0.7,0.25,0.0,0.1,0.9,2.228,1.19,2.176,0.9251628830497788,1.6090087890625
7143,0.05,0.7,0.25,0.0,0.15,0.85,2.228,1.19,2.164,0.9259430479938332,1.6387939453125
7144,0.05,0.7,0.25,0.0,0.2,0.8,2.228,1.19,2.152,0.9267288155586708,1.6688232421875
7145,0.05,0.7,0.25,0.0,0.25,0.75,2.228,1.19,2.14,0.9275202463131652,1.6988525390625
7160,0.05,0.7,0.25,0.05,0.0,0.95,2.228,1.19,2.1805,0.9248717534077718,1.6239013671875
7161,0.05,0.7,0.25,0.05,0.05,0.9,2.228,1.19,2.1685000000000003,0.925649832808294,1.653564453125
7162,0.05,0.7,0.25,0.05,0.1,0.85,2.228,1.19,2.1565000000000003,0.9264334923389862,1.683349609375
7179,0.05,0.7,0.25,0.1,0.0,0.9,2.228,1.19,2.161,0.9261389622881994,1.697998046875
7350,0.05,0.75,0.2,0.0,0.0,1.0,2.2095,1.19,2.2,0.919760280720378,1.5576171875
7351,0.05,0.75,0.2,0.0,0.05,0.95,2.2095,1.19,2.188,0.920515710558864,1.586669921875
7352,0.05,0.75,0.2,0.0,0.1,0.9,2.2095,1.19,2.176,0.921276526706359,1.615966796875
7353,0.05,0.75,0.2,0.0,0.15,0.85,2.2095,1.19,2.164,0.922042786976555,1.6453857421875
7354,0.05,0.75,0.2,0.0,0.2,0.8,2.2095,1.19,2.152,0.922814550013503,1.6749267578125
7370,0.05,0.75,0.2,0.05,0.0,0.95,2.2095,1.19,2.1805,0.9209905857911124,1.6309814453125
7371,0.05,0.75,0.2,0.05,0.05,0.9,2.2095,1.19,2.1685000000000003,0.921754797687868,1.6602783203125
7372,0.05,0.75,0.2,0.05,0.1,0.85,2.2095,1.19,2.1565000000000003,0.9225244902616064,1.689697265625
7560,0.05,0.8,0.15,0.0,0.0,1.0,2.191,1.19,2.2,0.915901438404168,1.5654296875
7561,0.05,0.8,0.15,0.0,0.05,0.95,2.191,1.19,2.188,0.9166431600994348,1.5941162109375
7562,0.05,0.8,0.15,0.0,0.1,0.9,2.191,1.19,2.176,0.917390170362939,1.6229248046875
7563,0.05,0.8,0.15,0.0,0.15,0.85,2.191,1.19,2.164,0.9181425259592768,1.6519775390625
7564,0.05,0.8,0.15,0.0,0.2,0.8,2.191,1.19,2.152,0.918900284468335,1.68115234375
7580,0.05,0.8,0.15,0.05,0.0,0.95,2.191,1.19,2.1805,0.9171094181744524,1.6380615234375
7581,0.05,0.8,0.15,0.05,0.05,0.9,2.191,1.19,2.1685000000000003,0.917859762567442,1.6669921875
7582,0.05,0.8,0.15,0.05,0.1,0.85,2.191,1.19,2.1565000000000003,0.9186154881842268,1.696044921875
7770,0.05,0.85,0.1,0.0,0.0,1.0,2.1725,1.19,2.2,0.9120425960879583,1.5731201171875
7771,0.05,0.85,0.1,0.0,0.05,0.95,2.1725,1.19,2.188,0.912770609640006,1.6014404296875
7772,0.05,0.85,0.1,0.0,0.1,0.9,2.1725,1.19,2.176,0.9135038140195192,1.6298828125
7773,0.05,0.85,0.1,0.0,0.15,0.85,2.1725,1.19,2.164,0.9142422649419986,1.6583251953125
7774,0.05,0.85,0.1,0.0,0.2,0.8,2.1725,1.19,2.152,0.9149860189231672,1.6871337890625
7790,0.05,0.85,0.1,0.05,0.0,0.95,2.1725,1.19,2.1805,0.9132282505577928,1.6451416015625
7791,0.05,0.85,0.1,0.05,0.05,0.9,2.1725,1.19,2.1685000000000003,0.9139647274470158,1.673583984375
7980,0.05,0.9,0.05,0.0,0.0,1.0,2.1540000000000004,1.19,2.2,0.9081837537717488,1.580810546875
7981,0.05,0.9,0.05,0.0,0.05,0.95,2.1540000000000004,1.19,2.188,0.9088980591805772,1.6087646484375
7982,0.05,0.9,0.05,0.0,0.1,0.9,2.1540000000000004,1.19,2.176,0.9096174576760994,1.63671875
7983,0.05,0.9,0.05,0.0,0.15,0.85,2.1540000000000004,1.19,2.164,0.9103420039247204,1.6649169921875
7984,0.05,0.9,0.05,0.0,0.2,0.8,2.1540000000000004,1.19,2.152,0.9110717533779994,1.6932373046875
8000,0.05,0.9,0.05,0.05,0.0,0.95,2.1540000000000004,1.19,2.1805,0.9093470829411334,1.6522216796875
8001,0.05,0.9,0.05,0.05,0.05,0.9,2.1540000000000004,1.19,2.1685000000000003,0.91006969232659,1.68017578125
8192,0.1,0.0,0.9,0.0,0.1,0.9,2.4439999999999995,1.19,2.176,0.9705387192756532,1.5203857421875
8193,0.1,0.0,0.9,0.0,0.15,0.85,2.4439999999999995,1.19,2.164,0.9714812306820544,1.5550537109375
8194,0.1,0.0,0.9,0.0,0.2,0.8,2.4439999999999995,1.19,2.152,0.972430510572523,1.5894775390625
8195,0.1,0.0,0.9,0.0,0.25,0.75,2.4439999999999995,1.19,2.14,0.9733866321198598,1.62451171875
8196,0.1,0.0,0.9,0.0,0.3,0.7,2.4439999999999995,1.19,2.128,0.9743496695554232,1.6597900390625
8197,0.1,0.0,0.9,0.0,0.35,0.65,2.4439999999999995,1.19,2.116,0.9753196981883412,1.6949462890625
8210,0.1,0.0,0.9,0.05,0.0,0.95,2.4439999999999995,1.19,2.1805,0.970187007742824,1.5333251953125
8211,0.1,0.0,0.9,0.05,0.05,0.9,2.4439999999999995,1.19,2.1685000000000003,0.9711269996197558,1.5677490234375
8212,0.1,0.0,0.9,0.05,0.1,0.85,2.4439999999999995,1.19,2.1565000000000003,0.972073732810014,1.602294921875
8213,0.1,0.0,0.9,0.05,0.15,0.8,2.4439999999999995,1.19,2.1445000000000003,0.9730272800943088,1.6373291015625
8214,0.1,0.0,0.9,0.05,0.2,0.75,2.4439999999999995,1.19,2.1325000000000003,0.9739877153048108,1.67236328125
8229,0.1,0.0,0.9,0.1,0.0,0.9,2.4439999999999995,1.19,2.161,0.97171791326889,1.6153564453125
8230,0.1,0.0,0.9,0.1,0.05,0.85,2.4439999999999995,1.19,2.149,0.9726688966726004,1.650146484375
8231,0.1,0.0,0.9,0.1,0.1,0.8,2.4439999999999995,1.19,2.1370000000000005,0.973626740191035,1.6851806640625
8247,0.1,0.0,0.9,0.15,0.0,0.85,2.4439999999999995,1.19,2.1415,0.9732667402464096,1.6978759765625
8402,0.1,0.05,0.85,0.0,0.1,0.9,2.4254999999999995,1.19,2.176,0.9666523629322336,1.5272216796875
8403,0.1,0.05,0.85,0.0,0.15,0.85,2.4254999999999995,1.19,2.164,0.967580969664776,1.5614013671875
8404,0.1,0.05,0.85,0.0,0.2,0.8,2.4254999999999995,1.19,2.152,0.9685162450273552,1.5958251953125
8405,0.1,0.05,0.85,0.0,0.25,0.75,2.4254999999999995,1.19,2.14,0.969458261113268,1.6302490234375
8406,0.1,0.05,0.85,0.0,0.3,0.7,2.4254999999999995,1.19,2.128,0.9704070910587532,1.6649169921875
8407,0.1,0.05,0.85,0.0,0.35,0.65,2.4254999999999995,1.19,2.116,0.9713628090619192,1.699951171875
8420,0.1,0.05,0.85,0.05,0.0,0.95,2.4254999999999995,1.19,2.1805,0.9663058401261644,1.5404052734375
8421,0.1,0.05,0.85,0.05,0.05,0.9,2.4254999999999995,1.19,2.1685000000000003,0.9672319644993296,1.574462890625
8422,0.1,0.05,0.85,0.05,0.1,0.85,2.4254999999999995,1.19,2.1565000000000003,0.9681647307326342,1.608642578125
8423,0.1,0.05,0.85,0.05,0.15,0.8,2.4254999999999995,1.19,2.1445000000000003,0.96910421053307,1.6431884765625
8424,0.1,0.05,0.85,0.05,0.2,0.75,2.4254999999999995,1.19,2.1325000000000003,0.9700504766435766,1.677734375
8439,0.1,0.05,0.85,0.1,0.0,0.9,2.4254999999999995,1.19,2.161,0.9678141605228586,1.621826171875
8440,0.1,0.05,0.85,0.1,0.05,0.85,2.4254999999999995,1.19,2.149,0.9687511142671044,1.6561279296875
8441,0.1,0.05,0.85,0.1,0.1,0.8,2.4254999999999995,1.19,2.1370000000000005,0.9696948269202352,1.690673828125
8611,0.1,0.1,0.8,0.0,0.05,0.95,2.407,1.19,2.188,0.9618578033014168,1.500732421875
8612,0.1,0.1,0.8,0.0,0.1,0.9,2.407,1.19,2.176,0.9627660065888138,1.5341796875
8613,0.1,0.1,0.8,0.0,0.15,0.85,2.407,1.19,2.164,0.963680708647498,1.56787109375
8614,0.1,0.1,0.8,0.0,0.2,0.8,2.407,1.19,2.152,0.9646019794821872,1.6019287109375
8615,0.1,0.1,0.8,0.0,0.25,0.75,2.407,1.19,2.14,0.965529890106676,1.6361083984375
8616,0.1,0.1,0.8,0.0,0.3,0.7,2.407,1.19,2.128,0.9664645125620834,1.670166015625
8630,0.1,0.1,0.8,0.05,0.0,0.95,2.407,1.19,2.1805,0.962424672509505,1.5474853515625
8631,0.1,0.1,0.8,0.05,0.05,0.9,2.407,1.19,2.1685000000000003,0.9633369293789036,1.5811767578125
8632,0.1,0.1,0.8,0.05,0.1,0.85,2.407,1.19,2.1565000000000003,0.9642557286552546,1.6151123046875
8633,0.1,0.1,0.8,0.05,0.15,0.8,2.407,1.19,2.1445000000000003,0.9651811409718312,1.6490478515625
8634,0.1,0.1,0.8,0.05,0.2,0.75,2.407,1.19,2.1325000000000003,0.9661132379823424,1.6832275390625
8649,0.1,0.1,0.8,0.1,0.0,0.9,2.407,1.19,2.161,0.9639104077768272,1.6282958984375
8650,0.1,0.1,0.8,0.1,0.05,0.85,2.407,1.19,2.149,0.9648333318616084,1.6619873046875
8651,0.1,0.1,0.8,0.1,0.1,0.8,2.407,1.19,2.1370000000000005,0.9657629136494356,1.6962890625
8821,0.1,0.15,0.75,0.0,0.05,0.95,2.3885,1.19,2.188,0.9579852528419875,1.5079345703125
8822,0.1,0.15,0.75,0.0,0.1,0.9,2.3885,1.19,2.176,0.958879650245394,1.5411376953125
8823,0.1,0.15,0.75,0.0,0.15,0.85,2.3885,1.19,2.164,0.95978044763022,1.574462890625
8824,0.1,0.15,0.75,0.0,0.2,0.8,2.3885,1.19,2.152,0.9606877139370192,1.60791015625
8825,0.1,0.15,0.75,0.0,0.25,0.75,2.3885,1.19,2.14,0.9616015191000842,1.6417236328125
8826,0.1,0.15,0.75,0.0,0.3,0.7,2.3885,1.19,2.128,0.9625219340654134,1.675537109375
8840,0.1,0.15,0.75,0.05,0.0,0.95,2.3885,1.19,2.1805,0.9585435048928456,1.5548095703125
8841,0.1,0.15,0.75,0.05,0.05,0.9,2.3885,1.19,2.1685000000000003,0.9594418942584776,1.5877685546875
8842,0.1,0.15,0.75,0.05,0.1,0.85,2.3885,1.19,2.1565000000000003,0.9603467265778748,1.621337890625
8843,0.1,0.15,0.75,0.05,0.15,0.8,2.3885,1.19,2.1445000000000003,0.9612580714105924,1.655029296875
8844,0.1,0.15,0.75,0.05,0.2,0.75,2.3885,1.19,2.1325000000000003,0.962175999321108,1.6888427734375
8859,0.1,0.15,0.75,0.1,0.0,0.9,2.3885,1.19,2.161,0.960006655030796,1.6346435546875
8860,0.1,0.15,0.75,0.1,0.05,0.85,2.3885,1.19,2.149,0.9609155494561122,1.6680908203125
9031,0.1,0.2,0.7,0.0,0.05,0.95,2.37,1.19,2.188,0.9541127023825589,1.515380859375
9032,0.1,0.2,0.7,0.0,0.1,0.9,2.37,1.19,2.176,0.954993293901974,1.548095703125
9033,0.1,0.2,0.7,0.0,0.15,0.85,2.37,1.19,2.164,0.9558801866129416,1.5810546875
9034,0.1,0.2,0.7,0.0,0.2,0.8,2.37,1.19,2.152,0.9567734483918516,1.6142578125
9035,0.1,0.2,0.7,0.0,0.25,0.75,2.37,1.19,2.14,0.9576731480934922,1.6473388671875
9036,0.1,0.2,0.7,0.0,0.3,0.7,2.37,1.19,2.128,0.9585793555687432,1.680908203125
9050,0.1,0.2,0.7,0.05,0.0,0.95,2.37,1.19,2.1805,0.9546623372761858,1.561767578125
9051,0.1,0.2,0.7,0.05,0.05,0.9,2.37,1.19,2.1685000000000003,0.9555468591380514,1.5946044921875
9052,0.1,0.2,0.7,0.05,0.1,0.85,2.37,1.19,2.1565000000000003,0.9564377245004952,1.6275634765625
9053,0.1,0.2,0.7,0.05,0.15,0.8,2.37,1.19,2.1445000000000003,0.9573350018493532,1.6607666015625
9054,0.1,0.2,0.7,0.05,0.2,0.75,2.37,1.19,2.1325000000000003,0.9582387606598732,1.6943359375
9069,0.1,0.2,0.7,0.1,0.0,0.9,2.37,1.19,2.161,0.9561029022847648,1.6409912109375
9070,0.1,0.2,0.7,0.1,0.05,0.85,2.37,1.19,2.149,0.9569977670506165,1.6741943359375
9241,0.1,0.25,0.65,0.0,0.05,0.95,2.3515,1.19,2.188,0.9502401519231296,1.5228271484375
9242,0.1,0.25,0.65,0.0,0.1,0.9,2.3515,1.19,2.176,0.9511069375585542,1.5550537109375
9243,0.1,0.25,0.65,0.0,0.15,0.85,2.3515,1.19,2.164,0.9519799255956632,1.5875244140625
9244,0.1,0.25,0.65,0.0,0.2,0.8,2.3515,1.19,2.152,0.9528591828466836,1.6202392578125
9245,0.1,0.25,0.65,0.0,0.25,0.75,2.3515,1.19,2.14,0.9537447770869004,1.653076171875
9246,0.1,0.25,0.65,0.0,0.3,0.7,2.3515,1.19,2.128,0.9546367770720732,1.6861572265625
9260,0.1,0.25,0.65,0.05,0.0,0.95,2.3515,1.19,2.1805,0.9507811696595264,1.5689697265625
9261,0.1,0.25,0.65,0.05,0.05,0.9,2.3515,1.19,2.1685000000000003,0.9516518240176252,1.6011962890625
9262,0.1,0.25,0.65,0.05,0.1,0.85,2.3515,1.19,2.1565000000000003,0.9525287224231154,1.6339111328125
9263,0.1,0.25,0.65,0.05,0.15,0.8,2.3515,1.19,2.1445000000000003,0.9534119322881144,1.666748046875
9264,0.1,0.25,0.65,0.05,0.2,0.75,2.3515,1.19,2.1325000000000003,0.9543015219986392,1.69970703125
9279,0.1,0.25,0.65,0.1,0.0,0.9,2.3515,1.19,2.161,0.9521991495387332,1.6474609375
9280,0.1,0.25,0.65,0.1,0.05,0.85,2.3515,1.19,2.149,0.9530799846451204,1.6802978515625
9451,0.1,0.3,0.6,0.0,0.05,0.95,2.333,1.19,2.188,0.9463676014637006,1.530029296875
9452,0.1,0.3,0.6,0.0,0.1,0.9,2.333,1.19,2.176,0.9472205812151344,1.56201171875
9453,0.1,0.3,0.6,0.0,0.15,0.85,2.333,1.19,2.164,0.9480796645783852,1.5941162109375
9454,0.1,0.3,0.6,0.0,0.2,0.8,2.333,1.19,2.152,0.9489449173015156,1.6263427734375
9455,0.1,0.3,0.6,0.0,0.25,0.75,2.333,1.19,2.14,0.9498164060803084,1.6588134765625
9456,0.1,0.3,0.6,0.0,0.3,0.7,2.333,1.19,2.128,0.9506941985754034,1.6915283203125
9470,0.1,0.3,0.6,0.05,0.0,0.95,2.333,1.19,2.1805,0.9469000020428668,1.575927734375
9471,0.1,0.3,0.6,0.05,0.05,0.9,2.333,1.19,2.1685000000000003,0.9477567888971992,1.6080322265625
9472,0.1,0.3,0.6,0.05,0.1,0.85,2.333,1.19,2.1565000000000003,0.9486197203457356,1.64013671875
9473,0.1,0.3,0.6,0.05,0.15,0.8,2.333,1.19,2.1445000000000003,0.9494888627268754,1.672607421875
9489,0.1,0.3,0.6,0.1,0.0,0.9,2.333,1.19,2.161,0.948295396792702,1.654052734375
9490,0.1,0.3,0.6,0.1,0.05,0.85,2.333,1.19,2.149,0.9491622022396244,1.6864013671875
9660,0.1,0.35,0.55,0.0,0.0,1.0,2.3145,1.19,2.2,0.9416618181907576,1.506103515625
9661,0.1,0.35,0.55,0.0,0.05,0.95,2.3145,1.19,2.188,0.9424950510042716,1.53759765625
9662,0.1,0.35,0.55,0.0,0.1,0.9,2.3145,1.19,2.176,0.9433342248717146,1.5689697265625
9663,0.1,0.35,0.55,0.0,0.15,0.85,2.3145,1.19,2.164,0.944179403561107,1.6007080078125
9664,0.1,0.35,0.55,0.0,0.2,0.8,2.3145,1.19,2.152,0.9450306517563476,1.6326904296875
9665,0.1,0.35,0.55,0.0,0.25,0.75,2.3145,1.19,2.14,0.9458880350737164,1.6646728515625
9666,0.1,0.35,0.55,0.0,0.3,0.7,2.3145,1.19,2.128,0.9467516200787334,1.69677734375
9680,0.1,0.35,0.55,0.05,0.0,0.95,2.3145,1.19,2.1805,0.9430188344262068,1.5831298828125
9681,0.1,0.35,0.55,0.05,0.05,0.9,2.3145,1.19,2.1685000000000003,0.9438617537767732,1.61474609375
9682,0.1,0.35,0.55,0.05,0.1,0.85,2.3145,1.19,2.1565000000000003,0.944710718268356,1.646484375
9683,0.1,0.35,0.55,0.05,0.15,0.8,2.3145,1.19,2.1445000000000003,0.9455657931656364,1.6785888671875
9699,0.1,0.35,0.55,0.1,0.0,0.9,2.3145,1.19,2.161,0.9443916440466708,1.6605224609375
9700,0.1,0.35,0.55,0.1,0.05,0.85,2.3145,1.19,2.149,0.9452444198341284,1.6923828125
9870,0.1,0.4,0.5,0.0,0.0,1.0,2.2960000000000003,1.19,2.2,0.937802975874548,1.513916015625
9871,0.1,0.4,0.5,0.0,0.05,0.95,2.2960000000000003,1.19,2.188,0.938622500544843,1.544921875
9872,0.1,0.4,0.5,0.0,0.1,0.9,2.2960000000000003,1.19,2.176,0.9394478685282948,1.5760498046875
9873,0.1,0.4,0.5,0.0,0.15,0.85,2.2960000000000003,1.19,2.164,0.9402791425438288,1.6072998046875
9874,0.1,0.4,0.5,0.0,0.2,0.8,2.2960000000000003,1.19,2.152,0.94111638621118,1.6387939453125
9875,0.1,0.4,0.5,0.0,0.25,0.75,2.2960000000000003,1.19,2.14,0.9419596640671244,1.67041015625
9890,0.1,0.4,0.5,0.05,0.0,0.95,2.2960000000000003,1.19,2.1805,0.9391376668095476,1.5902099609375
9891,0.1,0.4,0.5,0.05,0.05,0.9,2.2960000000000003,1.19,2.1685000000000003,0.9399667186563472,1.621337890625
9892,0.1,0.4,0.5,0.05,0.1,0.85,2.2960000000000003,1.19,2.1565000000000003,0.9408017161909764,1.6527099609375
9893,0.1,0.4,0.5,0.05,0.15,0.8,2.2960000000000003,1.19,2.1445000000000003,0.9416427236043976,1.684326171875
9909,0.1,0.4,0.5,0.1,0.0,0.9,2.2960000000000003,1.19,2.161,0.9404878913006396,1.6668701171875
9910,0.1,0.4,0.5,0.1,0.05,0.85,2.2960000000000003,1.19,2.149,0.9413266374286324,1.6983642578125
10080,0.1,0.45,0.45,0.0,0.0,1.0,2.2775,1.19,2.2,0.933944133558338,1.521728515625
10081,0.1,0.45,0.45,0.0,0.05,0.95,2.2775,1.19,2.188,0.9347499500854136,1.55224609375
10082,0.1,0.45,0.45,0.0,0.1,0.9,2.2775,1.19,2.176,0.935561512184875,1.5830078125
10083,0.1,0.45,0.45,0.0,0.15,0.85,2.2775,1.19,2.164,0.9363788815265504,1.6138916015625
10084,0.1,0.45,0.45,0.0,0.2,0.8,2.2775,1.19,2.152,0.937202120666012,1.6448974609375
10085,0.1,0.45,0.45,0.0,0.25,0.75,2.2775,1.19,2.14,0.9380312930605326,1.6761474609375
10100,0.1,0.45,0.45,0.05,0.0,0.95,2.2775,1.19,2.1805,0.935256499192888,1.5972900390625
10101,0.1,0.45,0.45,0.05,0.05,0.9,2.2775,1.19,2.1685000000000003,0.9360716835359206,1.6280517578125
10102,0.1,0.45,0.45,0.05,0.1,0.85,2.2775,1.19,2.1565000000000003,0.9368927141135968,1.6590576171875
10103,0.1,0.45,0.45,0.05,0.15,0.8,2.2775,1.19,2.1445000000000003,0.9377196540431588,1.6903076171875
10119,0.1,0.45,0.45,0.1,0.0,0.9,2.2775,1.19,2.161,0.9365841385546078,1.67333984375
10290,0.1,0.5,0.4,0.0,0.0,1.0,2.2590000000000003,1.19,2.2,0.9300852912421284,1.5294189453125
10291,0.1,0.5,0.4,0.0,0.05,0.95,2.2590000000000003,1.19,2.188,0.9308773996259848,1.5595703125
10292,0.1,0.5,0.4,0.0,0.1,0.9,2.2590000000000003,1.19,2.176,0.9316751558414552,1.58984375
10293,0.1,0.5,0.4,0.0,0.15,0.85,2.2590000000000003,1.19,2.164,0.9324786205092724,1.6204833984375
10294,0.1,0.5,0.4,0.0,0.2,0.8,2.2590000000000003,1.19,2.152,0.933287855120844,1.6510009765625
10295,0.1,0.5,0.4,0.0,0.25,0.75,2.2590000000000003,1.19,2.14,0.9341029220539409,1.6817626953125
10310,0.1,0.5,0.4,0.05,0.0,0.95,2.2590000000000003,1.19,2.1805,0.9313753315762284,1.6044921875
10311,0.1,0.5,0.4,0.05,0.05,0.9,2.2590000000000003,1.19,2.1685000000000003,0.9321766484154946,1.6348876953125
10312,0.1,0.5,0.4,0.05,0.1,0.85,2.2590000000000003,1.19,2.1565000000000003,0.9329837120362172,1.6654052734375
10313,0.1,0.5,0.4,0.05,0.15,0.8,2.2590000000000003,1.19,2.1445000000000003,0.93379658448192,1.6961669921875
10329,0.1,0.5,0.4,0.1,0.0,0.9,2.2590000000000003,1.19,2.161,0.9326803858085764,1.6798095703125
10500,0.1,0.55,0.35,0.0,0.0,1.0,2.2405,1.19,2.2,0.9262264489259184,1.537109375
10501,0.1,0.55,0.35,0.0,0.05,0.95,2.2405,1.19,2.188,0.9270048491665558,1.5670166015625
10502,0.1,0.55,0.35,0.0,0.1,0.9,2.2405,1.19,2.176,0.9277887994980352,1.5968017578125
10503,0.1,0.55,0.35,0.0,0.15,0.85,2.2405,1.19,2.164,0.9285783594919944,1.6268310546875
10504,0.1,0.55,0.35,0.0,0.2,0.8,2.2405,1.19,2.152,0.9293735895756762,1.6572265625
10505,0.1,0.55,0.35,0.0,0.25,0.75,2.2405,1.19,2.14,0.9301745510473488,1.6876220703125
10520,0.1,0.55,0.35,0.05,0.0,0.95,2.2405,1.19,2.1805,0.9274941639595689,1.611572265625
10521,0.1,0.55,0.35,0.05,0.05,0.9,2.2405,1.19,2.1685000000000003,0.9282816132950686,1.6414794921875
10522,0.1,0.55,0.35,0.05,0.1,0.85,2.2405,1.19,2.1565000000000003,0.9290747099588372,1.6717529296875
10539,0.1,0.55,0.35,0.1,0.0,0.9,2.2405,1.19,2.161,0.9287766330625452,1.6864013671875
10710,0.1,0.6,0.3,0.0,0.0,1.0,2.222,1.19,2.2,0.922367606609709,1.544921875
10711,0.1,0.6,0.3,0.0,0.05,0.95,2.222,1.19,2.188,0.923132298707127,1.57421875
10712,0.1,0.6,0.3,0.0,0.1,0.9,2.222,1.19,2.176,0.9239024431546154,1.6038818359375
10713,0.1,0.6,0.3,0.0,0.15,0.85,2.222,1.19,2.164,0.924678098474716,1.6334228515625
10714,0.1,0.6,0.3,0.0,0.2,0.8,2.222,1.19,2.152,0.9254593240305083,1.663330078125
10715,0.1,0.6,0.3,0.0,0.25,0.75,2.222,1.19,2.14,0.9262461800407568,1.693359375
10730,0.1,0.6,0.3,0.05,0.0,0.95,2.222,1.19,2.1805,0.9236129963429092,1.6187744140625
10731,0.1,0.6,0.3,0.05,0.05,0.9,2.222,1.19,2.1685000000000003,0.9243865781746424,1.6483154296875
10732,0.1,0.6,0.3,0.05,0.1,0.85,2.222,1.19,2.1565000000000003,0.9251657078814576,1.677978515625
10749,0.1,0.6,0.3,0.1,0.0,0.9,2.222,1.19,2.161,0.9248728803165138,1.6927490234375
10920,0.1,0.65,0.25,0.0,0.0,1.0,2.2035,1.19,2.2,0.9185087642934991,1.552734375
10921,0.1,0.65,0.25,0.0,0.05,0.95,2.2035,1.19,2.188,0.9192597482476978,1.5816650390625
10922,0.1,0.65,0.25,0.0,0.1,0.9,2.2035,1.19,2.176,0.9200160868111956,1.6107177734375
10923,0.1,0.65,0.25,0.0,0.15,0.85,2.2035,1.19,2.164,0.9207778374574376,1.6400146484375
10924,0.1,0.65,0.25,0.0,0.2,0.8,2.2035,1.19,2.152,0.9215450584853404,1.6695556640625
10925,0.1,0.65,0.25,0.0,0.25,0.75,2.2035,1.19,2.14,0.9223178090341648,1.6990966796875
10940,0.1,0.65,0.25,0.05,0.0,0.95,2.2035,1.19,2.1805,0.9197318287262496,1.625732421875
10941,0.1,0.65,0.25,0.05,0.05,0.9,2.2035,1.19,2.1685000000000003,0.9204915430542164,1.655029296875
10942,0.1,0.65,0.25,0.05,0.1,0.85,2.2035,1.19,2.1565000000000003,0.921256705804078,1.684326171875
10959,0.1,0.65,0.25,0.1,0.0,0.9,2.2035,1.19,2.161,0.9209691275704822,1.6993408203125
11130,0.1,0.7,0.2,0.0,0.0,1.0,2.185,1.19,2.2,0.9146499219772892,1.5604248046875
11131,0.1,0.7,0.2,0.0,0.05,0.95,2.185,1.19,2.188,0.9153871977882688,1.5889892578125
11132,0.1,0.7,0.2,0.0,0.1,0.9,2.185,1.19,2.176,0.916129730467776,1.61767578125
11133,0.1,0.7,0.2,0.0,0.15,0.85,2.185,1.19,2.164,0.9168775764401595,1.646484375
11134,0.1,0.7,0.2,0.0,0.2,0.8,2.185,1.19,2.152,0.9176307929401724,1.6756591796875
11150,0.1,0.7,0.2,0.05,0.0,0.95,2.185,1.19,2.1805,0.91585066110959,1.6329345703125
11151,0.1,0.7,0.2,0.05,0.05,0.9,2.185,1.19,2.1685000000000003,0.9165965079337902,1.66162109375
11152,0.1,0.7,0.2,0.05,0.1,0.85,2.185,1.19,2.1565000000000003,0.9173477037266984,1.690673828125
11340,0.1,0.75,0.15,0.0,0.0,1.0,2.1665,1.19,2.2,0.9107910796610796,1.5682373046875
11341,0.1,0.75,0.15,0.0,0.05,0.95,2.1665,1.19,2.188,0.9115146473288398,1.596435546875
11342,0.1,0.75,0.15,0.0,0.1,0.9,2.1665,1.19,2.176,0.912243374124356,1.6248779296875
11343,0.1,0.75,0.15,0.0,0.15,0.85,2.1665,1.19,2.164,0.9129773154228814,1.6531982421875
11344,0.1,0.75,0.15,0.0,0.2,0.8,2.1665,1.19,2.152,0.9137165273950044,1.681884765625
11360,0.1,0.75,0.15,0.05,0.0,0.95,2.1665,1.19,2.1805,0.9119694934929304,1.6400146484375
11361,0.1,0.75,0.15,0.05,0.05,0.9,2.1665,1.19,2.1685000000000003,0.9127014728133642,1.6683349609375
11362,0.1,0.75,0.15,0.05,0.1,0.85,2.1665,1.19,2.1565000000000003,0.9134387016493186,1.6968994140625
11550,0.1,0.8,0.1,0.0,0.0,1.0,2.148,1.19,2.2,0.90693223734487,1.5760498046875
11551,0.1,0.8,0.1,0.0,0.05,0.95,2.148,1.19,2.188,0.907642096869411,1.603759765625
11552,0.1,0.8,0.1,0.0,0.1,0.9,2.148,1.19,2.176,0.908357017780936,1.6317138671875
11553,0.1,0.8,0.1,0.0,0.15,0.85,2.148,1.19,2.164,0.9090770544056032,1.6597900390625
11554,0.1,0.8,0.1,0.0,0.2,0.8,2.148,1.19,2.152,0.9098022618498368,1.6881103515625
11570,0.1,0.8,0.1,0.05,0.0,0.95,2.148,1.19,2.1805,0.9080883258762708,1.6470947265625
11571,0.1,0.8,0.1,0.05,0.05,0.9,2.148,1.19,2.1685000000000003,0.908806437692938,1.6751708984375
11760,0.1,0.85,0.05,0.0,0.0,1.0,2.1295,1.19,2.2,0.90307339502866,1.583740234375
11761,0.1,0.85,0.05,0.0,0.05,0.95,2.1295,1.19,2.188,0.903769546409982,1.6112060546875
11762,0.1,0.85,0.05,0.0,0.1,0.9,2.1295,1.19,2.176,0.9044706614375164,1.638671875
11763,0.1,0.85,0.05,0.0,0.15,0.85,2.1295,1.19,2.164,0.9051767933883248,1.666259765625
11764,0.1,0.85,0.05,0.0,0.2,0.8,2.1295,1.19,2.152,0.9058879963046688,1.694091796875
11780,0.1,0.85,0.05,0.05,0.0,0.95,2.1295,1.19,2.1805,0.9042071582596112,1.6541748046875
11781,0.1,0.85,0.05,0.05,0.05,0.9,2.1295,1.19,2.1685000000000003,0.9049114025725118,1.6817626953125
11972,0.15,0.0,0.85,0.0,0.1,0.9,2.401,1.19,2.176,0.9615055666936506,1.529052734375
11973,0.15,0.0,0.85,0.0,0.15,0.85,2.401,1.19,2.164,0.9624157591283808,1.562744140625
11974,0.15,0.0,0.85,0.0,0.2,0.8,2.401,1.19,2.152,0.9633324879540248,1.596435546875
11975,0.15,0.0,0.85,0.0,0.25,0.75,2.401,1.19,2.14,0.964255823834268,1.63037109375
11976,0.15,0.0,0.85,0.0,0.3,0.7,2.401,1.19,2.128,0.9651858384550552,1.6646728515625
11977,0.15,0.0,0.85,0.0,0.35,0.65,2.401,1.19,2.116,0.966122604543144,1.698974609375
11990,0.15,0.0,0.85,0.05,0.0,0.95,2.401,1.19,2.1805,0.9611659154446424,1.54248046875
11991,0.15,0.0,0.85,0.05,0.05,0.9,2.401,1.19,2.1685000000000003,0.9620736747452516,1.575927734375
11992,0.15,0.0,0.85,0.05,0.1,0.85,2.401,1.19,2.1565000000000003,0.962987944197726,1.609619140625
11993,0.15,0.0,0.85,0.05,0.15,0.8,2.401,1.19,2.1445000000000003,0.963908794087105,1.6435546875
11994,0.15,0.0,0.85,0.05,0.2,0.75,2.401,1.19,2.1325000000000003,0.9648362957138338,1.677734375
12009,0.15,0.0,0.85,0.1,0.0,0.9,2.401,1.19,2.161,0.9626443258051416,1.622802734375
12010,0.15,0.0,0.85,0.1,0.05,0.85,2.401,1.19,2.149,0.9635626997300962,1.65673828125
12011,0.15,0.0,0.85,0.1,0.1,0.8,2.401,1.19,2.1370000000000005,0.9644876985345814,1.6907958984375
12181,0.15,0.05,0.8,0.0,0.05,0.95,2.3825000000000003,1.19,2.188,0.9567292905308216,1.5029296875
12182,0.15,0.05,0.8,0.0,0.1,0.9,2.3825000000000003,1.19,2.176,0.9576192103502308,1.535888671875
12183,0.15,0.05,0.8,0.0,0.15,0.85,2.3825000000000003,1.19,2.164,0.9585154981111026,1.5692138671875
12184,0.15,0.05,0.8,0.0,0.2,0.8,2.3825000000000003,1.19,2.152,0.9594182224088568,1.6026611328125
12185,0.15,0.05,0.8,0.0,0.25,0.75,2.3825000000000003,1.19,2.14,0.960327452827676,1.635986328125
12186,0.15,0.05,0.8,0.0,0.3,0.7,2.3825000000000003,1.19,2.128,0.9612432599583852,1.6697998046875
12200,0.15,0.05,0.8,0.05,0.0,0.95,2.3825000000000003,1.19,2.1805,0.9572847478279832,1.549560546875
12201,0.15,0.05,0.8,0.05,0.05,0.9,2.3825000000000003,1.19,2.1685000000000003,0.9581786396248256,1.5826416015625
12202,0.15,0.05,0.8,0.05,0.1,0.85,2.3825000000000003,1.19,2.1565000000000003,0.9590789421203464,1.6158447265625
12203,0.15,0.05,0.8,0.05,0.15,0.8,2.3825000000000003,1.19,2.1445000000000003,0.9599857245258662,1.6494140625
12204,0.15,0.05,0.8,0.05,0.2,0.75,2.3825000000000003,1.19,2.1325000000000003,0.9608990570525996,1.6832275390625
12219,0.15,0.05,0.8,0.1,0.0,0.9,2.3825000000000003,1.19,2.161,0.9587405730591102,1.629150390625
12220,0.15,0.05,0.8,0.1,0.05,0.85,2.3825000000000003,1.19,2.149,0.9596449173246002,1.6627197265625
12221,0.15,0.05,0.8,0.1,0.1,0.8,2.3825000000000003,1.19,2.1370000000000005,0.9605557852637816,1.6962890625
12391,0.15,0.1,0.75,0.0,0.05,0.95,2.364,1.19,2.188,0.9528567400713924,1.5103759765625
12392,0.15,0.1,0.75,0.0,0.1,0.9,2.364,1.19,2.176,0.9537328540068108,1.5428466796875
12393,0.15,0.1,0.75,0.0,0.15,0.85,2.364,1.19,2.164,0.9546152370938245,1.57568359375
12394,0.15,0.1,0.75,0.0,0.2,0.8,2.364,1.19,2.152,0.9555039568636888,1.608642578125
12395,0.15,0.1,0.75,0.0,0.25,0.75,2.364,1.19,2.14,0.956399081821084,1.6419677734375
12396,0.15,0.1,0.75,0.0,0.3,0.7,2.364,1.19,2.128,0.9573006814617152,1.6751708984375
12410,0.15,0.1,0.75,0.05,0.0,0.95,2.364,1.19,2.1805,0.9534035802113232,1.556640625
12411,0.15,0.1,0.75,0.05,0.05,0.9,2.364,1.19,2.1685000000000003,0.9542836045044,1.5892333984375
12412,0.15,0.1,0.75,0.05,0.1,0.85,2.364,1.19,2.1565000000000003,0.9551699400429666,1.622314453125
12413,0.15,0.1,0.75,0.05,0.15,0.8,2.364,1.19,2.1445000000000003,0.956062654964627,1.6553955078125
12414,0.15,0.1,0.75,0.05,0.2,0.75,2.364,1.19,2.1325000000000003,0.9569618183913652,1.6885986328125
12429,0.15,0.1,0.75,0.1,0.0,0.9,2.364,1.19,2.161,0.9548368203130788,1.6358642578125
12430,0.15,0.1,0.75,0.1,0.05,0.85,2.364,1.19,2.149,0.955727134919104,1.6688232421875
12601,0.15,0.15,0.7,0.0,0.05,0.95,2.3454999999999995,1.19,2.188,0.9489841896119636,1.5177001953125
12602,0.15,0.15,0.7,0.0,0.1,0.9,2.3454999999999995,1.19,2.176,0.949846497663391,1.5499267578125
12603,0.15,0.15,0.7,0.0,0.15,0.85,2.3454999999999995,1.19,2.164,0.950714976076546,1.5823974609375
12604,0.15,0.15,0.7,0.0,0.2,0.8,2.3454999999999995,1.19,2.152,0.9515896913185208,1.614990234375
12605,0.15,0.15,0.7,0.0,0.25,0.75,2.3454999999999995,1.19,2.14,0.952470710814492,1.647705078125
12606,0.15,0.15,0.7,0.0,0.3,0.7,2.3454999999999995,1.19,2.128,0.9533581029650452,1.6805419921875
12620,0.15,0.15,0.7,0.05,0.0,0.95,2.3454999999999995,1.19,2.1805,0.9495224125946636,1.5638427734375
12621,0.15,0.15,0.7,0.05,0.05,0.9,2.3454999999999995,1.19,2.1685000000000003,0.9503885693839734,1.59619140625
12622,0.15,0.15,0.7,0.05,0.1,0.85,2.3454999999999995,1.19,2.1565000000000003,0.9512609379655868,1.6285400390625
12623,0.15,0.15,0.7,0.05,0.15,0.8,2.3454999999999995,1.19,2.1445000000000003,0.9521395854033884,1.661376953125
12624,0.15,0.15,0.7,0.05,0.2,0.75,2.3454999999999995,1.19,2.1325000000000003,0.9530245797301308,1.6942138671875
12639,0.15,0.15,0.7,0.1,0.0,0.9,2.3454999999999995,1.19,2.161,0.9509330675670474,1.6424560546875
12640,0.15,0.15,0.7,0.1,0.05,0.85,2.3454999999999995,1.19,2.149,0.951809352513608,1.6749267578125
12811,0.15,0.2,0.65,0.0,0.05,0.95,2.327,1.19,2.188,0.9451116391525346,1.525146484375
12812,0.15,0.2,0.65,0.0,0.1,0.9,2.327,1.19,2.176,0.9459601413199712,1.556884765625
12813,0.15,0.2,0.65,0.0,0.15,0.85,2.327,1.19,2.164,0.9468147150592678,1.5889892578125
12814,0.15,0.2,0.65,0.0,0.2,0.8,2.327,1.19,2.152,0.9476754257733532,1.6212158203125
12815,0.15,0.2,0.65,0.0,0.25,0.75,2.327,1.19,2.14,0.9485423398079004,1.6534423828125
12816,0.15,0.2,0.65,0.0,0.3,0.7,2.327,1.19,2.128,0.9494155244683752,1.6859130859375
12830,0.15,0.2,0.65,0.05,0.0,0.95,2.327,1.19,2.1805,0.9456412449780042,1.57080078125
12831,0.15,0.2,0.65,0.05,0.05,0.9,2.327,1.19,2.1685000000000003,0.9464935342635474,1.602783203125
12832,0.15,0.2,0.65,0.05,0.1,0.85,2.327,1.19,2.1565000000000003,0.9473519358882072,1.634765625
12833,0.15,0.2,0.65,0.05,0.15,0.8,2.327,1.19,2.1445000000000003,0.9482165158421496,1.6671142578125
12834,0.15,0.2,0.65,0.05,0.2,0.75,2.327,1.19,2.1325000000000003,0.9490873410688964,1.6995849609375
12849,0.15,0.2,0.65,0.1,0.0,0.9,2.327,1.19,2.161,0.947029314821016,1.6488037109375
12850,0.15,0.2,0.65,0.1,0.05,0.85,2.327,1.19,2.149,0.9478915701081122,1.680908203125
13020,0.15,0.25,0.6,0.0,0.0,1.0,2.3085,1.19,2.2,0.9404103017638789,1.501220703125
13021,0.15,0.25,0.6,0.0,0.05,0.95,2.3085,1.19,2.188,0.9412390886931056,1.5325927734375
13022,0.15,0.25,0.6,0.0,0.1,0.9,2.3085,1.19,2.176,0.9420737849765514,1.5638427734375
13023,0.15,0.25,0.6,0.0,0.15,0.85,2.3085,1.19,2.164,0.9429144540419896,1.5953369140625
13024,0.15,0.25,0.6,0.0,0.2,0.8,2.3085,1.19,2.152,0.9437611602281852,1.627197265625
13025,0.15,0.25,0.6,0.0,0.25,0.75,2.3085,1.19,2.14,0.944613968801308,1.6591796875
13026,0.15,0.25,0.6,0.0,0.3,0.7,2.3085,1.19,2.128,0.9454729459717052,1.6912841796875
13040,0.15,0.25,0.6,0.05,0.0,0.95,2.3085,1.19,2.1805,0.9417600773613444,1.5780029296875
13041,0.15,0.25,0.6,0.05,0.05,0.9,2.3085,1.19,2.1685000000000003,0.9425984991431212,1.609375
13042,0.15,0.25,0.6,0.05,0.1,0.85,2.3085,1.19,2.1565000000000003,0.9434429338108274,1.64111328125
13043,0.15,0.25,0.6,0.05,0.15,0.8,2.3085,1.19,2.1445000000000003,0.9442934462809104,1.673095703125
13059,0.15,0.25,0.6,0.1,0.0,0.9,2.3085,1.19,2.161,0.9431255620749848,1.6551513671875
13060,0.15,0.25,0.6,0.1,0.05,0.85,2.3085,1.19,2.149,0.943973787702616,1.68701171875
13230,0.15,0.3,0.55,0.0,0.0,1.0,2.29,1.19,2.2,0.9365514594476692,1.509033203125
13231,0.15,0.3,0.55,0.0,0.05,0.95,2.29,1.19,2.188,0.9373665382336768,1.539794921875
13232,0.15,0.3,0.55,0.0,0.1,0.9,2.29,1.19,2.176,0.9381874286331316,1.5709228515625
13233,0.15,0.3,0.55,0.0,0.15,0.85,2.29,1.19,2.164,0.9390141930247116,1.6019287109375
13234,0.15,0.3,0.55,0.0,0.2,0.8,2.29,1.19,2.152,0.9398468946830172,1.6334228515625
13235,0.15,0.3,0.55,0.0,0.25,0.75,2.29,1.19,2.14,0.9406855977947162,1.664794921875
13236,0.15,0.3,0.55,0.0,0.3,0.7,2.29,1.19,2.128,0.9415303674750352,1.6966552734375
13250,0.15,0.3,0.55,0.05,0.0,0.95,2.29,1.19,2.1805,0.9378789097446848,1.585205078125
13251,0.15,0.3,0.55,0.05,0.05,0.9,2.29,1.19,2.1685000000000003,0.9387034640226952,1.6160888671875
13252,0.15,0.3,0.55,0.05,0.1,0.85,2.29,1.19,2.1565000000000003,0.939533931733448,1.6474609375
13253,0.15,0.3,0.55,0.05,0.15,0.8,2.29,1.19,2.1445000000000003,0.9403703767196716,1.678955078125
13269,0.15,0.3,0.55,0.1,0.0,0.9,2.29,1.19,2.161,0.9392218093289536,1.66162109375
13270,0.15,0.3,0.55,0.1,0.05,0.85,2.29,1.19,2.149,0.9400560052971202,1.6929931640625
13440,0.15,0.35,0.5,0.0,0.0,1.0,2.2715,1.19,2.2,0.9326926171314592,1.5167236328125
13441,0.15,0.35,0.5,0.0,0.05,0.95,2.2715,1.19,2.188,0.9334939877742476,1.5472412109375
13442,0.15,0.35,0.5,0.0,0.1,0.9,2.2715,1.19,2.176,0.9343010722897118,1.5777587890625
13443,0.15,0.35,0.5,0.0,0.15,0.85,2.2715,1.19,2.164,0.9351139320074332,1.6085205078125
13444,0.15,0.35,0.5,0.0,0.2,0.8,2.2715,1.19,2.152,0.9359326291378494,1.6395263671875
13445,0.15,0.35,0.5,0.0,0.25,0.75,2.2715,1.19,2.14,0.9367572267881245,1.6705322265625
13460,0.15,0.35,0.5,0.05,0.0,0.95,2.2715,1.19,2.1805,0.9339977421280252,1.5921630859375
13461,0.15,0.35,0.5,0.05,0.05,0.9,2.2715,1.19,2.1685000000000003,0.9348084289022688,1.6229248046875
13462,0.15,0.35,0.5,0.05,0.1,0.85,2.2715,1.19,2.1565000000000003,0.935624929656068,1.65380859375
13463,0.15,0.35,0.5,0.05,0.15,0.8,2.2715,1.19,2.1445000000000003,0.9364473071584326,1.6849365234375
13479,0.15,0.35,0.5,0.1,0.0,0.9,2.2715,1.19,2.161,0.935318056582922,1.6680908203125
13480,0.15,0.35,0.5,0.1,0.05,0.85,2.2715,1.19,2.149,0.936138222891624,1.698974609375
13650,0.15,0.4,0.45,0.0,0.0,1.0,2.253,1.19,2.2,0.9288337748152496,1.5245361328125
13651,0.15,0.4,0.45,0.0,0.05,0.95,2.253,1.19,2.188,0.9296214373148186,1.5545654296875
13652,0.15,0.4,0.45,0.0,0.1,0.9,2.253,1.19,2.176,0.930414715946292,1.584716796875
13653,0.15,0.4,0.45,0.0,0.15,0.85,2.253,1.19,2.164,0.9312136709901552,1.614990234375
13654,0.15,0.4,0.45,0.0,0.2,0.8,2.253,1.19,2.152,0.9320183635926816,1.6456298828125
13655,0.15,0.4,0.45,0.0,0.25,0.75,2.253,1.19,2.14,0.9328288557815324,1.6763916015625
13670,0.15,0.4,0.45,0.05,0.0,0.95,2.253,1.19,2.1805,0.930116574511366,1.599365234375
13671,0.15,0.4,0.45,0.05,0.05,0.9,2.253,1.19,2.1685000000000003,0.9309133937818428,1.6295166015625
13672,0.15,0.4,0.45,0.05,0.1,0.85,2.253,1.19,2.1565000000000003,0.9317159275786886,1.66015625
13673,0.15,0.4,0.45,0.05,0.15,0.8,2.253,1.19,2.1445000000000003,0.9325242375971938,1.6907958984375
13689,0.15,0.4,0.45,0.1,0.0,0.9,2.253,1.19,2.161,0.9314143038368906,1.674560546875
13860,0.15,0.45,0.4,0.0,0.0,1.0,2.2345,1.19,2.2,0.9249749324990396,1.5322265625
13861,0.15,0.45,0.4,0.0,0.05,0.95,2.2345,1.19,2.188,0.9257488868553896,1.5618896484375
13862,0.15,0.45,0.4,0.0,0.1,0.9,2.2345,1.19,2.176,0.9265283596028724,1.5916748046875
13863,0.15,0.45,0.4,0.0,0.15,0.85,2.2345,1.19,2.164,0.9273134099728768,1.62158203125
13864,0.15,0.45,0.4,0.0,0.2,0.8,2.2345,1.19,2.152,0.9281040980475136,1.6517333984375
13865,0.15,0.45,0.4,0.0,0.25,0.75,2.2345,1.19,2.14,0.9289004847749406,1.6820068359375
13880,0.15,0.45,0.4,0.05,0.0,0.95,2.2345,1.19,2.1805,0.9262354068947062,1.6065673828125
13881,0.15,0.45,0.4,0.05,0.05,0.9,2.2345,1.19,2.1685000000000003,0.9270183586614168,1.6363525390625
13882,0.15,0.45,0.4,0.05,0.1,0.85,2.2345,1.19,2.1565000000000003,0.9278069255013088,1.6663818359375
13883,0.15,0.45,0.4,0.05,0.15,0.8,2.2345,1.19,2.1445000000000003,0.9286011680359548,1.6966552734375
13899,0.15,0.45,0.4,0.1,0.0,0.9,2.2345,1.19,2.161,0.9275105510908592,1.6810302734375
14070,0.15,0.5,0.35,0.0,0.0,1.0,2.216,1.19,2.2,0.92111609018283,1.5400390625
14071,0.15,0.5,0.35,0.0,0.05,0.95,2.216,1.19,2.188,0.9218763363959608,1.5692138671875
14072,0.15,0.5,0.35,0.0,0.1,0.9,2.216,1.19,2.176,0.9226420032594522,1.5985107421875
14073,0.15,0.5,0.35,0.0,0.15,0.85,2.216,1.19,2.164,0.9234131489555986,1.628173828125
14074,0.15,0.5,0.35,0.0,0.2,0.8,2.216,1.19,2.152,0.9241898325023458,1.657958984375
14075,0.15,0.5,0.35,0.0,0.25,0.75,2.216,1.19,2.14,0.9249721137683484,1.687744140625
14090,0.15,0.5,0.35,0.05,0.0,0.95,2.216,1.19,2.1805,0.9223542392780466,1.613525390625
14091,0.15,0.5,0.35,0.05,0.05,0.9,2.216,1.19,2.1685000000000003,0.9231233235409908,1.64306640625
14092,0.15,0.5,0.35,0.05,0.1,0.85,2.216,1.19,2.1565000000000003,0.9238979234239292,1.672607421875
14109,0.15,0.5,0.35,0.1,0.0,0.9,2.216,1.19,2.161,0.9236067983448278,1.6875
14280,0.15,0.55,0.3,0.0,0.0,1.0,2.1975,1.19,2.2,0.9172572478666202,1.5479736328125
14281,0.15,0.55,0.3,0.0,0.05,0.95,2.1975,1.19,2.188,0.9180037859365316,1.5765380859375
14282,0.15,0.55,0.3,0.0,0.1,0.9,2.1975,1.19,2.176,0.9187556469160324,1.605712890625
14283,0.15,0.55,0.3,0.0,0.15,0.85,2.1975,1.19,2.164,0.9195128879383204,1.6348876953125
14284,0.15,0.55,0.3,0.0,0.2,0.8,2.1975,1.19,2.152,0.9202755669571776,1.6641845703125
14285,0.15,0.55,0.3,0.0,0.25,0.75,2.1975,1.19,2.14,0.9210437427617568,1.6934814453125
14300,0.15,0.55,0.3,0.05,0.0,0.95,2.1975,1.19,2.1805,0.9184730716613873,1.6207275390625
14301,0.15,0.55,0.3,0.05,0.05,0.9,2.1975,1.19,2.1685000000000003,0.9192282884205644,1.6497802734375
14302,0.15,0.55,0.3,0.05,0.1,0.85,2.1975,1.19,2.1565000000000003,0.9199889213465494,1.678955078125
14319,0.15,0.55,0.3,0.1,0.0,0.9,2.1975,1.19,2.161,0.9197030455987965,1.6939697265625
14490,0.15,0.6,0.25,0.0,0.0,1.0,2.179,1.19,2.2,0.9133984055504104,1.5557861328125
14491,0.15,0.6,0.25,0.0,0.05,0.95,2.179,1.19,2.188,0.9141312354771024,1.5841064453125
14492,0.15,0.6,0.25,0.0,0.1,0.9,2.179,1.19,2.176,0.9148692905726128,1.6126708984375
14493,0.15,0.6,0.25,0.0,0.15,0.85,2.179,1.19,2.164,0.9156126269210422,1.6414794921875
14494,0.15,0.6,0.25,0.0,0.2,0.8,2.179,1.19,2.152,0.9163613014120098,1.6702880859375
14495,0.15,0.6,0.25,0.0,0.25,0.75,2.179,1.19,2.14,0.9171153717551648,1.699462890625
14510,0.15,0.6,0.25,0.05,0.0,0.95,2.179,1.19,2.1805,0.9145919040447272,1.6278076171875
14511,0.15,0.6,0.25,0.05,0.05,0.9,2.179,1.19,2.1685000000000003,0.9153332533001384,1.656494140625
14512,0.15,0.6,0.25,0.05,0.1,0.85,2.179,1.19,2.1565000000000003,0.9160799192691697,1.685302734375
14700,0.15,0.65,0.2,0.0,0.0,1.0,2.1605,1.19,2.2,0.9095395632342006,1.5633544921875
14701,0.15,0.65,0.2,0.0,0.05,0.95,2.1605,1.19,2.188,0.9102586850176736,1.591552734375
14702,0.15,0.65,0.2,0.0,0.1,0.9,2.1605,1.19,2.176,0.9109829342291929,1.61962890625
14703,0.15,0.65,0.2,0.0,0.15,0.85,2.1605,1.19,2.164,0.911712365903764,1.64794921875
14704,0.15,0.65,0.2,0.0,0.2,0.8,2.1605,1.19,2.152,0.912447035866842,1.676513671875
14720,0.15,0.65,0.2,0.05,0.0,0.95,2.1605,1.19,2.1805,0.9107107364280675,1.6348876953125
14721,0.15,0.65,0.2,0.05,0.05,0.9,2.1605,1.19,2.1685000000000003,0.9114382181797124,1.6630859375
14722,0.15,0.65,0.2,0.05,0.1,0.85,2.1605,1.19,2.1565000000000003,0.91217091719179,1.691650390625
14910,0.15,0.7,0.15,0.0,0.0,1.0,2.142,1.19,2.2,0.9056807209179908,1.5711669921875
14911,0.15,0.7,0.15,0.0,0.05,0.95,2.142,1.19,2.188,0.9063861345582448,1.5987548828125
14912,0.15,0.7,0.15,0.0,0.1,0.9,2.142,1.19,2.176,0.9070965778857728,1.6265869140625
14913,0.15,0.7,0.15,0.0,0.15,0.85,2.142,1.19,2.164,0.9078121048864858,1.654541015625
14914,0.15,0.7,0.15,0.0,0.2,0.8,2.142,1.19,2.152,0.908532770321674,1.6826171875
14930,0.15,0.7,0.15,0.05,0.0,0.95,2.142,1.19,2.1805,0.9068295688114082,1.6422119140625
14931,0.15,0.7,0.15,0.05,0.05,0.9,2.142,1.19,2.1685000000000003,0.9075431830592864,1.6700439453125
14932,0.15,0.7,0.15,0.05,0.1,0.85,2.142,1.19,2.1565000000000003,0.9082619151144103,1.697998046875
15120,0.15,0.75,0.1,0.0,0.0,1.0,2.1235,1.19,2.2,0.9018218786017812,1.5789794921875
15121,0.15,0.75,0.1,0.0,0.05,0.95,2.1235,1.19,2.188,0.9025135840988155,1.606201171875
15122,0.15,0.75,0.1,0.0,0.1,0.9,2.1235,1.19,2.176,0.9032102215423532,1.6334228515625
15123,0.15,0.75,0.1,0.0,0.15,0.85,2.1235,1.19,2.164,0.9039118438692074,1.6611328125
15124,0.15,0.75,0.1,0.0,0.2,0.8,2.1235,1.19,2.152,0.9046185047765062,1.688720703125
15140,0.15,0.75,0.1,0.05,0.0,0.95,2.1235,1.19,2.1805,0.9029484011947488,1.649169921875
15141,0.15,0.75,0.1,0.05,0.05,0.9,2.1235,1.19,2.1685000000000003,0.90364814793886,1.6767578125
15333,0.15,0.8,0.05,0.0,0.15,0.85,2.105,1.19,2.164,0.9000115828519295,1.6676025390625
15334,0.15,0.8,0.05,0.0,0.2,0.8,2.105,1.19,2.152,0.9007042392313381,1.6949462890625
15541,0.2,0.0,0.8,0.0,0.05,0.95,2.358,1.19,2.188,0.9516007777602264,1.5052490234375
15542,0.2,0.0,0.8,0.0,0.1,0.9,2.358,1.19,2.176,0.9524724141116478,1.5377197265625
15543,0.2,0.0,0.8,0.0,0.15,0.85,2.358,1.19,2.164,0.9533502875747072,1.5704345703125
15544,0.2,0.0,0.8,0.0,0.2,0.8,2.358,1.19,2.152,0.9542344653355264,1.6033935546875
15545,0.2,0.0,0.8,0.0,0.25,0.75,2.358,1.19,2.14,0.955125015548676,1.63623046875
15546,0.2,0.0,0.8,0.0,0.3,0.7,2.358,1.19,2.128,0.9560220073546872,1.6695556640625
15560,0.2,0.0,0.8,0.05,0.0,0.95,2.358,1.19,2.1805,0.9521448231464608,1.551513671875
15561,0.2,0.0,0.8,0.05,0.05,0.9,2.358,1.19,2.1685000000000003,0.953020349870748,1.5841064453125
15562,0.2,0.0,0.8,0.05,0.1,0.85,2.358,1.19,2.1565000000000003,0.953902155585438,1.6168212890625
15563,0.2,0.0,0.8,0.05,0.15,0.8,2.358,1.19,2.1445000000000003,0.9547903080799012,1.6497802734375
15564,0.2,0.0,0.8,0.05,0.2,0.75,2.358,1.19,2.1325000000000003,0.9556848761228568,1.6829833984375
15579,0.2,0.0,0.8,0.1,0.0,0.9,2.358,1.19,2.161,0.953570738341393,1.6304931640625
15580,0.2,0.0,0.8,0.1,0.05,0.85,2.358,1.19,2.149,0.954456502787592,1.6634521484375
15581,0.2,0.0,0.8,0.1,0.1,0.8,2.358,1.19,2.1370000000000005,0.9553486568781278,1.696533203125
15751,0.2,0.05,0.75,0.0,0.05,0.95,2.3395,1.19,2.188,0.9477282273007974,1.5126953125
15752,0.2,0.05,0.75,0.0,0.1,0.9,2.3395,1.19,2.176,0.948586057768228,1.5447998046875
15753,0.2,0.05,0.75,0.0,0.15,0.85,2.3395,1.19,2.164,0.949450026557429,1.5770263671875
15754,0.2,0.05,0.75,0.0,0.2,0.8,2.3395,1.19,2.152,0.9503201997903584,1.6094970703125
15755,0.2,0.05,0.75,0.0,0.25,0.75,2.3395,1.19,2.14,0.951196644542084,1.64208984375
15756,0.2,0.05,0.75,0.0,0.3,0.7,2.3395,1.19,2.128,0.9520794288580172,1.6749267578125
15770,0.2,0.05,0.75,0.05,0.0,0.95,2.3395,1.19,2.1805,0.9482636555298012,1.55859375
15771,0.2,0.05,0.75,0.05,0.05,0.9,2.3395,1.19,2.1685000000000003,0.949125314750322,1.5908203125
15772,0.2,0.05,0.75,0.05,0.1,0.85,2.3395,1.19,2.1565000000000003,0.9499931535080584,1.6231689453125
15773,0.2,0.05,0.75,0.05,0.15,0.8,2.3395,1.19,2.1445000000000003,0.9508672385186622,1.65576171875
15774,0.2,0.05,0.75,0.05,0.2,0.75,2.3395,1.19,2.1325000000000003,0.9517476374616224,1.6883544921875
15789,0.2,0.05,0.75,0.1,0.0,0.9,2.3395,1.19,2.161,0.9496669855953618,1.636962890625
15790,0.2,0.05,0.75,0.1,0.05,0.85,2.3395,1.19,2.149,0.950538720382096,1.6693115234375
15961,0.2,0.1,0.7,0.0,0.05,0.95,2.321,1.19,2.188,0.9438556768413684,1.5201416015625
15962,0.2,0.1,0.7,0.0,0.1,0.9,2.321,1.19,2.176,0.944699701424808,1.5517578125
15963,0.2,0.1,0.7,0.0,0.15,0.85,2.321,1.19,2.164,0.9455497655401506,1.58349609375
15964,0.2,0.1,0.7,0.0,0.2,0.8,2.321,1.19,2.152,0.9464059342451904,1.6156005859375
15965,0.2,0.1,0.7,0.0,0.25,0.75,2.321,1.19,2.14,0.947268273535492,1.6478271484375
15966,0.2,0.1,0.7,0.0,0.3,0.7,2.321,1.19,2.128,0.9481368503613472,1.68017578125
15980,0.2,0.1,0.7,0.05,0.0,0.95,2.321,1.19,2.1805,0.9443824879131416,1.565673828125
15981,0.2,0.1,0.7,0.05,0.05,0.9,2.321,1.19,2.1685000000000003,0.9452302796298956,1.597412109375
15982,0.2,0.1,0.7,0.05,0.1,0.85,2.321,1.19,2.1565000000000003,0.9460841514306786,1.62939453125
15983,0.2,0.1,0.7,0.05,0.15,0.8,2.321,1.19,2.1445000000000003,0.9469441689574232,1.66162109375
15984,0.2,0.1,0.7,0.05,0.2,0.75,2.321,1.19,2.1325000000000003,0.947810398800388,1.6939697265625
15999,0.2,0.1,0.7,0.1,0.0,0.9,2.321,1.19,2.161,0.9457632328493302,1.6434326171875
16000,0.2,0.1,0.7,0.1,0.05,0.85,2.321,1.19,2.149,0.9466209379766,1.6754150390625
16171,0.2,0.15,0.65,0.0,0.05,0.95,2.3025,1.19,2.188,0.9399831263819391,1.52734375
16172,0.2,0.15,0.65,0.0,0.1,0.9,2.3025,1.19,2.176,0.9408133450813884,1.5587158203125
16173,0.2,0.15,0.65,0.0,0.15,0.85,2.3025,1.19,2.164,0.9416495045228724,1.590087890625
16174,0.2,0.15,0.65,0.0,0.2,0.8,2.3025,1.19,2.152,0.9424916687000224,1.6217041015625
16175,0.2,0.15,0.65,0.0,0.25,0.75,2.3025,1.19,2.14,0.9433399025289,1.653564453125
16176,0.2,0.15,0.65,0.0,0.3,0.7,2.3025,1.19,2.128,0.9441942718646772,1.685546875
16190,0.2,0.15,0.65,0.05,0.0,0.95,2.3025,1.19,2.1805,0.940501320296482,1.572998046875
16191,0.2,0.15,0.65,0.05,0.05,0.9,2.3025,1.19,2.1685000000000003,0.9413352445094696,1.604248046875
16192,0.2,0.15,0.65,0.05,0.1,0.85,2.3025,1.19,2.1565000000000003,0.9421751493532988,1.6357421875
16193,0.2,0.15,0.65,0.05,0.15,0.8,2.3025,1.19,2.1445000000000003,0.9430210993961844,1.6676025390625
16194,0.2,0.15,0.65,0.05,0.2,0.75,2.3025,1.19,2.1325000000000003,0.9438731601391538,1.6995849609375
16209,0.2,0.15,0.65,0.1,0.0,0.9,2.3025,1.19,2.161,0.9418594801032988,1.6497802734375
16210,0.2,0.15,0.65,0.1,0.05,0.85,2.3025,1.19,2.149,0.9427031555711038,1.6815185546875
16380,0.2,0.2,0.6,0.0,0.0,1.0,2.284,1.19,2.2,0.9352999430207902,1.504150390625
16381,0.2,0.2,0.6,0.0,0.05,0.95,2.284,1.19,2.188,0.9361105759225103,1.534912109375
16382,0.2,0.2,0.6,0.0,0.1,0.9,2.284,1.19,2.176,0.9369269887379684,1.565673828125
16383,0.2,0.2,0.6,0.0,0.15,0.85,2.284,1.19,2.164,0.9377492435055944,1.5966796875
16384,0.2,0.2,0.6,0.0,0.2,0.8,2.284,1.19,2.152,0.9385774031548548,1.6279296875
16385,0.2,0.2,0.6,0.0,0.25,0.75,2.284,1.19,2.14,0.939411531522308,1.659423828125
16386,0.2,0.2,0.6,0.0,0.3,0.7,2.284,1.19,2.128,0.9402516933680072,1.69091796875
16400,0.2,0.2,0.6,0.05,0.0,0.95,2.284,1.19,2.1805,0.9366201526798222,1.580078125
16401,0.2,0.2,0.6,0.05,0.05,0.9,2.284,1.19,2.1685000000000003,0.9374402093890436,1.6109619140625
16402,0.2,0.2,0.6,0.05,0.1,0.85,2.284,1.19,2.1565000000000003,0.9382661472759192,1.6422119140625
16403,0.2,0.2,0.6,0.05,0.15,0.8,2.284,1.19,2.1445000000000003,0.9390980298349452,1.6734619140625
16419,0.2,0.2,0.6,0.1,0.0,0.9,2.284,1.19,2.161,0.9379557273572676,1.65625
16420,0.2,0.2,0.6,0.1,0.05,0.85,2.284,1.19,2.149,0.938785373165608,1.6876220703125
16590,0.2,0.25,0.55,0.0,0.0,1.0,2.2655000000000003,1.19,2.2,0.9314411007045804,1.5118408203125
16591,0.2,0.25,0.55,0.0,0.05,0.95,2.2655000000000003,1.19,2.188,0.9322380254630817,1.5421142578125
16592,0.2,0.25,0.55,0.0,0.1,0.9,2.2655000000000003,1.19,2.176,0.9330406323945488,1.5726318359375
16593,0.2,0.25,0.55,0.0,0.15,0.85,2.2655000000000003,1.19,2.164,0.9338489824883162,1.6031494140625
16594,0.2,0.25,0.55,0.0,0.2,0.8,2.2655000000000003,1.19,2.152,0.9346631376096868,1.634033203125
16595,0.2,0.25,0.55,0.0,0.25,0.75,2.2655000000000003,1.19,2.14,0.935483160515716,1.6650390625
16596,0.2,0.25,0.55,0.0,0.3,0.7,2.2655000000000003,1.19,2.128,0.9363091148713372,1.6961669921875
16610,0.2,0.25,0.55,0.05,0.0,0.95,2.2655000000000003,1.19,2.1805,0.9327389850631628,1.587158203125
16611,0.2,0.25,0.55,0.05,0.05,0.9,2.2655000000000003,1.19,2.1685000000000003,0.9335451742686176,1.6175537109375
16612,0.2,0.25,0.55,0.05,0.1,0.85,2.2655000000000003,1.19,2.1565000000000003,0.9343571451985396,1.6484375
16613,0.2,0.25,0.55,0.05,0.15,0.8,2.2655000000000003,1.19,2.1445000000000003,0.9351749602737064,1.679443359375
16629,0.2,0.25,0.55,0.1,0.0,0.9,2.2655000000000003,1.19,2.161,0.9340519746112363,1.662841796875
16630,0.2,0.25,0.55,0.1,0.05,0.85,2.2655000000000003,1.19,2.149,0.934867590760112,1.6937255859375
16800,0.2,0.3,0.5,0.0,0.0,1.0,2.247,1.19,2.2,0.9275822583883706,1.5196533203125
16801,0.2,0.3,0.5,0.0,0.05,0.95,2.247,1.19,2.188,0.9283654750036524,1.549560546875
16802,0.2,0.3,0.5,0.0,0.1,0.9,2.247,1.19,2.176,0.9291542760511288,1.57958984375
16803,0.2,0.3,0.5,0.0,0.15,0.85,2.247,1.19,2.164,0.9299487214710378,1.60986328125
16804,0.2,0.3,0.5,0.0,0.2,0.8,2.247,1.19,2.152,0.930748872064519,1.6402587890625
16805,0.2,0.3,0.5,0.0,0.25,0.75,2.247,1.19,2.14,0.9315547895091244,1.6707763671875
16820,0.2,0.3,0.5,0.05,0.0,0.95,2.247,1.19,2.1805,0.9288578174465032,1.59423828125
16821,0.2,0.3,0.5,0.05,0.05,0.9,2.247,1.19,2.1685000000000003,0.9296501391481912,1.6243896484375
16822,0.2,0.3,0.5,0.05,0.1,0.85,2.247,1.19,2.1565000000000003,0.93044814312116,1.65478515625
16823,0.2,0.3,0.5,0.05,0.15,0.8,2.247,1.19,2.1445000000000003,0.9312518907124676,1.6851806640625
16839,0.2,0.3,0.5,0.1,0.0,0.9,2.247,1.19,2.161,0.9301482218652048,1.6693115234375
16840,0.2,0.3,0.5,0.1,0.05,0.85,2.247,1.19,2.149,0.930949808354616,1.69970703125
17010,0.2,0.35,0.45,0.0,0.0,1.0,2.2285,1.19,2.2,0.9237234160721608,1.52734375
17011,0.2,0.35,0.45,0.0,0.05,0.95,2.2285,1.19,2.188,0.9244929245442234,1.556884765625
17012,0.2,0.35,0.45,0.0,0.1,0.9,2.2285,1.19,2.176,0.925267919707709,1.5865478515625
17013,0.2,0.35,0.45,0.0,0.15,0.85,2.2285,1.19,2.164,0.9260484604537595,1.6163330078125
17014,0.2,0.35,0.45,0.0,0.2,0.8,2.2285,1.19,2.152,0.926834606519351,1.6463623046875
17015,0.2,0.35,0.45,0.0,0.25,0.75,2.2285,1.19,2.14,0.9276264185025324,1.6763916015625
17030,0.2,0.35,0.45,0.05,0.0,0.95,2.2285,1.19,2.1805,0.9249766498298436,1.6014404296875
17031,0.2,0.35,0.45,0.05,0.05,0.9,2.2285,1.19,2.1685000000000003,0.9257551040277652,1.631103515625
17032,0.2,0.35,0.45,0.05,0.1,0.85,2.2285,1.19,2.1565000000000003,0.92653914104378,1.6610107421875
17033,0.2,0.35,0.45,0.05,0.15,0.8,2.2285,1.19,2.1445000000000003,0.9273288211512288,1.691162109375
17049,0.2,0.35,0.45,0.1,0.0,0.9,2.2285,1.19,2.161,0.9262444691191734,1.6756591796875
17220,0.2,0.4,0.4,0.0,0.0,1.0,2.21,1.19,2.2,0.9198645737559512,1.5352783203125
17221,0.2,0.4,0.4,0.0,0.05,0.95,2.21,1.19,2.188,0.9206203740847944,1.5643310546875
17222,0.2,0.4,0.4,0.0,0.1,0.9,2.21,1.19,2.176,0.9213815633642892,1.5936279296875
17223,0.2,0.4,0.4,0.0,0.15,0.85,2.21,1.19,2.164,0.9221481994364816,1.623046875
17224,0.2,0.4,0.4,0.0,0.2,0.8,2.21,1.19,2.152,0.9229203409741832,1.6527099609375
17225,0.2,0.4,0.4,0.0,0.25,0.75,2.21,1.19,2.14,0.9236980474959404,1.682373046875
17240,0.2,0.4,0.4,0.05,0.0,0.95,2.21,1.19,2.1805,0.921095482213184,1.6085205078125
17241,0.2,0.4,0.4,0.05,0.05,0.9,2.21,1.19,2.1685000000000003,0.9218600689073392,1.6378173828125
17242,0.2,0.4,0.4,0.05,0.1,0.85,2.21,1.19,2.1565000000000003,0.9226301389664006,1.667236328125
17243,0.2,0.4,0.4,0.05,0.15,0.8,2.21,1.19,2.1445000000000003,0.9234057515899896,1.697021484375
17259,0.2,0.4,0.4,0.1,0.0,0.9,2.21,1.19,2.161,0.922340716373142,1.6822509765625
17430,0.2,0.45,0.35,0.0,0.0,1.0,2.1915,1.19,2.2,0.9160057314397416,1.5430908203125
17431,0.2,0.45,0.35,0.0,0.05,0.95,2.1915,1.19,2.188,0.9167478236253656,1.5716552734375
17432,0.2,0.45,0.35,0.0,0.1,0.9,2.1915,1.19,2.176,0.9174952070208692,1.6004638671875
17433,0.2,0.45,0.35,0.0,0.15,0.85,2.1915,1.19,2.164,0.9182479384192032,1.629638671875
17434,0.2,0.45,0.35,0.0,0.2,0.8,2.1915,1.19,2.152,0.9190060754290154,1.65869140625
17435,0.2,0.45,0.35,0.0,0.25,0.75,2.1915,1.19,2.14,0.9197696764893484,1.6881103515625
17450,0.2,0.45,0.35,0.05,0.0,0.95,2.1915,1.19,2.1805,0.9172143145965244,1.6156005859375
17451,0.2,0.45,0.35,0.05,0.05,0.9,2.1915,1.19,2.1685000000000003,0.9179650337869129,1.64453125
17452,0.2,0.45,0.35,0.05,0.1,0.85,2.1915,1.19,2.1565000000000003,0.918721136889021,1.673583984375
17469,0.2,0.45,0.35,0.1,0.0,0.9,2.1915,1.19,2.161,0.9184369636271108,1.6885986328125
17640,0.2,0.5,0.3,0.0,0.0,1.0,2.173,1.19,2.2,0.9121468891235316,1.5506591796875
17641,0.2,0.5,0.3,0.0,0.05,0.95,2.173,1.19,2.188,0.9128752731659366,1.5791015625
17642,0.2,0.5,0.3,0.0,0.1,0.9,2.173,1.19,2.176,0.9136088506774496,1.6075439453125
17643,0.2,0.5,0.3,0.0,0.15,0.85,2.173,1.19,2.164,0.9143476774019248,1.6361083984375
17644,0.2,0.5,0.3,0.0,0.2,0.8,2.173,1.19,2.152,0.9150918098838472,1.6649169921875
17645,0.2,0.5,0.3,0.0,0.25,0.75,2.173,1.19,2.14,0.9158413054827568,1.6937255859375
17660,0.2,0.5,0.3,0.05,0.0,0.95,2.173,1.19,2.1805,0.913333146979865,1.6226806640625
17661,0.2,0.5,0.3,0.05,0.05,0.9,2.173,1.19,2.1685000000000003,0.9140699986664867,1.6512451171875
17662,0.2,0.5,0.3,0.05,0.1,0.85,2.173,1.19,2.1565000000000003,0.9148121348116413,1.6800537109375
17679,0.2,0.5,0.3,0.1,0.0,0.9,2.173,1.19,2.161,0.9145332108810792,1.6949462890625
17850,0.2,0.55,0.25,0.0,0.0,1.0,2.1545,1.19,2.2,0.9082880468073216,1.5584716796875
17851,0.2,0.55,0.25,0.0,0.05,0.95,2.1545,1.19,2.188,0.9090027227065074,1.5863037109375
17852,0.2,0.55,0.25,0.0,0.1,0.9,2.1545,1.19,2.176,0.9097224943340296,1.614501953125
17853,0.2,0.55,0.25,0.0,0.15,0.85,2.1545,1.19,2.164,0.9104474163846468,1.6427001953125
17854,0.2,0.55,0.25,0.0,0.2,0.8,2.1545,1.19,2.152,0.9111775443386794,1.6710205078125
17855,0.2,0.55,0.25,0.0,0.25,0.75,2.1545,1.19,2.14,0.9119129344761646,1.6995849609375
17870,0.2,0.55,0.25,0.05,0.0,0.95,2.1545,1.19,2.1805,0.9094519793632052,1.6300048828125
17871,0.2,0.55,0.25,0.05,0.05,0.9,2.1545,1.19,2.1685000000000003,0.9101749635460606,1.6580810546875
17872,0.2,0.55,0.25,0.05,0.1,0.85,2.1545,1.19,2.1565000000000003,0.9109031327342616,1.686279296875
18060,0.2,0.6,0.2,0.0,0.0,1.0,2.136,1.19,2.2,0.904429204491112,1.5662841796875
18061,0.2,0.6,0.2,0.0,0.05,0.95,2.136,1.19,2.188,0.9051301722470784,1.59375
18062,0.2,0.6,0.2,0.0,0.1,0.9,2.136,1.19,2.176,0.90583613799061,1.621337890625
18063,0.2,0.6,0.2,0.0,0.15,0.85,2.136,1.19,2.164,0.9065471553673686,1.6492919921875
18064,0.2,0.6,0.2,0.0,0.2,0.8,2.136,1.19,2.152,0.9072632787935117,1.6771240234375
18080,0.2,0.6,0.2,0.05,0.0,0.95,2.136,1.19,2.1805,0.9055708117465456,1.636962890625
18081,0.2,0.6,0.2,0.05,0.05,0.9,2.136,1.19,2.1685000000000003,0.9062799284256348,1.6646728515625
18082,0.2,0.6,0.2,0.05,0.1,0.85,2.136,1.19,2.1565000000000003,0.9069941306568818,1.692626953125
18270,0.2,0.65,0.15,0.0,0.0,1.0,2.1175,1.19,2.2,0.9005703621749025,1.573974609375
18271,0.2,0.65,0.15,0.0,0.05,0.95,2.1175,1.19,2.188,0.9012576217876496,1.6011962890625
18272,0.2,0.65,0.15,0.0,0.1,0.9,2.1175,1.19,2.176,0.90194978164719,1.6282958984375
18273,0.2,0.65,0.15,0.0,0.15,0.85,2.1175,1.19,2.164,0.9026468943500904,1.6556396484375
18274,0.2,0.65,0.15,0.0,0.2,0.8,2.1175,1.19,2.152,0.9033490132483436,1.6832275390625
18290,0.2,0.65,0.15,0.05,0.0,0.95,2.1175,1.19,2.1805,0.901689644129886,1.6441650390625
18291,0.2,0.65,0.15,0.05,0.05,0.9,2.1175,1.19,2.1685000000000003,0.9023848933052084,1.67138671875
18292,0.2,0.65,0.15,0.05,0.1,0.85,2.1175,1.19,2.1565000000000003,0.9030851285795024,1.6988525390625
18901,0.25,0.0,0.75,0.0,0.05,0.95,2.315,1.19,2.188,0.9425997145302024,1.5150146484375
18902,0.25,0.0,0.75,0.0,0.1,0.9,2.315,1.19,2.176,0.9434392615296447,1.5465087890625
18903,0.25,0.0,0.75,0.0,0.15,0.85,2.315,1.19,2.164,0.9442848160210332,1.578369140625
18904,0.25,0.0,0.75,0.0,0.2,0.8,2.315,1.19,2.152,0.945136442717028,1.6102294921875
18905,0.25,0.0,0.75,0.0,0.25,0.75,2.315,1.19,2.14,0.9459942072630838,1.642333984375
18906,0.25,0.0,0.75,0.0,0.3,0.7,2.315,1.19,2.128,0.9468581762543188,1.674560546875
18920,0.25,0.0,0.75,0.05,0.0,0.95,2.315,1.19,2.1805,0.9431237308482788,1.5606689453125
18921,0.25,0.0,0.75,0.05,0.05,0.9,2.315,1.19,2.1685000000000003,0.943967024996244,1.5924072265625
18922,0.25,0.0,0.75,0.05,0.1,0.85,2.315,1.19,2.1565000000000003,0.9448163669731504,1.6241455078125
18923,0.25,0.0,0.75,0.05,0.15,0.8,2.315,1.19,2.1445000000000003,0.9456718220726972,1.65625
18924,0.25,0.0,0.75,0.05,0.2,0.75,2.315,1.19,2.1325000000000003,0.9465334565318796,1.6883544921875
18939,0.25,0.0,0.75,0.1,0.0,0.9,2.315,1.19,2.161,0.9444971508776444,1.6380615234375
18940,0.25,0.0,0.75,0.1,0.05,0.85,2.315,1.19,2.149,0.9453503058450878,1.6700439453125
19111,0.25,0.05,0.7,0.0,0.05,0.95,2.2964999999999995,1.19,2.188,0.9387271640707732,1.5224609375
19112,0.25,0.05,0.7,0.0,0.1,0.9,2.2964999999999995,1.19,2.176,0.939552905186225,1.5537109375
19113,0.25,0.05,0.7,0.0,0.15,0.85,2.2964999999999995,1.19,2.164,0.9403845550037552,1.5849609375
19114,0.25,0.05,0.7,0.0,0.2,0.8,2.2964999999999995,1.19,2.152,0.94122217717186,1.6163330078125
19115,0.25,0.05,0.7,0.0,0.25,0.75,2.2964999999999995,1.19,2.14,0.9420658362564917,1.6480712890625
19116,0.25,0.05,0.7,0.0,0.3,0.7,2.2964999999999995,1.19,2.128,0.942915597757649,1.6798095703125
19130,0.25,0.05,0.7,0.05,0.0,0.95,2.2964999999999995,1.19,2.1805,0.9392425632316194,1.56787109375
19131,0.25,0.05,0.7,0.05,0.05,0.9,2.2964999999999995,1.19,2.1685000000000003,0.940071989875818,1.5989990234375
19132,0.25,0.05,0.7,0.05,0.1,0.85,2.2964999999999995,1.19,2.1565000000000003,0.9409073648957704,1.6304931640625
19133,0.25,0.05,0.7,0.05,0.15,0.8,2.2964999999999995,1.19,2.1445000000000003,0.941748752511458,1.6622314453125
19134,0.25,0.05,0.7,0.05,0.2,0.75,2.2964999999999995,1.19,2.1325000000000003,0.9425962178706452,1.6939697265625
19149,0.25,0.05,0.7,0.1,0.0,0.9,2.2964999999999995,1.19,2.161,0.940593398131613,1.6446533203125
19150,0.25,0.05,0.7,0.1,0.05,0.85,2.2964999999999995,1.19,2.149,0.9414325234395916,1.676025390625
19321,0.25,0.1,0.65,0.0,0.05,0.95,2.278,1.19,2.188,0.934854613611344,1.5296630859375
19322,0.25,0.1,0.65,0.0,0.1,0.9,2.278,1.19,2.176,0.9356665488428052,1.560546875
19323,0.25,0.1,0.65,0.0,0.15,0.85,2.278,1.19,2.164,0.936484293986477,1.5914306640625
19324,0.25,0.1,0.65,0.0,0.2,0.8,2.278,1.19,2.152,0.937307911626692,1.62255859375
19325,0.25,0.1,0.65,0.0,0.25,0.75,2.278,1.19,2.14,0.9381374652498996,1.6536865234375
19326,0.25,0.1,0.65,0.0,0.3,0.7,2.278,1.19,2.128,0.938973019260979,1.6851806640625
19340,0.25,0.1,0.65,0.05,0.0,0.95,2.278,1.19,2.1805,0.9353613956149596,1.574951171875
19341,0.25,0.1,0.65,0.05,0.05,0.9,2.278,1.19,2.1685000000000003,0.9361769547553918,1.605712890625
19342,0.25,0.1,0.65,0.05,0.1,0.85,2.278,1.19,2.1565000000000003,0.9369983628183908,1.63671875
19343,0.25,0.1,0.65,0.05,0.15,0.8,2.278,1.19,2.1445000000000003,0.9378256829502192,1.66796875
19344,0.25,0.1,0.65,0.05,0.2,0.75,2.278,1.19,2.1325000000000003,0.9386589792094108,1.6993408203125
19359,0.25,0.1,0.65,0.1,0.0,0.9,2.278,1.19,2.161,0.9366896453855816,1.6510009765625
19360,0.25,0.1,0.65,0.1,0.05,0.85,2.278,1.19,2.149,0.9375147410340956,1.68212890625
19530,0.25,0.15,0.6,0.0,0.0,1.0,2.2595,1.19,2.2,0.9301895842777016,1.5069580078125
19531,0.25,0.15,0.6,0.0,0.05,0.95,2.2595,1.19,2.188,0.9309820631519156,1.537109375
19532,0.25,0.15,0.6,0.0,0.1,0.9,2.2595,1.19,2.176,0.9317801924993856,1.5673828125
19533,0.25,0.15,0.6,0.0,0.15,0.85,2.2595,1.19,2.164,0.9325840329691988,1.5980224609375
19534,0.25,0.15,0.6,0.0,0.2,0.8,2.2595,1.19,2.152,0.9333936460815244,1.628662109375
19535,0.25,0.15,0.6,0.0,0.25,0.75,2.2595,1.19,2.14,0.934209094243308,1.6595458984375
19536,0.25,0.15,0.6,0.0,0.3,0.7,2.2595,1.19,2.128,0.935030440764309,1.6904296875
19550,0.25,0.15,0.6,0.05,0.0,0.95,2.2595,1.19,2.1805,0.9314802279983,1.58203125
19551,0.25,0.15,0.6,0.05,0.05,0.9,2.2595,1.19,2.1685000000000003,0.9322819196349658,1.6124267578125
19552,0.25,0.15,0.6,0.05,0.1,0.85,2.2595,1.19,2.1565000000000003,0.9330893607410112,1.64306640625
19553,0.25,0.15,0.6,0.05,0.15,0.8,2.2595,1.19,2.1445000000000003,0.9339026133889804,1.6737060546875
19569,0.25,0.15,0.6,0.1,0.0,0.9,2.2595,1.19,2.161,0.9327858926395504,1.6575927734375
19570,0.25,0.15,0.6,0.1,0.05,0.85,2.2595,1.19,2.149,0.9335969586285998,1.688232421875
19740,0.25,0.2,0.55,0.0,0.0,1.0,2.241,1.19,2.2,0.926330741961492,1.5147705078125
19741,0.25,0.2,0.55,0.0,0.05,0.95,2.241,1.19,2.188,0.9271095126924864,1.544677734375
19742,0.25,0.2,0.55,0.0,0.1,0.9,2.241,1.19,2.176,0.9278938361559655,1.5745849609375
19743,0.25,0.2,0.55,0.0,0.15,0.85,2.241,1.19,2.164,0.9286837719519206,1.6046142578125
19744,0.25,0.2,0.55,0.0,0.2,0.8,2.241,1.19,2.152,0.9294793805363564,1.6348876953125
19745,0.25,0.2,0.55,0.0,0.25,0.75,2.241,1.19,2.14,0.930280723236716,1.665283203125
19746,0.25,0.2,0.55,0.0,0.3,0.7,2.241,1.19,2.128,0.9310878622676388,1.6959228515625
19760,0.25,0.2,0.55,0.05,0.0,0.95,2.241,1.19,2.1805,0.9275990603816406,1.589111328125
19761,0.25,0.2,0.55,0.05,0.05,0.9,2.241,1.19,2.1685000000000003,0.9283868845145395,1.619140625
19762,0.25,0.2,0.55,0.05,0.1,0.85,2.241,1.19,2.1565000000000003,0.9291803586636316,1.6494140625
19763,0.25,0.2,0.55,0.05,0.15,0.8,2.241,1.19,2.1445000000000003,0.9299795438277416,1.6796875
19779,0.25,0.2,0.55,0.1,0.0,0.9,2.241,1.19,2.161,0.928882139893519,1.6639404296875
19780,0.25,0.2,0.55,0.1,0.05,0.85,2.241,1.19,2.149,0.929679176223104,1.6942138671875
19950,0.25,0.25,0.5,0.0,0.0,1.0,2.2225,1.19,2.2,0.922471899645282,1.5225830078125
19951,0.25,0.25,0.5,0.0,0.05,0.95,2.2225,1.19,2.188,0.9232369622330574,1.5518798828125
19952,0.25,0.25,0.5,0.0,0.1,0.9,2.2225,1.19,2.176,0.9240074798125458,1.58154296875
19953,0.25,0.25,0.5,0.0,0.15,0.85,2.2225,1.19,2.164,0.9247835109346424,1.6112060546875
19954,0.25,0.25,0.5,0.0,0.2,0.8,2.2225,1.19,2.152,0.9255651149911884,1.6409912109375
19955,0.25,0.25,0.5,0.0,0.25,0.75,2.2225,1.19,2.14,0.9263523522301242,1.6710205078125
19970,0.25,0.25,0.5,0.05,0.0,0.95,2.2225,1.19,2.1805,0.9237178927649812,1.5963134765625
19971,0.25,0.25,0.5,0.05,0.05,0.9,2.2225,1.19,2.1685000000000003,0.9244918493941132,1.6258544921875
19972,0.25,0.25,0.5,0.05,0.1,0.85,2.2225,1.19,2.1565000000000003,0.9252713565862518,1.6556396484375
19973,0.25,0.25,0.5,0.05,0.15,0.8,2.2225,1.19,2.1445000000000003,0.9260564742665028,1.6856689453125
19989,0.25,0.25,0.5,0.1,0.0,0.9,2.2225,1.19,2.161,0.9249783871474876,1.67041015625
20160,0.25,0.3,0.45,0.0,0.0,1.0,2.204,1.19,2.2,0.9186130573290724,1.5303955078125
20161,0.25,0.3,0.45,0.0,0.05,0.95,2.204,1.19,2.188,0.9193644117736284,1.559326171875
20162,0.25,0.3,0.45,0.0,0.1,0.9,2.204,1.19,2.176,0.920121123469126,1.58837890625
20163,0.25,0.3,0.45,0.0,0.15,0.85,2.204,1.19,2.164,0.9208832499173644,1.6177978515625
20164,0.25,0.3,0.45,0.0,0.2,0.8,2.204,1.19,2.152,0.9216508494460206,1.6470947265625
20165,0.25,0.3,0.45,0.0,0.25,0.75,2.204,1.19,2.14,0.922423981223532,1.6767578125
20180,0.25,0.3,0.45,0.05,0.0,0.95,2.204,1.19,2.1805,0.9198367251483214,1.603271484375
20181,0.25,0.3,0.45,0.05,0.05,0.9,2.204,1.19,2.1685000000000003,0.9205968142736872,1.632568359375
20182,0.25,0.3,0.45,0.05,0.1,0.85,2.204,1.19,2.1565000000000003,0.921362354508872,1.6619873046875
20183,0.25,0.3,0.45,0.05,0.15,0.8,2.204,1.19,2.1445000000000003,0.9221334047052636,1.69140625
20199,0.25,0.3,0.45,0.1,0.0,0.9,2.204,1.19,2.161,0.9210746344014562,1.6768798828125
20370,0.25,0.35,0.4,0.0,0.0,1.0,2.1855,1.19,2.2,0.9147542150128626,1.5379638671875
20371,0.25,0.35,0.4,0.0,0.05,0.95,2.1855,1.19,2.188,0.9154918613141996,1.566650390625
20372,0.25,0.35,0.4,0.0,0.1,0.9,2.1855,1.19,2.176,0.9162347671257062,1.5953369140625
20373,0.25,0.35,0.4,0.0,0.15,0.85,2.1855,1.19,2.164,0.916982988900086,1.6241455078125
20374,0.25,0.35,0.4,0.0,0.2,0.8,2.1855,1.19,2.152,0.9177365839008528,1.6533203125
20375,0.25,0.35,0.4,0.0,0.25,0.75,2.1855,1.19,2.14,0.9184956102169404,1.6824951171875
20390,0.25,0.35,0.4,0.05,0.0,0.95,2.1855,1.19,2.1805,0.915955557531662,1.610595703125
20391,0.25,0.35,0.4,0.05,0.05,0.9,2.1855,1.19,2.1685000000000003,0.9167017791532612,1.6392822265625
20392,0.25,0.35,0.4,0.05,0.1,0.85,2.1855,1.19,2.1565000000000003,0.9174533524314924,1.6683349609375
20393,0.25,0.35,0.4,0.05,0.15,0.8,2.1855,1.19,2.1445000000000003,0.9182103351440246,1.6973876953125
20409,0.25,0.35,0.4,0.1,0.0,0.9,2.1855,1.19,2.161,0.9171708816554248,1.6832275390625
20580,0.25,0.4,0.35,0.0,0.0,1.0,2.167,1.19,2.2,0.9108953726966528,1.5458984375
20581,0.25,0.4,0.35,0.0,0.05,0.95,2.167,1.19,2.188,0.9116193108547704,1.5740966796875
20582,0.25,0.4,0.35,0.0,0.1,0.9,2.167,1.19,2.176,0.9123484107822862,1.6024169921875
20583,0.25,0.4,0.35,0.0,0.15,0.85,2.167,1.19,2.164,0.9130827278828076,1.6307373046875
20584,0.25,0.4,0.35,0.0,0.2,0.8,2.167,1.19,2.152,0.9138223183556848,1.659423828125
20585,0.25,0.4,0.35,0.0,0.25,0.75,2.167,1.19,2.14,0.9145672392103484,1.688232421875
20600,0.25,0.4,0.35,0.05,0.0,0.95,2.167,1.19,2.1805,0.9120743899150024,1.61767578125
20601,0.25,0.4,0.35,0.05,0.05,0.9,2.167,1.19,2.1685000000000003,0.912806744032835,1.64599609375
20602,0.25,0.4,0.35,0.05,0.1,0.85,2.167,1.19,2.1565000000000003,0.9135443503541126,1.674560546875
20619,0.25,0.4,0.35,0.1,0.0,0.9,2.167,1.19,2.161,0.9132671289093932,1.689697265625
20790,0.25,0.45,0.3,0.0,0.0,1.0,2.1485,1.19,2.2,0.9070365303804429,1.5535888671875
20791,0.25,0.45,0.3,0.0,0.05,0.95,2.1485,1.19,2.188,0.9077467603953412,1.581298828125
20792,0.25,0.45,0.3,0.0,0.1,0.9,2.1485,1.19,2.176,0.9084620544388664,1.609375
20793,0.25,0.45,0.3,0.0,0.15,0.85,2.1485,1.19,2.164,0.9091824668655296,1.6373291015625
20794,0.25,0.45,0.3,0.0,0.2,0.8,2.1485,1.19,2.152,0.9099080528105168,1.6656494140625
20795,0.25,0.45,0.3,0.0,0.25,0.75,2.1485,1.19,2.14,0.9106388682037564,1.6939697265625
20810,0.25,0.45,0.3,0.05,0.0,0.95,2.1485,1.19,2.1805,0.9081932222983428,1.6246337890625
20811,0.25,0.45,0.3,0.05,0.05,0.9,2.1485,1.19,2.1685000000000003,0.9089117089124088,1.6527099609375
20812,0.25,0.45,0.3,0.05,0.1,0.85,2.1485,1.19,2.1565000000000003,0.9096353482767328,1.680908203125
20829,0.25,0.45,0.3,0.1,0.0,0.9,2.1485,1.19,2.161,0.9093633761633622,1.6962890625
21000,0.25,0.5,0.25,0.0,0.0,1.0,2.13,1.19,2.2,0.9031776880642332,1.5614013671875
21001,0.25,0.5,0.25,0.0,0.05,0.95,2.13,1.19,2.188,0.9038742099359124,1.5887451171875
21002,0.25,0.5,0.25,0.0,0.1,0.9,2.13,1.19,2.176,0.9045756980954468,1.6162109375
21003,0.25,0.5,0.25,0.0,0.15,0.85,2.13,1.19,2.164,0.9052822058482514,1.643798828125
21004,0.25,0.5,0.25,0.0,0.2,0.8,2.13,1.19,2.152,0.905993787265349,1.6717529296875
21005,0.25,0.5,0.25,0.0,0.25,0.75,2.13,1.19,2.14,0.9067104971971643,1.69970703125
21020,0.25,0.5,0.25,0.05,0.0,0.95,2.13,1.19,2.1805,0.904312054681683,1.6318359375
21021,0.25,0.5,0.25,0.05,0.05,0.9,2.13,1.19,2.1685000000000003,0.9050166737919828,1.659423828125
21022,0.25,0.5,0.25,0.05,0.1,0.85,2.13,1.19,2.1565000000000003,0.9057263461993532,1.687255859375
21211,0.25,0.55,0.2,0.0,0.05,0.95,2.1115000000000004,1.19,2.188,0.9000016594764835,1.5960693359375
21212,0.25,0.55,0.2,0.0,0.1,0.9,2.1115000000000004,1.19,2.176,0.900689341752027,1.623291015625
21213,0.25,0.55,0.2,0.0,0.15,0.85,2.1115000000000004,1.19,2.164,0.9013819448309732,1.6505126953125
21214,0.25,0.55,0.2,0.0,0.2,0.8,2.1115000000000004,1.19,2.152,0.9020795217201812,1.677978515625
21230,0.25,0.55,0.2,0.05,0.0,0.95,2.1115000000000004,1.19,2.1805,0.9004308870650235,1.6390380859375
21231,0.25,0.55,0.2,0.05,0.05,0.9,2.1115000000000004,1.19,2.1685000000000003,0.9011216386715568,1.6661376953125
21232,0.25,0.55,0.2,0.05,0.1,0.85,2.1115000000000004,1.19,2.1565000000000003,0.9018173441219736,1.6934814453125
22051,0.3,0.0,0.7,0.0,0.05,0.95,2.272,1.19,2.188,0.933598651300178,1.5247802734375
22052,0.3,0.0,0.7,0.0,0.1,0.9,2.272,1.19,2.176,0.934406108947642,1.555419921875
22053,0.3,0.0,0.7,0.0,0.15,0.85,2.272,1.19,2.164,0.9352193444673595,1.5860595703125
22054,0.3,0.0,0.7,0.0,0.2,0.8,2.272,1.19,2.152,0.9360384200985294,1.6170654296875
22055,0.3,0.0,0.7,0.0,0.25,0.75,2.272,1.19,2.14,0.9368633989774916,1.648193359375
22056,0.3,0.0,0.7,0.0,0.3,0.7,2.272,1.19,2.128,0.9376943451539508,1.679443359375
22070,0.3,0.0,0.7,0.05,0.0,0.95,2.272,1.19,2.1805,0.9341026385500972,1.5697021484375
22071,0.3,0.0,0.7,0.05,0.05,0.9,2.272,1.19,2.1685000000000003,0.93491370012174,1.6004638671875
22072,0.3,0.0,0.7,0.05,0.1,0.85,2.272,1.19,2.1565000000000003,0.9357305783608622,1.63134765625
22073,0.3,0.0,0.7,0.05,0.15,0.8,2.272,1.19,2.1445000000000003,0.9365533360654932,1.6624755859375
22074,0.3,0.0,0.7,0.05,0.2,0.75,2.272,1.19,2.1325000000000003,0.9373820369409024,1.6937255859375
22089,0.3,0.0,0.7,0.1,0.0,0.9,2.272,1.19,2.161,0.935423563413896,1.645751953125
22090,0.3,0.0,0.7,0.1,0.05,0.85,2.272,1.19,2.149,0.9362441089025836,1.6766357421875
22260,0.3,0.05,0.65,0.0,0.0,1.0,2.2535,1.19,2.2,0.9289380678508228,1.502197265625
22261,0.3,0.05,0.65,0.0,0.05,0.95,2.2535,1.19,2.188,0.9297261008407492,1.5322265625
22262,0.3,0.05,0.65,0.0,0.1,0.9,2.2535,1.19,2.176,0.9305197526042224,1.5625
22263,0.3,0.05,0.65,0.0,0.15,0.85,2.2535,1.19,2.164,0.9313190834500816,1.5928955078125
22264,0.3,0.05,0.65,0.0,0.2,0.8,2.2535,1.19,2.152,0.9321241545533616,1.623291015625
22265,0.3,0.05,0.65,0.0,0.25,0.75,2.2535,1.19,2.14,0.9329350279708996,1.654052734375
22266,0.3,0.05,0.65,0.0,0.3,0.7,2.2535,1.19,2.128,0.9337517666572808,1.6849365234375
22280,0.3,0.05,0.65,0.05,0.0,0.95,2.2535,1.19,2.1805,0.9302214709334374,1.576904296875
22281,0.3,0.05,0.65,0.05,0.05,0.9,2.2535,1.19,2.1685000000000003,0.931018665001314,1.6070556640625
22282,0.3,0.05,0.65,0.05,0.1,0.85,2.2535,1.19,2.1565000000000003,0.9318215762834824,1.6376953125
22283,0.3,0.05,0.65,0.05,0.15,0.8,2.2535,1.19,2.1445000000000003,0.932630266504254,1.6683349609375
22284,0.3,0.05,0.65,0.05,0.2,0.75,2.2535,1.19,2.1325000000000003,0.933444798279668,1.6990966796875
22299,0.3,0.05,0.65,0.1,0.0,0.9,2.2535,1.19,2.161,0.9315198106678646,1.6522216796875
22300,0.3,0.05,0.65,0.1,0.05,0.85,2.2535,1.19,2.149,0.9323263264970876,1.6827392578125
22470,0.3,0.1,0.6,0.0,0.0,1.0,2.235,1.19,2.2,0.9250792255346132,1.510009765625
22471,0.3,0.1,0.6,0.0,0.05,0.95,2.235,1.19,2.188,0.9258535503813204,1.5396728515625
22472,0.3,0.1,0.6,0.0,0.1,0.9,2.235,1.19,2.176,0.9266333962608024,1.5693359375
22473,0.3,0.1,0.6,0.0,0.15,0.85,2.235,1.19,2.164,0.9274188224328032,1.5992431640625
22474,0.3,0.1,0.6,0.0,0.2,0.8,2.235,1.19,2.152,0.928209889008194,1.6295166015625
22475,0.3,0.1,0.6,0.0,0.25,0.75,2.235,1.19,2.14,0.9290066569643078,1.65966796875
22476,0.3,0.1,0.6,0.0,0.3,0.7,2.235,1.19,2.128,0.9298091881606106,1.6903076171875
22490,0.3,0.1,0.6,0.05,0.0,0.95,2.235,1.19,2.1805,0.926340303316778,1.5841064453125
22491,0.3,0.1,0.6,0.05,0.05,0.9,2.235,1.19,2.1685000000000003,0.9271236298808878,1.6138916015625
22492,0.3,0.1,0.6,0.05,0.1,0.85,2.235,1.19,2.1565000000000003,0.927912574206103,1.6439208984375
22493,0.3,0.1,0.6,0.05,0.15,0.8,2.235,1.19,2.1445000000000003,0.9287071969430152,1.6741943359375
22509,0.3,0.1,0.6,0.1,0.0,0.9,2.235,1.19,2.161,0.927616057921833,1.6585693359375
22510,0.3,0.1,0.6,0.1,0.05,0.85,2.235,1.19,2.149,0.9284085440915916,1.6888427734375
22680,0.3,0.15,0.55,0.0,0.0,1.0,2.2165,1.19,2.2,0.9212203832184032,1.5177001953125
22681,0.3,0.15,0.55,0.0,0.05,0.95,2.2165,1.19,2.188,0.9219809999218912,1.5469970703125
22682,0.3,0.15,0.55,0.0,0.1,0.9,2.2165,1.19,2.176,0.9227470399173826,1.5762939453125
22683,0.3,0.15,0.55,0.0,0.15,0.85,2.2165,1.19,2.164,0.923518561415525,1.6058349609375
22684,0.3,0.15,0.55,0.0,0.2,0.8,2.2165,1.19,2.152,0.924295623463026,1.6356201171875
22685,0.3,0.15,0.55,0.0,0.25,0.75,2.2165,1.19,2.14,0.925078285957716,1.6654052734375
22686,0.3,0.15,0.55,0.0,0.3,0.7,2.2165,1.19,2.128,0.9258666096639409,1.6954345703125
22700,0.3,0.15,0.55,0.05,0.0,0.95,2.2165,1.19,2.1805,0.9224591357001184,1.5911865234375
22701,0.3,0.15,0.55,0.05,0.05,0.9,2.2165,1.19,2.1685000000000003,0.9232285947604616,1.6207275390625
22702,0.3,0.15,0.55,0.05,0.1,0.85,2.2165,1.19,2.1565000000000003,0.9240035721287232,1.6502685546875
22703,0.3,0.15,0.55,0.05,0.15,0.8,2.2165,1.19,2.1445000000000003,0.9247841273817764,1.6802978515625
22719,0.3,0.15,0.55,0.1,0.0,0.9,2.2165,1.19,2.161,0.9237123051758016,1.6650390625
22720,0.3,0.15,0.55,0.1,0.05,0.85,2.2165,1.19,2.149,0.9244907616860956,1.6947021484375
22890,0.3,0.2,0.5,0.0,0.0,1.0,2.198,1.19,2.2,0.9173615409021934,1.5255126953125
22891,0.3,0.2,0.5,0.0,0.05,0.95,2.198,1.19,2.188,0.918108449462462,1.5543212890625
22892,0.3,0.2,0.5,0.0,0.1,0.9,2.198,1.19,2.176,0.9188606835739628,1.583251953125
22893,0.3,0.2,0.5,0.0,0.15,0.85,2.198,1.19,2.164,0.919618300398247,1.6124267578125
22894,0.3,0.2,0.5,0.0,0.2,0.8,2.198,1.19,2.152,0.920381357917858,1.6417236328125
22895,0.3,0.2,0.5,0.0,0.25,0.75,2.198,1.19,2.14,0.921149914951124,1.6712646484375
22910,0.3,0.2,0.5,0.05,0.0,0.95,2.198,1.19,2.1805,0.9185779680834588,1.5982666015625
22911,0.3,0.2,0.5,0.05,0.05,0.9,2.198,1.19,2.1685000000000003,0.9193335596400356,1.6273193359375
22912,0.3,0.2,0.5,0.05,0.1,0.85,2.198,1.19,2.1565000000000003,0.9200945700513432,1.6566162109375
22913,0.3,0.2,0.5,0.05,0.15,0.8,2.198,1.19,2.1445000000000003,0.9208610578205376,1.6861572265625
22929,0.3,0.2,0.5,0.1,0.0,0.9,2.198,1.19,2.161,0.9198085524297704,1.6715087890625
23100,0.3,0.25,0.45,0.0,0.0,1.0,2.1795,1.19,2.2,0.9135026985859837,1.5333251953125
23101,0.3,0.25,0.45,0.0,0.05,0.95,2.1795,1.19,2.188,0.9142358990030331,1.5616455078125
23102,0.3,0.25,0.45,0.0,0.1,0.9,2.1795,1.19,2.176,0.9149743272305428,1.5902099609375
23103,0.3,0.25,0.45,0.0,0.15,0.85,2.1795,1.19,2.164,0.9157180393809689,1.618896484375
23104,0.3,0.25,0.45,0.0,0.2,0.8,2.1795,1.19,2.152,0.9164670923726902,1.6478271484375
23105,0.3,0.25,0.45,0.0,0.25,0.75,2.1795,1.19,2.14,0.917221543944532,1.6768798828125
23120,0.3,0.25,0.45,0.05,0.0,0.95,2.1795,1.19,2.1805,0.9146968004667992,1.60546875
23121,0.3,0.25,0.45,0.05,0.05,0.9,2.1795,1.19,2.1685000000000003,0.9154385245196096,1.634033203125
23122,0.3,0.25,0.45,0.05,0.1,0.85,2.1795,1.19,2.1565000000000003,0.9161855679739638,1.662841796875
23123,0.3,0.25,0.45,0.05,0.15,0.8,2.1795,1.19,2.1445000000000003,0.9169379882592984,1.6920166015625
23139,0.3,0.25,0.45,0.1,0.0,0.9,2.1795,1.19,2.161,0.9159047996837392,1.677978515625
23310,0.3,0.3,0.4,0.0,0.0,1.0,2.161,1.19,2.2,0.909643856269774,1.5408935546875
23311,0.3,0.3,0.4,0.0,0.05,0.95,2.161,1.19,2.188,0.9103633485436043,1.5689697265625
23312,0.3,0.3,0.4,0.0,0.1,0.9,2.161,1.19,2.176,0.911087970887123,1.59716796875
23313,0.3,0.3,0.4,0.0,0.15,0.85,2.161,1.19,2.164,0.9118177783636904,1.62548828125
23314,0.3,0.3,0.4,0.0,0.2,0.8,2.161,1.19,2.152,0.9125528268275224,1.654052734375
23315,0.3,0.3,0.4,0.0,0.25,0.75,2.161,1.19,2.14,0.9132931729379402,1.6826171875
23330,0.3,0.3,0.4,0.05,0.0,0.95,2.161,1.19,2.1805,0.9108156328501398,1.6124267578125
23331,0.3,0.3,0.4,0.05,0.05,0.9,2.161,1.19,2.1685000000000003,0.9115434893991832,1.6407470703125
23332,0.3,0.3,0.4,0.05,0.1,0.85,2.161,1.19,2.1565000000000003,0.9122765658965842,1.669189453125
23333,0.3,0.3,0.4,0.05,0.15,0.8,2.161,1.19,2.1445000000000003,0.9130149186980596,1.6978759765625
23349,0.3,0.3,0.4,0.1,0.0,0.9,2.161,1.19,2.161,0.9120010469377076,1.6844482421875
23520,0.3,0.35,0.35,0.0,0.0,1.0,2.1425,1.19,2.2,0.905785013953564,1.5487060546875
23521,0.3,0.35,0.35,0.0,0.05,0.95,2.1425,1.19,2.188,0.9064907980841752,1.5762939453125
23522,0.3,0.35,0.35,0.0,0.1,0.9,2.1425,1.19,2.176,0.9072016145437032,1.6041259765625
23523,0.3,0.35,0.35,0.0,0.15,0.85,2.1425,1.19,2.164,0.907917517346412,1.6319580078125
23524,0.3,0.35,0.35,0.0,0.2,0.8,2.1425,1.19,2.152,0.9086385612823544,1.6600341796875
23525,0.3,0.35,0.35,0.0,0.25,0.75,2.1425,1.19,2.14,0.9093648019313484,1.6883544921875
23540,0.3,0.35,0.35,0.05,0.0,0.95,2.1425,1.19,2.1805,0.9069344652334804,1.61962890625
23541,0.3,0.35,0.35,0.05,0.05,0.9,2.1425,1.19,2.1685000000000003,0.9076484542787572,1.6473388671875
23542,0.3,0.35,0.35,0.05,0.1,0.85,2.1425,1.19,2.1565000000000003,0.9083675638192044,1.675537109375
23559,0.3,0.35,0.35,0.1,0.0,0.9,2.1425,1.19,2.161,0.9080972941916762,1.6910400390625
23730,0.3,0.4,0.3,0.0,0.0,1.0,2.124,1.19,2.2,0.9019261716373542,1.5565185546875
23731,0.3,0.4,0.3,0.0,0.05,0.95,2.124,1.19,2.188,0.902618247624746,1.5838623046875
23732,0.3,0.4,0.3,0.0,0.1,0.9,2.124,1.19,2.176,0.9033152582002836,1.6112060546875
23733,0.3,0.4,0.3,0.0,0.15,0.85,2.124,1.19,2.164,0.904017256329134,1.638671875
23734,0.3,0.4,0.3,0.0,0.2,0.8,2.124,1.19,2.152,0.9047242957371864,1.6663818359375
23735,0.3,0.4,0.3,0.0,0.25,0.75,2.124,1.19,2.14,0.9054364309247562,1.6942138671875
23750,0.3,0.4,0.3,0.05,0.0,0.95,2.124,1.19,2.1805,0.9030532976168206,1.626708984375
23751,0.3,0.4,0.3,0.05,0.05,0.9,2.124,1.19,2.1685000000000003,0.9037534191583312,1.6541748046875
23752,0.3,0.4,0.3,0.05,0.1,0.85,2.124,1.19,2.1565000000000003,0.9044585617418248,1.6817626953125
23769,0.3,0.4,0.3,0.1,0.0,0.9,2.124,1.19,2.161,0.9041935414456448,1.6973876953125
23943,0.3,0.45,0.25,0.0,0.15,0.85,2.1055,1.19,2.164,0.900116995311856,1.645263671875
23944,0.3,0.45,0.25,0.0,0.2,0.8,2.1055,1.19,2.152,0.9008100301920186,1.6724853515625
23945,0.3,0.45,0.25,0.0,0.25,0.75,2.1055,1.19,2.14,0.9015080599181644,1.699951171875
23962,0.3,0.45,0.25,0.05,0.1,0.85,2.1055,1.19,2.1565000000000003,0.900549559664445,1.6881103515625
24990,0.35,0.0,0.65,0.0,0.0,1.0,2.229,1.19,2.2,0.9238277091077344,1.5050048828125
24991,0.35,0.0,0.65,0.0,0.05,0.95,2.229,1.19,2.188,0.924597588070154,1.5345458984375
24992,0.35,0.0,0.65,0.0,0.1,0.9,2.229,1.19,2.176,0.9253729563656392,1.564208984375
24993,0.35,0.0,0.65,0.0,0.15,0.85,2.229,1.19,2.164,0.926153872913686,1.593994140625
24994,0.35,0.0,0.65,0.0,0.2,0.8,2.229,1.19,2.152,0.9269403974800312,1.6240234375
24995,0.35,0.0,0.65,0.0,0.25,0.75,2.229,1.19,2.14,0.9277325906918996,1.6541748046875
24996,0.35,0.0,0.65,0.0,0.3,0.7,2.229,1.19,2.128,0.9285305140535824,1.6844482421875
25010,0.35,0.0,0.65,0.05,0.0,0.95,2.229,1.19,2.1805,0.9250815462519154,1.5789794921875
25011,0.35,0.0,0.65,0.05,0.05,0.9,2.229,1.19,2.1685000000000003,0.925860375247236,1.6087646484375
25012,0.35,0.0,0.65,0.05,0.1,0.85,2.229,1.19,2.1565000000000003,0.9266447897485744,1.638671875
25013,0.35,0.0,0.65,0.05,0.15,0.8,2.229,1.19,2.1445000000000003,0.9274348500582892,1.6688232421875
25014,0.35,0.0,0.65,0.05,0.2,0.75,2.229,1.19,2.1325000000000003,0.9282306173499252,1.6990966796875
25029,0.35,0.0,0.65,0.1,0.0,0.9,2.229,1.19,2.161,0.9263499759501472,1.6531982421875
25030,0.35,0.0,0.65,0.1,0.05,0.85,2.229,1.19,2.149,0.9271379119600792,1.6832275390625
25200,0.35,0.05,0.6,0.0,0.0,1.0,2.2105,1.19,2.2,0.9199688667915242,1.5128173828125
25201,0.35,0.05,0.6,0.0,0.05,0.95,2.2105,1.19,2.188,0.920725037610725,1.5418701171875
25202,0.35,0.05,0.6,0.0,0.1,0.9,2.2105,1.19,2.176,0.9214866000222194,1.571044921875
25203,0.35,0.05,0.6,0.0,0.15,0.85,2.2105,1.19,2.164,0.9222536118964078,1.6005859375
25204,0.35,0.05,0.6,0.0,0.2,0.8,2.2105,1.19,2.152,0.9230261319348632,1.630126953125
25205,0.35,0.05,0.6,0.0,0.25,0.75,2.2105,1.19,2.14,0.9238042196853078,1.659912109375
25206,0.35,0.05,0.6,0.0,0.3,0.7,2.2105,1.19,2.128,0.9245879355569124,1.6898193359375
25220,0.35,0.05,0.6,0.05,0.0,0.95,2.2105,1.19,2.1805,0.9212003786352558,1.5860595703125
25221,0.35,0.05,0.6,0.05,0.05,0.9,2.2105,1.19,2.1685000000000003,0.9219653401268098,1.6153564453125
25222,0.35,0.05,0.6,0.05,0.1,0.85,2.2105,1.19,2.1565000000000003,0.9227357876711946,1.6448974609375
25223,0.35,0.05,0.6,0.05,0.15,0.8,2.2105,1.19,2.1445000000000003,0.9235117804970504,1.6746826171875
25239,0.35,0.05,0.6,0.1,0.0,0.9,2.2105,1.19,2.161,0.9224462232041156,1.6597900390625
25240,0.35,0.05,0.6,0.1,0.05,0.85,2.2105,1.19,2.149,0.9232201295545832,1.6893310546875
25410,0.35,0.1,0.55,0.0,0.0,1.0,2.192,1.19,2.2,0.9161100244753146,1.5206298828125
25411,0.35,0.1,0.55,0.0,0.05,0.95,2.192,1.19,2.188,0.916852487151296,1.5491943359375
25412,0.35,0.1,0.55,0.0,0.1,0.9,2.192,1.19,2.176,0.9176002436787996,1.5780029296875
25413,0.35,0.1,0.55,0.0,0.15,0.85,2.192,1.19,2.164,0.9183533508791296,1.6070556640625
25414,0.35,0.1,0.55,0.0,0.2,0.8,2.192,1.19,2.152,0.9191118663896956,1.63623046875
25415,0.35,0.1,0.55,0.0,0.25,0.75,2.192,1.19,2.14,0.919875848678716,1.66552734375
25416,0.35,0.1,0.55,0.0,0.3,0.7,2.192,1.19,2.128,0.9206453570602426,1.6951904296875
25430,0.35,0.1,0.55,0.05,0.0,0.95,2.192,1.19,2.1805,0.9173192110185964,1.5931396484375
25431,0.35,0.1,0.55,0.05,0.05,0.9,2.192,1.19,2.1685000000000003,0.9180703050063838,1.6220703125
25432,0.35,0.1,0.55,0.05,0.1,0.85,2.192,1.19,2.1565000000000003,0.918826785593815,1.6512451171875
25433,0.35,0.1,0.55,0.05,0.15,0.8,2.192,1.19,2.1445000000000003,0.9195887109358116,1.6805419921875
25449,0.35,0.1,0.55,0.1,0.0,0.9,2.192,1.19,2.161,0.9185424704580843,1.666259765625
25450,0.35,0.1,0.55,0.1,0.05,0.85,2.192,1.19,2.149,0.9193023471490874,1.695556640625
25620,0.35,0.15,0.5,0.0,0.0,1.0,2.1735,1.19,2.2,0.9122511821591048,1.5281982421875
25621,0.35,0.15,0.5,0.0,0.05,0.95,2.1735,1.19,2.188,0.9129799366918672,1.5565185546875
25622,0.35,0.15,0.5,0.0,0.1,0.9,2.1735,1.19,2.176,0.9137138873353796,1.5850830078125
25623,0.35,0.15,0.5,0.0,0.15,0.85,2.1735,1.19,2.164,0.9144530898618516,1.6136474609375
25624,0.35,0.15,0.5,0.0,0.2,0.8,2.1735,1.19,2.152,0.9151976008445276,1.6424560546875
25625,0.35,0.15,0.5,0.0,0.25,0.75,2.1735,1.19,2.14,0.9159474776721238,1.6712646484375
25640,0.35,0.15,0.5,0.05,0.0,0.95,2.1735,1.19,2.1805,0.9134380434019368,1.6002197265625
25641,0.35,0.15,0.5,0.05,0.05,0.9,2.1735,1.19,2.1685000000000003,0.9141752698859578,1.6287841796875
25642,0.35,0.15,0.5,0.05,0.1,0.85,2.1735,1.19,2.1565000000000003,0.9149177835164352,1.657470703125
25643,0.35,0.15,0.5,0.05,0.15,0.8,2.1735,1.19,2.1445000000000003,0.9156656413745724,1.6864013671875
25659,0.35,0.15,0.5,0.1,0.0,0.9,2.1735,1.19,2.161,0.9146387177120532,1.6727294921875
25830,0.35,0.2,0.45,0.0,0.0,1.0,2.155,1.19,2.2,0.9083923398428952,1.5361328125
25831,0.35,0.2,0.45,0.0,0.05,0.95,2.155,1.19,2.188,0.909107386232438,1.5640869140625
25832,0.35,0.2,0.45,0.0,0.1,0.9,2.155,1.19,2.176,0.9098275309919598,1.5921630859375
25833,0.35,0.2,0.45,0.0,0.15,0.85,2.155,1.19,2.164,0.9105528288445732,1.620361328125
25834,0.35,0.2,0.45,0.0,0.2,0.8,2.155,1.19,2.152,0.9112833352993598,1.6488037109375
25835,0.35,0.2,0.45,0.0,0.25,0.75,2.155,1.19,2.14,0.912019106665532,1.67724609375
25850,0.35,0.2,0.45,0.05,0.0,0.95,2.155,1.19,2.1805,0.9095568757852772,1.6075439453125
25851,0.35,0.2,0.45,0.05,0.05,0.9,2.155,1.19,2.1685000000000003,0.9102802347655315,1.6356201171875
25852,0.35,0.2,0.45,0.05,0.1,0.85,2.155,1.19,2.1565000000000003,0.9110087814390556,1.663818359375
25853,0.35,0.2,0.45,0.05,0.15,0.8,2.155,1.19,2.1445000000000003,0.9117425718133336,1.6923828125
25869,0.35,0.2,0.45,0.1,0.0,0.9,2.155,1.19,2.161,0.9107349649660218,1.67919921875
26040,0.35,0.25,0.4,0.0,0.0,1.0,2.1365,1.19,2.2,0.9045334975266852,1.5439453125
26041,0.35,0.25,0.4,0.0,0.05,0.95,2.1365,1.19,2.188,0.9052348357730092,1.5714111328125
26042,0.35,0.25,0.4,0.0,0.1,0.9,2.1365,1.19,2.176,0.90594117464854,1.5989990234375
26043,0.35,0.25,0.4,0.0,0.15,0.85,2.1365,1.19,2.164,0.9066525678272948,1.6268310546875
26044,0.35,0.25,0.4,0.0,0.2,0.8,2.1365,1.19,2.152,0.9073690697541916,1.6549072265625
26045,0.35,0.25,0.4,0.0,0.25,0.75,2.1365,1.19,2.14,0.9080907356589402,1.6829833984375
26060,0.35,0.25,0.4,0.05,0.0,0.95,2.1365,1.19,2.1805,0.9056757081686176,1.614501953125
26061,0.35,0.25,0.4,0.05,0.05,0.9,2.1365,1.19,2.1685000000000003,0.9063851996451054,1.642333984375
26062,0.35,0.25,0.4,0.05,0.1,0.85,2.1365,1.19,2.1565000000000003,0.907099779361676,1.670166015625
26063,0.35,0.25,0.4,0.05,0.15,0.8,2.1365,1.19,2.1445000000000003,0.9078195022520948,1.6982421875
26079,0.35,0.25,0.4,0.1,0.0,0.9,2.1365,1.19,2.161,0.9068312122199904,1.6856689453125
26250,0.35,0.3,0.35,0.0,0.0,1.0,2.118,1.19,2.2,0.9006746552104754,1.5516357421875
26251,0.35,0.3,0.35,0.0,0.05,0.95,2.118,1.19,2.188,0.90136228531358,1.5787353515625
26252,0.35,0.3,0.35,0.0,0.1,0.9,2.118,1.19,2.176,0.9020548183051204,1.6060791015625
26253,0.35,0.3,0.35,0.0,0.15,0.85,2.118,1.19,2.164,0.9027523068100168,1.6334228515625
26254,0.35,0.3,0.35,0.0,0.2,0.8,2.118,1.19,2.152,0.9034548042090236,1.6610107421875
26255,0.35,0.3,0.35,0.0,0.25,0.75,2.118,1.19,2.14,0.904162364652348,1.688720703125
26270,0.35,0.3,0.35,0.05,0.0,0.95,2.118,1.19,2.1805,0.901794540551958,1.6217041015625
26271,0.35,0.3,0.35,0.05,0.05,0.9,2.118,1.19,2.1685000000000003,0.9024901645246792,1.64892578125
26272,0.35,0.3,0.35,0.05,0.1,0.85,2.118,1.19,2.1565000000000003,0.903190777284296,1.676513671875
26289,0.35,0.3,0.35,0.1,0.0,0.9,2.118,1.19,2.161,0.902927459473959,1.692138671875
26465,0.35,0.35,0.3,0.0,0.25,0.75,2.0995,1.19,2.14,0.9002339936457561,1.6944580078125
27720,0.4,0.0,0.6,0.0,0.0,1.0,2.186,1.19,2.2,0.9148585080484356,1.5155029296875
27721,0.4,0.0,0.6,0.0,0.05,0.95,2.186,1.19,2.188,0.91559652484013,1.544189453125
27722,0.4,0.0,0.6,0.0,0.1,0.9,2.186,1.19,2.176,0.9163398037836364,1.5728759765625
27723,0.4,0.0,0.6,0.0,0.15,0.85,2.186,1.19,2.164,0.9170884013600124,1.6016845703125
27724,0.4,0.0,0.6,0.0,0.2,0.8,2.186,1.19,2.152,0.9178423748615328,1.630859375
27725,0.4,0.0,0.6,0.0,0.25,0.75,2.186,1.19,2.14,0.9186017824063076,1.66015625
27726,0.4,0.0,0.6,0.0,0.3,0.7,2.186,1.19,2.128,0.9193666829532144,1.689453125
27740,0.4,0.0,0.6,0.05,0.0,0.95,2.186,1.19,2.1805,0.9160604539537338,1.588134765625
27741,0.4,0.0,0.6,0.05,0.05,0.9,2.186,1.19,2.1685000000000003,0.916807050372732,1.6168212890625
27742,0.4,0.0,0.6,0.05,0.1,0.85,2.186,1.19,2.1565000000000003,0.9175590011362864,1.6458740234375
27743,0.4,0.0,0.6,0.05,0.15,0.8,2.186,1.19,2.1445000000000003,0.9183163640510852,1.6751708984375
27759,0.4,0.0,0.6,0.1,0.0,0.9,2.186,1.19,2.161,0.9172763884863986,1.6610107421875
27760,0.4,0.0,0.6,0.1,0.05,0.85,2.186,1.19,2.149,0.9180317150175752,1.6900634765625
27930,0.4,0.05,0.55,0.0,0.0,1.0,2.1675,1.19,2.2,0.910999665732226,1.5234375
27931,0.4,0.05,0.55,0.0,0.05,0.95,2.1675,1.19,2.188,0.9117239743807009,1.5516357421875
27932,0.4,0.05,0.55,0.0,0.1,0.9,2.1675,1.19,2.176,0.9124534474402168,1.5799560546875
27933,0.4,0.05,0.55,0.0,0.15,0.85,2.1675,1.19,2.164,0.9131881403427342,1.6085205078125
27934,0.4,0.05,0.55,0.0,0.2,0.8,2.1675,1.19,2.152,0.9139281093163648,1.6370849609375
27935,0.4,0.05,0.55,0.0,0.25,0.75,2.1675,1.19,2.14,0.9146734113997156,1.6658935546875
27936,0.4,0.05,0.55,0.0,0.3,0.7,2.1675,1.19,2.128,0.9154241044565444,1.6949462890625
27950,0.4,0.05,0.55,0.05,0.0,0.95,2.1675,1.19,2.1805,0.912179286337074,1.59521484375
27951,0.4,0.05,0.55,0.05,0.05,0.9,2.1675,1.19,2.1685000000000003,0.912912015252306,1.6236572265625
27952,0.4,0.05,0.55,0.05,0.1,0.85,2.1675,1.19,2.1565000000000003,0.9136499990589064,1.652099609375
27953,0.4,0.05,0.55,0.05,0.15,0.8,2.1675,1.19,2.1445000000000003,0.9143932944898464,1.680908203125
27969,0.4,0.05,0.55,0.1,0.0,0.9,2.1675,1.19,2.161,0.9133726357403672,1.6673583984375
27970,0.4,0.05,0.55,0.1,0.05,0.85,2.1675,1.19,2.149,0.914113932612079,1.6961669921875
28140,0.4,0.1,0.5,0.0,0.0,1.0,2.149,1.19,2.2,0.9071408234160162,1.53125
28141,0.4,0.1,0.5,0.0,0.05,0.95,2.149,1.19,2.188,0.907851423921272,1.5589599609375
28142,0.4,0.1,0.5,0.0,0.1,0.9,2.149,1.19,2.176,0.9085670910967968,1.5869140625
28143,0.4,0.1,0.5,0.0,0.15,0.85,2.149,1.19,2.164,0.909287879325456,1.614990234375
28144,0.4,0.1,0.5,0.0,0.2,0.8,2.149,1.19,2.152,0.9100138437711972,1.643310546875
28145,0.4,0.1,0.5,0.0,0.25,0.75,2.149,1.19,2.14,0.9107450403931238,1.671630859375
28160,0.4,0.1,0.5,0.05,0.0,0.95,2.149,1.19,2.1805,0.9082981187204144,1.6021728515625
28161,0.4,0.1,0.5,0.05,0.05,0.9,2.149,1.19,2.1685000000000003,0.90901698013188,1.6302490234375
28162,0.4,0.1,0.5,0.05,0.1,0.85,2.149,1.19,2.1565000000000003,0.909740996981527,1.658447265625
28163,0.4,0.1,0.5,0.05,0.15,0.8,2.149,1.19,2.1445000000000003,0.9104702249286072,1.6868896484375
28179,0.4,0.1,0.5,0.1,0.0,0.9,2.149,1.19,2.161,0.909468882994336,1.673828125
28350,0.4,0.15,0.45,0.0,0.0,1.0,2.1305,1.19,2.2,0.9032819810998064,1.5389404296875
28351,0.4,0.15,0.45,0.0,0.05,0.95,2.1305,1.19,2.188,0.9039788734618428,1.56640625
28352,0.4,0.15,0.45,0.0,0.1,0.9,2.1305,1.19,2.176,0.9046807347533768,1.5938720703125
28353,0.4,0.15,0.45,0.0,0.15,0.85,2.1305,1.19,2.164,0.9053876183081776,1.6214599609375
28354,0.4,0.15,0.45,0.0,0.2,0.8,2.1305,1.19,2.152,0.906099578226029,1.6494140625
28355,0.4,0.15,0.45,0.0,0.25,0.75,2.1305,1.19,2.14,0.906816669386532,1.6773681640625
28370,0.4,0.15,0.45,0.05,0.0,0.95,2.1305,1.19,2.1805,0.9044169511037552,1.6094970703125
28371,0.4,0.15,0.45,0.05,0.05,0.9,2.1305,1.19,2.1685000000000003,0.9051219450114536,1.6370849609375
28372,0.4,0.15,0.45,0.05,0.1,0.85,2.1305,1.19,2.1565000000000003,0.9058319949041472,1.6649169921875
28373,0.4,0.15,0.45,0.05,0.15,0.8,2.1305,1.19,2.1445000000000003,0.9065471553673686,1.6927490234375
28389,0.4,0.15,0.45,0.1,0.0,0.9,2.1305,1.19,2.161,0.9055651302483044,1.6802978515625
28561,0.4,0.2,0.4,0.0,0.05,0.95,2.112,1.19,2.188,0.900106323002414,1.5736083984375
28562,0.4,0.2,0.4,0.0,0.1,0.9,2.112,1.19,2.176,0.9007943784099572,1.600830078125
28563,0.4,0.2,0.4,0.0,0.15,0.85,2.112,1.19,2.164,0.9014873572908996,1.6280517578125
28564,0.4,0.2,0.4,0.0,0.2,0.8,2.112,1.19,2.152,0.9021853126808612,1.655517578125
28565,0.4,0.2,0.4,0.0,0.25,0.75,2.112,1.19,2.14,0.90288829837994,1.68310546875
28580,0.4,0.2,0.4,0.05,0.0,0.95,2.112,1.19,2.1805,0.9005357834870955,1.6165771484375
28581,0.4,0.2,0.4,0.05,0.05,0.9,2.112,1.19,2.1685000000000003,0.9012269098910276,1.643798828125
28582,0.4,0.2,0.4,0.05,0.1,0.85,2.112,1.19,2.1565000000000003,0.9019229928267676,1.671142578125
28583,0.4,0.2,0.4,0.05,0.15,0.8,2.112,1.19,2.1445000000000003,0.9026240858061298,1.69873046875
28599,0.4,0.2,0.4,0.1,0.0,0.9,2.112,1.19,2.161,0.9016613775022732,1.6866455078125
30240,0.45,0.0,0.55,0.0,0.0,1.0,2.143,1.19,2.2,0.9058893069891372,1.5263671875
30241,0.45,0.0,0.55,0.0,0.05,0.95,2.143,1.19,2.188,0.9065954616101056,1.553955078125
30242,0.45,0.0,0.55,0.0,0.1,0.9,2.143,1.19,2.176,0.9073066512016336,1.5819091796875
30243,0.45,0.0,0.55,0.0,0.15,0.85,2.143,1.19,2.164,0.9080229298063388,1.6097412109375
30244,0.45,0.0,0.55,0.0,0.2,0.8,2.143,1.19,2.152,0.9087443522430344,1.6378173828125
30245,0.45,0.0,0.55,0.0,0.25,0.75,2.143,1.19,2.14,0.9094709741207154,1.6661376953125
30246,0.45,0.0,0.55,0.0,0.3,0.7,2.143,1.19,2.128,0.9102028518528464,1.6944580078125
30260,0.45,0.0,0.55,0.05,0.0,0.95,2.143,1.19,2.1805,0.907039361655552,1.597412109375
30261,0.45,0.0,0.55,0.05,0.05,0.9,2.143,1.19,2.1685000000000003,0.9077537254982284,1.625244140625
30262,0.45,0.0,0.55,0.05,0.1,0.85,2.143,1.19,2.1565000000000003,0.9084732125239984,1.6531982421875
30263,0.45,0.0,0.55,0.05,0.15,0.8,2.143,1.19,2.1445000000000003,0.9091978780438812,1.6815185546875
30279,0.45,0.0,0.55,0.1,0.0,0.9,2.143,1.19,2.161,0.90820280102265,1.6685791015625
30280,0.45,0.0,0.55,0.1,0.05,0.85,2.143,1.19,2.149,0.9089255180750708,1.6966552734375
30450,0.45,0.05,0.5,0.0,0.0,1.0,2.1245,1.19,2.2,0.9020304646729276,1.5340576171875
30451,0.45,0.05,0.5,0.0,0.05,0.95,2.1245,1.19,2.188,0.9027229111506768,1.5614013671875
30452,0.45,0.05,0.5,0.0,0.1,0.9,2.1245,1.19,2.176,0.9034202948582136,1.5887451171875
30453,0.45,0.05,0.5,0.0,0.15,0.85,2.1245,1.19,2.164,0.9041226687890604,1.6163330078125
30454,0.45,0.05,0.5,0.0,0.2,0.8,2.1245,1.19,2.152,0.9048300866978668,1.6439208984375
30455,0.45,0.05,0.5,0.0,0.25,0.75,2.1245,1.19,2.14,0.9055426031141236,1.6717529296875
30456,0.45,0.05,0.5,0.0,0.3,0.7,2.1245,1.19,2.128,0.9062602733561764,1.6998291015625
30470,0.45,0.05,0.5,0.05,0.0,0.95,2.1245,1.19,2.1805,0.9031581940388924,1.6043701171875
30471,0.45,0.05,0.5,0.05,0.05,0.9,2.1245,1.19,2.1685000000000003,0.903858690377802,1.6318359375
30472,0.45,0.05,0.5,0.05,0.1,0.85,2.1245,1.19,2.1565000000000003,0.9045642104466188,1.6595458984375
30473,0.45,0.05,0.5,0.05,0.15,0.8,2.1245,1.19,2.1445000000000003,0.9052748084826424,1.687255859375
30489,0.45,0.05,0.5,0.1,0.0,0.9,2.1245,1.19,2.161,0.9042990482766188,1.6749267578125
30663,0.45,0.1,0.45,0.0,0.15,0.85,2.106,1.19,2.164,0.9002224077717822,1.622802734375
30664,0.45,0.1,0.45,0.0,0.2,0.8,2.106,1.19,2.152,0.9009158211526986,1.650146484375
30665,0.45,0.1,0.45,0.0,0.25,0.75,2.106,1.19,2.14,0.9016142321075318,1.677490234375
30682,0.45,0.1,0.45,0.05,0.1,0.85,2.106,1.19,2.1565000000000003,0.9006552083692391,1.665771484375
30683,0.45,0.1,0.45,0.05,0.15,0.8,2.106,1.19,2.1445000000000003,0.9013517389214036,1.6932373046875
30699,0.45,0.1,0.45,0.1,0.0,0.9,2.106,1.19,2.161,0.9003952955305873,1.6815185546875
32555,0.5,0.0,0.5,0.0,0.25,0.75,2.1,1.19,2.14,0.9003401658351236,1.672119140625
32556,0.5,0.0,0.5,0.0,0.3,0.7,2.1,1.19,2.128,0.9010390207524782,1.6993408203125
32573,0.5,0.0,0.5,0.05,0.15,0.8,2.1,1.19,2.1445000000000003,0.9000793920366774,1.6876220703125
