,xA,yA,zA,xC,yC,zC,rA,rB,rC,TF,predicted
0,0.0,0.0,1.0,0.0,0.0,1.0,2.53,1.19,2.2,0.9866121165228228,1.5373846879744104
1,0.0,0.0,1.0,0.0,0.05,0.95,2.53,1.19,2.188,0.987605030680323,1.5381512788835017
2,0.0,0.0,1.0,0.0,0.1,0.9,2.53,1.19,2.176,0.9886050244396588,1.5381512788835017
3,0.0,0.0,1.0,0.0,0.15,0.85,2.53,1.19,2.164,0.989612173789402,1.5388011598358822
4,0.0,0.0,1.0,0.0,0.2,0.8,2.53,1.19,2.152,0.99062655580952,1.5388011598358822
5,0.0,0.0,1.0,0.0,0.25,0.75,2.53,1.19,2.14,0.991648248691044,1.579326232122795
6,0.0,0.0,1.0,0.0,0.3,0.7,2.53,1.19,2.128,0.9926773317561596,1.6658362001253175
20,0.0,0.0,1.0,0.05,0.0,0.95,2.53,1.19,2.1805,0.9882291923391876,1.5373846879744104
21,0.0,0.0,1.0,0.05,0.05,0.9,2.53,1.19,2.1685000000000003,0.9892336493687638,1.5381512788835017
22,0.0,0.0,1.0,0.05,0.1,0.85,2.53,1.19,2.1565000000000003,0.99024531003459,1.5381512788835017
23,0.0,0.0,1.0,0.05,0.15,0.8,2.53,1.19,2.1445000000000003,0.9912642521087168,1.5406728265025493
24,0.0,0.0,1.0,0.05,0.2,0.75,2.53,1.19,2.1325000000000003,0.9922905544867652,1.5955920432394004
25,0.0,0.0,1.0,0.05,0.25,0.7,2.53,1.19,2.1205,0.9933242972082884,1.6465936105196914
39,0.0,0.0,1.0,0.1,0.0,0.9,2.53,1.19,2.161,0.9898650881963874,1.5373846879744104
40,0.0,0.0,1.0,0.1,0.05,0.85,2.53,1.19,2.149,0.9908812905576088,1.5381512788835017
41,0.0,0.0,1.0,0.1,0.1,0.8,2.53,1.19,2.1370000000000005,0.9919048235039424,1.5580250529630697
42,0.0,0.0,1.0,0.1,0.15,0.75,2.53,1.19,2.125,0.992935766643553,1.6206728840416984
43,0.0,0.0,1.0,0.1,0.2,0.7,2.53,1.19,2.113,0.9939742007414896,1.655045567355316
44,0.0,0.0,1.0,0.1,0.25,0.65,2.53,1.19,2.101,0.9950202077407784,1.6854563812785224
57,0.0,0.0,1.0,0.15,0.0,0.85,2.53,1.19,2.1415,0.9915201345678992,1.539256354641077
58,0.0,0.0,1.0,0.15,0.05,0.8,2.53,1.19,2.1295,0.9925482894829696,1.5782021900616638
59,0.0,0.0,1.0,0.15,0.1,0.75,2.53,1.19,2.1175,0.9935839049325712,1.634420575800352
60,0.0,0.0,1.0,0.15,0.15,0.7,2.53,1.19,2.1055,0.9946270624154882,1.656922799498173
61,0.0,0.0,1.0,0.15,0.2,0.65,2.53,1.19,2.0935,0.995677844621898,1.6846638349822263
62,0.0,0.0,1.0,0.15,0.25,0.6,2.53,1.19,2.0815,0.9967363354552234,1.6920330551867222
74,0.0,0.0,1.0,0.2,0.0,0.8,2.53,1.19,2.1220000000000003,0.9931946697100902,1.5925425608988877
75,0.0,0.0,1.0,0.2,0.05,0.75,2.53,1.19,2.1100000000000003,0.9942349893047214,1.6415251554976151
76,0.0,0.0,1.0,0.2,0.1,0.7,2.53,1.19,2.098,0.995282902473036,1.6562729185457923
77,0.0,0.0,1.0,0.2,0.15,0.65,2.53,1.19,2.0860000000000003,0.996338492660898,1.6856596683155596
78,0.0,0.0,1.0,0.2,0.2,0.6,2.53,1.19,2.074,0.9974018445413186,1.6902967588904259
90,0.0,0.0,1.0,0.25,0.0,0.75,2.53,1.19,2.1025,0.9948890398926898,1.6415251554976151
91,0.0,0.0,1.0,0.25,0.05,0.7,2.53,1.19,2.0905,0.9959417413420036,1.6582125018791256
92,0.0,0.0,1.0,0.25,0.1,0.65,2.53,1.19,2.0785,0.997002172586264,1.6850097873631789
105,0.0,0.0,1.0,0.3,0.0,0.7,2.53,1.19,2.083,0.9966035996375016,1.6582125018791256
106,0.0,0.0,1.0,0.3,0.05,0.65,2.53,1.19,2.071,0.997668905317174,1.6850097873631789
210,0.0,0.05,0.95,0.0,0.0,1.0,2.5115,1.19,2.2,0.9827532742066132,1.5373846879744104
211,0.0,0.05,0.95,0.0,0.05,0.95,2.5115,1.19,2.188,0.983732480220894,1.5381512788835017
212,0.0,0.05,0.95,0.0,0.1,0.9,2.5115,1.19,2.176,0.9847186680962392,1.5381512788835017
213,0.0,0.05,0.95,0.0,0.15,0.85,2.5115,1.19,2.164,0.9857119127721236,1.5388011598358822
214,0.0,0.05,0.95,0.0,0.2,0.8,2.5115,1.19,2.152,0.986712290264352,1.5388011598358822
215,0.0,0.05,0.95,0.0,0.25,0.75,2.5115,1.19,2.14,0.9877198776844522,1.579326232122795
216,0.0,0.05,0.95,0.0,0.3,0.7,2.5115,1.19,2.128,0.9887347532594898,1.6649008667919842
230,0.0,0.05,0.95,0.05,0.0,0.95,2.5115,1.19,2.1805,0.984348024722528,1.5373846879744104
231,0.0,0.05,0.95,0.05,0.05,0.9,2.5115,1.19,2.1685000000000003,0.9853386142483376,1.5381512788835017
232,0.0,0.05,0.95,0.05,0.1,0.85,2.5115,1.19,2.1565000000000003,0.98633630795721,1.5381512788835017
233,0.0,0.05,0.95,0.05,0.15,0.8,2.5115,1.19,2.1445000000000003,0.987341182547478,1.5406728265025493
234,0.0,0.05,0.95,0.05,0.2,0.75,2.5115,1.19,2.1325000000000003,0.9883533158255308,1.594656709906067
235,0.0,0.05,0.95,0.05,0.25,0.7,2.5115,1.19,2.1205,0.9893727867258988,1.6465936105196914
249,0.0,0.05,0.95,0.1,0.0,0.9,2.5115,1.19,2.161,0.985961335450356,1.5373846879744104
250,0.0,0.05,0.95,0.1,0.05,0.85,2.5115,1.19,2.149,0.9869635081521128,1.5381512788835017
251,0.0,0.05,0.95,0.1,0.1,0.8,2.5115,1.19,2.1370000000000005,0.9879729102331426,1.5570897196297364
252,0.0,0.05,0.95,0.1,0.15,0.75,2.5115,1.19,2.125,0.988989620202542,1.619737550708365
253,0.0,0.05,0.95,0.1,0.2,0.7,2.5115,1.19,2.113,0.9900137177103204,1.655045567355316
254,0.0,0.05,0.95,0.1,0.25,0.65,2.5115,1.19,2.101,0.9910452835682012,1.6854563812785224
267,0.0,0.05,0.95,0.15,0.0,0.85,2.5115,1.19,2.1415,0.9875935323010672,1.539256354641077
268,0.0,0.05,0.95,0.15,0.05,0.8,2.5115,1.19,2.1295,0.9886074925400712,1.5772668567283303
269,0.0,0.05,0.95,0.15,0.1,0.75,2.5115,1.19,2.1175,0.9896288103136894,1.634420575800352
270,0.0,0.05,0.95,0.15,0.15,0.7,2.5115,1.19,2.1055,0.990657565995536,1.656922799498173
271,0.0,0.05,0.95,0.15,0.2,0.65,2.5115,1.19,2.0935,0.9916938411341713,1.6846638349822263
272,0.0,0.05,0.95,0.15,0.25,0.6,2.5115,1.19,2.0815,0.9927377184746484,1.6920330551867222
284,0.0,0.05,0.95,0.2,0.0,0.8,2.5115,1.19,2.1220000000000003,0.9892449488610712,1.5925425608988877
285,0.0,0.05,0.95,0.2,0.05,0.75,2.5115,1.19,2.1100000000000003,0.990270905834433,1.6415251554976151
286,0.0,0.05,0.95,0.2,0.1,0.7,2.5115,1.19,2.098,0.9913043515448268,1.6562729185457923
287,0.0,0.05,0.95,0.2,0.15,0.65,2.5115,1.19,2.0860000000000003,0.992345368286066,1.6856596683155596
288,0.0,0.05,0.95,0.2,0.2,0.6,2.5115,1.19,2.074,0.9933940395621672,1.6902967588904259
300,0.0,0.05,0.95,0.25,0.0,0.75,2.5115,1.19,2.1025,0.990915926619508,1.6415251554976151
301,0.0,0.05,0.95,0.25,0.05,0.7,2.5115,1.19,2.0905,0.9919540945040364,1.6582125018791256
302,0.0,0.05,0.95,0.25,0.1,0.65,2.5115,1.19,2.0785,0.9929998854661932,1.6850097873631789
315,0.0,0.05,0.95,0.3,0.0,0.7,2.5115,1.19,2.083,0.992606815203664,1.6582125018791256
316,0.0,0.05,0.95,0.3,0.05,0.65,2.5115,1.19,2.071,0.9936574133049229,1.6850097873631789
420,0.0,0.1,0.9,0.0,0.0,1.0,2.493,1.19,2.2,0.9788944318904031,1.5373846879744104
421,0.0,0.1,0.9,0.0,0.05,0.95,2.493,1.19,2.188,0.9798599297614649,1.5381512788835017
422,0.0,0.1,0.9,0.0,0.1,0.9,2.493,1.19,2.176,0.9808323117528196,1.5381512788835017
423,0.0,0.1,0.9,0.0,0.15,0.85,2.493,1.19,2.164,0.9818116517548454,1.5388011598358822
424,0.0,0.1,0.9,0.0,0.2,0.8,2.493,1.19,2.152,0.982798024719184,1.5388011598358822
425,0.0,0.1,0.9,0.0,0.25,0.75,2.493,1.19,2.14,0.9837915066778602,1.579326232122795
426,0.0,0.1,0.9,0.0,0.3,0.7,2.493,1.19,2.128,0.9847921747628198,1.6649008667919842
440,0.0,0.1,0.9,0.05,0.0,0.95,2.493,1.19,2.1805,0.9804668571058685,1.5373846879744104
441,0.0,0.1,0.9,0.05,0.05,0.9,2.493,1.19,2.1685000000000003,0.9814435791279116,1.5381512788835017
442,0.0,0.1,0.9,0.05,0.1,0.85,2.493,1.19,2.1565000000000003,0.9824273058798304,1.5381512788835017
443,0.0,0.1,0.9,0.05,0.15,0.8,2.493,1.19,2.1445000000000003,0.9834181129862388,1.5406728265025493
444,0.0,0.1,0.9,0.05,0.2,0.75,2.493,1.19,2.1325000000000003,0.9844160771642968,1.594656709906067
445,0.0,0.1,0.9,0.05,0.25,0.7,2.493,1.19,2.1205,0.9854212762435092,1.6465936105196914
459,0.0,0.1,0.9,0.1,0.0,0.9,2.493,1.19,2.161,0.9820575827043246,1.5373846879744104
460,0.0,0.1,0.9,0.1,0.05,0.85,2.493,1.19,2.149,0.9830457257466167,1.5381512788835017
461,0.0,0.1,0.9,0.1,0.1,0.8,2.493,1.19,2.1370000000000005,0.9840409969623428,1.5570897196297364
462,0.0,0.1,0.9,0.1,0.15,0.75,2.493,1.19,2.125,0.9850434737615312,1.619737550708365
463,0.0,0.1,0.9,0.1,0.2,0.7,2.493,1.19,2.113,0.9860532346791516,1.655045567355316
464,0.0,0.1,0.9,0.1,0.25,0.65,2.493,1.19,2.101,0.987070359395624,1.6854563812785224
477,0.0,0.1,0.9,0.15,0.0,0.85,2.493,1.19,2.1415,0.9836669300342352,1.539256354641077
478,0.0,0.1,0.9,0.15,0.05,0.8,2.493,1.19,2.1295,0.984666695597173,1.5772668567283303
479,0.0,0.1,0.9,0.15,0.1,0.75,2.493,1.19,2.1175,0.985673715694808,1.634420575800352
480,0.0,0.1,0.9,0.15,0.15,0.7,2.493,1.19,2.1055,0.9866880695755844,1.656922799498173
481,0.0,0.1,0.9,0.15,0.2,0.65,2.493,1.19,2.0935,0.9877098376464444,1.6846638349822263
482,0.0,0.1,0.9,0.15,0.25,0.6,2.493,1.19,2.0815,0.9887391014940736,1.6920330551867222
494,0.0,0.1,0.9,0.2,0.0,0.8,2.493,1.19,2.1220000000000003,0.985295228012052,1.5925425608988877
495,0.0,0.1,0.9,0.2,0.05,0.75,2.493,1.19,2.1100000000000003,0.9863068223641448,1.6415251554976151
496,0.0,0.1,0.9,0.2,0.1,0.7,2.493,1.19,2.098,0.9873258006166178,1.6562729185457923
497,0.0,0.1,0.9,0.2,0.15,0.65,2.493,1.19,2.0860000000000003,0.9883522439112336,1.6856596683155596
498,0.0,0.1,0.9,0.2,0.2,0.6,2.493,1.19,2.074,0.9893862345830156,1.6902967588904259
510,0.0,0.1,0.9,0.25,0.0,0.75,2.493,1.19,2.1025,0.9869428133463262,1.6415251554976151
511,0.0,0.1,0.9,0.25,0.05,0.7,2.493,1.19,2.0905,0.9879664476660692,1.6582125018791256
512,0.0,0.1,0.9,0.25,0.1,0.65,2.493,1.19,2.0785,0.9889975983461228,1.6850097873631789
525,0.0,0.1,0.9,0.3,0.0,0.7,2.493,1.19,2.083,0.9886100307698262,1.6582125018791256
526,0.0,0.1,0.9,0.3,0.05,0.65,2.493,1.19,2.071,0.9896459212926716,1.6850097873631789
630,0.0,0.15,0.85,0.0,0.0,1.0,2.4744999999999995,1.19,2.2,0.9750355895741936,1.5373846879744104
631,0.0,0.15,0.85,0.0,0.05,0.95,2.4744999999999995,1.19,2.188,0.975987379302036,1.5381512788835017
632,0.0,0.15,0.85,0.0,0.1,0.9,2.4744999999999995,1.19,2.176,0.9769459554093994,1.5381512788835017
633,0.0,0.15,0.85,0.0,0.15,0.85,2.4744999999999995,1.19,2.164,0.9779113907375672,1.5388011598358822
634,0.0,0.15,0.85,0.0,0.2,0.8,2.4744999999999995,1.19,2.152,0.978883759174016,1.5388011598358822
635,0.0,0.15,0.85,0.0,0.25,0.75,2.4744999999999995,1.19,2.14,0.979863135671268,1.579326232122795
636,0.0,0.15,0.85,0.0,0.3,0.7,2.4744999999999995,1.19,2.128,0.9808495962661496,1.6649008667919842
650,0.0,0.15,0.85,0.05,0.0,0.95,2.4744999999999995,1.19,2.1805,0.9765856894892088,1.5373846879744104
651,0.0,0.15,0.85,0.05,0.05,0.9,2.4744999999999995,1.19,2.1685000000000003,0.9775485440074854,1.5381512788835017
652,0.0,0.15,0.85,0.05,0.1,0.85,2.4744999999999995,1.19,2.1565000000000003,0.9785183038024508,1.5381512788835017
653,0.0,0.15,0.85,0.05,0.15,0.8,2.4744999999999995,1.19,2.1445000000000003,0.979495043425,1.5406728265025493
654,0.0,0.15,0.85,0.05,0.2,0.75,2.4744999999999995,1.19,2.1325000000000003,0.980478838503062,1.594656709906067
655,0.0,0.15,0.85,0.05,0.25,0.7,2.4744999999999995,1.19,2.1205,0.9814697657611192,1.6465936105196914
669,0.0,0.15,0.85,0.1,0.0,0.9,2.4744999999999995,1.19,2.161,0.9781538299582933,1.5373846879744104
670,0.0,0.15,0.85,0.1,0.05,0.85,2.4744999999999995,1.19,2.149,0.9791279433411209,1.5381512788835017
671,0.0,0.15,0.85,0.1,0.1,0.8,2.4744999999999995,1.19,2.1370000000000005,0.9801090836915428,1.5570897196297364
672,0.0,0.15,0.85,0.1,0.15,0.75,2.4744999999999995,1.19,2.125,0.9810973273205202,1.619737550708365
673,0.0,0.15,0.85,0.1,0.2,0.7,2.4744999999999995,1.19,2.113,0.9820927516479824,1.655045567355316
674,0.0,0.15,0.85,0.1,0.25,0.65,2.4744999999999995,1.19,2.101,0.983095435223047,1.6854563812785224
687,0.0,0.15,0.85,0.15,0.0,0.85,2.4744999999999995,1.19,2.1415,0.9797403277674028,1.539256354641077
688,0.0,0.15,0.85,0.15,0.05,0.8,2.4744999999999995,1.19,2.1295,0.9807258986542744,1.5772668567283303
689,0.0,0.15,0.85,0.15,0.1,0.75,2.4744999999999995,1.19,2.1175,0.981718621075926,1.634420575800352
690,0.0,0.15,0.85,0.15,0.15,0.7,2.4744999999999995,1.19,2.1055,0.9827185731556326,1.656922799498173
691,0.0,0.15,0.85,0.15,0.2,0.65,2.4744999999999995,1.19,2.0935,0.9837258341587174,1.6846638349822263
692,0.0,0.15,0.85,0.15,0.25,0.6,2.4744999999999995,1.19,2.0815,0.9847404845134984,1.6920330551867222
704,0.0,0.15,0.85,0.2,0.0,0.8,2.4744999999999995,1.19,2.1220000000000003,0.981345507163033,1.5925425608988877
705,0.0,0.15,0.85,0.2,0.05,0.75,2.4744999999999995,1.19,2.1100000000000003,0.9823427388938566,1.6415251554976151
706,0.0,0.15,0.85,0.2,0.1,0.7,2.4744999999999995,1.19,2.098,0.9833472496884088,1.6562729185457923
707,0.0,0.15,0.85,0.2,0.15,0.65,2.4744999999999995,1.19,2.0860000000000003,0.9843591195364008,1.6856596683155596
708,0.0,0.15,0.85,0.2,0.2,0.6,2.4744999999999995,1.19,2.074,0.9853784296038636,1.6902967588904259
720,0.0,0.15,0.85,0.25,0.0,0.75,2.4744999999999995,1.19,2.1025,0.9829697000731444,1.6415251554976151
721,0.0,0.15,0.85,0.25,0.05,0.7,2.4744999999999995,1.19,2.0905,0.9839788008281022,1.6582125018791256
722,0.0,0.15,0.85,0.25,0.1,0.65,2.4744999999999995,1.19,2.0785,0.9849953112260518,1.6850097873631789
735,0.0,0.15,0.85,0.3,0.0,0.7,2.4744999999999995,1.19,2.083,0.984613246335988,1.6582125018791256
736,0.0,0.15,0.85,0.3,0.05,0.65,2.4744999999999995,1.19,2.071,0.9856344292804206,1.6850097873631789
840,0.0,0.2,0.8,0.0,0.0,1.0,2.456,1.19,2.2,0.971176747257984,1.5373846879744104
841,0.0,0.2,0.8,0.0,0.05,0.95,2.456,1.19,2.188,0.9721148288426072,1.5381512788835017
842,0.0,0.2,0.8,0.0,0.1,0.9,2.456,1.19,2.176,0.9730595990659796,1.5381512788835017
843,0.0,0.2,0.8,0.0,0.15,0.85,2.456,1.19,2.164,0.974011129720289,1.5388011598358822
844,0.0,0.2,0.8,0.0,0.2,0.8,2.456,1.19,2.152,0.9749694936288482,1.5388011598358822
845,0.0,0.2,0.8,0.0,0.25,0.75,2.456,1.19,2.14,0.9759347646646764,1.579326232122795
846,0.0,0.2,0.8,0.0,0.3,0.7,2.456,1.19,2.128,0.9769070177694796,1.6649008667919842
860,0.0,0.2,0.8,0.05,0.0,0.95,2.456,1.19,2.1805,0.9727045218725492,1.5373846879744104
861,0.0,0.2,0.8,0.05,0.05,0.9,2.456,1.19,2.1685000000000003,0.9736535088870594,1.5381512788835017
862,0.0,0.2,0.8,0.05,0.1,0.85,2.456,1.19,2.1565000000000003,0.9746093017250712,1.5381512788835017
863,0.0,0.2,0.8,0.05,0.15,0.8,2.456,1.19,2.1445000000000003,0.9755719738637612,1.5406728265025493
864,0.0,0.2,0.8,0.05,0.2,0.75,2.456,1.19,2.1325000000000003,0.9765415998418278,1.594656709906067
865,0.0,0.2,0.8,0.05,0.25,0.7,2.456,1.19,2.1205,0.9775182552787296,1.6465936105196914
879,0.0,0.2,0.8,0.1,0.0,0.9,2.456,1.19,2.161,0.974250077212262,1.5373846879744104
880,0.0,0.2,0.8,0.1,0.05,0.85,2.456,1.19,2.149,0.9752101609356248,1.5381512788835017
881,0.0,0.2,0.8,0.1,0.1,0.8,2.456,1.19,2.1370000000000005,0.976177170420743,1.5570897196297364
882,0.0,0.2,0.8,0.1,0.15,0.75,2.456,1.19,2.125,0.9771511808795096,1.619737550708365
883,0.0,0.2,0.8,0.1,0.2,0.7,2.456,1.19,2.113,0.9781322686168136,1.655045567355316
884,0.0,0.2,0.8,0.1,0.25,0.65,2.456,1.19,2.101,0.9791205110504702,1.6854563812785224
897,0.0,0.2,0.8,0.15,0.0,0.85,2.456,1.19,2.1415,0.975813725500571,1.539256354641077
898,0.0,0.2,0.8,0.15,0.05,0.8,2.456,1.19,2.1295,0.9767851017113762,1.5772668567283303
899,0.0,0.2,0.8,0.15,0.1,0.75,2.456,1.19,2.1175,0.9777635264570446,1.634420575800352
900,0.0,0.2,0.8,0.15,0.15,0.7,2.456,1.19,2.1055,0.9787490767356808,1.656922799498173
901,0.0,0.2,0.8,0.15,0.2,0.65,2.456,1.19,2.0935,0.9797418306709906,1.6846638349822263
902,0.0,0.2,0.8,0.15,0.25,0.6,2.456,1.19,2.0815,0.9807418675329234,1.6920330551867222
914,0.0,0.2,0.8,0.2,0.0,0.8,2.456,1.19,2.1220000000000003,0.977395786314014,1.5925425608988877
915,0.0,0.2,0.8,0.2,0.05,0.75,2.456,1.19,2.1100000000000003,0.9783786554235684,1.6415251554976151
916,0.0,0.2,0.8,0.2,0.1,0.7,2.456,1.19,2.098,0.9793686987602,1.6562729185457923
917,0.0,0.2,0.8,0.2,0.15,0.65,2.456,1.19,2.0860000000000003,0.9803659951615684,1.6856596683155596
918,0.0,0.2,0.8,0.2,0.2,0.6,2.456,1.19,2.074,0.981370624624712,1.6902967588904259
930,0.0,0.2,0.8,0.25,0.0,0.75,2.456,1.19,2.1025,0.9789965867999628,1.6415251554976151
931,0.0,0.2,0.8,0.25,0.05,0.7,2.456,1.19,2.0905,0.9799911539901353,1.6582125018791256
932,0.0,0.2,0.8,0.25,0.1,0.65,2.456,1.19,2.0785,0.9809930241059812,1.6850097873631789
945,0.0,0.2,0.8,0.3,0.0,0.7,2.456,1.19,2.083,0.9806164619021503,1.6582125018791256
946,0.0,0.2,0.8,0.3,0.05,0.65,2.456,1.19,2.071,0.9816229372681694,1.6850097873631789
1050,0.0,0.25,0.75,0.0,0.0,1.0,2.4375,1.19,2.2,0.967317904941774,1.5373846879744104
1051,0.0,0.25,0.75,0.0,0.05,0.95,2.4375,1.19,2.188,0.968242278383178,1.5381512788835017
1052,0.0,0.25,0.75,0.0,0.1,0.9,2.4375,1.19,2.176,0.96917324272256,1.5381512788835017
1053,0.0,0.25,0.75,0.0,0.15,0.85,2.4375,1.19,2.164,0.9701108687030108,1.5388011598358822
1054,0.0,0.25,0.75,0.0,0.2,0.8,2.4375,1.19,2.152,0.9710552280836804,1.5388011598358822
1055,0.0,0.25,0.75,0.0,0.25,0.75,2.4375,1.19,2.14,0.9720063936580844,1.579326232122795
1056,0.0,0.25,0.75,0.0,0.3,0.7,2.4375,1.19,2.128,0.9729644392728096,1.6649008667919842
1070,0.0,0.25,0.75,0.05,0.0,0.95,2.4375,1.19,2.1805,0.9688233542558896,1.5373846879744104
1071,0.0,0.25,0.75,0.05,0.05,0.9,2.4375,1.19,2.1685000000000003,0.969758473766633,1.5381512788835017
1072,0.0,0.25,0.75,0.05,0.1,0.85,2.4375,1.19,2.1565000000000003,0.9707002996476912,1.5381512788835017
1073,0.0,0.25,0.75,0.05,0.15,0.8,2.4375,1.19,2.1445000000000003,0.9716489043025224,1.5406728265025493
1074,0.0,0.25,0.75,0.05,0.2,0.75,2.4375,1.19,2.1325000000000003,0.9726043611805936,1.594656709906067
1075,0.0,0.25,0.75,0.05,0.25,0.7,2.4375,1.19,2.1205,0.97356674479634,1.6465936105196914
1089,0.0,0.25,0.75,0.1,0.0,0.9,2.4375,1.19,2.161,0.9703463244662304,1.5373846879744104
1090,0.0,0.25,0.75,0.1,0.05,0.85,2.4375,1.19,2.149,0.9712923785301288,1.5381512788835017
1091,0.0,0.25,0.75,0.1,0.1,0.8,2.4375,1.19,2.1370000000000005,0.9722452571499434,1.5570897196297364
1092,0.0,0.25,0.75,0.1,0.15,0.75,2.4375,1.19,2.125,0.9732050344384986,1.619737550708365
1093,0.0,0.25,0.75,0.1,0.2,0.7,2.4375,1.19,2.113,0.9741717855856448,1.655045567355316
1094,0.0,0.25,0.75,0.1,0.25,0.65,2.4375,1.19,2.101,0.975145586877893,1.6854563812785224
1107,0.0,0.25,0.75,0.15,0.0,0.85,2.4375,1.19,2.1415,0.9718871232337388,1.539256354641077
1108,0.0,0.25,0.75,0.15,0.05,0.8,2.4375,1.19,2.1295,0.972844304768478,1.5772668567283303
1109,0.0,0.25,0.75,0.15,0.1,0.75,2.4375,1.19,2.1175,0.9738084318381628,1.634420575800352
1110,0.0,0.25,0.75,0.15,0.15,0.7,2.4375,1.19,2.1055,0.9747795803157292,1.656922799498173
1111,0.0,0.25,0.75,0.15,0.2,0.65,2.4375,1.19,2.0935,0.975757827183264,1.6846638349822263
1112,0.0,0.25,0.75,0.15,0.25,0.6,2.4375,1.19,2.0815,0.9767432505523485,1.6920330551867222
1124,0.0,0.25,0.75,0.2,0.0,0.8,2.4375,1.19,2.1220000000000003,0.9734460654649948,1.5925425608988877
1125,0.0,0.25,0.75,0.2,0.05,0.75,2.4375,1.19,2.1100000000000003,0.9744145719532802,1.6415251554976151
1126,0.0,0.25,0.75,0.2,0.1,0.7,2.4375,1.19,2.098,0.975390147831991,1.6562729185457923
1127,0.0,0.25,0.75,0.2,0.15,0.65,2.4375,1.19,2.0860000000000003,0.976372870786736,1.6856596683155596
1128,0.0,0.25,0.75,0.2,0.2,0.6,2.4375,1.19,2.074,0.9773628196455604,1.6902967588904259
1140,0.0,0.25,0.75,0.25,0.0,0.75,2.4375,1.19,2.1025,0.9750234735267806,1.6415251554976151
1141,0.0,0.25,0.75,0.25,0.05,0.7,2.4375,1.19,2.0905,0.976003507152168,1.6582125018791256
1142,0.0,0.25,0.75,0.25,0.1,0.65,2.4375,1.19,2.0785,0.9769907369859104,1.6850097873631789
1155,0.0,0.25,0.75,0.3,0.0,0.7,2.4375,1.19,2.083,0.9766196774683128,1.6582125018791256
1156,0.0,0.25,0.75,0.3,0.05,0.65,2.4375,1.19,2.071,0.977611445255918,1.6850097873631789
1260,0.0,0.3,0.7,0.0,0.0,1.0,2.419,1.19,2.2,0.963459062625564,1.5373846879744104
1261,0.0,0.3,0.7,0.0,0.05,0.95,2.419,1.19,2.188,0.964369727923749,1.5381512788835017
1262,0.0,0.3,0.7,0.0,0.1,0.9,2.419,1.19,2.176,0.96528688637914,1.5381512788835017
1263,0.0,0.3,0.7,0.0,0.15,0.85,2.419,1.19,2.164,0.9662106076857326,1.5388011598358822
1264,0.0,0.3,0.7,0.0,0.2,0.8,2.419,1.19,2.152,0.9671409625385124,1.5388011598358822
1265,0.0,0.3,0.7,0.0,0.25,0.75,2.419,1.19,2.14,0.9680780226514925,1.579326232122795
1266,0.0,0.3,0.7,0.0,0.3,0.7,2.419,1.19,2.128,0.9690218607761396,1.6649008667919842
1280,0.0,0.3,0.7,0.05,0.0,0.95,2.419,1.19,2.1805,0.96494218663923,1.5373846879744104
1281,0.0,0.3,0.7,0.05,0.05,0.9,2.419,1.19,2.1685000000000003,0.965863438646207,1.5381512788835017
1282,0.0,0.3,0.7,0.05,0.1,0.85,2.419,1.19,2.1565000000000003,0.9667912975703116,1.5381512788835017
1283,0.0,0.3,0.7,0.05,0.15,0.8,2.419,1.19,2.1445000000000003,0.9677258347412832,1.5406728265025493
1284,0.0,0.3,0.7,0.05,0.2,0.75,2.419,1.19,2.1325000000000003,0.9686671225193592,1.594656709906067
1285,0.0,0.3,0.7,0.05,0.25,0.7,2.419,1.19,2.1205,0.9696152343139502,1.6465936105196914
1299,0.0,0.3,0.7,0.1,0.0,0.9,2.419,1.19,2.161,0.9664425717201992,1.5373846879744104
1300,0.0,0.3,0.7,0.1,0.05,0.85,2.419,1.19,2.149,0.9673745961246328,1.5381512788835017
1301,0.0,0.3,0.7,0.1,0.1,0.8,2.419,1.19,2.1370000000000005,0.9683133438791436,1.5570897196297364
1302,0.0,0.3,0.7,0.1,0.15,0.75,2.419,1.19,2.125,0.9692588879974876,1.619737550708365
1303,0.0,0.3,0.7,0.1,0.2,0.7,2.419,1.19,2.113,0.9702113025544756,1.655045567355316
1304,0.0,0.3,0.7,0.1,0.25,0.65,2.419,1.19,2.101,0.9711706627053158,1.6854563812785224
1317,0.0,0.3,0.7,0.15,0.0,0.85,2.419,1.19,2.1415,0.9679605209669064,1.539256354641077
1318,0.0,0.3,0.7,0.15,0.05,0.8,2.419,1.19,2.1295,0.9689035078255794,1.5772668567283303
1319,0.0,0.3,0.7,0.15,0.1,0.75,2.419,1.19,2.1175,0.9698533372192812,1.634420575800352
1320,0.0,0.3,0.7,0.15,0.15,0.7,2.419,1.19,2.1055,0.9708100838957772,1.656922799498173
1321,0.0,0.3,0.7,0.15,0.2,0.65,2.419,1.19,2.0935,0.9717738236955368,1.6846638349822263
1322,0.0,0.3,0.7,0.15,0.25,0.6,2.419,1.19,2.0815,0.9727446335717734,1.6920330551867222
1334,0.0,0.3,0.7,0.2,0.0,0.8,2.419,1.19,2.1220000000000003,0.9694963446159758,1.5925425608988877
1335,0.0,0.3,0.7,0.2,0.05,0.75,2.419,1.19,2.1100000000000003,0.970450488482992,1.6415251554976151
1336,0.0,0.3,0.7,0.2,0.1,0.7,2.419,1.19,2.098,0.971411596903782,1.6562729185457923
1337,0.0,0.3,0.7,0.2,0.15,0.65,2.419,1.19,2.0860000000000003,0.9723797464119036,1.6856596683155596
1338,0.0,0.3,0.7,0.2,0.2,0.6,2.419,1.19,2.074,0.9733550146664086,1.6902967588904259
1350,0.0,0.3,0.7,0.25,0.0,0.75,2.419,1.19,2.1025,0.9710503602535988,1.6415251554976151
1351,0.0,0.3,0.7,0.25,0.05,0.7,2.419,1.19,2.0905,0.9720158603142006,1.6582125018791256
1352,0.0,0.3,0.7,0.25,0.1,0.65,2.419,1.19,2.0785,0.9729884498658397,1.6850097873631789
1365,0.0,0.3,0.7,0.3,0.0,0.7,2.419,1.19,2.083,0.9726228930344748,1.6582125018791256
1366,0.0,0.3,0.7,0.3,0.05,0.65,2.419,1.19,2.071,0.9735999532436672,1.6850097873631789
1470,0.0,0.35,0.65,0.0,0.0,1.0,2.4005,1.19,2.2,0.9596002203093544,1.5373846879744104
1471,0.0,0.35,0.65,0.0,0.05,0.95,2.4005,1.19,2.188,0.96049717746432,1.5381512788835017
1472,0.0,0.35,0.65,0.0,0.1,0.9,2.4005,1.19,2.176,0.9614005300357202,1.5381512788835017
1473,0.0,0.35,0.65,0.0,0.15,0.85,2.4005,1.19,2.164,0.9623103466684544,1.5388011598358822
1474,0.0,0.35,0.65,0.0,0.2,0.8,2.4005,1.19,2.152,0.9632266969933446,1.5388011598358822
1475,0.0,0.35,0.65,0.0,0.25,0.75,2.4005,1.19,2.14,0.9641496516449004,1.579326232122795
1476,0.0,0.35,0.65,0.0,0.3,0.7,2.4005,1.19,2.128,0.9650792822794696,1.6649008667919842
1490,0.0,0.35,0.65,0.05,0.0,0.95,2.4005,1.19,2.1805,0.9610610190225704,1.5373846879744104
1491,0.0,0.35,0.65,0.05,0.05,0.9,2.4005,1.19,2.1685000000000003,0.9619684035257812,1.5381512788835017
1492,0.0,0.35,0.65,0.05,0.1,0.85,2.4005,1.19,2.1565000000000003,0.962882295492932,1.5381512788835017
1493,0.0,0.35,0.65,0.05,0.15,0.8,2.4005,1.19,2.1445000000000003,0.9638027651800444,1.5406728265025493
1494,0.0,0.35,0.65,0.05,0.2,0.75,2.4005,1.19,2.1325000000000003,0.9647298838581247,1.594656709906067
1495,0.0,0.35,0.65,0.05,0.25,0.7,2.4005,1.19,2.1205,0.9656637238315606,1.6465936105196914
1509,0.0,0.35,0.65,0.1,0.0,0.9,2.4005,1.19,2.161,0.962538818974168,1.5373846879744104
1510,0.0,0.35,0.65,0.1,0.05,0.85,2.4005,1.19,2.149,0.9634568137191368,1.5381512788835017
1511,0.0,0.35,0.65,0.1,0.1,0.8,2.4005,1.19,2.1370000000000005,0.9643814306083436,1.5570897196297364
1512,0.0,0.35,0.65,0.1,0.15,0.75,2.4005,1.19,2.125,0.9653127415564768,1.619737550708365
1513,0.0,0.35,0.65,0.1,0.2,0.7,2.4005,1.19,2.113,0.9662508195233068,1.655045567355316
1514,0.0,0.35,0.65,0.1,0.25,0.65,2.4005,1.19,2.101,0.9671957385327388,1.6854563812785224
1527,0.0,0.35,0.65,0.15,0.0,0.85,2.4005,1.19,2.1415,0.9640339187000746,1.539256354641077
1528,0.0,0.35,0.65,0.15,0.05,0.8,2.4005,1.19,2.1295,0.9649627108826812,1.5772668567283303
1529,0.0,0.35,0.65,0.15,0.1,0.75,2.4005,1.19,2.1175,0.9658982426003996,1.634420575800352
1530,0.0,0.35,0.65,0.15,0.15,0.7,2.4005,1.19,2.1055,0.9668405874758256,1.656922799498173
1531,0.0,0.35,0.65,0.15,0.2,0.65,2.4005,1.19,2.0935,0.96778982020781,1.6846638349822263
1532,0.0,0.35,0.65,0.15,0.25,0.6,2.4005,1.19,2.0815,0.9687460165911984,1.6920330551867222
1544,0.0,0.35,0.65,0.2,0.0,0.8,2.4005,1.19,2.1220000000000003,0.9655466237669568,1.5925425608988877
1545,0.0,0.35,0.65,0.2,0.05,0.75,2.4005,1.19,2.1100000000000003,0.9664864050127036,1.6415251554976151
1546,0.0,0.35,0.65,0.2,0.1,0.7,2.4005,1.19,2.098,0.9674330459755728,1.6562729185457923
1547,0.0,0.35,0.65,0.2,0.15,0.65,2.4005,1.19,2.0860000000000003,0.9683866220370712,1.6856596683155596
1548,0.0,0.35,0.65,0.2,0.2,0.6,2.4005,1.19,2.074,0.9693472096872572,1.6902967588904259
1560,0.0,0.35,0.65,0.25,0.0,0.75,2.4005,1.19,2.1025,0.9670772469804172,1.6415251554976151
1561,0.0,0.35,0.65,0.25,0.05,0.7,2.4005,1.19,2.0905,0.9680282134762336,1.6582125018791256
1562,0.0,0.35,0.65,0.25,0.1,0.65,2.4005,1.19,2.0785,0.968986162745769,1.6850097873631789
1575,0.0,0.35,0.65,0.3,0.0,0.7,2.4005,1.19,2.083,0.9686261086006372,1.6582125018791256
1576,0.0,0.35,0.65,0.3,0.05,0.65,2.4005,1.19,2.071,0.969588461231416,1.6850097873631789
1680,0.0,0.4,0.6,0.0,0.0,1.0,2.382,1.19,2.2,0.9557413779931446,1.5373846879744104
1681,0.0,0.4,0.6,0.0,0.05,0.95,2.382,1.19,2.188,0.956624627004891,1.5381512788835017
1682,0.0,0.4,0.6,0.0,0.1,0.9,2.382,1.19,2.176,0.9575141736923004,1.5381512788835017
1683,0.0,0.4,0.6,0.0,0.15,0.85,2.382,1.19,2.164,0.958410085651176,1.5388011598358822
1684,0.0,0.4,0.6,0.0,0.2,0.8,2.382,1.19,2.152,0.9593124314481764,1.5388011598358822
1685,0.0,0.4,0.6,0.0,0.25,0.75,2.382,1.19,2.14,0.9602212806383088,1.579326232122795
1686,0.0,0.4,0.6,0.0,0.3,0.7,2.382,1.19,2.128,0.9611367037827996,1.6649008667919842
1700,0.0,0.4,0.6,0.05,0.0,0.95,2.382,1.19,2.1805,0.957179851405911,1.5373846879744104
1701,0.0,0.4,0.6,0.05,0.05,0.9,2.382,1.19,2.1685000000000003,0.9580733684053548,1.5381512788835017
1702,0.0,0.4,0.6,0.05,0.1,0.85,2.382,1.19,2.1565000000000003,0.9589732934155522,1.5381512788835017
1703,0.0,0.4,0.6,0.05,0.15,0.8,2.382,1.19,2.1445000000000003,0.9598796956188056,1.5406728265025493
1704,0.0,0.4,0.6,0.05,0.2,0.75,2.382,1.19,2.1325000000000003,0.9607926451968904,1.594656709906067
1705,0.0,0.4,0.6,0.05,0.25,0.7,2.382,1.19,2.1205,0.9617122133491708,1.6465936105196914
1719,0.0,0.4,0.6,0.1,0.0,0.9,2.382,1.19,2.161,0.9586350662281364,1.5373846879744104
1720,0.0,0.4,0.6,0.1,0.05,0.85,2.382,1.19,2.149,0.9595390313136408,1.5381512788835017
1721,0.0,0.4,0.6,0.1,0.1,0.8,2.382,1.19,2.1370000000000005,0.9604495173375436,1.5570897196297364
1722,0.0,0.4,0.6,0.1,0.15,0.75,2.382,1.19,2.125,0.9613665951154658,1.619737550708365
1723,0.0,0.4,0.6,0.1,0.2,0.7,2.382,1.19,2.113,0.9622903364921376,1.655045567355316
1724,0.0,0.4,0.6,0.1,0.25,0.65,2.382,1.19,2.101,0.9632208143601616,1.6854563812785224
1737,0.0,0.4,0.6,0.15,0.0,0.85,2.382,1.19,2.1415,0.9601073164332424,1.539256354641077
1738,0.0,0.4,0.6,0.15,0.05,0.8,2.382,1.19,2.1295,0.9610219139397828,1.5772668567283303
1739,0.0,0.4,0.6,0.15,0.1,0.75,2.382,1.19,2.1175,0.9619431479815176,1.634420575800352
1740,0.0,0.4,0.6,0.15,0.15,0.7,2.382,1.19,2.1055,0.9628710910558737,1.656922799498173
1741,0.0,0.4,0.6,0.15,0.2,0.65,2.382,1.19,2.0935,0.9638058167200833,1.6846638349822263
1742,0.0,0.4,0.6,0.15,0.25,0.6,2.382,1.19,2.0815,0.9647473996106234,1.6920330551867222
1754,0.0,0.4,0.6,0.2,0.0,0.8,2.382,1.19,2.1220000000000003,0.9615969029179376,1.5925425608988877
1755,0.0,0.4,0.6,0.2,0.05,0.75,2.382,1.19,2.1100000000000003,0.9625223215424156,1.6415251554976151
1756,0.0,0.4,0.6,0.2,0.1,0.7,2.382,1.19,2.098,0.963454495047364,1.6562729185457923
1757,0.0,0.4,0.6,0.2,0.15,0.65,2.382,1.19,2.0860000000000003,0.9643934976622386,1.6856596683155596
1758,0.0,0.4,0.6,0.2,0.2,0.6,2.382,1.19,2.074,0.9653394047081052,1.6902967588904259
1770,0.0,0.4,0.6,0.25,0.0,0.75,2.382,1.19,2.1025,0.9631041337072352,1.6415251554976151
1771,0.0,0.4,0.6,0.25,0.05,0.7,2.382,1.19,2.0905,0.9640405666382666,1.6582125018791256
1772,0.0,0.4,0.6,0.25,0.1,0.65,2.382,1.19,2.0785,0.9649838756256982,1.6850097873631789
1785,0.0,0.4,0.6,0.3,0.0,0.7,2.382,1.19,2.083,0.9646293241667994,1.6582125018791256
1786,0.0,0.4,0.6,0.3,0.05,0.65,2.382,1.19,2.071,0.9655769692191644,1.6850097873631789
1890,0.0,0.45,0.55,0.0,0.0,1.0,2.3635,1.19,2.2,0.951882535676935,1.5373846879744104
1891,0.0,0.45,0.55,0.0,0.05,0.95,2.3635,1.19,2.188,0.952752076545462,1.5381512788835017
1892,0.0,0.45,0.55,0.0,0.1,0.9,2.3635,1.19,2.176,0.9536278173488808,1.5381512788835017
1893,0.0,0.45,0.55,0.0,0.15,0.85,2.3635,1.19,2.164,0.954509824633898,1.5388011598358822
1894,0.0,0.45,0.55,0.0,0.2,0.8,2.3635,1.19,2.152,0.9553981659030087,1.5388011598358822
1895,0.0,0.45,0.55,0.0,0.25,0.75,2.3635,1.19,2.14,0.9562929096317168,1.579326232122795
1896,0.0,0.45,0.55,0.0,0.3,0.7,2.3635,1.19,2.128,0.9571941252861296,1.6649008667919842
1910,0.0,0.45,0.55,0.05,0.0,0.95,2.3635,1.19,2.1805,0.9532986837892516,1.5373846879744104
1911,0.0,0.45,0.55,0.05,0.05,0.9,2.3635,1.19,2.1685000000000003,0.9541783332849288,1.5381512788835017
1912,0.0,0.45,0.55,0.05,0.1,0.85,2.3635,1.19,2.1565000000000003,0.9550642913381726,1.5381512788835017
1913,0.0,0.45,0.55,0.05,0.15,0.8,2.3635,1.19,2.1445000000000003,0.9559566260575668,1.5406728265025493
1914,0.0,0.45,0.55,0.05,0.2,0.75,2.3635,1.19,2.1325000000000003,0.956855406535656,1.594656709906067
1915,0.0,0.45,0.55,0.05,0.25,0.7,2.3635,1.19,2.1205,0.9577607028667812,1.6465936105196914
1929,0.0,0.45,0.55,0.1,0.0,0.9,2.3635,1.19,2.161,0.954731313482105,1.5373846879744104
1930,0.0,0.45,0.55,0.1,0.05,0.85,2.3635,1.19,2.149,0.9556212489081448,1.5381512788835017
1931,0.0,0.45,0.55,0.1,0.1,0.8,2.3635,1.19,2.1370000000000005,0.956517604066744,1.5570897196297364
1932,0.0,0.45,0.55,0.1,0.15,0.75,2.3635,1.19,2.125,0.957420448674455,1.619737550708365
1933,0.0,0.45,0.55,0.1,0.2,0.7,2.3635,1.19,2.113,0.9583298534609688,1.655045567355316
1934,0.0,0.45,0.55,0.1,0.25,0.65,2.3635,1.19,2.101,0.9592458901875848,1.6854563812785224
1947,0.0,0.45,0.55,0.15,0.0,0.85,2.3635,1.19,2.1415,0.9561807141664106,1.539256354641077
1948,0.0,0.45,0.55,0.15,0.05,0.8,2.3635,1.19,2.1295,0.9570811169968844,1.5772668567283303
1949,0.0,0.45,0.55,0.15,0.1,0.75,2.3635,1.19,2.1175,0.957988053362636,1.634420575800352
1950,0.0,0.45,0.55,0.15,0.15,0.7,2.3635,1.19,2.1055,0.958901594635922,1.656922799498173
1951,0.0,0.45,0.55,0.15,0.2,0.65,2.3635,1.19,2.0935,0.9598218132323564,1.6846638349822263
1952,0.0,0.45,0.55,0.15,0.25,0.6,2.3635,1.19,2.0815,0.9607487826300484,1.6920330551867222
1964,0.0,0.45,0.55,0.2,0.0,0.8,2.3635,1.19,2.1220000000000003,0.9576471820689186,1.5925425608988877
1965,0.0,0.45,0.55,0.2,0.05,0.75,2.3635,1.19,2.1100000000000003,0.9585582380721274,1.6415251554976151
1966,0.0,0.45,0.55,0.2,0.1,0.7,2.3635,1.19,2.098,0.959475944119155,1.6562729185457923
1967,0.0,0.45,0.55,0.2,0.15,0.65,2.3635,1.19,2.0860000000000003,0.9604003732874062,1.6856596683155596
1968,0.0,0.45,0.55,0.2,0.2,0.6,2.3635,1.19,2.074,0.9613315997289535,1.6902967588904259
1980,0.0,0.45,0.55,0.25,0.0,0.75,2.3635,1.19,2.1025,0.9591310204340536,1.6415251554976151
1981,0.0,0.45,0.55,0.25,0.05,0.7,2.3635,1.19,2.0905,0.9600529198002996,1.6582125018791256
1982,0.0,0.45,0.55,0.25,0.1,0.65,2.3635,1.19,2.0785,0.9609815885056276,1.6850097873631789
1995,0.0,0.45,0.55,0.3,0.0,0.7,2.3635,1.19,2.083,0.9606325397329616,1.6582125018791256
1996,0.0,0.45,0.55,0.3,0.05,0.65,2.3635,1.19,2.071,0.9615654772069134,1.6850097873631789
2100,0.0,0.5,0.5,0.0,0.0,1.0,2.345,1.19,2.2,0.948023693360725,1.5373846879744104
2101,0.0,0.5,0.5,0.0,0.05,0.95,2.345,1.19,2.188,0.948879526086033,1.5381512788835017
2102,0.0,0.5,0.5,0.0,0.1,0.9,2.345,1.19,2.176,0.9497414610054608,1.5381512788835017
2103,0.0,0.5,0.5,0.0,0.15,0.85,2.345,1.19,2.164,0.9506095636166196,1.5388011598358822
2104,0.0,0.5,0.5,0.0,0.2,0.8,2.345,1.19,2.152,0.9514839003578408,1.5388011598358822
2105,0.0,0.5,0.5,0.0,0.25,0.75,2.345,1.19,2.14,0.9523645386251246,1.579326232122795
2106,0.0,0.5,0.5,0.0,0.3,0.7,2.345,1.19,2.128,0.9532515467894594,1.6649008667919842
2120,0.0,0.5,0.5,0.05,0.0,0.95,2.345,1.19,2.1805,0.9494175161725916,1.5373846879744104
2121,0.0,0.5,0.5,0.05,0.05,0.9,2.345,1.19,2.1685000000000003,0.9502832981645026,1.5381512788835017
2122,0.0,0.5,0.5,0.05,0.1,0.85,2.345,1.19,2.1565000000000003,0.9511552892607928,1.5381512788835017
2123,0.0,0.5,0.5,0.05,0.15,0.8,2.345,1.19,2.1445000000000003,0.9520335564963276,1.5406728265025493
2124,0.0,0.5,0.5,0.05,0.2,0.75,2.345,1.19,2.1325000000000003,0.9529181678744216,1.594656709906067
2125,0.0,0.5,0.5,0.05,0.25,0.7,2.345,1.19,2.1205,0.9538091923843912,1.6465936105196914
2139,0.0,0.5,0.5,0.1,0.0,0.9,2.345,1.19,2.161,0.9508275607360738,1.5373846879744104
2140,0.0,0.5,0.5,0.1,0.05,0.85,2.345,1.19,2.149,0.9517034665026488,1.5381512788835017
2141,0.0,0.5,0.5,0.1,0.1,0.8,2.345,1.19,2.1370000000000005,0.952585690795944,1.5570897196297364
2142,0.0,0.5,0.5,0.1,0.15,0.75,2.345,1.19,2.125,0.953474302233444,1.619737550708365
2143,0.0,0.5,0.5,0.1,0.2,0.7,2.345,1.19,2.113,0.9543693704297996,1.655045567355316
2144,0.0,0.5,0.5,0.1,0.25,0.65,2.345,1.19,2.101,0.9552709660150076,1.6854563812785224
2157,0.0,0.5,0.5,0.15,0.0,0.85,2.345,1.19,2.1415,0.9522541118995782,1.539256354641077
2158,0.0,0.5,0.5,0.15,0.05,0.8,2.345,1.19,2.1295,0.953140320053986,1.5772668567283303
2159,0.0,0.5,0.5,0.15,0.1,0.75,2.345,1.19,2.1175,0.9540329587437546,1.634420575800352
2160,0.0,0.5,0.5,0.15,0.15,0.7,2.345,1.19,2.1055,0.95493209821597,1.656922799498173
2161,0.0,0.5,0.5,0.15,0.2,0.65,2.345,1.19,2.0935,0.9558378097446294,1.6846638349822263
2162,0.0,0.5,0.5,0.15,0.25,0.6,2.345,1.19,2.0815,0.9567501656494732,1.6920330551867222
2174,0.0,0.5,0.5,0.2,0.0,0.8,2.345,1.19,2.1220000000000003,0.9536974612198996,1.5925425608988877
2175,0.0,0.5,0.5,0.2,0.05,0.75,2.345,1.19,2.1100000000000003,0.954594154601839,1.6415251554976151
2176,0.0,0.5,0.5,0.2,0.1,0.7,2.345,1.19,2.098,0.955497393190946,1.6562729185457923
2177,0.0,0.5,0.5,0.2,0.15,0.65,2.345,1.19,2.0860000000000003,0.9564072489125738,1.6856596683155596
2178,0.0,0.5,0.5,0.2,0.2,0.6,2.345,1.19,2.074,0.9573237947498018,1.6902967588904259
2190,0.0,0.5,0.5,0.25,0.0,0.75,2.345,1.19,2.1025,0.9551579071608716,1.6415251554976151
2191,0.0,0.5,0.5,0.25,0.05,0.7,2.345,1.19,2.0905,0.9560652729623323,1.6582125018791256
2192,0.0,0.5,0.5,0.25,0.1,0.65,2.345,1.19,2.0785,0.9569793013855568,1.6850097873631789
2205,0.0,0.5,0.5,0.3,0.0,0.7,2.345,1.19,2.083,0.9566357552991238,1.6582125018791256
2206,0.0,0.5,0.5,0.3,0.05,0.65,2.345,1.19,2.071,0.9575539851946624,1.6850097873631789
2310,0.0,0.55,0.45,0.0,0.0,1.0,2.3265,1.19,2.2,0.9441648510445156,1.5373846879744104
2311,0.0,0.55,0.45,0.0,0.05,0.95,2.3265,1.19,2.188,0.9450069756266042,1.5381512788835017
2312,0.0,0.55,0.45,0.0,0.1,0.9,2.3265,1.19,2.176,0.945855104662041,1.5381512788835017
2313,0.0,0.55,0.45,0.0,0.15,0.85,2.3265,1.19,2.164,0.9467093025993416,1.5388011598358822
2314,0.0,0.55,0.45,0.0,0.2,0.8,2.3265,1.19,2.152,0.947569634812673,1.5388011598358822
2315,0.0,0.55,0.45,0.0,0.25,0.75,2.3265,1.19,2.14,0.9484361676185328,1.579326232122795
2316,0.0,0.55,0.45,0.0,0.3,0.7,2.3265,1.19,2.128,0.9493089682927895,1.6649008667919842
2330,0.0,0.55,0.45,0.05,0.0,0.95,2.3265,1.19,2.1805,0.9455363485559322,1.5373846879744104
2331,0.0,0.55,0.45,0.05,0.05,0.9,2.3265,1.19,2.1685000000000003,0.9463882630440766,1.5381512788835017
2332,0.0,0.55,0.45,0.05,0.1,0.85,2.3265,1.19,2.1565000000000003,0.9472462871834132,1.5381512788835017
2333,0.0,0.55,0.45,0.05,0.15,0.8,2.3265,1.19,2.1445000000000003,0.9481104869350888,1.5406728265025493
2334,0.0,0.55,0.45,0.05,0.2,0.75,2.3265,1.19,2.1325000000000003,0.9489809292131874,1.594656709906067
2335,0.0,0.55,0.45,0.05,0.25,0.7,2.3265,1.19,2.1205,0.9498576819020016,1.6465936105196914
2349,0.0,0.55,0.45,0.1,0.0,0.9,2.3265,1.19,2.161,0.9469238079900424,1.5373846879744104
2350,0.0,0.55,0.45,0.1,0.05,0.85,2.3265,1.19,2.149,0.9477856840971528,1.5381512788835017
2351,0.0,0.55,0.45,0.1,0.1,0.8,2.3265,1.19,2.1370000000000005,0.9486537775251442,1.5570897196297364
2352,0.0,0.55,0.45,0.1,0.15,0.75,2.3265,1.19,2.125,0.9495281557924332,1.619737550708365
2353,0.0,0.55,0.45,0.1,0.2,0.7,2.3265,1.19,2.113,0.9504088873986308,1.655045567355316
2354,0.0,0.55,0.45,0.1,0.25,0.65,2.3265,1.19,2.101,0.9512960418424306,1.6854563812785224
2367,0.0,0.55,0.45,0.15,0.0,0.85,2.3265,1.19,2.1415,0.948327509632746,1.539256354641077
2368,0.0,0.55,0.45,0.15,0.05,0.8,2.3265,1.19,2.1295,0.9491995231110878,1.5772668567283303
2369,0.0,0.55,0.45,0.15,0.1,0.75,2.3265,1.19,2.1175,0.9500778641248728,1.634420575800352
2370,0.0,0.55,0.45,0.15,0.15,0.7,2.3265,1.19,2.1055,0.9509626017960184,1.656922799498173
2371,0.0,0.55,0.45,0.15,0.2,0.65,2.3265,1.19,2.0935,0.9518538062569026,1.6846638349822263
2372,0.0,0.55,0.45,0.15,0.25,0.6,2.3265,1.19,2.0815,0.9527515486688984,1.6920330551867222
2384,0.0,0.55,0.45,0.2,0.0,0.8,2.3265,1.19,2.1220000000000003,0.9497477403708808,1.5925425608988877
2385,0.0,0.55,0.45,0.2,0.05,0.75,2.3265,1.19,2.1100000000000003,0.950630071131551,1.6415251554976151
2386,0.0,0.55,0.45,0.2,0.1,0.7,2.3265,1.19,2.098,0.9515188422627372,1.6562729185457923
2387,0.0,0.55,0.45,0.2,0.15,0.65,2.3265,1.19,2.0860000000000003,0.9524141245377414,1.6856596683155596
2388,0.0,0.55,0.45,0.2,0.2,0.6,2.3265,1.19,2.074,0.9533159897706502,1.6902967588904259
2400,0.0,0.55,0.45,0.25,0.0,0.75,2.3265,1.19,2.1025,0.95118479388769,1.6415251554976151
2401,0.0,0.55,0.45,0.25,0.05,0.7,2.3265,1.19,2.0905,0.9520776261243652,1.6582125018791256
2402,0.0,0.55,0.45,0.25,0.1,0.65,2.3265,1.19,2.0785,0.9529770142654864,1.6850097873631789
2415,0.0,0.55,0.45,0.3,0.0,0.7,2.3265,1.19,2.083,0.952638970865286,1.6582125018791256
2416,0.0,0.55,0.45,0.3,0.05,0.65,2.3265,1.19,2.071,0.9535424931824112,1.6850097873631789
2520,0.0,0.6,0.4,0.0,0.0,1.0,2.308,1.19,2.2,0.9403060087283056,1.5373846879744104
2521,0.0,0.6,0.4,0.0,0.05,0.95,2.308,1.19,2.188,0.941134425167175,1.5381512788835017
2522,0.0,0.6,0.4,0.0,0.1,0.9,2.308,1.19,2.176,0.9419687483186212,1.5381512788835017
2523,0.0,0.6,0.4,0.0,0.15,0.85,2.308,1.19,2.164,0.9428090415820632,1.5388011598358822
2524,0.0,0.6,0.4,0.0,0.2,0.8,2.308,1.19,2.152,0.943655369267505,1.5388011598358822
2525,0.0,0.6,0.4,0.0,0.25,0.75,2.308,1.19,2.14,0.944507796611941,1.579326232122795
2526,0.0,0.6,0.4,0.0,0.3,0.7,2.308,1.19,2.128,0.9453663897961194,1.6649008667919842
2540,0.0,0.6,0.4,0.05,0.0,0.95,2.308,1.19,2.1805,0.9416551809392728,1.5373846879744104
2541,0.0,0.6,0.4,0.05,0.05,0.9,2.308,1.19,2.1685000000000003,0.9424932279236502,1.5381512788835017
2542,0.0,0.6,0.4,0.05,0.1,0.85,2.308,1.19,2.1565000000000003,0.9433372851060337,1.5381512788835017
2543,0.0,0.6,0.4,0.05,0.15,0.8,2.308,1.19,2.1445000000000003,0.94418741737385,1.5406728265025493
2544,0.0,0.6,0.4,0.05,0.2,0.75,2.308,1.19,2.1325000000000003,0.945043690551953,1.594656709906067
2545,0.0,0.6,0.4,0.05,0.25,0.7,2.308,1.19,2.1205,0.945906171419612,1.6465936105196914
2559,0.0,0.6,0.4,0.1,0.0,0.9,2.308,1.19,2.161,0.9430200552440108,1.5373846879744104
2560,0.0,0.6,0.4,0.1,0.05,0.85,2.308,1.19,2.149,0.9438679016916568,1.5381512788835017
2561,0.0,0.6,0.4,0.1,0.1,0.8,2.308,1.19,2.1370000000000005,0.9447218642543443,1.5570897196297364
2562,0.0,0.6,0.4,0.1,0.15,0.75,2.308,1.19,2.125,0.9455820093514224,1.619737550708365
2563,0.0,0.6,0.4,0.1,0.2,0.7,2.308,1.19,2.113,0.9464484043674618,1.655045567355316
2564,0.0,0.6,0.4,0.1,0.25,0.65,2.308,1.19,2.101,0.9473211176698536,1.6854563812785224
2577,0.0,0.6,0.4,0.15,0.0,0.85,2.308,1.19,2.1415,0.9444009073659142,1.539256354641077
2578,0.0,0.6,0.4,0.15,0.05,0.8,2.308,1.19,2.1295,0.9452587261681892,1.5772668567283303
2579,0.0,0.6,0.4,0.15,0.1,0.75,2.308,1.19,2.1175,0.9461227695059912,1.634420575800352
2580,0.0,0.6,0.4,0.15,0.15,0.7,2.308,1.19,2.1055,0.9469931053760664,1.656922799498173
2581,0.0,0.6,0.4,0.15,0.2,0.65,2.308,1.19,2.0935,0.947869802769176,1.6846638349822263
2582,0.0,0.6,0.4,0.15,0.25,0.6,2.308,1.19,2.0815,0.9487529316883234,1.6920330551867222
2594,0.0,0.6,0.4,0.2,0.0,0.8,2.308,1.19,2.1220000000000003,0.9457980195218614,1.5925425608988877
2595,0.0,0.6,0.4,0.2,0.05,0.75,2.308,1.19,2.1100000000000003,0.9466659876612626,1.6415251554976151
2596,0.0,0.6,0.4,0.2,0.1,0.7,2.308,1.19,2.098,0.947540291334528,1.6562729185457923
2597,0.0,0.6,0.4,0.2,0.15,0.65,2.308,1.19,2.0860000000000003,0.9484210001629088,1.6856596683155596
2598,0.0,0.6,0.4,0.2,0.2,0.6,2.308,1.19,2.074,0.9493081847914984,1.6902967588904259
2610,0.0,0.6,0.4,0.25,0.0,0.75,2.308,1.19,2.1025,0.947211680614508,1.6415251554976151
2611,0.0,0.6,0.4,0.25,0.05,0.7,2.308,1.19,2.0905,0.9480899792863984,1.6582125018791256
2612,0.0,0.6,0.4,0.25,0.1,0.65,2.308,1.19,2.0785,0.9489747271454156,1.6850097873631789
2625,0.0,0.6,0.4,0.3,0.0,0.7,2.308,1.19,2.083,0.9486421864314482,1.6582125018791256
2626,0.0,0.6,0.4,0.3,0.05,0.65,2.308,1.19,2.071,0.9495310011701598,1.6850097873631789
2730,0.0,0.65,0.35,0.0,0.0,1.0,2.2895,1.19,2.2,0.9364471664120956,1.5382268618874542
2731,0.0,0.65,0.35,0.0,0.05,0.95,2.2895,1.19,2.188,0.937261874707746,1.5381512788835017
2732,0.0,0.65,0.35,0.0,0.1,0.9,2.2895,1.19,2.176,0.9380823919752016,1.5381512788835017
2733,0.0,0.65,0.35,0.0,0.15,0.85,2.2895,1.19,2.164,0.9389087805647852,1.5388011598358822
2734,0.0,0.65,0.35,0.0,0.2,0.8,2.2895,1.19,2.152,0.9397411037223372,1.5388011598358822
2735,0.0,0.65,0.35,0.0,0.25,0.75,2.2895,1.19,2.14,0.9405794256053488,1.579326232122795
2736,0.0,0.65,0.35,0.0,0.3,0.7,2.2895,1.19,2.128,0.9414238112994496,1.6649008667919842
2750,0.0,0.65,0.35,0.05,0.0,0.95,2.2895,1.19,2.1805,0.937774013322613,1.5373846879744104
2751,0.0,0.65,0.35,0.05,0.05,0.9,2.2895,1.19,2.1685000000000003,0.9385981928032242,1.5381512788835017
2752,0.0,0.65,0.35,0.05,0.1,0.85,2.2895,1.19,2.1565000000000003,0.9394282830286536,1.5381512788835017
2753,0.0,0.65,0.35,0.05,0.15,0.8,2.2895,1.19,2.1445000000000003,0.940264347812611,1.5406728265025493
2754,0.0,0.65,0.35,0.05,0.2,0.75,2.2895,1.19,2.1325000000000003,0.9411064518907188,1.594656709906067
2755,0.0,0.65,0.35,0.05,0.25,0.7,2.2895,1.19,2.1205,0.9419546609372224,1.6465936105196914
2769,0.0,0.65,0.35,0.1,0.0,0.9,2.2895,1.19,2.161,0.9391163024979796,1.5373846879744104
2770,0.0,0.65,0.35,0.1,0.05,0.85,2.2895,1.19,2.149,0.9399501192861608,1.5381512788835017
2771,0.0,0.65,0.35,0.1,0.1,0.8,2.2895,1.19,2.1370000000000005,0.9407899509835446,1.5570897196297364
2772,0.0,0.65,0.35,0.1,0.15,0.75,2.2895,1.19,2.125,0.9416358629104116,1.619737550708365
2773,0.0,0.65,0.35,0.1,0.2,0.7,2.2895,1.19,2.113,0.9424879213362928,1.655045567355316
2774,0.0,0.65,0.35,0.1,0.25,0.65,2.2895,1.19,2.101,0.9433461934972764,1.6854563812785224
2787,0.0,0.65,0.35,0.15,0.0,0.85,2.2895,1.19,2.1415,0.940474305099082,1.539256354641077
2788,0.0,0.65,0.35,0.15,0.05,0.8,2.2895,1.19,2.1295,0.9413179292252912,1.5772668567283303
2789,0.0,0.65,0.35,0.15,0.1,0.75,2.2895,1.19,2.1175,0.9421676748871094,1.634420575800352
2790,0.0,0.65,0.35,0.15,0.15,0.7,2.2895,1.19,2.1055,0.9430236089561146,1.656922799498173
2791,0.0,0.65,0.35,0.15,0.2,0.65,2.2895,1.19,2.0935,0.9438857992814488,1.6846638349822263
2792,0.0,0.65,0.35,0.15,0.25,0.6,2.2895,1.19,2.0815,0.9447543147077484,1.6920330551867222
2804,0.0,0.65,0.35,0.2,0.0,0.8,2.2895,1.19,2.1220000000000003,0.9418482986728424,1.5925425608988877
2805,0.0,0.65,0.35,0.2,0.05,0.75,2.2895,1.19,2.1100000000000003,0.9427019041909742,1.6415251554976151
2806,0.0,0.65,0.35,0.2,0.1,0.7,2.2895,1.19,2.098,0.9435617404063188,1.6562729185457923
2807,0.0,0.65,0.35,0.2,0.15,0.65,2.2895,1.19,2.0860000000000003,0.9444278757880764,1.6856596683155596
2808,0.0,0.65,0.35,0.2,0.2,0.6,2.2895,1.19,2.074,0.9453003798123468,1.6902967588904259
2820,0.0,0.65,0.35,0.25,0.0,0.75,2.2895,1.19,2.1025,0.943238567341326,1.6415251554976151
2821,0.0,0.65,0.35,0.25,0.05,0.7,2.2895,1.19,2.0905,0.944102332448431,1.6582125018791256
2822,0.0,0.65,0.35,0.25,0.1,0.65,2.2895,1.19,2.0785,0.9449724400253448,1.6850097873631789
2835,0.0,0.65,0.35,0.3,0.0,0.7,2.2895,1.19,2.083,0.9446454019976104,1.6582125018791256
2836,0.0,0.65,0.35,0.3,0.05,0.65,2.2895,1.19,2.071,0.9455195091579086,1.6850097873631789
2940,0.0,0.7,0.3,0.0,0.0,1.0,2.271,1.19,2.2,0.932588324095886,1.5382268618874542
2941,0.0,0.7,0.3,0.0,0.05,0.95,2.271,1.19,2.188,0.9333893242483172,1.5389934527965448
2942,0.0,0.7,0.3,0.0,0.1,0.9,2.271,1.19,2.176,0.9341960356317814,1.5389934527965448
2943,0.0,0.7,0.3,0.0,0.15,0.85,2.271,1.19,2.164,0.935008519547507,1.539643333748926
2944,0.0,0.7,0.3,0.0,0.2,0.8,2.271,1.19,2.152,0.9358268381771692,1.539643333748926
2945,0.0,0.7,0.3,0.0,0.25,0.75,2.271,1.19,2.14,0.936651054598757,1.579326232122795
2946,0.0,0.7,0.3,0.0,0.3,0.7,2.271,1.19,2.128,0.9374812328027796,1.6649008667919842
2960,0.0,0.7,0.3,0.05,0.0,0.95,2.271,1.19,2.1805,0.9338928457059534,1.5382268618874542
2961,0.0,0.7,0.3,0.05,0.05,0.9,2.271,1.19,2.1685000000000003,0.934703157682798,1.5389934527965448
2962,0.0,0.7,0.3,0.05,0.1,0.85,2.271,1.19,2.1565000000000003,0.935519280951274,1.5389934527965448
2963,0.0,0.7,0.3,0.05,0.15,0.8,2.271,1.19,2.1445000000000003,0.936341278251372,1.5415150004155924
2964,0.0,0.7,0.3,0.05,0.2,0.75,2.271,1.19,2.1325000000000003,0.9371692132294844,1.594656709906067
2965,0.0,0.7,0.3,0.05,0.25,0.7,2.271,1.19,2.1205,0.9380031504548326,1.6465936105196914
2979,0.0,0.7,0.3,0.1,0.0,0.9,2.271,1.19,2.161,0.9352125497519482,1.5382268618874542
2980,0.0,0.7,0.3,0.1,0.05,0.85,2.271,1.19,2.149,0.9360323368806648,1.5389934527965448
2981,0.0,0.7,0.3,0.1,0.1,0.8,2.271,1.19,2.1370000000000005,0.9368580377127445,1.5570897196297364
2982,0.0,0.7,0.3,0.1,0.15,0.75,2.271,1.19,2.125,0.9376897164694004,1.619737550708365
2983,0.0,0.7,0.3,0.1,0.2,0.7,2.271,1.19,2.113,0.938527438305124,1.655045567355316
2984,0.0,0.7,0.3,0.1,0.25,0.65,2.271,1.19,2.101,0.9393712693246994,1.6854563812785224
2997,0.0,0.7,0.3,0.15,0.0,0.85,2.271,1.19,2.1415,0.93654770283225,1.5400985285541209
2998,0.0,0.7,0.3,0.15,0.05,0.8,2.271,1.19,2.1295,0.9373771322823924,1.5772668567283303
2999,0.0,0.7,0.3,0.15,0.1,0.75,2.271,1.19,2.1175,0.938212580268228,1.634420575800352
3000,0.0,0.7,0.3,0.15,0.15,0.7,2.271,1.19,2.1055,0.939054112536163,1.656922799498173
3001,0.0,0.7,0.3,0.15,0.2,0.65,2.271,1.19,2.0935,0.939901795793722,1.6846638349822263
3002,0.0,0.7,0.3,0.15,0.25,0.6,2.271,1.19,2.0815,0.9407556977271736,1.6920330551867222
3014,0.0,0.7,0.3,0.2,0.0,0.8,2.271,1.19,2.1220000000000003,0.9378985778238236,1.5925425608988877
3015,0.0,0.7,0.3,0.2,0.05,0.75,2.271,1.19,2.1100000000000003,0.938737820720686,1.6415251554976151
3016,0.0,0.7,0.3,0.2,0.1,0.7,2.271,1.19,2.098,0.93958318947811,1.6562729185457923
3017,0.0,0.7,0.3,0.2,0.15,0.65,2.271,1.19,2.0860000000000003,0.940434751413244,1.6856596683155596
3018,0.0,0.7,0.3,0.2,0.2,0.6,2.271,1.19,2.074,0.9412925748331952,1.6902967588904259
3030,0.0,0.7,0.3,0.25,0.0,0.75,2.271,1.19,2.1025,0.9392654540681444,1.6415251554976151
3031,0.0,0.7,0.3,0.25,0.05,0.7,2.271,1.19,2.0905,0.940114685610464,1.6582125018791256
3032,0.0,0.7,0.3,0.25,0.1,0.65,2.271,1.19,2.0785,0.940970152905274,1.6850097873631789
3045,0.0,0.7,0.3,0.3,0.0,0.7,2.271,1.19,2.083,0.9406486175637726,1.6582125018791256
3046,0.0,0.7,0.3,0.3,0.05,0.65,2.271,1.19,2.071,0.9415080171456576,1.6850097873631789
3150,0.0,0.75,0.25,0.0,0.0,1.0,2.2525,1.19,2.2,0.9287294817796764,1.5382268618874542
3151,0.0,0.75,0.25,0.0,0.05,0.95,2.2525,1.19,2.188,0.9295167737888882,1.5389934527965448
3152,0.0,0.75,0.25,0.0,0.1,0.9,2.2525,1.19,2.176,0.9303096792883616,1.5389934527965448
3153,0.0,0.75,0.25,0.0,0.15,0.85,2.2525,1.19,2.164,0.9311082585302286,1.539643333748926
3154,0.0,0.75,0.25,0.0,0.2,0.8,2.2525,1.19,2.152,0.9319125726320014,1.539643333748926
3155,0.0,0.75,0.25,0.0,0.25,0.75,2.2525,1.19,2.14,0.9327226835921651,1.579326232122795
3156,0.0,0.75,0.25,0.0,0.3,0.7,2.2525,1.19,2.128,0.9335386543061094,1.6649008667919842
3170,0.0,0.75,0.25,0.05,0.0,0.95,2.2525,1.19,2.1805,0.930011678089294,1.5382268618874542
3171,0.0,0.75,0.25,0.05,0.05,0.9,2.2525,1.19,2.1685000000000003,0.930808122562372,1.5389934527965448
3172,0.0,0.75,0.25,0.05,0.1,0.85,2.2525,1.19,2.1565000000000003,0.9316102788738944,1.5389934527965448
3173,0.0,0.75,0.25,0.05,0.15,0.8,2.2525,1.19,2.1445000000000003,0.9324182086901333,1.5415150004155924
3174,0.0,0.75,0.25,0.05,0.2,0.75,2.2525,1.19,2.1325000000000003,0.93323197456825,1.594656709906067
3175,0.0,0.75,0.25,0.05,0.25,0.7,2.2525,1.19,2.1205,0.9340516399724428,1.6465936105196914
3189,0.0,0.75,0.25,0.1,0.0,0.9,2.2525,1.19,2.161,0.9313087970059168,1.5382268618874542
3190,0.0,0.75,0.25,0.1,0.05,0.85,2.2525,1.19,2.149,0.9321145544751688,1.5389934527965448
3191,0.0,0.75,0.25,0.1,0.1,0.8,2.2525,1.19,2.1370000000000005,0.9329261244419446,1.55793189354278
3192,0.0,0.75,0.25,0.1,0.15,0.75,2.2525,1.19,2.125,0.9337435700283896,1.619737550708365
3193,0.0,0.75,0.25,0.1,0.2,0.7,2.2525,1.19,2.113,0.9345669552739548,1.655045567355316
3194,0.0,0.75,0.25,0.1,0.25,0.65,2.2525,1.19,2.101,0.9353963451521224,1.6854563812785224
3207,0.0,0.75,0.25,0.15,0.0,0.85,2.2525,1.19,2.1415,0.932621100565418,1.5400985285541209
3208,0.0,0.75,0.25,0.15,0.05,0.8,2.2525,1.19,2.1295,0.933436335339494,1.5781090306413739
3209,0.0,0.75,0.25,0.15,0.1,0.75,2.2525,1.19,2.1175,0.9342574856493462,1.634420575800352
3210,0.0,0.75,0.25,0.15,0.15,0.7,2.2525,1.19,2.1055,0.9350846161162112,1.656922799498173
3211,0.0,0.75,0.25,0.15,0.2,0.65,2.2525,1.19,2.0935,0.9359177923059953,1.6846638349822263
3212,0.0,0.75,0.25,0.15,0.25,0.6,2.2525,1.19,2.0815,0.9367570807465984,1.6920330551867222
3224,0.0,0.75,0.25,0.2,0.0,0.8,2.2525,1.19,2.1220000000000003,0.9339488569748045,1.5933847348119312
3225,0.0,0.75,0.25,0.2,0.05,0.75,2.2525,1.19,2.1100000000000003,0.934773737250398,1.6415251554976151
3226,0.0,0.75,0.25,0.2,0.1,0.7,2.2525,1.19,2.098,0.9356046385499012,1.6562729185457923
3227,0.0,0.75,0.25,0.2,0.15,0.65,2.2525,1.19,2.0860000000000003,0.9364416270384114,1.6856596683155596
3228,0.0,0.75,0.25,0.2,0.2,0.6,2.2525,1.19,2.074,0.9372847698540432,1.6902967588904259
3240,0.0,0.75,0.25,0.25,0.0,0.75,2.2525,1.19,2.1025,0.9352923407949628,1.6415251554976151
3241,0.0,0.75,0.25,0.25,0.05,0.7,2.2525,1.19,2.0905,0.9361270387724968,1.6582125018791256
3242,0.0,0.75,0.25,0.25,0.1,0.65,2.2525,1.19,2.0785,0.9369678657852032,1.6850097873631789
3255,0.0,0.75,0.25,0.3,0.0,0.7,2.2525,1.19,2.083,0.9366518331299348,1.6582125018791256
3256,0.0,0.75,0.25,0.3,0.05,0.65,2.2525,1.19,2.071,0.9374965251334064,1.6850097873631789
3360,0.0,0.8,0.2,0.0,0.0,1.0,2.234,1.19,2.2,0.9248706394634666,1.5382268618874542
3361,0.0,0.8,0.2,0.0,0.05,0.95,2.234,1.19,2.188,0.9256442233294592,1.5389934527965448
3362,0.0,0.8,0.2,0.0,0.1,0.9,2.234,1.19,2.176,0.926423322944942,1.5389934527965448
3363,0.0,0.8,0.2,0.0,0.15,0.85,2.234,1.19,2.164,0.9272079975129504,1.539643333748926
3364,0.0,0.8,0.2,0.0,0.2,0.8,2.234,1.19,2.152,0.9279983070868334,1.539643333748926
3365,0.0,0.8,0.2,0.0,0.25,0.75,2.234,1.19,2.14,0.9287943125855732,1.579326232122795
3366,0.0,0.8,0.2,0.0,0.3,0.7,2.234,1.19,2.128,0.9295960758094396,1.6649008667919842
3380,0.0,0.8,0.2,0.05,0.0,0.95,2.234,1.19,2.1805,0.9261305104726344,1.5382268618874542
3381,0.0,0.8,0.2,0.05,0.05,0.9,2.234,1.19,2.1685000000000003,0.9269130874419458,1.5389934527965448
3382,0.0,0.8,0.2,0.05,0.1,0.85,2.234,1.19,2.1565000000000003,0.9277012767965148,1.5389934527965448
3383,0.0,0.8,0.2,0.05,0.15,0.8,2.234,1.19,2.1445000000000003,0.9284951391288944,1.5415150004155924
3384,0.0,0.8,0.2,0.05,0.2,0.75,2.234,1.19,2.1325000000000003,0.9292947359070156,1.594656709906067
3385,0.0,0.8,0.2,0.05,0.25,0.7,2.234,1.19,2.1205,0.9301001294900532,1.6465936105196914
3399,0.0,0.8,0.2,0.1,0.0,0.9,2.234,1.19,2.161,0.9274050442598852,1.5382268618874542
3400,0.0,0.8,0.2,0.1,0.05,0.85,2.234,1.19,2.149,0.9281967720696728,1.5389934527965448
3401,0.0,0.8,0.2,0.1,0.1,0.8,2.234,1.19,2.1370000000000005,0.9289942111711448,1.55793189354278
3402,0.0,0.8,0.2,0.1,0.15,0.75,2.234,1.19,2.125,0.9297974235873788,1.619737550708365
3403,0.0,0.8,0.2,0.1,0.2,0.7,2.234,1.19,2.113,0.9306064722427858,1.655045567355316
3404,0.0,0.8,0.2,0.1,0.25,0.65,2.234,1.19,2.101,0.9314214209795452,1.6854563812785224
3417,0.0,0.8,0.2,0.15,0.0,0.85,2.234,1.19,2.1415,0.928694498298586,1.5400985285541209
3418,0.0,0.8,0.2,0.15,0.05,0.8,2.234,1.19,2.1295,0.9294955383965958,1.5781090306413739
3419,0.0,0.8,0.2,0.15,0.1,0.75,2.234,1.19,2.1175,0.9303023910304644,1.634420575800352
3420,0.0,0.8,0.2,0.15,0.15,0.7,2.234,1.19,2.1055,0.9311151196962594,1.656922799498173
3421,0.0,0.8,0.2,0.15,0.2,0.65,2.234,1.19,2.0935,0.9319337888182684,1.6846638349822263
3422,0.0,0.8,0.2,0.15,0.25,0.6,2.234,1.19,2.0815,0.9327584637660234,1.6920330551867222
3434,0.0,0.8,0.2,0.2,0.0,0.8,2.234,1.19,2.1220000000000003,0.9299991361257852,1.5933847348119312
3435,0.0,0.8,0.2,0.2,0.05,0.75,2.234,1.19,2.1100000000000003,0.9308096537801096,1.6415251554976151
3436,0.0,0.8,0.2,0.2,0.1,0.7,2.234,1.19,2.098,0.9316260876216922,1.6562729185457923
3437,0.0,0.8,0.2,0.2,0.15,0.65,2.234,1.19,2.0860000000000003,0.932448502663579,1.6856596683155596
3438,0.0,0.8,0.2,0.2,0.2,0.6,2.234,1.19,2.074,0.9332769648748916,1.6902967588904259
3450,0.0,0.8,0.2,0.25,0.0,0.75,2.234,1.19,2.1025,0.9313192275217808,1.6415251554976151
3451,0.0,0.8,0.2,0.25,0.05,0.7,2.234,1.19,2.0905,0.9321393919345298,1.6582125018791256
3452,0.0,0.8,0.2,0.25,0.1,0.65,2.234,1.19,2.0785,0.9329655786651326,1.6850097873631789
3465,0.0,0.8,0.2,0.3,0.0,0.7,2.234,1.19,2.083,0.932655048696097,1.6582125018791256
3466,0.0,0.8,0.2,0.3,0.05,0.65,2.234,1.19,2.071,0.933485033121155,1.6850097873631789
3570,0.0,0.85,0.15,0.0,0.0,1.0,2.2155,1.19,2.2,0.9210117971472568,1.5382268618874542
3571,0.0,0.85,0.15,0.0,0.05,0.95,2.2155,1.19,2.188,0.92177167287003,1.5389934527965448
3572,0.0,0.85,0.15,0.0,0.1,0.9,2.2155,1.19,2.176,0.9225369666015222,1.5389934527965448
3573,0.0,0.85,0.15,0.0,0.15,0.85,2.2155,1.19,2.164,0.9233077364956722,1.539643333748926
3574,0.0,0.85,0.15,0.0,0.2,0.8,2.2155,1.19,2.152,0.9240840415416656,1.539643333748926
3575,0.0,0.85,0.15,0.0,0.25,0.75,2.2155,1.19,2.14,0.9248659415789812,1.579326232122795
3576,0.0,0.85,0.15,0.0,0.3,0.7,2.2155,1.19,2.128,0.9256534973127696,1.6649008667919842
3590,0.0,0.85,0.15,0.05,0.0,0.95,2.2155,1.19,2.1805,0.9222493428559748,1.5382268618874542
3591,0.0,0.85,0.15,0.05,0.05,0.9,2.2155,1.19,2.1685000000000003,0.9230180523215198,1.5389934527965448
3592,0.0,0.85,0.15,0.05,0.1,0.85,2.2155,1.19,2.1565000000000003,0.923792274719135,1.5389934527965448
3593,0.0,0.85,0.15,0.05,0.15,0.8,2.2155,1.19,2.1445000000000003,0.9245720695676554,1.5415150004155924
3594,0.0,0.85,0.15,0.05,0.2,0.75,2.2155,1.19,2.1325000000000003,0.9253574972457814,1.594656709906067
3595,0.0,0.85,0.15,0.05,0.25,0.7,2.2155,1.19,2.1205,0.9261486190076637,1.6465936105196914
3609,0.0,0.85,0.15,0.1,0.0,0.9,2.2155,1.19,2.161,0.9235012915138542,1.5382268618874542
3610,0.0,0.85,0.15,0.1,0.05,0.85,2.2155,1.19,2.149,0.9242789896641768,1.5389934527965448
3611,0.0,0.85,0.15,0.1,0.1,0.8,2.2155,1.19,2.1370000000000005,0.9250622979003452,1.55793189354278
3612,0.0,0.85,0.15,0.1,0.15,0.75,2.2155,1.19,2.125,0.925851277146368,1.619737550708365
3613,0.0,0.85,0.15,0.1,0.2,0.7,2.2155,1.19,2.113,0.9266459892116168,1.655045567355316
3614,0.0,0.85,0.15,0.1,0.25,0.65,2.2155,1.19,2.101,0.927446496806968,1.6862480479451891
3627,0.0,0.85,0.15,0.15,0.0,0.85,2.2155,1.19,2.1415,0.9247678960317536,1.5400985285541209
3628,0.0,0.85,0.15,0.15,0.05,0.8,2.2155,1.19,2.1295,0.9255547414536976,1.5781090306413739
3629,0.0,0.85,0.15,0.15,0.1,0.75,2.2155,1.19,2.1175,0.9263472964115828,1.634420575800352
3630,0.0,0.85,0.15,0.15,0.15,0.7,2.2155,1.19,2.1055,0.9271456232763076,1.656922799498173
3631,0.0,0.85,0.15,0.15,0.2,0.65,2.2155,1.19,2.0935,0.9279497853305416,1.685455501648893
3632,0.0,0.85,0.15,0.15,0.25,0.6,2.2155,1.19,2.0815,0.9287598467854484,1.692824721853389
3644,0.0,0.85,0.15,0.2,0.0,0.8,2.2155,1.19,2.1220000000000003,0.9260494152767662,1.5933847348119312
3645,0.0,0.85,0.15,0.2,0.05,0.75,2.2155,1.19,2.1100000000000003,0.9268455703098216,1.6415251554976151
3646,0.0,0.85,0.15,0.2,0.1,0.7,2.2155,1.19,2.098,0.9276475366934832,1.6562729185457923
3647,0.0,0.85,0.15,0.2,0.15,0.65,2.2155,1.19,2.0860000000000003,0.9284553782887468,1.6864513349822263
3648,0.0,0.85,0.15,0.2,0.2,0.6,2.2155,1.19,2.074,0.92926915989574,1.6910884255570926
3660,0.0,0.85,0.15,0.25,0.0,0.75,2.2155,1.19,2.1025,0.9273461142485988,1.6415251554976151
3661,0.0,0.85,0.15,0.25,0.05,0.7,2.2155,1.19,2.0905,0.9281517450965626,1.6582125018791256
3662,0.0,0.85,0.15,0.25,0.1,0.65,2.2155,1.19,2.0785,0.928963291545062,1.6858014540298454
3675,0.0,0.85,0.15,0.3,0.0,0.7,2.2155,1.19,2.083,0.9286582642622592,1.6582125018791256
3676,0.0,0.85,0.15,0.3,0.05,0.65,2.2155,1.19,2.071,0.929473541108904,1.6858014540298454
3780,0.0,0.9,0.1,0.0,0.0,1.0,2.197,1.19,2.2,0.917152954831047,1.5534495460964768
3781,0.0,0.9,0.1,0.0,0.05,0.95,2.197,1.19,2.188,0.9178991224106012,1.5532757430661739
3782,0.0,0.9,0.1,0.0,0.1,0.9,2.197,1.19,2.176,0.9186506102581022,1.5483686441123499
3783,0.0,0.9,0.1,0.0,0.15,0.85,2.197,1.19,2.164,0.919407475478394,1.5490185250647308
3784,0.0,0.9,0.1,0.0,0.2,0.8,2.197,1.19,2.152,0.9201697759964976,1.548074665415608
3785,0.0,0.9,0.1,0.0,0.25,0.75,2.197,1.19,2.14,0.9209375705723892,1.585773827525741
3786,0.0,0.9,0.1,0.0,0.3,0.7,2.197,1.19,2.128,0.9217109188160992,1.6668935334586508
3800,0.0,0.9,0.1,0.05,0.0,0.95,2.197,1.19,2.1805,0.918368175239315,1.547602053203259
3801,0.0,0.9,0.1,0.05,0.05,0.9,2.197,1.19,2.1685000000000003,0.9191230172010938,1.5483686441123499
3802,0.0,0.9,0.1,0.05,0.1,0.85,2.197,1.19,2.1565000000000003,0.9198832726417554,1.5474247844632267
3803,0.0,0.9,0.1,0.05,0.15,0.8,2.197,1.19,2.1445000000000003,0.9206490000064164,1.5499463320822744
3804,0.0,0.9,0.1,0.05,0.2,0.75,2.197,1.19,2.1325000000000003,0.9214202585845468,1.6011043053090128
3805,0.0,0.9,0.1,0.05,0.25,0.7,2.197,1.19,2.1205,0.9221971085252738,1.650400430484041
3819,0.0,0.9,0.1,0.1,0.0,0.9,2.197,1.19,2.161,0.9195975387678228,1.547602053203259
3820,0.0,0.9,0.1,0.1,0.05,0.85,2.197,1.19,2.149,0.920361207258681,1.5474247844632267
3821,0.0,0.9,0.1,0.1,0.1,0.8,2.197,1.19,2.1370000000000005,0.9211303846295452,1.5663632252094617
3822,0.0,0.9,0.1,0.1,0.15,0.75,2.197,1.19,2.125,0.921905130705357,1.6252701461113106
3823,0.0,0.9,0.1,0.1,0.2,0.7,2.197,1.19,2.113,0.922685506180448,1.657774720652999
3824,0.0,0.9,0.1,0.1,0.25,0.65,2.197,1.19,2.101,0.9234715726343912,1.6889772012428719
3837,0.0,0.9,0.1,0.15,0.0,0.85,2.197,1.19,2.1415,0.9208412937649214,1.5485298602208026
3838,0.0,0.9,0.1,0.15,0.05,0.8,2.197,1.19,2.1295,0.9216139445107993,1.586540362308056
3839,0.0,0.9,0.1,0.15,0.1,0.75,2.197,1.19,2.1175,0.9223922017927012,1.6388755045366312
3840,0.0,0.9,0.1,0.15,0.15,0.7,2.197,1.19,2.1055,0.923176126856356,1.659651952795856
3841,0.0,0.9,0.1,0.15,0.2,0.65,2.197,1.19,2.0935,0.9239657818428146,1.6881846549465758
3842,0.0,0.9,0.1,0.15,0.25,0.6,2.197,1.19,2.0815,0.9247612298048734,1.6955538751510715
3854,0.0,0.9,0.1,0.2,0.0,0.8,2.197,1.19,2.1220000000000003,0.9220996944277472,1.6009010664786134
3855,0.0,0.9,0.1,0.2,0.05,0.75,2.197,1.19,2.1100000000000003,0.9228814868395334,1.6459800842338945
3856,0.0,0.9,0.1,0.2,0.1,0.7,2.197,1.19,2.098,0.9236689857652742,1.659002071843475
3857,0.0,0.9,0.1,0.2,0.15,0.65,2.197,1.19,2.0860000000000003,0.924462253913914,1.689180488279909
3858,0.0,0.9,0.1,0.2,0.2,0.6,2.197,1.19,2.074,0.9252613549165885,1.6938175788547754
3870,0.0,0.9,0.1,0.25,0.0,0.75,2.197,1.19,2.1025,0.9233730009754172,1.6459800842338945
3871,0.0,0.9,0.1,0.25,0.05,0.7,2.197,1.19,2.0905,0.9241640982585952,1.6609416551768084
3872,0.0,0.9,0.1,0.25,0.1,0.65,2.197,1.19,2.0785,0.9249610044249912,1.6885306073275281
3885,0.0,0.9,0.1,0.3,0.0,0.7,2.197,1.19,2.083,0.9246614798284216,1.6609416551768084
3886,0.0,0.9,0.1,0.3,0.05,0.65,2.197,1.19,2.071,0.9254620490966528,1.6885306073275281
3990,0.0,0.95,0.05,0.0,0.0,1.0,2.1785,1.19,2.2,0.9132941125148372,1.5821088408143749
3991,0.0,0.95,0.05,0.0,0.05,0.95,2.1785,1.19,2.188,0.9140265719511722,1.5828754317234657
3992,0.0,0.95,0.05,0.0,0.1,0.9,2.1785,1.19,2.176,0.9147642539146824,1.5748916271295403
3993,0.0,0.95,0.05,0.0,0.15,0.85,2.1785,1.19,2.164,0.9155072144611158,1.575541508081921
3994,0.0,0.95,0.05,0.0,0.2,0.8,2.1785,1.19,2.152,0.9162555104513298,1.575541508081921
3995,0.0,0.95,0.05,0.0,0.25,0.75,2.1785,1.19,2.14,0.9170091995657974,1.6084356887353652
3996,0.0,0.95,0.05,0.0,0.3,0.7,2.1785,1.19,2.128,0.9177683403194292,1.6734707978995238
4010,0.0,0.95,0.05,0.05,0.0,0.95,2.1785,1.19,2.1805,0.9144870076226556,1.5741250362204493
4011,0.0,0.95,0.05,0.05,0.05,0.9,2.1785,1.19,2.1685000000000003,0.9152279820806676,1.5748916271295403
4012,0.0,0.95,0.05,0.05,0.1,0.85,2.1785,1.19,2.1565000000000003,0.915974270564376,1.5748916271295403
4013,0.0,0.95,0.05,0.05,0.15,0.8,2.1785,1.19,2.1445000000000003,0.9167259304451776,1.5761746033200166
4014,0.0,0.95,0.05,0.05,0.2,0.75,2.1785,1.19,2.1325000000000003,0.9174830199233126,1.6220452876387452
4015,0.0,0.95,0.05,0.05,0.25,0.7,2.1785,1.19,2.1205,0.918245598042884,1.6613972104850054
4029,0.0,0.95,0.05,0.1,0.0,0.9,2.1785,1.19,2.161,0.9156937860217912,1.5741250362204493
4030,0.0,0.95,0.05,0.1,0.05,0.85,2.1785,1.19,2.149,0.916443424853185,1.5748916271295403
4031,0.0,0.95,0.05,0.1,0.1,0.8,2.1785,1.19,2.1370000000000005,0.9171984713587452,1.5908706175673117
4032,0.0,0.95,0.05,0.1,0.15,0.75,2.1785,1.19,2.125,0.917958984264346,1.6403784420935161
4033,0.0,0.95,0.05,0.1,0.2,0.7,2.1785,1.19,2.113,0.9187250231492792,1.6679006932005473
4034,0.0,0.95,0.05,0.1,0.25,0.65,2.1785,1.19,2.101,0.919496648461814,1.6991031737904205
4047,0.0,0.95,0.05,0.15,0.0,0.85,2.1785,1.19,2.1415,0.9169146914980896,1.5747581314585446
4048,0.0,0.95,0.05,0.15,0.05,0.8,2.1785,1.19,2.1295,0.9176731475679006,1.6061224083857188
4049,0.0,0.95,0.05,0.15,0.1,0.75,2.1785,1.19,2.1175,0.9184371071738195,1.6490014770841794
4050,0.0,0.95,0.05,0.15,0.15,0.7,2.1785,1.19,2.1055,0.9192066304364042,1.6697779253434044
4051,0.0,0.95,0.05,0.15,0.2,0.65,2.1785,1.19,2.0935,0.919981778355088,1.6983106274941244
4064,0.0,0.95,0.05,0.2,0.0,0.8,2.1785,1.19,2.1220000000000003,0.918149973578728,1.6146699804134192
4065,0.0,0.95,0.05,0.2,0.05,0.75,2.1785,1.19,2.1100000000000003,0.9189174033692452,1.6561060567814432
4066,0.0,0.95,0.05,0.2,0.1,0.7,2.1785,1.19,2.098,0.9196904348370654,1.6691280443910237
4067,0.0,0.95,0.05,0.2,0.15,0.65,2.1785,1.19,2.0860000000000003,0.9204691295390816,1.6993064608274577
4080,0.0,0.95,0.05,0.25,0.0,0.75,2.1785,1.19,2.1025,0.9193998877022356,1.6561060567814432
4081,0.0,0.95,0.05,0.25,0.05,0.7,2.1785,1.19,2.0905,0.9201764514206284,1.671067627724357
4082,0.0,0.95,0.05,0.25,0.1,0.65,2.1785,1.19,2.0785,0.9209587173049204,1.6986565798750766
4095,0.0,0.95,0.05,0.3,0.0,0.7,2.1785,1.19,2.083,0.9206646953945836,1.671067627724357
4096,0.0,0.95,0.05,0.3,0.05,0.65,2.1785,1.19,2.071,0.9214505570844016,1.6986565798750766
4200,0.05,0.0,0.95,0.0,0.0,1.0,2.487,1.19,2.2,0.9776429154635244,1.5383365827112527
4201,0.05,0.0,0.95,0.0,0.05,0.95,2.487,1.19,2.188,0.9786039674502988,1.5391031736203433
4202,0.05,0.0,0.95,0.0,0.1,0.9,2.487,1.19,2.176,0.9795718718576564,1.5391031736203433
4203,0.05,0.0,0.95,0.0,0.15,0.85,2.487,1.19,2.164,0.980546702235728,1.5397530545727245
4204,0.05,0.0,0.95,0.0,0.2,0.8,2.487,1.19,2.152,0.9815285331910212,1.5397530545727245
4205,0.05,0.0,0.95,0.0,0.25,0.75,2.487,1.19,2.14,0.982517440405452,1.5802781268596373
4206,0.05,0.0,0.95,0.0,0.3,0.7,2.487,1.19,2.128,0.9835135006557916,1.6649008667919842
4220,0.05,0.0,0.95,0.05,0.0,0.95,2.487,1.19,2.1805,0.979208100041006,1.5383365827112527
4221,0.05,0.0,0.95,0.05,0.05,0.9,2.487,1.19,2.1685000000000003,0.9801803244942596,1.5391031736203433
4222,0.05,0.0,0.95,0.05,0.1,0.85,2.487,1.19,2.1565000000000003,0.9811595214223016,1.5391031736203433
4223,0.05,0.0,0.95,0.05,0.15,0.8,2.487,1.19,2.1445000000000003,0.9821457661015128,1.541624721239391
4224,0.05,0.0,0.95,0.05,0.2,0.75,2.487,1.19,2.1325000000000003,0.9831391348957882,1.595608604642909
4225,0.05,0.0,0.95,0.05,0.25,0.7,2.487,1.19,2.1205,0.9841397052762476,1.6465936105196914
4239,0.05,0.0,0.95,0.1,0.0,0.9,2.487,1.19,2.161,0.9807915007326388,1.5383365827112527
4240,0.05,0.0,0.95,0.1,0.05,0.85,2.487,1.19,2.149,0.9817750936151044,1.5391031736203433
4241,0.05,0.0,0.95,0.1,0.1,0.8,2.487,1.19,2.1370000000000005,0.9827657818474888,1.5580416143665783
4242,0.05,0.0,0.95,0.1,0.15,0.75,2.487,1.19,2.125,0.9837636424833656,1.619737550708365
4243,0.05,0.0,0.95,0.1,0.2,0.7,2.487,1.19,2.113,0.9847687536960696,1.655045567355316
4244,0.05,0.0,0.95,0.1,0.25,0.65,2.487,1.19,2.101,0.9857811947991124,1.6854563812785224
4257,0.05,0.0,0.95,0.15,0.0,0.85,2.487,1.19,2.1415,0.9823934374071543,1.5402082493779192
4258,0.05,0.0,0.95,0.15,0.05,0.8,2.487,1.19,2.1295,0.983388599291368,1.5772668567283303
4259,0.05,0.0,0.95,0.15,0.1,0.75,2.487,1.19,2.1175,0.9843909823049004,1.634420575800352
4260,0.05,0.0,0.95,0.15,0.15,0.7,2.487,1.19,2.1055,0.9854006653312756,1.656922799498173
4261,0.05,0.0,0.95,0.15,0.2,0.65,2.487,1.19,2.0935,0.9864177284071814,1.6846638349822263
4262,0.05,0.0,0.95,0.15,0.25,0.6,2.487,1.19,2.0815,0.9874422527436169,1.6920330551867222
4274,0.05,0.0,0.95,0.2,0.0,0.8,2.487,1.19,2.1220000000000003,0.9840142374664242,1.5925425608988877
4275,0.05,0.0,0.95,0.2,0.05,0.75,2.487,1.19,2.1100000000000003,0.9850211736710782,1.6415251554976151
4276,0.05,0.0,0.95,0.2,0.1,0.7,2.487,1.19,2.098,0.9860354597750364,1.6562729185457923
4277,0.05,0.0,0.95,0.2,0.15,0.65,2.487,1.19,2.0860000000000003,0.987057176546423,1.6856596683155596
4278,0.05,0.0,0.95,0.2,0.2,0.6,2.487,1.19,2.074,0.9880864059411284,1.6902967588904259
4290,0.05,0.0,0.95,0.25,0.0,0.75,2.487,1.19,2.1025,0.9856542360685374,1.6415251554976151
4291,0.05,0.0,0.95,0.25,0.05,0.7,2.487,1.19,2.0905,0.9866731567997016,1.6582125018791256
4292,0.05,0.0,0.95,0.25,0.1,0.65,2.487,1.19,2.0785,0.9876995592801536,1.6850097873631789
4305,0.05,0.0,0.95,0.3,0.0,0.7,2.487,1.19,2.083,0.987313776358852,1.6582125018791256
4306,0.05,0.0,0.95,0.3,0.05,0.65,2.487,1.19,2.071,0.988344896856266,1.6850097873631789
4410,0.05,0.05,0.9,0.0,0.0,1.0,2.4685,1.19,2.2,0.9737840731473149,1.5383365827112527
4411,0.05,0.05,0.9,0.0,0.05,0.95,2.4685,1.19,2.188,0.9747314169908698,1.5391031736203433
4412,0.05,0.05,0.9,0.0,0.1,0.9,2.4685,1.19,2.176,0.9756855155142364,1.5391031736203433
4413,0.05,0.05,0.9,0.0,0.15,0.85,2.4685,1.19,2.164,0.97664644121845,1.5397530545727245
4414,0.05,0.05,0.9,0.0,0.2,0.8,2.4685,1.19,2.152,0.9776142676458536,1.5397530545727245
4415,0.05,0.05,0.9,0.0,0.25,0.75,2.4685,1.19,2.14,0.97858906939886,1.5802781268596373
4416,0.05,0.05,0.9,0.0,0.3,0.7,2.4685,1.19,2.128,0.9795709221591216,1.6649008667919842
4430,0.05,0.05,0.9,0.05,0.0,0.95,2.4685,1.19,2.1805,0.975326932424346,1.5383365827112527
4431,0.05,0.05,0.9,0.05,0.05,0.9,2.4685,1.19,2.1685000000000003,0.9762852893738336,1.5391031736203433
4432,0.05,0.05,0.9,0.05,0.1,0.85,2.4685,1.19,2.1565000000000003,0.977250519344922,1.5391031736203433
4433,0.05,0.05,0.9,0.05,0.15,0.8,2.4685,1.19,2.1445000000000003,0.9782226965402738,1.541624721239391
4434,0.05,0.05,0.9,0.05,0.2,0.75,2.4685,1.19,2.1325000000000003,0.9792018962345536,1.595608604642909
4435,0.05,0.05,0.9,0.05,0.25,0.7,2.4685,1.19,2.1205,0.9801881947938578,1.6465936105196914
4449,0.05,0.05,0.9,0.1,0.0,0.9,2.4685,1.19,2.161,0.9768877479866076,1.5383365827112527
4450,0.05,0.05,0.9,0.1,0.05,0.85,2.4685,1.19,2.149,0.9778573112096084,1.5391031736203433
4451,0.05,0.05,0.9,0.1,0.1,0.8,2.4685,1.19,2.1370000000000005,0.978833868576689,1.5580416143665783
4452,0.05,0.05,0.9,0.1,0.15,0.75,2.4685,1.19,2.125,0.9798174960423548,1.619737550708365
4453,0.05,0.05,0.9,0.1,0.2,0.7,2.4685,1.19,2.113,0.9808082706649008,1.655045567355316
4454,0.05,0.05,0.9,0.1,0.25,0.65,2.4685,1.19,2.101,0.9818062706265356,1.6854563812785224
4467,0.05,0.05,0.9,0.15,0.0,0.85,2.4685,1.19,2.1415,0.978466835140322,1.5402082493779192
4468,0.05,0.05,0.9,0.15,0.05,0.8,2.4685,1.19,2.1295,0.9794478023484696,1.5772668567283303
4469,0.05,0.05,0.9,0.15,0.1,0.75,2.4685,1.19,2.1175,0.9804358876860186,1.634420575800352
4470,0.05,0.05,0.9,0.15,0.15,0.7,2.4685,1.19,2.1055,0.981431168911324,1.656922799498173
4471,0.05,0.05,0.9,0.15,0.2,0.65,2.4685,1.19,2.0935,0.9824337249194546,1.6846638349822263
4472,0.05,0.05,0.9,0.15,0.25,0.6,2.4685,1.19,2.0815,0.9834436357630416,1.6920330551867222
4484,0.05,0.05,0.9,0.2,0.0,0.8,2.4685,1.19,2.1220000000000003,0.9800645166174052,1.5925425608988877
4485,0.05,0.05,0.9,0.2,0.05,0.75,2.4685,1.19,2.1100000000000003,0.98105709020079,1.6415251554976151
4486,0.05,0.05,0.9,0.2,0.1,0.7,2.4685,1.19,2.098,0.9820569088468276,1.6562729185457923
4487,0.05,0.05,0.9,0.2,0.15,0.65,2.4685,1.19,2.0860000000000003,0.9830640521715904,1.6856596683155596
4488,0.05,0.05,0.9,0.2,0.2,0.6,2.4685,1.19,2.074,0.9840786009619766,1.6902967588904259
4500,0.05,0.05,0.9,0.25,0.0,0.75,2.4685,1.19,2.1025,0.9816811227953556,1.6415251554976151
4501,0.05,0.05,0.9,0.25,0.05,0.7,2.4685,1.19,2.0905,0.9826855099617344,1.6582125018791256
4502,0.05,0.05,0.9,0.25,0.1,0.65,2.4685,1.19,2.0785,0.983697272160083,1.6850097873631789
4515,0.05,0.05,0.9,0.3,0.0,0.7,2.4685,1.19,2.083,0.983316991925014,1.6582125018791256
4516,0.05,0.05,0.9,0.3,0.05,0.65,2.4685,1.19,2.071,0.9843334048440148,1.6850097873631789
4620,0.05,0.1,0.85,0.0,0.0,1.0,2.45,1.19,2.2,0.969925230831105,1.5383365827112527
4621,0.05,0.1,0.85,0.0,0.05,0.95,2.45,1.19,2.188,0.9708588665314408,1.5391031736203433
4622,0.05,0.1,0.85,0.0,0.1,0.9,2.45,1.19,2.176,0.9717991591708164,1.5391031736203433
4623,0.05,0.1,0.85,0.0,0.15,0.85,2.45,1.19,2.164,0.9727461802011717,1.5397530545727245
4624,0.05,0.1,0.85,0.0,0.2,0.8,2.45,1.19,2.152,0.9737000021006856,1.5397530545727245
4625,0.05,0.1,0.85,0.0,0.25,0.75,2.45,1.19,2.14,0.974660698392268,1.5802781268596373
4626,0.05,0.1,0.85,0.0,0.3,0.7,2.45,1.19,2.128,0.9756283436624514,1.6649008667919842
4640,0.05,0.1,0.85,0.05,0.0,0.95,2.45,1.19,2.1805,0.9714457648076866,1.5383365827112527
4641,0.05,0.1,0.85,0.05,0.05,0.9,2.45,1.19,2.1685000000000003,0.9723902542534076,1.5391031736203433
4642,0.05,0.1,0.85,0.05,0.1,0.85,2.45,1.19,2.1565000000000003,0.9733415172675424,1.5391031736203433
4643,0.05,0.1,0.85,0.05,0.15,0.8,2.45,1.19,2.1445000000000003,0.9742996269790348,1.541624721239391
4644,0.05,0.1,0.85,0.05,0.2,0.75,2.45,1.19,2.1325000000000003,0.9752646575733191,1.595608604642909
4645,0.05,0.1,0.85,0.05,0.25,0.7,2.45,1.19,2.1205,0.976236684311468,1.6465936105196914
4659,0.05,0.1,0.85,0.1,0.0,0.9,2.45,1.19,2.161,0.972983995240576,1.5383365827112527
4660,0.05,0.1,0.85,0.1,0.05,0.85,2.45,1.19,2.149,0.9739395288041126,1.5391031736203433
4661,0.05,0.1,0.85,0.1,0.1,0.8,2.45,1.19,2.1370000000000005,0.9749019553058892,1.5580416143665783
4662,0.05,0.1,0.85,0.1,0.15,0.75,2.45,1.19,2.125,0.9758713496013436,1.619737550708365
4663,0.05,0.1,0.85,0.1,0.2,0.7,2.45,1.19,2.113,0.9768477876337316,1.655045567355316
4664,0.05,0.1,0.85,0.1,0.25,0.65,2.45,1.19,2.101,0.9778313464539584,1.6854563812785224
4677,0.05,0.1,0.85,0.15,0.0,0.85,2.45,1.19,2.1415,0.9745402328734902,1.5402082493779192
4678,0.05,0.1,0.85,0.15,0.05,0.8,2.45,1.19,2.1295,0.9755070054055712,1.5772668567283303
4679,0.05,0.1,0.85,0.15,0.1,0.75,2.45,1.19,2.1175,0.976480793067137,1.634420575800352
4680,0.05,0.1,0.85,0.15,0.15,0.7,2.45,1.19,2.1055,0.9774616724913722,1.656922799498173
4681,0.05,0.1,0.85,0.15,0.2,0.65,2.45,1.19,2.0935,0.9784497214317278,1.6846638349822263
4682,0.05,0.1,0.85,0.15,0.25,0.6,2.45,1.19,2.0815,0.9794450187824666,1.6920330551867222
4694,0.05,0.1,0.85,0.2,0.0,0.8,2.45,1.19,2.1220000000000003,0.9761147957683862,1.5925425608988877
4695,0.05,0.1,0.85,0.2,0.05,0.75,2.45,1.19,2.1100000000000003,0.977093006730502,1.6415251554976151
4696,0.05,0.1,0.85,0.2,0.1,0.7,2.45,1.19,2.098,0.9780783579186186,1.6562729185457923
4697,0.05,0.1,0.85,0.2,0.15,0.65,2.45,1.19,2.0860000000000003,0.979070927796758,1.6856596683155596
4698,0.05,0.1,0.85,0.2,0.2,0.6,2.45,1.19,2.074,0.9800707959828248,1.6902967588904259
4710,0.05,0.1,0.85,0.25,0.0,0.75,2.45,1.19,2.1025,0.977708009522174,1.6415251554976151
4711,0.05,0.1,0.85,0.25,0.05,0.7,2.45,1.19,2.0905,0.9786978631237674,1.6582125018791256
4712,0.05,0.1,0.85,0.25,0.1,0.65,2.45,1.19,2.0785,0.9796949850400122,1.6850097873631789
4725,0.05,0.1,0.85,0.3,0.0,0.7,2.45,1.19,2.083,0.979320207491176,1.6582125018791256
4726,0.05,0.1,0.85,0.3,0.05,0.65,2.45,1.19,2.071,0.9803219128317636,1.6850097873631789
4830,0.05,0.15,0.8,0.0,0.0,1.0,2.4315,1.19,2.2,0.9660663885148952,1.5383365827112527
4831,0.05,0.15,0.8,0.0,0.05,0.95,2.4315,1.19,2.188,0.966986316072012,1.5391031736203433
4832,0.05,0.15,0.8,0.0,0.1,0.9,2.4315,1.19,2.176,0.9679128028273968,1.5391031736203433
4833,0.05,0.15,0.8,0.0,0.15,0.85,2.4315,1.19,2.164,0.9688459191838936,1.5397530545727245
4834,0.05,0.15,0.8,0.0,0.2,0.8,2.4315,1.19,2.152,0.9697857365555178,1.5397530545727245
4835,0.05,0.15,0.8,0.0,0.25,0.75,2.4315,1.19,2.14,0.9707323273856762,1.5802781268596373
4836,0.05,0.15,0.8,0.0,0.3,0.7,2.4315,1.19,2.128,0.9716857651657814,1.6649008667919842
4850,0.05,0.15,0.8,0.05,0.0,0.95,2.4315,1.19,2.1805,0.9675645971910272,1.5383365827112527
4851,0.05,0.15,0.8,0.05,0.05,0.9,2.4315,1.19,2.1685000000000003,0.9684952191329816,1.5391031736203433
4852,0.05,0.15,0.8,0.05,0.1,0.85,2.4315,1.19,2.1565000000000003,0.9694325151901628,1.5391031736203433
4853,0.05,0.15,0.8,0.05,0.15,0.8,2.4315,1.19,2.1445000000000003,0.9703765574177962,1.541624721239391
4854,0.05,0.15,0.8,0.05,0.2,0.75,2.4315,1.19,2.1325000000000003,0.971327418912085,1.595608604642909
4855,0.05,0.15,0.8,0.05,0.25,0.7,2.4315,1.19,2.1205,0.9722851738290784,1.6465936105196914
4869,0.05,0.15,0.8,0.1,0.0,0.9,2.4315,1.19,2.161,0.9690802424945448,1.5383365827112527
4870,0.05,0.15,0.8,0.1,0.05,0.85,2.4315,1.19,2.149,0.9700217463986168,1.5391031736203433
4871,0.05,0.15,0.8,0.1,0.1,0.8,2.4315,1.19,2.1370000000000005,0.9709700420350892,1.5580416143665783
4872,0.05,0.15,0.8,0.1,0.15,0.75,2.4315,1.19,2.125,0.9719252031603328,1.619737550708365
4873,0.05,0.15,0.8,0.1,0.2,0.7,2.4315,1.19,2.113,0.9728873046025628,1.655045567355316
4874,0.05,0.15,0.8,0.1,0.25,0.65,2.4315,1.19,2.101,0.9738564222813816,1.6854563812785224
4887,0.05,0.15,0.8,0.15,0.0,0.85,2.4315,1.19,2.1415,0.9706136306066584,1.5402082493779192
4888,0.05,0.15,0.8,0.15,0.05,0.8,2.4315,1.19,2.1295,0.971566208462673,1.5772668567283303
4889,0.05,0.15,0.8,0.15,0.1,0.75,2.4315,1.19,2.1175,0.9725256984482554,1.634420575800352
4890,0.05,0.15,0.8,0.15,0.15,0.7,2.4315,1.19,2.1055,0.9734921760714204,1.656922799498173
4891,0.05,0.15,0.8,0.15,0.2,0.65,2.4315,1.19,2.0935,0.974465717944001,1.6846638349822263
4892,0.05,0.15,0.8,0.15,0.25,0.6,2.4315,1.19,2.0815,0.9754464018018916,1.6920330551867222
4904,0.05,0.15,0.8,0.2,0.0,0.8,2.4315,1.19,2.1220000000000003,0.9721650749193672,1.5925425608988877
4905,0.05,0.15,0.8,0.2,0.05,0.75,2.4315,1.19,2.1100000000000003,0.9731289232602138,1.6415251554976151
4906,0.05,0.15,0.8,0.2,0.1,0.7,2.4315,1.19,2.098,0.9740998069904098,1.6562729185457923
4907,0.05,0.15,0.8,0.2,0.15,0.65,2.4315,1.19,2.0860000000000003,0.9750778034219256,1.6856596683155596
4908,0.05,0.15,0.8,0.2,0.2,0.6,2.4315,1.19,2.074,0.9760629910036732,1.6902967588904259
4920,0.05,0.15,0.8,0.25,0.0,0.75,2.4315,1.19,2.1025,0.9737348962489922,1.6415251554976151
4921,0.05,0.15,0.8,0.25,0.05,0.7,2.4315,1.19,2.0905,0.9747102162858003,1.6582125018791256
4922,0.05,0.15,0.8,0.25,0.1,0.65,2.4315,1.19,2.0785,0.9756926979199416,1.6850097873631789
4935,0.05,0.15,0.8,0.3,0.0,0.7,2.4315,1.19,2.083,0.9753234230573384,1.6582125018791256
4936,0.05,0.15,0.8,0.3,0.05,0.65,2.4315,1.19,2.071,0.9763104208195124,1.6850097873631789
5040,0.05,0.2,0.75,0.0,0.0,1.0,2.4130000000000003,1.19,2.2,0.9622075461986854,1.5383365827112527
5041,0.05,0.2,0.75,0.0,0.05,0.95,2.4130000000000003,1.19,2.188,0.9631137656125828,1.5391031736203433
5042,0.05,0.2,0.75,0.0,0.1,0.9,2.4130000000000003,1.19,2.176,0.9640264464839772,1.5391031736203433
5043,0.05,0.2,0.75,0.0,0.15,0.85,2.4130000000000003,1.19,2.164,0.9649456581666154,1.5397530545727245
5044,0.05,0.2,0.75,0.0,0.2,0.8,2.4130000000000003,1.19,2.152,0.96587147101035,1.5397530545727245
5045,0.05,0.2,0.75,0.0,0.25,0.75,2.4130000000000003,1.19,2.14,0.9668039563790845,1.5802781268596373
5046,0.05,0.2,0.75,0.0,0.3,0.7,2.4130000000000003,1.19,2.128,0.9677431866691116,1.6649008667919842
5060,0.05,0.2,0.75,0.05,0.0,0.95,2.4130000000000003,1.19,2.1805,0.9636834295743676,1.5383365827112527
5061,0.05,0.2,0.75,0.05,0.05,0.9,2.4130000000000003,1.19,2.1685000000000003,0.9646001840125552,1.5391031736203433
5062,0.05,0.2,0.75,0.05,0.1,0.85,2.4130000000000003,1.19,2.1565000000000003,0.9655235131127832,1.5391031736203433
5063,0.05,0.2,0.75,0.05,0.15,0.8,2.4130000000000003,1.19,2.1445000000000003,0.9664534878565574,1.541624721239391
5064,0.05,0.2,0.75,0.05,0.2,0.75,2.4130000000000003,1.19,2.1325000000000003,0.9673901802508508,1.595608604642909
5065,0.05,0.2,0.75,0.05,0.25,0.7,2.4130000000000003,1.19,2.1205,0.9683336633466888,1.6465936105196914
5079,0.05,0.2,0.75,0.1,0.0,0.9,2.4130000000000003,1.19,2.161,0.9651764897485132,1.5383365827112527
5080,0.05,0.2,0.75,0.1,0.05,0.85,2.4130000000000003,1.19,2.149,0.9661039639931208,1.5391031736203433
5081,0.05,0.2,0.75,0.1,0.1,0.8,2.4130000000000003,1.19,2.1370000000000005,0.9670381287642896,1.5580416143665783
5082,0.05,0.2,0.75,0.1,0.15,0.75,2.4130000000000003,1.19,2.125,0.967979056719322,1.619737550708365
5083,0.05,0.2,0.75,0.1,0.2,0.7,2.4130000000000003,1.19,2.113,0.968926821571394,1.655045567355316
5084,0.05,0.2,0.75,0.1,0.25,0.65,2.4130000000000003,1.19,2.101,0.9698814981088044,1.6854563812785224
5097,0.05,0.2,0.75,0.15,0.0,0.85,2.4130000000000003,1.19,2.1415,0.9666870283398262,1.5402082493779192
5098,0.05,0.2,0.75,0.15,0.05,0.8,2.4130000000000003,1.19,2.1295,0.9676254115197748,1.5772668567283303
5099,0.05,0.2,0.75,0.15,0.1,0.75,2.4130000000000003,1.19,2.1175,0.9685706038293737,1.634420575800352
5100,0.05,0.2,0.75,0.15,0.15,0.7,2.4130000000000003,1.19,2.1055,0.9695226796514688,1.656922799498173
5101,0.05,0.2,0.75,0.15,0.2,0.65,2.4130000000000003,1.19,2.0935,0.9704817144562744,1.6846638349822263
5102,0.05,0.2,0.75,0.15,0.25,0.6,2.4130000000000003,1.19,2.0815,0.9714477848213168,1.6920330551867222
5114,0.05,0.2,0.75,0.2,0.0,0.8,2.4130000000000003,1.19,2.1220000000000003,0.968215354070348,1.5925425608988877
5115,0.05,0.2,0.75,0.2,0.05,0.75,2.4130000000000003,1.19,2.1100000000000003,0.9691648397899256,1.6415251554976151
5116,0.05,0.2,0.75,0.2,0.1,0.7,2.4130000000000003,1.19,2.098,0.9701212560622008,1.6562729185457923
5117,0.05,0.2,0.75,0.2,0.15,0.65,2.4130000000000003,1.19,2.0860000000000003,0.9710846790470932,1.6856596683155596
5118,0.05,0.2,0.75,0.2,0.2,0.6,2.4130000000000003,1.19,2.074,0.9720551860245216,1.6902967588904259
5130,0.05,0.2,0.75,0.25,0.0,0.75,2.4130000000000003,1.19,2.1025,0.9697617829758102,1.6415251554976151
5131,0.05,0.2,0.75,0.25,0.05,0.7,2.4130000000000003,1.19,2.0905,0.9707225694478332,1.6582125018791256
5132,0.05,0.2,0.75,0.25,0.1,0.65,2.4130000000000003,1.19,2.0785,0.971690410799871,1.6850097873631789
5145,0.05,0.2,0.75,0.3,0.0,0.7,2.4130000000000003,1.19,2.083,0.9713266386235008,1.6582125018791256
5146,0.05,0.2,0.75,0.3,0.05,0.65,2.4130000000000003,1.19,2.071,0.9722989288072612,1.6850097873631789
5250,0.05,0.25,0.7,0.0,0.0,1.0,2.3945,1.19,2.2,0.9583487038824756,1.5383365827112527
5251,0.05,0.25,0.7,0.0,0.05,0.95,2.3945,1.19,2.188,0.959241215153154,1.5391031736203433
5252,0.05,0.25,0.7,0.0,0.1,0.9,2.3945,1.19,2.176,0.960140090140557,1.5391031736203433
5253,0.05,0.25,0.7,0.0,0.15,0.85,2.3945,1.19,2.164,0.9610453971493372,1.5397530545727245
5254,0.05,0.25,0.7,0.0,0.2,0.8,2.3945,1.19,2.152,0.961957205465182,1.5397530545727245
5255,0.05,0.25,0.7,0.0,0.25,0.75,2.3945,1.19,2.14,0.9628755853724924,1.5802781268596373
5256,0.05,0.25,0.7,0.0,0.3,0.7,2.3945,1.19,2.128,0.9638006081724416,1.6649008667919842
5270,0.05,0.25,0.7,0.05,0.0,0.95,2.3945,1.19,2.1805,0.959802261957708,1.5383365827112527
5271,0.05,0.25,0.7,0.05,0.05,0.9,2.3945,1.19,2.1685000000000003,0.9607051488921294,1.5391031736203433
5272,0.05,0.25,0.7,0.05,0.1,0.85,2.3945,1.19,2.1565000000000003,0.9616145110354032,1.5391031736203433
5273,0.05,0.25,0.7,0.05,0.15,0.8,2.3945,1.19,2.1445000000000003,0.9625304182953182,1.541624721239391
5274,0.05,0.25,0.7,0.05,0.2,0.75,2.3945,1.19,2.1325000000000003,0.9634529415896164,1.595608604642909
5275,0.05,0.25,0.7,0.05,0.25,0.7,2.3945,1.19,2.1205,0.9643821528642992,1.6465936105196914
5289,0.05,0.25,0.7,0.1,0.0,0.9,2.3945,1.19,2.161,0.961272737002482,1.5383365827112527
5290,0.05,0.25,0.7,0.1,0.05,0.85,2.3945,1.19,2.149,0.9621861815876244,1.5391031736203433
5291,0.05,0.25,0.7,0.1,0.1,0.8,2.3945,1.19,2.1370000000000005,0.9631062154934896,1.5580416143665783
5292,0.05,0.25,0.7,0.1,0.15,0.75,2.3945,1.19,2.125,0.9640329102783112,1.619737550708365
5293,0.05,0.25,0.7,0.1,0.2,0.7,2.3945,1.19,2.113,0.964966338540225,1.655045567355316
5294,0.05,0.25,0.7,0.1,0.25,0.65,2.3945,1.19,2.101,0.9659065739362274,1.6854563812785224
5307,0.05,0.25,0.7,0.15,0.0,0.85,2.3945,1.19,2.1415,0.9627604260729938,1.5402082493779192
5308,0.05,0.25,0.7,0.15,0.05,0.8,2.3945,1.19,2.1295,0.9636846145768762,1.5772668567283303
5309,0.05,0.25,0.7,0.15,0.1,0.75,2.3945,1.19,2.1175,0.964615509210492,1.634420575800352
5310,0.05,0.25,0.7,0.15,0.15,0.7,2.3945,1.19,2.1055,0.9655531832315168,1.656922799498173
5311,0.05,0.25,0.7,0.15,0.2,0.65,2.3945,1.19,2.0935,0.9664977109685472,1.6846638349822263
5312,0.05,0.25,0.7,0.15,0.25,0.6,2.3945,1.19,2.0815,0.9674491678407416,1.6920330551867222
5324,0.05,0.25,0.7,0.2,0.0,0.8,2.3945,1.19,2.1220000000000003,0.964265633221329,1.5925425608988877
5325,0.05,0.25,0.7,0.2,0.05,0.75,2.3945,1.19,2.1100000000000003,0.9652007563196372,1.6415251554976151
5326,0.05,0.25,0.7,0.2,0.1,0.7,2.3945,1.19,2.098,0.9661427051339916,1.6562729185457923
5327,0.05,0.25,0.7,0.2,0.15,0.65,2.3945,1.19,2.0860000000000003,0.9670915546722608,1.6856596683155596
5328,0.05,0.25,0.7,0.2,0.2,0.6,2.3945,1.19,2.074,0.96804738104537,1.6902967588904259
5340,0.05,0.25,0.7,0.25,0.0,0.75,2.3945,1.19,2.1025,0.9657886697026284,1.6415251554976151
5341,0.05,0.25,0.7,0.25,0.05,0.7,2.3945,1.19,2.0905,0.966734922609866,1.6582125018791256
5342,0.05,0.25,0.7,0.25,0.1,0.65,2.3945,1.19,2.0785,0.9676881236798,1.6850097873631789
5355,0.05,0.25,0.7,0.3,0.0,0.7,2.3945,1.19,2.083,0.9673298541896628,1.6582125018791256
5356,0.05,0.25,0.7,0.3,0.05,0.65,2.3945,1.19,2.071,0.9682874367950102,1.6850097873631789
5460,0.05,0.3,0.65,0.0,0.0,1.0,2.376,1.19,2.2,0.954489861566266,1.5383365827112527
5461,0.05,0.3,0.65,0.0,0.05,0.95,2.376,1.19,2.188,0.955368664693725,1.5391031736203433
5462,0.05,0.3,0.65,0.0,0.1,0.9,2.376,1.19,2.176,0.9562537337971372,1.5391031736203433
5463,0.05,0.3,0.65,0.0,0.15,0.85,2.376,1.19,2.164,0.9571451361320588,1.5397530545727245
5464,0.05,0.3,0.65,0.0,0.2,0.8,2.376,1.19,2.152,0.958042939920014,1.5397530545727245
5465,0.05,0.3,0.65,0.0,0.25,0.75,2.376,1.19,2.14,0.9589472143659004,1.5802781268596373
5466,0.05,0.3,0.65,0.0,0.3,0.7,2.376,1.19,2.128,0.9598580296757714,1.6649008667919842
5480,0.05,0.3,0.65,0.05,0.0,0.95,2.376,1.19,2.1805,0.9559210943410484,1.5383365827112527
5481,0.05,0.3,0.65,0.05,0.05,0.9,2.376,1.19,2.1685000000000003,0.9568101137717032,1.5391031736203433
5482,0.05,0.3,0.65,0.05,0.1,0.85,2.376,1.19,2.1565000000000003,0.957705508958024,1.5391031736203433
5483,0.05,0.3,0.65,0.05,0.15,0.8,2.376,1.19,2.1445000000000003,0.9586073487340796,1.541624721239391
5484,0.05,0.3,0.65,0.05,0.2,0.75,2.376,1.19,2.1325000000000003,0.9595157029283818,1.595608604642909
5485,0.05,0.3,0.65,0.05,0.25,0.7,2.376,1.19,2.1205,0.9604306423819092,1.6465936105196914
5499,0.05,0.3,0.65,0.1,0.0,0.9,2.376,1.19,2.161,0.9573689842564506,1.5383365827112527
5500,0.05,0.3,0.65,0.1,0.05,0.85,2.376,1.19,2.149,0.9582683991821286,1.5391031736203433
5501,0.05,0.3,0.65,0.1,0.1,0.8,2.376,1.19,2.1370000000000005,0.9591743022226896,1.5580416143665783
5502,0.05,0.3,0.65,0.1,0.15,0.75,2.376,1.19,2.125,0.9600867638373,1.619737550708365
5503,0.05,0.3,0.65,0.1,0.2,0.7,2.376,1.19,2.113,0.961005855509056,1.655045567355316
5504,0.05,0.3,0.65,0.1,0.25,0.65,2.376,1.19,2.101,0.9619316497636504,1.6854563812785224
5517,0.05,0.3,0.65,0.15,0.0,0.85,2.376,1.19,2.1415,0.9588338238061618,1.5402082493779192
5518,0.05,0.3,0.65,0.15,0.05,0.8,2.376,1.19,2.1295,0.9597438176339778,1.5772668567283303
5519,0.05,0.3,0.65,0.15,0.1,0.75,2.376,1.19,2.1175,0.9606604145916102,1.634420575800352
5520,0.05,0.3,0.65,0.15,0.15,0.7,2.376,1.19,2.1055,0.9615836868115653,1.656922799498173
5521,0.05,0.3,0.65,0.15,0.2,0.65,2.376,1.19,2.0935,0.9625137074808204,1.6846638349822263
5522,0.05,0.3,0.65,0.15,0.25,0.6,2.376,1.19,2.0815,0.9634505508601666,1.6920330551867222
5534,0.05,0.3,0.65,0.2,0.0,0.8,2.376,1.19,2.1220000000000003,0.96031591237231,1.5925425608988877
5535,0.05,0.3,0.65,0.2,0.05,0.75,2.376,1.19,2.1100000000000003,0.9612366728493492,1.6415251554976151
5536,0.05,0.3,0.65,0.2,0.1,0.7,2.376,1.19,2.098,0.9621641542057828,1.6562729185457923
5537,0.05,0.3,0.65,0.2,0.15,0.65,2.376,1.19,2.0860000000000003,0.963098430297428,1.6856596683155596
5538,0.05,0.3,0.65,0.2,0.2,0.6,2.376,1.19,2.074,0.964039576066218,1.6902967588904259
5550,0.05,0.3,0.65,0.25,0.0,0.75,2.376,1.19,2.1025,0.9618155564294466,1.6415251554976151
5551,0.05,0.3,0.65,0.25,0.05,0.7,2.376,1.19,2.0905,0.9627472757718988,1.6582125018791256
5552,0.05,0.3,0.65,0.25,0.1,0.65,2.376,1.19,2.0785,0.9636858365597292,1.6850097873631789
5565,0.05,0.3,0.65,0.3,0.0,0.7,2.376,1.19,2.083,0.9633330697558248,1.6582125018791256
5566,0.05,0.3,0.65,0.3,0.05,0.65,2.376,1.19,2.071,0.9642759447827588,1.6850097873631789
5670,0.05,0.35,0.6,0.0,0.0,1.0,2.3575,1.19,2.2,0.950631019250056,1.5383365827112527
5671,0.05,0.35,0.6,0.0,0.05,0.95,2.3575,1.19,2.188,0.951496114234296,1.5391031736203433
5672,0.05,0.35,0.6,0.0,0.1,0.9,2.3575,1.19,2.176,0.9523673774537176,1.5391031736203433
5673,0.05,0.35,0.6,0.0,0.15,0.85,2.3575,1.19,2.164,0.9532448751147806,1.5397530545727245
5674,0.05,0.35,0.6,0.0,0.2,0.8,2.3575,1.19,2.152,0.954128674374846,1.5397530545727245
5675,0.05,0.35,0.6,0.0,0.25,0.75,2.3575,1.19,2.14,0.9550188433593086,1.5802781268596373
5676,0.05,0.35,0.6,0.0,0.3,0.7,2.3575,1.19,2.128,0.9559154511791016,1.6649008667919842
5690,0.05,0.35,0.6,0.05,0.0,0.95,2.3575,1.19,2.1805,0.9520399267243888,1.5383365827112527
5691,0.05,0.35,0.6,0.05,0.05,0.9,2.3575,1.19,2.1685000000000003,0.9529150786512768,1.5391031736203433
5692,0.05,0.35,0.6,0.05,0.1,0.85,2.3575,1.19,2.1565000000000003,0.953796506880644,1.5391031736203433
5693,0.05,0.35,0.6,0.05,0.15,0.8,2.3575,1.19,2.1445000000000003,0.9546842791728406,1.541624721239391
5694,0.05,0.35,0.6,0.05,0.2,0.75,2.3575,1.19,2.1325000000000003,0.9555784642671478,1.595608604642909
5695,0.05,0.35,0.6,0.05,0.25,0.7,2.3575,1.19,2.1205,0.9564791318995196,1.6465936105196914
5709,0.05,0.35,0.6,0.1,0.0,0.9,2.3575,1.19,2.161,0.9534652315104192,1.5383365827112527
5710,0.05,0.35,0.6,0.1,0.05,0.85,2.3575,1.19,2.149,0.9543506167766326,1.5391031736203433
5711,0.05,0.35,0.6,0.1,0.1,0.8,2.3575,1.19,2.1370000000000005,0.9552423889518898,1.5580416143665783
5712,0.05,0.35,0.6,0.1,0.15,0.75,2.3575,1.19,2.125,0.9561406173962892,1.619737550708365
5713,0.05,0.35,0.6,0.1,0.2,0.7,2.3575,1.19,2.113,0.9570453724778868,1.655045567355316
5714,0.05,0.35,0.6,0.1,0.25,0.65,2.3575,1.19,2.101,0.9579567255910733,1.6854563812785224
5727,0.05,0.35,0.6,0.15,0.0,0.85,2.3575,1.19,2.1415,0.9549072215393298,1.5402082493779192
5728,0.05,0.35,0.6,0.15,0.05,0.8,2.3575,1.19,2.1295,0.9558030206910796,1.5772668567283303
5729,0.05,0.35,0.6,0.15,0.1,0.75,2.3575,1.19,2.1175,0.9567053199727286,1.634420575800352
5730,0.05,0.35,0.6,0.15,0.15,0.7,2.3575,1.19,2.1055,0.9576141903916132,1.656922799498173
5731,0.05,0.35,0.6,0.15,0.2,0.65,2.3575,1.19,2.0935,0.9585297039930936,1.6846638349822263
5732,0.05,0.35,0.6,0.15,0.25,0.6,2.3575,1.19,2.0815,0.9594519338795916,1.6920330551867222
5744,0.05,0.35,0.6,0.2,0.0,0.8,2.3575,1.19,2.1220000000000003,0.9563661915232908,1.5925425608988877
5745,0.05,0.35,0.6,0.2,0.05,0.75,2.3575,1.19,2.1100000000000003,0.9572725893790608,1.6415251554976151
5746,0.05,0.35,0.6,0.2,0.1,0.7,2.3575,1.19,2.098,0.9581856032775736,1.6562729185457923
5747,0.05,0.35,0.6,0.2,0.15,0.65,2.3575,1.19,2.0860000000000003,0.9591053059225956,1.6856596683155596
5748,0.05,0.35,0.6,0.2,0.2,0.6,2.3575,1.19,2.074,0.9600317710870664,1.6902967588904259
5760,0.05,0.35,0.6,0.25,0.0,0.75,2.3575,1.19,2.1025,0.9578424431562648,1.6415251554976151
5761,0.05,0.35,0.6,0.25,0.05,0.7,2.3575,1.19,2.0905,0.958759628933932,1.6582125018791256
5762,0.05,0.35,0.6,0.25,0.1,0.65,2.3575,1.19,2.0785,0.9596835494396588,1.6850097873631789
5775,0.05,0.35,0.6,0.3,0.0,0.7,2.3575,1.19,2.083,0.9593362853219872,1.6582125018791256
5776,0.05,0.35,0.6,0.3,0.05,0.65,2.3575,1.19,2.071,0.9602644527705076,1.6850097873631789
5880,0.05,0.4,0.55,0.0,0.0,1.0,2.339,1.19,2.2,0.9467721769338462,1.5383365827112527
5881,0.05,0.4,0.55,0.0,0.05,0.95,2.339,1.19,2.188,0.9476235637748668,1.5391031736203433
5882,0.05,0.4,0.55,0.0,0.1,0.9,2.339,1.19,2.176,0.9484810211102978,1.5391031736203433
5883,0.05,0.4,0.55,0.0,0.15,0.85,2.339,1.19,2.164,0.9493446140975024,1.5397530545727245
5884,0.05,0.4,0.55,0.0,0.2,0.8,2.339,1.19,2.152,0.950214408829678,1.5397530545727245
5885,0.05,0.4,0.55,0.0,0.25,0.75,2.339,1.19,2.14,0.9510904723527164,1.5802781268596373
5886,0.05,0.4,0.55,0.0,0.3,0.7,2.339,1.19,2.128,0.9519728726824316,1.6649008667919842
5900,0.05,0.4,0.55,0.05,0.0,0.95,2.339,1.19,2.1805,0.9481587591077292,1.5383365827112527
5901,0.05,0.4,0.55,0.05,0.05,0.9,2.339,1.19,2.1685000000000003,0.9490200435308508,1.5391031736203433
5902,0.05,0.4,0.55,0.05,0.1,0.85,2.339,1.19,2.1565000000000003,0.9498875048032642,1.5391031736203433
5903,0.05,0.4,0.55,0.05,0.15,0.8,2.339,1.19,2.1445000000000003,0.9507612096116016,1.541624721239391
5904,0.05,0.4,0.55,0.05,0.2,0.75,2.339,1.19,2.1325000000000003,0.9516412256059136,1.595608604642909
5905,0.05,0.4,0.55,0.05,0.25,0.7,2.339,1.19,2.1205,0.95252762141713,1.6465936105196914
5919,0.05,0.4,0.55,0.1,0.0,0.9,2.339,1.19,2.161,0.949561478764388,1.5383365827112527
5920,0.05,0.4,0.55,0.1,0.05,0.85,2.339,1.19,2.149,0.9504328343711366,1.5391031736203433
5921,0.05,0.4,0.55,0.1,0.1,0.8,2.339,1.19,2.1370000000000005,0.95131047568109,1.5580416143665783
5922,0.05,0.4,0.55,0.1,0.15,0.75,2.339,1.19,2.125,0.9521944709552784,1.619737550708365
5923,0.05,0.4,0.55,0.1,0.2,0.7,2.339,1.19,2.113,0.953084889446718,1.655045567355316
5924,0.05,0.4,0.55,0.1,0.25,0.65,2.339,1.19,2.101,0.953981801418496,1.6854563812785224
5937,0.05,0.4,0.55,0.15,0.0,0.85,2.339,1.19,2.1415,0.9509806192724976,1.5402082493779192
5938,0.05,0.4,0.55,0.15,0.05,0.8,2.339,1.19,2.1295,0.9518622237481812,1.5772668567283303
5939,0.05,0.4,0.55,0.15,0.1,0.75,2.339,1.19,2.1175,0.9527502253538468,1.634420575800352
5940,0.05,0.4,0.55,0.15,0.15,0.7,2.339,1.19,2.1055,0.9536446939716612,1.656922799498173
5941,0.05,0.4,0.55,0.15,0.2,0.65,2.339,1.19,2.0935,0.9545457005053668,1.6846638349822263
5942,0.05,0.4,0.55,0.15,0.25,0.6,2.339,1.19,2.0815,0.9554533168990168,1.6920330551867222
5954,0.05,0.4,0.55,0.2,0.0,0.8,2.339,1.19,2.1220000000000003,0.9524164706742718,1.5925425608988877
5955,0.05,0.4,0.55,0.2,0.05,0.75,2.339,1.19,2.1100000000000003,0.9533085059087726,1.6415251554976151
5956,0.05,0.4,0.55,0.2,0.1,0.7,2.339,1.19,2.098,0.9542070523493646,1.6562729185457923
5957,0.05,0.4,0.55,0.2,0.15,0.65,2.339,1.19,2.0860000000000003,0.9551121815477636,1.6856596683155596
5958,0.05,0.4,0.55,0.2,0.2,0.6,2.339,1.19,2.074,0.9560239661079152,1.6902967588904259
5970,0.05,0.4,0.55,0.25,0.0,0.75,2.339,1.19,2.1025,0.9538693298830828,1.6415251554976151
5971,0.05,0.4,0.55,0.25,0.05,0.7,2.339,1.19,2.0905,0.9547719820959648,1.6582125018791256
5972,0.05,0.4,0.55,0.25,0.1,0.65,2.339,1.19,2.0785,0.955681262319588,1.6850097873631789
5985,0.05,0.4,0.55,0.3,0.0,0.7,2.339,1.19,2.083,0.9553395008881496,1.6582125018791256
5986,0.05,0.4,0.55,0.3,0.05,0.65,2.339,1.19,2.071,0.9562529607582564,1.6850097873631789
6090,0.05,0.45,0.5,0.0,0.0,1.0,2.3205,1.19,2.2,0.9429133346176366,1.5383365827112527
6091,0.05,0.45,0.5,0.0,0.05,0.95,2.3205,1.19,2.188,0.943751013315438,1.5391031736203433
6092,0.05,0.45,0.5,0.0,0.1,0.9,2.3205,1.19,2.176,0.9445946647668778,1.5391031736203433
6093,0.05,0.45,0.5,0.0,0.15,0.85,2.3205,1.19,2.164,0.9454443530802245,1.5397530545727245
6094,0.05,0.45,0.5,0.0,0.2,0.8,2.3205,1.19,2.152,0.9463001432845104,1.5397530545727245
6095,0.05,0.45,0.5,0.0,0.25,0.75,2.3205,1.19,2.14,0.9471621013461246,1.5802781268596373
6096,0.05,0.45,0.5,0.0,0.3,0.7,2.3205,1.19,2.128,0.9480302941857616,1.6649008667919842
6110,0.05,0.45,0.5,0.05,0.0,0.95,2.3205,1.19,2.1805,0.9442775914910696,1.5383365827112527
6111,0.05,0.45,0.5,0.05,0.05,0.9,2.3205,1.19,2.1685000000000003,0.9451250084104248,1.5391031736203433
6112,0.05,0.45,0.5,0.05,0.1,0.85,2.3205,1.19,2.1565000000000003,0.9459785027258848,1.5391031736203433
6113,0.05,0.45,0.5,0.05,0.15,0.8,2.3205,1.19,2.1445000000000003,0.9468381400503626,1.541624721239391
6114,0.05,0.45,0.5,0.05,0.2,0.75,2.3205,1.19,2.1325000000000003,0.9477039869446788,1.595608604642909
6115,0.05,0.45,0.5,0.05,0.25,0.7,2.3205,1.19,2.1205,0.94857611093474,1.6465936105196914
6129,0.05,0.45,0.5,0.1,0.0,0.9,2.3205,1.19,2.161,0.9456577260183566,1.5383365827112527
6130,0.05,0.45,0.5,0.1,0.05,0.85,2.3205,1.19,2.149,0.9465150519656408,1.5391031736203433
6131,0.05,0.45,0.5,0.1,0.1,0.8,2.3205,1.19,2.1370000000000005,0.9473785624102902,1.5580416143665783
6132,0.05,0.45,0.5,0.1,0.15,0.75,2.3205,1.19,2.125,0.9482483245142675,1.619737550708365
6133,0.05,0.45,0.5,0.1,0.2,0.7,2.3205,1.19,2.113,0.9491244064155492,1.655045567355316
6134,0.05,0.45,0.5,0.1,0.25,0.65,2.3205,1.19,2.101,0.950006877245919,1.6854563812785224
6147,0.05,0.45,0.5,0.15,0.0,0.85,2.3205,1.19,2.1415,0.9470540170056654,1.5402082493779192
6148,0.05,0.45,0.5,0.15,0.05,0.8,2.3205,1.19,2.1295,0.9479214268052828,1.5772668567283303
6149,0.05,0.45,0.5,0.15,0.1,0.75,2.3205,1.19,2.1175,0.9487951307349654,1.634420575800352
6150,0.05,0.45,0.5,0.15,0.15,0.7,2.3205,1.19,2.1055,0.9496751975517096,1.656922799498173
6151,0.05,0.45,0.5,0.15,0.2,0.65,2.3205,1.19,2.0935,0.9505616970176398,1.6846638349822263
6152,0.05,0.45,0.5,0.15,0.25,0.6,2.3205,1.19,2.0815,0.9514546999184416,1.6920330551867222
6164,0.05,0.45,0.5,0.2,0.0,0.8,2.3205,1.19,2.1220000000000003,0.9484667498252528,1.5925425608988877
6165,0.05,0.45,0.5,0.2,0.05,0.75,2.3205,1.19,2.1100000000000003,0.9493444224384844,1.6415251554976151
6166,0.05,0.45,0.5,0.2,0.1,0.7,2.3205,1.19,2.098,0.9502285014211558,1.6562729185457923
6167,0.05,0.45,0.5,0.2,0.15,0.65,2.3205,1.19,2.0860000000000003,0.9511190571729308,1.6856596683155596
6168,0.05,0.45,0.5,0.2,0.2,0.6,2.3205,1.19,2.074,0.9520161611287632,1.6902967588904259
6180,0.05,0.45,0.5,0.25,0.0,0.75,2.3205,1.19,2.1025,0.9498962166099012,1.6415251554976151
6181,0.05,0.45,0.5,0.25,0.05,0.7,2.3205,1.19,2.0905,0.9507843352579975,1.6582125018791256
6182,0.05,0.45,0.5,0.25,0.1,0.65,2.3205,1.19,2.0785,0.9516789751995174,1.6850097873631789
6195,0.05,0.45,0.5,0.3,0.0,0.7,2.3205,1.19,2.083,0.9513427164543116,1.6582125018791256
6196,0.05,0.45,0.5,0.3,0.05,0.65,2.3205,1.19,2.071,0.9522414687460052,1.6850097873631789
6300,0.05,0.5,0.45,0.0,0.0,1.0,2.302,1.19,2.2,0.9390544923014268,1.5383365827112527
6301,0.05,0.5,0.45,0.0,0.05,0.95,2.302,1.19,2.188,0.9398784628560088,1.5391031736203433
6302,0.05,0.5,0.45,0.0,0.1,0.9,2.302,1.19,2.176,0.940708308423458,1.5391031736203433
6303,0.05,0.5,0.45,0.0,0.15,0.85,2.302,1.19,2.164,0.9415440920629458,1.5397530545727245
6304,0.05,0.5,0.45,0.0,0.2,0.8,2.302,1.19,2.152,0.9423858777393423,1.5397530545727245
6305,0.05,0.5,0.45,0.0,0.25,0.75,2.302,1.19,2.14,0.9432337303395328,1.5802781268596373
6306,0.05,0.5,0.45,0.0,0.3,0.7,2.302,1.19,2.128,0.9440877156890912,1.6649008667919842
6320,0.05,0.5,0.45,0.05,0.0,0.95,2.302,1.19,2.1805,0.94039642387441,1.5383365827112527
6321,0.05,0.5,0.45,0.05,0.05,0.9,2.302,1.19,2.1685000000000003,0.9412299732899984,1.5391031736203433
6322,0.05,0.5,0.45,0.05,0.1,0.85,2.302,1.19,2.1565000000000003,0.9420695006485048,1.5391031736203433
6323,0.05,0.5,0.45,0.05,0.15,0.8,2.302,1.19,2.1445000000000003,0.9429150704891238,1.541624721239391
6324,0.05,0.5,0.45,0.05,0.2,0.75,2.302,1.19,2.1325000000000003,0.9437667482834444,1.595608604642909
6325,0.05,0.5,0.45,0.05,0.25,0.7,2.302,1.19,2.1205,0.9446246004523504,1.6465936105196914
6339,0.05,0.5,0.45,0.1,0.0,0.9,2.302,1.19,2.161,0.9417539732723248,1.5383365827112527
6340,0.05,0.5,0.45,0.1,0.05,0.85,2.302,1.19,2.149,0.9425972695601444,1.5391031736203433
6341,0.05,0.5,0.45,0.1,0.1,0.8,2.302,1.19,2.1370000000000005,0.9434466491394904,1.5580416143665783
6342,0.05,0.5,0.45,0.1,0.15,0.75,2.302,1.19,2.125,0.9443021780732566,1.619737550708365
6343,0.05,0.5,0.45,0.1,0.2,0.7,2.302,1.19,2.113,0.9451639233843798,1.655045567355316
6344,0.05,0.5,0.45,0.1,0.25,0.65,2.302,1.19,2.101,0.946031953073342,1.6854563812785224
6357,0.05,0.5,0.45,0.15,0.0,0.85,2.302,1.19,2.1415,0.9431274147388334,1.5402082493779192
6358,0.05,0.5,0.45,0.15,0.05,0.8,2.302,1.19,2.1295,0.9439806298623844,1.5772668567283303
6359,0.05,0.5,0.45,0.15,0.1,0.75,2.302,1.19,2.1175,0.9448400361160834,1.634420575800352
6360,0.05,0.5,0.45,0.15,0.15,0.7,2.302,1.19,2.1055,0.9457057011317578,1.656922799498173
6361,0.05,0.5,0.45,0.15,0.2,0.65,2.302,1.19,2.0935,0.9465776935299132,1.6846638349822263
6362,0.05,0.5,0.45,0.15,0.25,0.6,2.302,1.19,2.0815,0.9474560829378664,1.6920330551867222
6374,0.05,0.5,0.45,0.2,0.0,0.8,2.302,1.19,2.1220000000000003,0.9445170289762336,1.5925425608988877
6375,0.05,0.5,0.45,0.2,0.05,0.75,2.302,1.19,2.1100000000000003,0.9453803389681962,1.6415251554976151
6376,0.05,0.5,0.45,0.2,0.1,0.7,2.302,1.19,2.098,0.9462499504929466,1.6562729185457923
6377,0.05,0.5,0.45,0.2,0.15,0.65,2.302,1.19,2.0860000000000003,0.9471259327980984,1.6856596683155596
6378,0.05,0.5,0.45,0.2,0.2,0.6,2.302,1.19,2.074,0.9480083561496114,1.6902967588904259
6390,0.05,0.5,0.45,0.25,0.0,0.75,2.302,1.19,2.1025,0.9459231033367193,1.6415251554976151
6391,0.05,0.5,0.45,0.25,0.05,0.7,2.302,1.19,2.0905,0.9467966884200304,1.6582125018791256
6392,0.05,0.5,0.45,0.25,0.1,0.65,2.302,1.19,2.0785,0.9476766880794466,1.6850097873631789
6405,0.05,0.5,0.45,0.3,0.0,0.7,2.302,1.19,2.083,0.9473459320204736,1.6582125018791256
6406,0.05,0.5,0.45,0.3,0.05,0.65,2.302,1.19,2.071,0.948229976733754,1.6850097873631789
6510,0.05,0.55,0.4,0.0,0.0,1.0,2.2835,1.19,2.2,0.935195649985217,1.539178756624296
6511,0.05,0.55,0.4,0.0,0.05,0.95,2.2835,1.19,2.188,0.93600591239658,1.539945347533387
6512,0.05,0.55,0.4,0.0,0.1,0.9,2.2835,1.19,2.176,0.9368219520800384,1.5391031736203433
6513,0.05,0.55,0.4,0.0,0.15,0.85,2.2835,1.19,2.164,0.9376438310456678,1.5397530545727245
6514,0.05,0.55,0.4,0.0,0.2,0.8,2.2835,1.19,2.152,0.9384716121941746,1.5397530545727245
6515,0.05,0.55,0.4,0.0,0.25,0.75,2.2835,1.19,2.14,0.9393053593329408,1.5802781268596373
6516,0.05,0.55,0.4,0.0,0.3,0.7,2.2835,1.19,2.128,0.9401451371924214,1.6649008667919842
6530,0.05,0.55,0.4,0.05,0.0,0.95,2.2835,1.19,2.1805,0.9365152562577506,1.539178756624296
6531,0.05,0.55,0.4,0.05,0.05,0.9,2.2835,1.19,2.1685000000000003,0.9373349381695724,1.5391031736203433
6532,0.05,0.55,0.4,0.05,0.1,0.85,2.2835,1.19,2.1565000000000003,0.9381604985711254,1.5391031736203433
6533,0.05,0.55,0.4,0.05,0.15,0.8,2.2835,1.19,2.1445000000000003,0.938992000927885,1.541624721239391
6534,0.05,0.55,0.4,0.05,0.2,0.75,2.2835,1.19,2.1325000000000003,0.9398295096222102,1.595608604642909
6535,0.05,0.55,0.4,0.05,0.25,0.7,2.2835,1.19,2.1205,0.9406730899699608,1.6465936105196914
6549,0.05,0.55,0.4,0.1,0.0,0.9,2.2835,1.19,2.161,0.9378502205262936,1.5383365827112527
6550,0.05,0.55,0.4,0.1,0.05,0.85,2.2835,1.19,2.149,0.9386794871546486,1.5391031736203433
6551,0.05,0.55,0.4,0.1,0.1,0.8,2.2835,1.19,2.1370000000000005,0.9395147358686904,1.5580416143665783
6552,0.05,0.55,0.4,0.1,0.15,0.75,2.2835,1.19,2.125,0.9403560316322458,1.619737550708365
6553,0.05,0.55,0.4,0.1,0.2,0.7,2.2835,1.19,2.113,0.941203440353211,1.655045567355316
6554,0.05,0.55,0.4,0.1,0.25,0.65,2.2835,1.19,2.101,0.9420570289007648,1.6854563812785224
6567,0.05,0.55,0.4,0.15,0.0,0.85,2.2835,1.19,2.1415,0.9392008124720016,1.5402082493779192
6568,0.05,0.55,0.4,0.15,0.05,0.8,2.2835,1.19,2.1295,0.940039832919486,1.5772668567283303
6569,0.05,0.55,0.4,0.15,0.1,0.75,2.2835,1.19,2.1175,0.9408849414972018,1.634420575800352
6570,0.05,0.55,0.4,0.15,0.15,0.7,2.2835,1.19,2.1055,0.941736204711806,1.656922799498173
6571,0.05,0.55,0.4,0.15,0.2,0.65,2.2835,1.19,2.0935,0.9425936900421864,1.6846638349822263
6572,0.05,0.55,0.4,0.15,0.25,0.6,2.2835,1.19,2.0815,0.9434574659572916,1.6920330551867222
6584,0.05,0.55,0.4,0.2,0.0,0.8,2.2835,1.19,2.1220000000000003,0.9405673081272146,1.5925425608988877
6585,0.05,0.55,0.4,0.2,0.05,0.75,2.2835,1.19,2.1100000000000003,0.941416255497908,1.6415251554976151
6586,0.05,0.55,0.4,0.2,0.1,0.7,2.2835,1.19,2.098,0.9422713995647378,1.6562729185457923
6587,0.05,0.55,0.4,0.2,0.15,0.65,2.2835,1.19,2.0860000000000003,0.943132808423266,1.6856596683155596
6588,0.05,0.55,0.4,0.2,0.2,0.6,2.2835,1.19,2.074,0.9440005511704598,1.6902967588904259
6600,0.05,0.55,0.4,0.25,0.0,0.75,2.2835,1.19,2.1025,0.9419499900635376,1.6415251554976151
6601,0.05,0.55,0.4,0.25,0.05,0.7,2.2835,1.19,2.0905,0.9428090415820636,1.6582125018791256
6602,0.05,0.55,0.4,0.25,0.1,0.65,2.2835,1.19,2.0785,0.943674400959376,1.6850097873631789
6615,0.05,0.55,0.4,0.3,0.0,0.7,2.2835,1.19,2.083,0.943349147586636,1.6582125018791256
6616,0.05,0.55,0.4,0.3,0.05,0.65,2.2835,1.19,2.071,0.9442184847215028,1.6850097873631789
6720,0.05,0.6,0.35,0.0,0.0,1.0,2.265,1.19,2.2,0.9313368076690072,1.539178756624296
6721,0.05,0.6,0.35,0.0,0.05,0.95,2.265,1.19,2.188,0.9321333619371508,1.539945347533387
6722,0.05,0.6,0.35,0.0,0.1,0.9,2.265,1.19,2.176,0.9329355957366182,1.539945347533387
6723,0.05,0.6,0.35,0.0,0.15,0.85,2.265,1.19,2.164,0.9337435700283896,1.5405952284857676
6724,0.05,0.6,0.35,0.0,0.2,0.8,2.265,1.19,2.152,0.9345573466490066,1.5405952284857676
6725,0.05,0.6,0.35,0.0,0.25,0.75,2.265,1.19,2.14,0.9353769883263487,1.5802781268596373
6726,0.05,0.6,0.35,0.0,0.3,0.7,2.265,1.19,2.128,0.9362025586957512,1.6649008667919842
6740,0.05,0.6,0.35,0.05,0.0,0.95,2.265,1.19,2.1805,0.9326340886410908,1.539178756624296
6741,0.05,0.6,0.35,0.05,0.05,0.9,2.265,1.19,2.1685000000000003,0.9334399030491464,1.539945347533387
6742,0.05,0.6,0.35,0.05,0.1,0.85,2.265,1.19,2.1565000000000003,0.9342514964937456,1.539945347533387
6743,0.05,0.6,0.35,0.05,0.15,0.8,2.265,1.19,2.1445000000000003,0.9350689313666458,1.5424668951524347
6744,0.05,0.6,0.35,0.05,0.2,0.75,2.265,1.19,2.1325000000000003,0.935892270960976,1.595608604642909
6745,0.05,0.6,0.35,0.05,0.25,0.7,2.265,1.19,2.1205,0.9367215794875712,1.6465936105196914
6759,0.05,0.6,0.35,0.1,0.0,0.9,2.265,1.19,2.161,0.9339464677802624,1.539178756624296
6760,0.05,0.6,0.35,0.1,0.05,0.85,2.265,1.19,2.149,0.9347617047491524,1.539945347533387
6761,0.05,0.6,0.35,0.1,0.1,0.8,2.265,1.19,2.1370000000000005,0.9355828225978904,1.5588837882796218
6762,0.05,0.6,0.35,0.1,0.15,0.75,2.265,1.19,2.125,0.9364098851912348,1.619737550708365
6763,0.05,0.6,0.35,0.1,0.2,0.7,2.265,1.19,2.113,0.937242957322042,1.655045567355316
6764,0.05,0.6,0.35,0.1,0.25,0.65,2.265,1.19,2.101,0.938082104728188,1.6854563812785224
6777,0.05,0.6,0.35,0.15,0.0,0.85,2.265,1.19,2.1415,0.9352742102051692,1.5410504232909625
6778,0.05,0.6,0.35,0.15,0.05,0.8,2.265,1.19,2.1295,0.9360990359765876,1.5781090306413739
6779,0.05,0.6,0.35,0.15,0.1,0.75,2.265,1.19,2.1175,0.9369298468783204,1.634420575800352
6780,0.05,0.6,0.35,0.15,0.15,0.7,2.265,1.19,2.1055,0.9377667082918544,1.656922799498173
6781,0.05,0.6,0.35,0.15,0.2,0.65,2.265,1.19,2.0935,0.9386096865544592,1.6846638349822263
6782,0.05,0.6,0.35,0.15,0.25,0.6,2.265,1.19,2.0815,0.9394588489767166,1.6920330551867222
6794,0.05,0.6,0.35,0.2,0.0,0.8,2.265,1.19,2.1220000000000003,0.9366175872781956,1.5925425608988877
6795,0.05,0.6,0.35,0.2,0.05,0.75,2.265,1.19,2.1100000000000003,0.9374521720276195,1.6415251554976151
6796,0.05,0.6,0.35,0.2,0.1,0.7,2.265,1.19,2.098,0.9382928486365288,1.6562729185457923
6797,0.05,0.6,0.35,0.2,0.15,0.65,2.265,1.19,2.0860000000000003,0.9391396840484336,1.6856596683155596
6798,0.05,0.6,0.35,0.2,0.2,0.6,2.265,1.19,2.074,0.939992746191308,1.6902967588904259
6810,0.05,0.6,0.35,0.25,0.0,0.75,2.265,1.19,2.1025,0.9379768767903556,1.6415251554976151
6811,0.05,0.6,0.35,0.25,0.05,0.7,2.265,1.19,2.0905,0.938821394744096,1.6582125018791256
6812,0.05,0.6,0.35,0.25,0.1,0.65,2.265,1.19,2.0785,0.939672113839305,1.6850097873631789
6825,0.05,0.6,0.35,0.3,0.0,0.7,2.265,1.19,2.083,0.939352363152798,1.6582125018791256
6826,0.05,0.6,0.35,0.3,0.05,0.65,2.265,1.19,2.071,0.9402069927092516,1.6850097873631789
6930,0.05,0.65,0.3,0.0,0.0,1.0,2.2465,1.19,2.2,0.9274779653527976,1.539178756624296
6931,0.05,0.65,0.3,0.0,0.05,0.95,2.2465,1.19,2.188,0.928260811477722,1.539945347533387
6932,0.05,0.65,0.3,0.0,0.1,0.9,2.2465,1.19,2.176,0.9290492393931984,1.539945347533387
6933,0.05,0.65,0.3,0.0,0.15,0.85,2.2465,1.19,2.164,0.9298433090111116,1.5405952284857676
6934,0.05,0.65,0.3,0.0,0.2,0.8,2.2465,1.19,2.152,0.9306430811038388,1.5405952284857676
6935,0.05,0.65,0.3,0.0,0.25,0.75,2.2465,1.19,2.14,0.9314486173197568,1.5802781268596373
6936,0.05,0.65,0.3,0.0,0.3,0.7,2.2465,1.19,2.128,0.9322599801990814,1.6649008667919842
6950,0.05,0.65,0.3,0.05,0.0,0.95,2.2465,1.19,2.1805,0.9287529210244312,1.539178756624296
6951,0.05,0.65,0.3,0.05,0.05,0.9,2.2465,1.19,2.1685000000000003,0.9295448679287204,1.539945347533387
6952,0.05,0.65,0.3,0.05,0.1,0.85,2.2465,1.19,2.1565000000000003,0.930342494416366,1.539945347533387
6953,0.05,0.65,0.3,0.05,0.15,0.8,2.2465,1.19,2.1445000000000003,0.931145861805407,1.5424668951524347
6954,0.05,0.65,0.3,0.05,0.2,0.75,2.2465,1.19,2.1325000000000003,0.9319550322997416,1.595608604642909
6955,0.05,0.65,0.3,0.05,0.25,0.7,2.2465,1.19,2.1205,0.9327700690051814,1.6465936105196914
6969,0.05,0.65,0.3,0.1,0.0,0.9,2.2465,1.19,2.161,0.9300427150342312,1.539178756624296
6970,0.05,0.65,0.3,0.1,0.05,0.85,2.2465,1.19,2.149,0.9308439223436566,1.539945347533387
6971,0.05,0.65,0.3,0.1,0.1,0.8,2.2465,1.19,2.1370000000000005,0.9316509093270908,1.5588837882796218
6972,0.05,0.65,0.3,0.1,0.15,0.75,2.2465,1.19,2.125,0.932463738750224,1.619737550708365
6973,0.05,0.65,0.3,0.1,0.2,0.7,2.2465,1.19,2.113,0.9332824742908732,1.655045567355316
6974,0.05,0.65,0.3,0.1,0.25,0.65,2.2465,1.19,2.101,0.9341071805556108,1.6854563812785224
6987,0.05,0.65,0.3,0.15,0.0,0.85,2.2465,1.19,2.1415,0.9313476079383372,1.5410504232909625
6988,0.05,0.65,0.3,0.15,0.05,0.8,2.2465,1.19,2.1295,0.9321582390336892,1.5781090306413739
6989,0.05,0.65,0.3,0.15,0.1,0.75,2.2465,1.19,2.1175,0.9329747522594388,1.634420575800352
6990,0.05,0.65,0.3,0.15,0.15,0.7,2.2465,1.19,2.1055,0.9337972118719026,1.656922799498173
6991,0.05,0.65,0.3,0.15,0.2,0.65,2.2465,1.19,2.0935,0.9346256830667324,1.6846638349822263
6992,0.05,0.65,0.3,0.15,0.25,0.6,2.2465,1.19,2.0815,0.9354602319961416,1.6920330551867222
7004,0.05,0.65,0.3,0.2,0.0,0.8,2.2465,1.19,2.1220000000000003,0.9326678664291768,1.5933847348119312
7005,0.05,0.65,0.3,0.2,0.05,0.75,2.2465,1.19,2.1100000000000003,0.9334880885573316,1.6415251554976151
7006,0.05,0.65,0.3,0.2,0.1,0.7,2.2465,1.19,2.098,0.93431429770832,1.6562729185457923
7007,0.05,0.65,0.3,0.2,0.15,0.65,2.2465,1.19,2.0860000000000003,0.935146559673601,1.6856596683155596
7008,0.05,0.65,0.3,0.2,0.2,0.6,2.2465,1.19,2.074,0.9359849412121564,1.6902967588904259
7020,0.05,0.65,0.3,0.25,0.0,0.75,2.2465,1.19,2.1025,0.934003763517174,1.6415251554976151
7021,0.05,0.65,0.3,0.25,0.05,0.7,2.2465,1.19,2.0905,0.934833747906129,1.6582125018791256
7022,0.05,0.65,0.3,0.25,0.1,0.65,2.2465,1.19,2.0785,0.9356698267192344,1.6850097873631789
7035,0.05,0.65,0.3,0.3,0.0,0.7,2.2465,1.19,2.083,0.9353555787189604,1.6582125018791256
7036,0.05,0.65,0.3,0.3,0.05,0.65,2.2465,1.19,2.071,0.9361955006970007,1.6850097873631789
7140,0.05,0.7,0.25,0.0,0.0,1.0,2.228,1.19,2.2,0.9236191230365876,1.539178756624296
7141,0.05,0.7,0.25,0.0,0.05,0.95,2.228,1.19,2.188,0.924388261018293,1.539945347533387
7142,0.05,0.7,0.25,0.0,0.1,0.9,2.228,1.19,2.176,0.9251628830497788,1.539945347533387
7143,0.05,0.7,0.25,0.0,0.15,0.85,2.228,1.19,2.164,0.9259430479938332,1.5405952284857676
7144,0.05,0.7,0.25,0.0,0.2,0.8,2.228,1.19,2.152,0.9267288155586708,1.5405952284857676
7145,0.05,0.7,0.25,0.0,0.25,0.75,2.228,1.19,2.14,0.9275202463131652,1.5802781268596373
7146,0.05,0.7,0.25,0.0,0.3,0.7,2.228,1.19,2.128,0.9283174017024112,1.6649008667919842
7160,0.05,0.7,0.25,0.05,0.0,0.95,2.228,1.19,2.1805,0.9248717534077718,1.539178756624296
7161,0.05,0.7,0.25,0.05,0.05,0.9,2.228,1.19,2.1685000000000003,0.925649832808294,1.539945347533387
7162,0.05,0.7,0.25,0.05,0.1,0.85,2.228,1.19,2.1565000000000003,0.9264334923389862,1.539945347533387
7163,0.05,0.7,0.25,0.05,0.15,0.8,2.228,1.19,2.1445000000000003,0.927222792244168,1.5424668951524347
7164,0.05,0.7,0.25,0.05,0.2,0.75,2.228,1.19,2.1325000000000003,0.9280177936385072,1.595608604642909
7165,0.05,0.7,0.25,0.05,0.25,0.7,2.228,1.19,2.1205,0.9288185585227916,1.6465936105196914
7179,0.05,0.7,0.25,0.1,0.0,0.9,2.228,1.19,2.161,0.9261389622881994,1.539178756624296
7180,0.05,0.7,0.25,0.1,0.05,0.85,2.228,1.19,2.149,0.9269261399381606,1.539945347533387
7181,0.05,0.7,0.25,0.1,0.1,0.8,2.228,1.19,2.1370000000000005,0.9277189960562908,1.5588837882796218
7182,0.05,0.7,0.25,0.1,0.15,0.75,2.228,1.19,2.125,0.9285175923092128,1.619737550708365
7183,0.05,0.7,0.25,0.1,0.2,0.7,2.228,1.19,2.113,0.929321991259704,1.655045567355316
7184,0.05,0.7,0.25,0.1,0.25,0.65,2.228,1.19,2.101,0.9301322563830337,1.6854563812785224
7197,0.05,0.7,0.25,0.15,0.0,0.85,2.228,1.19,2.1415,0.9274210056715052,1.5410504232909625
7198,0.05,0.7,0.25,0.15,0.05,0.8,2.228,1.19,2.1295,0.9282174420907908,1.5781090306413739
7199,0.05,0.7,0.25,0.15,0.1,0.75,2.228,1.19,2.1175,0.9290196576405568,1.634420575800352
7200,0.05,0.7,0.25,0.15,0.15,0.7,2.228,1.19,2.1055,0.9298277154519506,1.656922799498173
7201,0.05,0.7,0.25,0.15,0.2,0.65,2.228,1.19,2.0935,0.9306416795790056,1.6846638349822263
7202,0.05,0.7,0.25,0.15,0.25,0.6,2.228,1.19,2.0815,0.9314616150155668,1.6920330551867222
7214,0.05,0.7,0.25,0.2,0.0,0.8,2.228,1.19,2.1220000000000003,0.9287181455801572,1.5933847348119312
7215,0.05,0.7,0.25,0.2,0.05,0.75,2.228,1.19,2.1100000000000003,0.9295240050870432,1.6415251554976151
7216,0.05,0.7,0.25,0.2,0.1,0.7,2.228,1.19,2.098,0.9303357467801108,1.6562729185457923
7217,0.05,0.7,0.25,0.2,0.15,0.65,2.228,1.19,2.0860000000000003,0.9311534352987684,1.6856596683155596
7218,0.05,0.7,0.25,0.2,0.2,0.6,2.228,1.19,2.074,0.9319771362330046,1.6902967588904259
7230,0.05,0.7,0.25,0.25,0.0,0.75,2.228,1.19,2.1025,0.930030650243992,1.6415251554976151
7231,0.05,0.7,0.25,0.25,0.05,0.7,2.228,1.19,2.0905,0.930846101068162,1.6582125018791256
7232,0.05,0.7,0.25,0.25,0.1,0.65,2.228,1.19,2.0785,0.9316675395991636,1.6850097873631789
7245,0.05,0.7,0.25,0.3,0.0,0.7,2.228,1.19,2.083,0.9313587942851226,1.6582125018791256
7246,0.05,0.7,0.25,0.3,0.05,0.65,2.228,1.19,2.071,0.9321840086847492,1.6850097873631789
7350,0.05,0.75,0.2,0.0,0.0,1.0,2.2095,1.19,2.2,0.919760280720378,1.539178756624296
7351,0.05,0.75,0.2,0.0,0.05,0.95,2.2095,1.19,2.188,0.920515710558864,1.539945347533387
7352,0.05,0.75,0.2,0.0,0.1,0.9,2.2095,1.19,2.176,0.921276526706359,1.539945347533387
7353,0.05,0.75,0.2,0.0,0.15,0.85,2.2095,1.19,2.164,0.922042786976555,1.5405952284857676
7354,0.05,0.75,0.2,0.0,0.2,0.8,2.2095,1.19,2.152,0.922814550013503,1.5405952284857676
7355,0.05,0.75,0.2,0.0,0.25,0.75,2.2095,1.19,2.14,0.9235918753065732,1.5802781268596373
7356,0.05,0.75,0.2,0.0,0.3,0.7,2.2095,1.19,2.128,0.9243748232057414,1.6649008667919842
7370,0.05,0.75,0.2,0.05,0.0,0.95,2.2095,1.19,2.1805,0.9209905857911124,1.539178756624296
7371,0.05,0.75,0.2,0.05,0.05,0.9,2.2095,1.19,2.1685000000000003,0.921754797687868,1.539945347533387
7372,0.05,0.75,0.2,0.05,0.1,0.85,2.2095,1.19,2.1565000000000003,0.9225244902616064,1.539945347533387
7373,0.05,0.75,0.2,0.05,0.15,0.8,2.2095,1.19,2.1445000000000003,0.9232997226829296,1.5424668951524347
7374,0.05,0.75,0.2,0.05,0.2,0.75,2.2095,1.19,2.1325000000000003,0.9240805549772728,1.595608604642909
7375,0.05,0.75,0.2,0.05,0.25,0.7,2.2095,1.19,2.1205,0.924867048040402,1.6465936105196914
7389,0.05,0.75,0.2,0.1,0.0,0.9,2.2095,1.19,2.161,0.9222352095421684,1.539178756624296
7390,0.05,0.75,0.2,0.1,0.05,0.85,2.2095,1.19,2.149,0.9230083575326647,1.539945347533387
7391,0.05,0.75,0.2,0.1,0.1,0.8,2.2095,1.19,2.1370000000000005,0.923787082785491,1.5588837882796218
7392,0.05,0.75,0.2,0.1,0.15,0.75,2.2095,1.19,2.125,0.9245714458682022,1.619737550708365
7393,0.05,0.75,0.2,0.1,0.2,0.7,2.2095,1.19,2.113,0.925361508228535,1.655045567355316
7394,0.05,0.75,0.2,0.1,0.25,0.65,2.2095,1.19,2.101,0.9261573322104568,1.6854563812785224
7407,0.05,0.75,0.2,0.15,0.0,0.85,2.2095,1.19,2.1415,0.9234944034046731,1.5410504232909625
7408,0.05,0.75,0.2,0.15,0.05,0.8,2.2095,1.19,2.1295,0.9242766451478928,1.5781090306413739
7409,0.05,0.75,0.2,0.15,0.1,0.75,2.2095,1.19,2.1175,0.9250645630216752,1.634420575800352
7410,0.05,0.75,0.2,0.15,0.15,0.7,2.2095,1.19,2.1055,0.9258582190319988,1.656922799498173
7411,0.05,0.75,0.2,0.15,0.2,0.65,2.2095,1.19,2.0935,0.9266576760912788,1.6846638349822263
7412,0.05,0.75,0.2,0.15,0.25,0.6,2.2095,1.19,2.0815,0.9274629980349918,1.6920330551867222
7424,0.05,0.75,0.2,0.2,0.0,0.8,2.2095,1.19,2.1220000000000003,0.9247684247311384,1.5933847348119312
7425,0.05,0.75,0.2,0.2,0.05,0.75,2.2095,1.19,2.1100000000000003,0.9255599216167552,1.6415251554976151
7426,0.05,0.75,0.2,0.2,0.1,0.7,2.2095,1.19,2.098,0.926357195851902,1.6562729185457923
7427,0.05,0.75,0.2,0.2,0.15,0.65,2.2095,1.19,2.0860000000000003,0.927160310923936,1.6856596683155596
7428,0.05,0.75,0.2,0.2,0.2,0.6,2.2095,1.19,2.074,0.9279693312538532,1.6902967588904259
7440,0.05,0.75,0.2,0.25,0.0,0.75,2.2095,1.19,2.1025,0.9260575369708104,1.6415251554976151
7441,0.05,0.75,0.2,0.25,0.05,0.7,2.2095,1.19,2.0905,0.926858454230195,1.6582125018791256
7442,0.05,0.75,0.2,0.25,0.1,0.65,2.2095,1.19,2.0785,0.927665252479093,1.6850097873631789
7455,0.05,0.75,0.2,0.3,0.0,0.7,2.2095,1.19,2.083,0.9273620098512848,1.6582125018791256
7456,0.05,0.75,0.2,0.3,0.05,0.65,2.2095,1.19,2.071,0.928172516672498,1.6850097873631789
7560,0.05,0.8,0.15,0.0,0.0,1.0,2.191,1.19,2.2,0.915901438404168,1.552097841152298
7561,0.05,0.8,0.15,0.0,0.05,0.95,2.191,1.19,2.188,0.9166431600994348,1.552864432061389
7562,0.05,0.8,0.15,0.0,0.1,0.9,2.191,1.19,2.176,0.917390170362939,1.552864432061389
7563,0.05,0.8,0.15,0.0,0.15,0.85,2.191,1.19,2.164,0.9181425259592768,1.5476668201205521
7564,0.05,0.8,0.15,0.0,0.2,0.8,2.191,1.19,2.152,0.918900284468335,1.5476668201205521
7565,0.05,0.8,0.15,0.0,0.25,0.75,2.191,1.19,2.14,0.919663504299981,1.5844221225815622
7566,0.05,0.8,0.15,0.0,0.3,0.7,2.191,1.19,2.128,0.9204322447090711,1.6659785334586508
7580,0.05,0.8,0.15,0.05,0.0,0.95,2.191,1.19,2.1805,0.9171094181744524,1.552097841152298
7581,0.05,0.8,0.15,0.05,0.05,0.9,2.191,1.19,2.1685000000000003,0.917859762567442,1.551924038121995
7582,0.05,0.8,0.15,0.05,0.1,0.85,2.191,1.19,2.1565000000000003,0.9186154881842268,1.5470169391681714
7583,0.05,0.8,0.15,0.05,0.15,0.8,2.191,1.19,2.1445000000000003,0.9193766531216904,1.549538486787219
7584,0.05,0.8,0.15,0.05,0.2,0.75,2.191,1.19,2.1325000000000003,0.9201433163160384,1.5997526003648341
7585,0.05,0.8,0.15,0.05,0.25,0.7,2.191,1.19,2.1205,0.920915537558012,1.6497846729082832
7599,0.05,0.8,0.15,0.1,0.0,0.9,2.191,1.19,2.161,0.918331456796137,1.5462503482590804
7600,0.05,0.8,0.15,0.1,0.05,0.85,2.191,1.19,2.149,0.9190905751271686,1.5470169391681714
7601,0.05,0.8,0.15,0.1,0.1,0.8,2.191,1.19,2.1370000000000005,0.9198551695146912,1.5650115202652832
7602,0.05,0.8,0.15,0.1,0.15,0.75,2.191,1.19,2.125,0.9206252994271912,1.62388154643029
7603,0.05,0.8,0.15,0.1,0.2,0.7,2.191,1.19,2.113,0.9214010251973662,1.657158963077241
7604,0.05,0.8,0.15,0.1,0.25,0.65,2.191,1.19,2.101,0.9221824080378797,1.6875697770004476
7617,0.05,0.8,0.15,0.15,0.0,0.85,2.191,1.19,2.1415,0.9195678011378408,1.548122014925747
7618,0.05,0.8,0.15,0.15,0.05,0.8,2.191,1.19,2.1295,0.9203358482049944,1.5842367626270353
7619,0.05,0.8,0.15,0.15,0.1,0.75,2.191,1.19,2.1175,0.9211094684027936,1.6374869048556104
7620,0.05,0.8,0.15,0.15,0.15,0.7,2.191,1.19,2.1055,0.9218887226120472,1.6590361952200983
7621,0.05,0.8,0.15,0.15,0.2,0.65,2.191,1.19,2.0935,0.9226736726035518,1.6867772307041513
7622,0.05,0.8,0.15,0.15,0.25,0.6,2.191,1.19,2.0815,0.9234643810544166,1.6941464509086472
7634,0.05,0.8,0.15,0.2,0.0,0.8,2.191,1.19,2.1220000000000003,0.9208187038821194,1.5995124667975926
7635,0.05,0.8,0.15,0.2,0.05,0.75,2.191,1.19,2.1100000000000003,0.9215958381464668,1.6445914845528735
7636,0.05,0.8,0.15,0.2,0.1,0.7,2.191,1.19,2.098,0.9223786449236928,1.6583863142677173
7637,0.05,0.8,0.15,0.2,0.15,0.65,2.191,1.19,2.0860000000000003,0.9231671865491036,1.6877730640374846
7638,0.05,0.8,0.15,0.2,0.2,0.6,2.191,1.19,2.074,0.9239615262747012,1.692410154612351
7650,0.05,0.8,0.15,0.25,0.0,0.75,2.191,1.19,2.1025,0.9220844236976284,1.6445914845528735
7651,0.05,0.8,0.15,0.25,0.05,0.7,2.191,1.19,2.0905,0.9228708073922276,1.6603258976010509
7652,0.05,0.8,0.15,0.25,0.1,0.65,2.191,1.19,2.0785,0.9236629653590224,1.687123183085104
7665,0.05,0.8,0.15,0.3,0.0,0.7,2.191,1.19,2.083,0.923365225417447,1.6603258976010509
7666,0.05,0.8,0.15,0.3,0.05,0.65,2.191,1.19,2.071,0.9241610246602472,1.687123183085104
7770,0.05,0.85,0.1,0.0,0.0,1.0,2.1725,1.19,2.2,0.9120425960879583,1.5733006204473583
7771,0.05,0.85,0.1,0.0,0.05,0.95,2.1725,1.19,2.188,0.912770609640006,1.5740672113564491
7772,0.05,0.85,0.1,0.0,0.1,0.9,2.1725,1.19,2.176,0.9135038140195192,1.5732557920016104
7773,0.05,0.85,0.1,0.0,0.15,0.85,2.1725,1.19,2.164,0.9142422649419986,1.5659218683600655
7774,0.05,0.85,0.1,0.0,0.2,0.8,2.1725,1.19,2.152,0.9149860189231672,1.5659218683600655
7775,0.05,0.85,0.1,0.0,0.25,0.75,2.1725,1.19,2.14,0.9157351332933892,1.6006326173364913
7776,0.05,0.85,0.1,0.0,0.3,0.7,2.1725,1.19,2.128,0.9164896662124012,1.672311525172251
7790,0.05,0.85,0.1,0.05,0.0,0.95,2.1725,1.19,2.1805,0.9132282505577928,1.5733006204473583
7791,0.05,0.85,0.1,0.05,0.05,0.9,2.1725,1.19,2.1685000000000003,0.9139647274470158,1.5732557920016104
7792,0.05,0.85,0.1,0.05,0.1,0.85,2.1725,1.19,2.1565000000000003,0.9147064861068472,1.5652719874076848
7793,0.05,0.85,0.1,0.05,0.15,0.8,2.1725,1.19,2.1445000000000003,0.9154535835604516,1.566554963598161
7794,0.05,0.85,0.1,0.05,0.2,0.75,2.1725,1.19,2.1325000000000003,0.916206077654804,1.6150192354706403
7795,0.05,0.85,0.1,0.05,0.25,0.7,2.1725,1.19,2.1205,0.9169640270756224,1.6586223814251764
7809,0.05,0.85,0.1,0.1,0.0,0.9,2.1725,1.19,2.161,0.9144277040501054,1.564505396498594
7810,0.05,0.85,0.1,0.1,0.05,0.85,2.1725,1.19,2.149,0.9151727927216728,1.5652719874076848
7811,0.05,0.85,0.1,0.1,0.1,0.8,2.1725,1.19,2.1370000000000005,0.9159232562438911,1.5820279970762254
7812,0.05,0.85,0.1,0.1,0.15,0.75,2.1725,1.19,2.125,0.9166791529861804,1.6354021180841922
7813,0.05,0.85,0.1,0.1,0.2,0.7,2.1725,1.19,2.113,0.9174405421661972,1.6651258641407183
7814,0.05,0.85,0.1,0.1,0.25,0.65,2.1725,1.19,2.101,0.9182074838653026,1.6943783447305913
7827,0.05,0.85,0.1,0.15,0.0,0.85,2.1725,1.19,2.1415,0.9156411988710088,1.565138491736689
7828,0.05,0.85,0.1,0.15,0.05,0.8,2.1725,1.19,2.1295,0.9163950512620958,1.5984221759860737
7829,0.05,0.85,0.1,0.15,0.1,0.75,2.1725,1.19,2.1175,0.917154373783912,1.6472049230243504
7830,0.05,0.85,0.1,0.15,0.15,0.7,2.1725,1.19,2.1055,0.9179192261920954,1.6660627023441814
7831,0.05,0.85,0.1,0.15,0.2,0.65,2.1725,1.19,2.0935,0.9186896691158252,1.693585798434295
7844,0.05,0.85,0.1,0.2,0.0,0.8,2.1725,1.19,2.1220000000000003,0.9168689830331002,1.6118511341248847
7845,0.05,0.85,0.1,0.2,0.05,0.75,2.1725,1.19,2.1100000000000003,0.9176317546761787,1.65336910878222
7846,0.05,0.85,0.1,0.2,0.1,0.7,2.1725,1.19,2.098,0.918400093995484,1.6644032153311943
7847,0.05,0.85,0.1,0.2,0.15,0.65,2.1725,1.19,2.0860000000000003,0.9191740621742712,1.6945816317676283
7848,0.05,0.85,0.1,0.2,0.2,0.6,2.1725,1.19,2.074,0.9199537212955496,1.6992187223424946
7860,0.05,0.85,0.1,0.25,0.0,0.75,2.1725,1.19,2.1025,0.9181113104244468,1.651381227721614
7861,0.05,0.85,0.1,0.25,0.05,0.7,2.1725,1.19,2.0905,0.9188831605542606,1.6663427986645276
7862,0.05,0.85,0.1,0.25,0.1,0.65,2.1725,1.19,2.0785,0.9196606782389516,1.6939317508152476
7875,0.05,0.85,0.1,0.3,0.0,0.7,2.1725,1.19,2.083,0.919368440983609,1.6663427986645276
7876,0.05,0.85,0.1,0.3,0.05,0.65,2.1725,1.19,2.071,0.9201495326479958,1.6939317508152476
7980,0.05,0.9,0.05,0.0,0.0,1.0,2.1540000000000004,1.19,2.2,0.9081837537717488,1.5838721549060557
7981,0.05,0.9,0.05,0.0,0.05,0.95,2.1540000000000004,1.19,2.188,0.9088980591805772,1.5846387458151465
7982,0.05,0.9,0.05,0.0,0.1,0.9,2.1540000000000004,1.19,2.176,0.9096174576760994,1.5846387458151465
7983,0.05,0.9,0.05,0.0,0.15,0.85,2.1540000000000004,1.19,2.164,0.9103420039247204,1.5852886267675275
7984,0.05,0.9,0.05,0.0,0.2,0.8,2.1540000000000004,1.19,2.152,0.9110717533779994,1.5852886267675275
7985,0.05,0.9,0.05,0.0,0.25,0.75,2.1540000000000004,1.19,2.14,0.9118067622867974,1.6142523695333244
7986,0.05,0.9,0.05,0.0,0.3,0.7,2.1540000000000004,1.19,2.128,0.9125470877157312,1.6763625955822332
8000,0.05,0.9,0.05,0.05,0.0,0.95,2.1540000000000004,1.19,2.1805,0.9093470829411334,1.5838721549060557
8001,0.05,0.9,0.05,0.05,0.05,0.9,2.1540000000000004,1.19,2.1685000000000003,0.91006969232659,1.5846387458151465
8002,0.05,0.9,0.05,0.05,0.1,0.85,2.1540000000000004,1.19,2.1565000000000003,0.9107974840294676,1.5846387458151465
8003,0.05,0.9,0.05,0.05,0.15,0.8,2.1540000000000004,1.19,2.1445000000000003,0.9115305139992128,1.585921722005623
8004,0.05,0.9,0.05,0.05,0.2,0.75,2.1540000000000004,1.19,2.1325000000000003,0.9122688389935698,1.6280057647330006
8005,0.05,0.9,0.05,0.05,0.25,0.7,2.1540000000000004,1.19,2.1205,0.9130125165932328,1.6663672438579504
8019,0.05,0.9,0.05,0.1,0.0,0.9,2.1540000000000004,1.19,2.161,0.9105239513040742,1.5838721549060557
8020,0.05,0.9,0.05,0.1,0.05,0.85,2.1540000000000004,1.19,2.149,0.9112550103161768,1.5846387458151465
8021,0.05,0.9,0.05,0.1,0.1,0.8,2.1540000000000004,1.19,2.1370000000000005,0.9119913429730916,1.599584402919585
8022,0.05,0.9,0.05,0.1,0.15,0.75,2.1540000000000004,1.19,2.125,0.9127330065451694,1.6455159990354846
8023,0.05,0.9,0.05,0.1,0.2,0.7,2.1540000000000004,1.19,2.113,0.9134800591350284,1.674047856203122
8037,0.05,0.9,0.05,0.15,0.0,0.85,2.1540000000000004,1.19,2.1415,0.9117145966041768,1.584505250144151
8038,0.05,0.9,0.05,0.15,0.05,0.8,2.1540000000000004,1.19,2.1295,0.9124542543191976,1.6140132735857051
8039,0.05,0.9,0.05,0.15,0.1,0.75,2.1540000000000004,1.19,2.1175,0.9131992791650304,1.6561269150867544
8040,0.05,0.9,0.05,0.15,0.15,0.7,2.1540000000000004,1.19,2.1055,0.9139497297721436,1.675925088345979
8041,0.05,0.9,0.05,0.15,0.2,0.65,2.1540000000000004,1.19,2.0935,0.9147056656280984,1.6993202335547304
8054,0.05,0.9,0.05,0.2,0.0,0.8,2.1540000000000004,1.19,2.1220000000000003,0.9129192621840814,1.6253430027682876
8055,0.05,0.9,0.05,0.2,0.05,0.75,2.1540000000000004,1.19,2.1100000000000003,0.9136676712058908,1.6632314947840174
8056,0.05,0.9,0.05,0.2,0.1,0.7,2.1540000000000004,1.19,2.098,0.9144215430672752,1.6710780443910236
8070,0.05,0.9,0.05,0.25,0.0,0.75,2.1540000000000004,1.19,2.1025,0.914138197151265,1.6632314947840174
8071,0.05,0.9,0.05,0.25,0.05,0.7,2.1540000000000004,1.19,2.0905,0.9148955137162936,1.673017627724357
8072,0.05,0.9,0.05,0.25,0.1,0.65,2.1540000000000004,1.19,2.0785,0.9156583911188808,1.6996661859356825
8085,0.05,0.9,0.05,0.3,0.0,0.7,2.1540000000000004,1.19,2.083,0.9153716565497712,1.673017627724357
8086,0.05,0.9,0.05,0.3,0.05,0.65,2.1540000000000004,1.19,2.071,0.9161380406357448,1.6996661859356825
8190,0.1,0.0,0.9,0.0,0.0,1.0,2.4439999999999995,1.19,2.2,0.968673714404226,1.5383365827112527
8191,0.1,0.0,0.9,0.0,0.05,0.95,2.4439999999999995,1.19,2.188,0.9696029042202748,1.5391031736203433
8192,0.1,0.0,0.9,0.0,0.1,0.9,2.4439999999999995,1.19,2.176,0.9705387192756532,1.5391031736203433
8193,0.1,0.0,0.9,0.0,0.15,0.85,2.4439999999999995,1.19,2.164,0.9714812306820544,1.5397530545727245
8194,0.1,0.0,0.9,0.0,0.2,0.8,2.4439999999999995,1.19,2.152,0.972430510572523,1.5397530545727245
8195,0.1,0.0,0.9,0.0,0.25,0.75,2.4439999999999995,1.19,2.14,0.9733866321198598,1.5802781268596373
8196,0.1,0.0,0.9,0.0,0.3,0.7,2.4439999999999995,1.19,2.128,0.9743496695554232,1.6649008667919842
8210,0.1,0.0,0.9,0.05,0.0,0.95,2.4439999999999995,1.19,2.1805,0.970187007742824,1.5383365827112527
8211,0.1,0.0,0.9,0.05,0.05,0.9,2.4439999999999995,1.19,2.1685000000000003,0.9711269996197558,1.5391031736203433
8212,0.1,0.0,0.9,0.05,0.1,0.85,2.4439999999999995,1.19,2.1565000000000003,0.972073732810014,1.5391031736203433
8213,0.1,0.0,0.9,0.05,0.15,0.8,2.4439999999999995,1.19,2.1445000000000003,0.9730272800943088,1.541624721239391
8214,0.1,0.0,0.9,0.05,0.2,0.75,2.4439999999999995,1.19,2.1325000000000003,0.9739877153048108,1.595608604642909
8215,0.1,0.0,0.9,0.05,0.25,0.7,2.4439999999999995,1.19,2.1205,0.9749551133442064,1.6465936105196914
8229,0.1,0.0,0.9,0.1,0.0,0.9,2.4439999999999995,1.19,2.161,0.97171791326889,1.5383365827112527
8230,0.1,0.0,0.9,0.1,0.05,0.85,2.4439999999999995,1.19,2.149,0.9726688966726004,1.5391031736203433
8231,0.1,0.0,0.9,0.1,0.1,0.8,2.4439999999999995,1.19,2.1370000000000005,0.973626740191035,1.5580416143665783
8232,0.1,0.0,0.9,0.1,0.15,0.75,2.4439999999999995,1.19,2.125,0.974591518323178,1.619737550708365
8233,0.1,0.0,0.9,0.1,0.2,0.7,2.4439999999999995,1.19,2.113,0.9755633066506498,1.655045567355316
8234,0.1,0.0,0.9,0.1,0.25,0.65,2.4439999999999995,1.19,2.101,0.976542181857447,1.6854563812785224
8247,0.1,0.0,0.9,0.15,0.0,0.85,2.4439999999999995,1.19,2.1415,0.9732667402464096,1.5402082493779192
8248,0.1,0.0,0.9,0.15,0.05,0.8,2.4439999999999995,1.19,2.1295,0.9742289090997662,1.5772668567283303
8249,0.1,0.0,0.9,0.15,0.1,0.75,2.4439999999999995,1.19,2.1175,0.9751980596772294,1.634420575800352
8250,0.1,0.0,0.9,0.15,0.15,0.7,2.4439999999999995,1.19,2.1055,0.9761742682470634,1.656922799498173
8251,0.1,0.0,0.9,0.15,0.2,0.65,2.4439999999999995,1.19,2.0935,0.977157612192465,1.6846638349822263
8252,0.1,0.0,0.9,0.15,0.25,0.6,2.4439999999999995,1.19,2.0815,0.9781481700320096,1.6920330551867222
8264,0.1,0.0,0.9,0.2,0.0,0.8,2.4439999999999995,1.19,2.1220000000000003,0.9748338052227584,1.5925425608988877
8265,0.1,0.0,0.9,0.2,0.05,0.75,2.4439999999999995,1.19,2.1100000000000003,0.9758073580374356,1.6415251554976151
8266,0.1,0.0,0.9,0.2,0.1,0.7,2.4439999999999995,1.19,2.098,0.9767880170770372,1.6562729185457923
8267,0.1,0.0,0.9,0.2,0.15,0.65,2.4439999999999995,1.19,2.0860000000000003,0.9777758604319472,1.6856596683155596
8268,0.1,0.0,0.9,0.2,0.2,0.6,2.4439999999999995,1.19,2.074,0.9787709673409378,1.6902967588904259
8280,0.1,0.0,0.9,0.25,0.0,0.75,2.4439999999999995,1.19,2.1025,0.9764194322443852,1.6415251554976151
8281,0.1,0.0,0.9,0.25,0.05,0.7,2.4439999999999995,1.19,2.0905,0.9774045722573996,1.6582125018791256
8282,0.1,0.0,0.9,0.25,0.1,0.65,2.4439999999999995,1.19,2.0785,0.9783969459740433,1.6850097873631789
8295,0.1,0.0,0.9,0.3,0.0,0.7,2.4439999999999995,1.19,2.083,0.9780239530802016,1.6582125018791256
8296,0.1,0.0,0.9,0.3,0.05,0.65,2.4439999999999995,1.19,2.071,0.9790208883953576,1.6850097873631789
8400,0.1,0.05,0.85,0.0,0.0,1.0,2.4254999999999995,1.19,2.2,0.9648148720880162,1.5383365827112527
8401,0.1,0.05,0.85,0.0,0.05,0.95,2.4254999999999995,1.19,2.188,0.9657303537608456,1.5391031736203433
8402,0.1,0.05,0.85,0.0,0.1,0.9,2.4254999999999995,1.19,2.176,0.9666523629322336,1.5391031736203433
8403,0.1,0.05,0.85,0.0,0.15,0.85,2.4254999999999995,1.19,2.164,0.967580969664776,1.5397530545727245
8404,0.1,0.05,0.85,0.0,0.2,0.8,2.4254999999999995,1.19,2.152,0.9685162450273552,1.5397530545727245
8405,0.1,0.05,0.85,0.0,0.25,0.75,2.4254999999999995,1.19,2.14,0.969458261113268,1.5802781268596373
8406,0.1,0.05,0.85,0.0,0.3,0.7,2.4254999999999995,1.19,2.128,0.9704070910587532,1.6649008667919842
8420,0.1,0.05,0.85,0.05,0.0,0.95,2.4254999999999995,1.19,2.1805,0.9663058401261644,1.5383365827112527
8421,0.1,0.05,0.85,0.05,0.05,0.9,2.4254999999999995,1.19,2.1685000000000003,0.9672319644993296,1.5391031736203433
8422,0.1,0.05,0.85,0.05,0.1,0.85,2.4254999999999995,1.19,2.1565000000000003,0.9681647307326342,1.5391031736203433
8423,0.1,0.05,0.85,0.05,0.15,0.8,2.4254999999999995,1.19,2.1445000000000003,0.96910421053307,1.541624721239391
8424,0.1,0.05,0.85,0.05,0.2,0.75,2.4254999999999995,1.19,2.1325000000000003,0.9700504766435766,1.595608604642909
8425,0.1,0.05,0.85,0.05,0.25,0.7,2.4254999999999995,1.19,2.1205,0.9710036028618168,1.6465936105196914
8439,0.1,0.05,0.85,0.1,0.0,0.9,2.4254999999999995,1.19,2.161,0.9678141605228586,1.5383365827112527
8440,0.1,0.05,0.85,0.1,0.05,0.85,2.4254999999999995,1.19,2.149,0.9687511142671044,1.5391031736203433
8441,0.1,0.05,0.85,0.1,0.1,0.8,2.4254999999999995,1.19,2.1370000000000005,0.9696948269202352,1.5580416143665783
8442,0.1,0.05,0.85,0.1,0.15,0.75,2.4254999999999995,1.19,2.125,0.9706453718821672,1.619737550708365
8443,0.1,0.05,0.85,0.1,0.2,0.7,2.4254999999999995,1.19,2.113,0.9716028236194808,1.655045567355316
8444,0.1,0.05,0.85,0.1,0.25,0.65,2.4254999999999995,1.19,2.101,0.9725672576848698,1.6854563812785224
8457,0.1,0.05,0.85,0.15,0.0,0.85,2.4254999999999995,1.19,2.1415,0.9693401379795776,1.5402082493779192
8458,0.1,0.05,0.85,0.15,0.05,0.8,2.4254999999999995,1.19,2.1295,0.970288112156868,1.5772668567283303
8459,0.1,0.05,0.85,0.15,0.1,0.75,2.4254999999999995,1.19,2.1175,0.9712429650583476,1.634420575800352
8460,0.1,0.05,0.85,0.15,0.15,0.7,2.4254999999999995,1.19,2.1055,0.9722047718271116,1.656922799498173
8461,0.1,0.05,0.85,0.15,0.2,0.65,2.4254999999999995,1.19,2.0935,0.9731736087047382,1.6846638349822263
8462,0.1,0.05,0.85,0.15,0.25,0.6,2.4254999999999995,1.19,2.0815,0.9741495530514348,1.6920330551867222
8474,0.1,0.05,0.85,0.2,0.0,0.8,2.4254999999999995,1.19,2.1220000000000003,0.9708840843737392,1.5925425608988877
8475,0.1,0.05,0.85,0.2,0.05,0.75,2.4254999999999995,1.19,2.1100000000000003,0.9718432745671473,1.6415251554976151
8476,0.1,0.05,0.85,0.2,0.1,0.7,2.4254999999999995,1.19,2.098,0.9728094661488284,1.6562729185457923
8477,0.1,0.05,0.85,0.2,0.15,0.65,2.4254999999999995,1.19,2.0860000000000003,0.973782736057115,1.6856596683155596
8478,0.1,0.05,0.85,0.2,0.2,0.6,2.4254999999999995,1.19,2.074,0.9747631623617862,1.6902967588904259
8490,0.1,0.05,0.85,0.25,0.0,0.75,2.4254999999999995,1.19,2.1025,0.9724463189712031,1.6415251554976151
8491,0.1,0.05,0.85,0.25,0.05,0.7,2.4254999999999995,1.19,2.0905,0.9734169254194326,1.6582125018791256
8492,0.1,0.05,0.85,0.25,0.1,0.65,2.4254999999999995,1.19,2.0785,0.9743946588539728,1.6850097873631789
8505,0.1,0.05,0.85,0.3,0.0,0.7,2.4254999999999995,1.19,2.083,0.974027168646364,1.6582125018791256
8506,0.1,0.05,0.85,0.3,0.05,0.65,2.4254999999999995,1.19,2.071,0.9750093963831064,1.6850097873631789
8610,0.1,0.1,0.8,0.0,0.0,1.0,2.407,1.19,2.2,0.9609560297718064,1.5383365827112527
8611,0.1,0.1,0.8,0.0,0.05,0.95,2.407,1.19,2.188,0.9618578033014168,1.5391031736203433
8612,0.1,0.1,0.8,0.0,0.1,0.9,2.407,1.19,2.176,0.9627660065888138,1.5391031736203433
8613,0.1,0.1,0.8,0.0,0.15,0.85,2.407,1.19,2.164,0.963680708647498,1.5397530545727245
8614,0.1,0.1,0.8,0.0,0.2,0.8,2.407,1.19,2.152,0.9646019794821872,1.5397530545727245
8615,0.1,0.1,0.8,0.0,0.25,0.75,2.407,1.19,2.14,0.965529890106676,1.5802781268596373
8616,0.1,0.1,0.8,0.0,0.3,0.7,2.407,1.19,2.128,0.9664645125620834,1.6649008667919842
8630,0.1,0.1,0.8,0.05,0.0,0.95,2.407,1.19,2.1805,0.962424672509505,1.5383365827112527
8631,0.1,0.1,0.8,0.05,0.05,0.9,2.407,1.19,2.1685000000000003,0.9633369293789036,1.5391031736203433
8632,0.1,0.1,0.8,0.05,0.1,0.85,2.407,1.19,2.1565000000000003,0.9642557286552546,1.5391031736203433
8633,0.1,0.1,0.8,0.05,0.15,0.8,2.407,1.19,2.1445000000000003,0.9651811409718312,1.541624721239391
8634,0.1,0.1,0.8,0.05,0.2,0.75,2.407,1.19,2.1325000000000003,0.9661132379823424,1.595608604642909
8635,0.1,0.1,0.8,0.05,0.25,0.7,2.407,1.19,2.1205,0.9670520923794272,1.6465936105196914
8649,0.1,0.1,0.8,0.1,0.0,0.9,2.407,1.19,2.161,0.9639104077768272,1.5383365827112527
8650,0.1,0.1,0.8,0.1,0.05,0.85,2.407,1.19,2.149,0.9648333318616084,1.5391031736203433
8651,0.1,0.1,0.8,0.1,0.1,0.8,2.407,1.19,2.1370000000000005,0.9657629136494356,1.5580416143665783
8652,0.1,0.1,0.8,0.1,0.15,0.75,2.407,1.19,2.125,0.9666992254411564,1.619737550708365
8653,0.1,0.1,0.8,0.1,0.2,0.7,2.407,1.19,2.113,0.967642340588312,1.655045567355316
8654,0.1,0.1,0.8,0.1,0.25,0.65,2.407,1.19,2.101,0.9685923335122928,1.6854563812785224
8667,0.1,0.1,0.8,0.15,0.0,0.85,2.407,1.19,2.1415,0.9654135357127456,1.5402082493779192
8668,0.1,0.1,0.8,0.15,0.05,0.8,2.407,1.19,2.1295,0.9663473152139698,1.5772668567283303
8669,0.1,0.1,0.8,0.15,0.1,0.75,2.407,1.19,2.1175,0.967287870439466,1.634420575800352
8670,0.1,0.1,0.8,0.15,0.15,0.7,2.407,1.19,2.1055,0.96823527540716,1.656922799498173
8671,0.1,0.1,0.8,0.15,0.2,0.65,2.407,1.19,2.0935,0.9691896052170116,1.6846638349822263
8672,0.1,0.1,0.8,0.15,0.25,0.6,2.407,1.19,2.0815,0.97015093607086,1.6920330551867222
8684,0.1,0.1,0.8,0.2,0.0,0.8,2.407,1.19,2.1220000000000003,0.96693436352472,1.5925425608988877
8685,0.1,0.1,0.8,0.2,0.05,0.75,2.407,1.19,2.1100000000000003,0.9678791910968592,1.6415251554976151
8686,0.1,0.1,0.8,0.2,0.1,0.7,2.407,1.19,2.098,0.9688309152206194,1.6562729185457923
8687,0.1,0.1,0.8,0.2,0.15,0.65,2.407,1.19,2.0860000000000003,0.9697896116822826,1.6856596683155596
8688,0.1,0.1,0.8,0.2,0.2,0.6,2.407,1.19,2.074,0.9707553573826346,1.6902967588904259
8700,0.1,0.1,0.8,0.25,0.0,0.75,2.407,1.19,2.1025,0.9684732056980214,1.6415251554976151
8701,0.1,0.1,0.8,0.25,0.05,0.7,2.407,1.19,2.0905,0.9694292785814655,1.6582125018791256
8702,0.1,0.1,0.8,0.25,0.1,0.65,2.407,1.19,2.0785,0.970392371733902,1.6850097873631789
8715,0.1,0.1,0.8,0.3,0.0,0.7,2.407,1.19,2.083,0.9700303842125262,1.6582125018791256
8716,0.1,0.1,0.8,0.3,0.05,0.65,2.407,1.19,2.071,0.9709979043708554,1.6850097873631789
8820,0.1,0.15,0.75,0.0,0.0,1.0,2.3885,1.19,2.2,0.9570971874555968,1.5383365827112527
8821,0.1,0.15,0.75,0.0,0.05,0.95,2.3885,1.19,2.188,0.9579852528419875,1.5391031736203433
8822,0.1,0.15,0.75,0.0,0.1,0.9,2.3885,1.19,2.176,0.958879650245394,1.5391031736203433
8823,0.1,0.15,0.75,0.0,0.15,0.85,2.3885,1.19,2.164,0.95978044763022,1.5397530545727245
8824,0.1,0.15,0.75,0.0,0.2,0.8,2.3885,1.19,2.152,0.9606877139370192,1.5397530545727245
8825,0.1,0.15,0.75,0.0,0.25,0.75,2.3885,1.19,2.14,0.9616015191000842,1.5802781268596373
8826,0.1,0.15,0.75,0.0,0.3,0.7,2.3885,1.19,2.128,0.9625219340654134,1.6649008667919842
8840,0.1,0.15,0.75,0.05,0.0,0.95,2.3885,1.19,2.1805,0.9585435048928456,1.5383365827112527
8841,0.1,0.15,0.75,0.05,0.05,0.9,2.3885,1.19,2.1685000000000003,0.9594418942584776,1.5391031736203433
8842,0.1,0.15,0.75,0.05,0.1,0.85,2.3885,1.19,2.1565000000000003,0.9603467265778748,1.5391031736203433
8843,0.1,0.15,0.75,0.05,0.15,0.8,2.3885,1.19,2.1445000000000003,0.9612580714105924,1.541624721239391
8844,0.1,0.15,0.75,0.05,0.2,0.75,2.3885,1.19,2.1325000000000003,0.962175999321108,1.595608604642909
8845,0.1,0.15,0.75,0.05,0.25,0.7,2.3885,1.19,2.1205,0.9631005818970376,1.6465936105196914
8859,0.1,0.15,0.75,0.1,0.0,0.9,2.3885,1.19,2.161,0.960006655030796,1.5383365827112527
8860,0.1,0.15,0.75,0.1,0.05,0.85,2.3885,1.19,2.149,0.9609155494561122,1.5391031736203433
8861,0.1,0.15,0.75,0.1,0.1,0.8,2.3885,1.19,2.1370000000000005,0.9618310003786356,1.5580416143665783
8862,0.1,0.15,0.75,0.1,0.15,0.75,2.3885,1.19,2.125,0.9627530790001456,1.619737550708365
8863,0.1,0.15,0.75,0.1,0.2,0.7,2.3885,1.19,2.113,0.9636818575571432,1.655045567355316
8864,0.1,0.15,0.75,0.1,0.25,0.65,2.3885,1.19,2.101,0.9646174093397158,1.6854563812785224
8877,0.1,0.15,0.75,0.15,0.0,0.85,2.3885,1.19,2.1415,0.9614869334459132,1.5402082493779192
8878,0.1,0.15,0.75,0.15,0.05,0.8,2.3885,1.19,2.1295,0.9624065182710716,1.5772668567283303
8879,0.1,0.15,0.75,0.15,0.1,0.75,2.3885,1.19,2.1175,0.9633327758205844,1.634420575800352
8880,0.1,0.15,0.75,0.15,0.15,0.7,2.3885,1.19,2.1055,0.964265778987208,1.656922799498173
8881,0.1,0.15,0.75,0.15,0.2,0.65,2.3885,1.19,2.0935,0.9652056017292846,1.6846638349822263
8882,0.1,0.15,0.75,0.15,0.25,0.6,2.3885,1.19,2.0815,0.966152319090285,1.6920330551867222
8894,0.1,0.15,0.75,0.2,0.0,0.8,2.3885,1.19,2.1220000000000003,0.9629846426757012,1.5925425608988877
8895,0.1,0.15,0.75,0.2,0.05,0.75,2.3885,1.19,2.1100000000000003,0.9639151076265708,1.6415251554976151
8896,0.1,0.15,0.75,0.2,0.1,0.7,2.3885,1.19,2.098,0.9648523642924104,1.6562729185457923
8897,0.1,0.15,0.75,0.2,0.15,0.65,2.3885,1.19,2.0860000000000003,0.9657964873074504,1.6856596683155596
8898,0.1,0.15,0.75,0.2,0.2,0.6,2.3885,1.19,2.074,0.966747552403483,1.6902967588904259
8910,0.1,0.15,0.75,0.25,0.0,0.75,2.3885,1.19,2.1025,0.9645000924248396,1.6415251554976151
8911,0.1,0.15,0.75,0.25,0.05,0.7,2.3885,1.19,2.0905,0.9654416317434984,1.6582125018791256
8912,0.1,0.15,0.75,0.25,0.1,0.65,2.3885,1.19,2.0785,0.9663900846138316,1.6850097873631789
8925,0.1,0.15,0.75,0.3,0.0,0.7,2.3885,1.19,2.083,0.9660335997786884,1.6582125018791256
8926,0.1,0.15,0.75,0.3,0.05,0.65,2.3885,1.19,2.071,0.9669864123586044,1.6850097873631789
9030,0.1,0.2,0.7,0.0,0.0,1.0,2.37,1.19,2.2,0.953238345139387,1.5383365827112527
9031,0.1,0.2,0.7,0.0,0.05,0.95,2.37,1.19,2.188,0.9541127023825589,1.5391031736203433
9032,0.1,0.2,0.7,0.0,0.1,0.9,2.37,1.19,2.176,0.954993293901974,1.5391031736203433
9033,0.1,0.2,0.7,0.0,0.15,0.85,2.37,1.19,2.164,0.9558801866129416,1.5397530545727245
9034,0.1,0.2,0.7,0.0,0.2,0.8,2.37,1.19,2.152,0.9567734483918516,1.5397530545727245
9035,0.1,0.2,0.7,0.0,0.25,0.75,2.37,1.19,2.14,0.9576731480934922,1.5802781268596373
9036,0.1,0.2,0.7,0.0,0.3,0.7,2.37,1.19,2.128,0.9585793555687432,1.6649008667919842
9050,0.1,0.2,0.7,0.05,0.0,0.95,2.37,1.19,2.1805,0.9546623372761858,1.5383365827112527
9051,0.1,0.2,0.7,0.05,0.05,0.9,2.37,1.19,2.1685000000000003,0.9555468591380514,1.5391031736203433
9052,0.1,0.2,0.7,0.05,0.1,0.85,2.37,1.19,2.1565000000000003,0.9564377245004952,1.5391031736203433
9053,0.1,0.2,0.7,0.05,0.15,0.8,2.37,1.19,2.1445000000000003,0.9573350018493532,1.541624721239391
9054,0.1,0.2,0.7,0.05,0.2,0.75,2.37,1.19,2.1325000000000003,0.9582387606598732,1.595608604642909
9055,0.1,0.2,0.7,0.05,0.25,0.7,2.37,1.19,2.1205,0.9591490714146476,1.6465936105196914
9069,0.1,0.2,0.7,0.1,0.0,0.9,2.37,1.19,2.161,0.9561029022847648,1.5383365827112527
9070,0.1,0.2,0.7,0.1,0.05,0.85,2.37,1.19,2.149,0.9569977670506165,1.5391031736203433
9071,0.1,0.2,0.7,0.1,0.1,0.8,2.37,1.19,2.1370000000000005,0.9578990871078356,1.5580416143665783
9072,0.1,0.2,0.7,0.1,0.15,0.75,2.37,1.19,2.125,0.9588069325591344,1.619737550708365
9073,0.1,0.2,0.7,0.1,0.2,0.7,2.37,1.19,2.113,0.959721374525974,1.655045567355316
9074,0.1,0.2,0.7,0.1,0.25,0.65,2.37,1.19,2.101,0.9606424851671388,1.6854563812785224
9087,0.1,0.2,0.7,0.15,0.0,0.85,2.37,1.19,2.1415,0.9575603311790812,1.5402082493779192
9088,0.1,0.2,0.7,0.15,0.05,0.8,2.37,1.19,2.1295,0.9584657213281728,1.5772668567283303
9089,0.1,0.2,0.7,0.15,0.1,0.75,2.37,1.19,2.1175,0.9593776812017026,1.634420575800352
9090,0.1,0.2,0.7,0.15,0.15,0.7,2.37,1.19,2.1055,0.9602962825672564,1.656922799498173
9091,0.1,0.2,0.7,0.15,0.2,0.65,2.37,1.19,2.0935,0.9612215982415576,1.6846638349822263
9092,0.1,0.2,0.7,0.15,0.25,0.6,2.37,1.19,2.0815,0.96215370210971,1.6920330551867222
9104,0.1,0.2,0.7,0.2,0.0,0.8,2.37,1.19,2.1220000000000003,0.959034921826682,1.5925425608988877
9105,0.1,0.2,0.7,0.2,0.05,0.75,2.37,1.19,2.1100000000000003,0.9599510241562826,1.6415251554976151
9106,0.1,0.2,0.7,0.2,0.1,0.7,2.37,1.19,2.098,0.9608738133642014,1.6562729185457923
9107,0.1,0.2,0.7,0.2,0.15,0.65,2.37,1.19,2.0860000000000003,0.9618033629326176,1.6856596683155596
9108,0.1,0.2,0.7,0.2,0.2,0.6,2.37,1.19,2.074,0.962739747424331,1.6902967588904259
9120,0.1,0.2,0.7,0.25,0.0,0.75,2.37,1.19,2.1025,0.960526979151658,1.6415251554976151
9121,0.1,0.2,0.7,0.25,0.05,0.7,2.37,1.19,2.0905,0.9614539849055312,1.6582125018791256
9122,0.1,0.2,0.7,0.25,0.1,0.65,2.37,1.19,2.0785,0.9623877974937604,1.6850097873631789
9135,0.1,0.2,0.7,0.3,0.0,0.7,2.37,1.19,2.083,0.9620368153448504,1.6582125018791256
9136,0.1,0.2,0.7,0.3,0.05,0.65,2.37,1.19,2.071,0.962974920346353,1.6850097873631789
9240,0.1,0.25,0.65,0.0,0.0,1.0,2.3515,1.19,2.2,0.9493795028231772,1.5383365827112527
9241,0.1,0.25,0.65,0.0,0.05,0.95,2.3515,1.19,2.188,0.9502401519231296,1.5391031736203433
9242,0.1,0.25,0.65,0.0,0.1,0.9,2.3515,1.19,2.176,0.9511069375585542,1.5391031736203433
9243,0.1,0.25,0.65,0.0,0.15,0.85,2.3515,1.19,2.164,0.9519799255956632,1.5397530545727245
9244,0.1,0.25,0.65,0.0,0.2,0.8,2.3515,1.19,2.152,0.9528591828466836,1.5397530545727245
9245,0.1,0.25,0.65,0.0,0.25,0.75,2.3515,1.19,2.14,0.9537447770869004,1.5802781268596373
9246,0.1,0.25,0.65,0.0,0.3,0.7,2.3515,1.19,2.128,0.9546367770720732,1.6649008667919842
9260,0.1,0.25,0.65,0.05,0.0,0.95,2.3515,1.19,2.1805,0.9507811696595264,1.5383365827112527
9261,0.1,0.25,0.65,0.05,0.05,0.9,2.3515,1.19,2.1685000000000003,0.9516518240176252,1.5391031736203433
9262,0.1,0.25,0.65,0.05,0.1,0.85,2.3515,1.19,2.1565000000000003,0.9525287224231154,1.5391031736203433
9263,0.1,0.25,0.65,0.05,0.15,0.8,2.3515,1.19,2.1445000000000003,0.9534119322881144,1.541624721239391
9264,0.1,0.25,0.65,0.05,0.2,0.75,2.3515,1.19,2.1325000000000003,0.9543015219986392,1.595608604642909
9265,0.1,0.25,0.65,0.05,0.25,0.7,2.3515,1.19,2.1205,0.955197560932258,1.6465936105196914
9279,0.1,0.25,0.65,0.1,0.0,0.9,2.3515,1.19,2.161,0.9521991495387332,1.5383365827112527
9280,0.1,0.25,0.65,0.1,0.05,0.85,2.3515,1.19,2.149,0.9530799846451204,1.5391031736203433
9281,0.1,0.25,0.65,0.1,0.1,0.8,2.3515,1.19,2.1370000000000005,0.9539671738370358,1.5580416143665783
9282,0.1,0.25,0.65,0.1,0.15,0.75,2.3515,1.19,2.125,0.9548607861181236,1.619737550708365
9283,0.1,0.25,0.65,0.1,0.2,0.7,2.3515,1.19,2.113,0.9557608914948048,1.655045567355316
9284,0.1,0.25,0.65,0.1,0.25,0.65,2.3515,1.19,2.101,0.9566675609945616,1.6854563812785224
9297,0.1,0.25,0.65,0.15,0.0,0.85,2.3515,1.19,2.1415,0.9536337289122492,1.5402082493779192
9298,0.1,0.25,0.65,0.15,0.05,0.8,2.3515,1.19,2.1295,0.9545249243852746,1.5772668567283303
9299,0.1,0.25,0.65,0.15,0.1,0.75,2.3515,1.19,2.1175,0.9554225865828208,1.634420575800352
9300,0.1,0.25,0.65,0.15,0.15,0.7,2.3515,1.19,2.1055,0.9563267861473044,1.656922799498173
9301,0.1,0.25,0.65,0.15,0.2,0.65,2.3515,1.19,2.0935,0.9572375947538307,1.6846638349822263
9302,0.1,0.25,0.65,0.15,0.25,0.6,2.3515,1.19,2.0815,0.9581550851291348,1.6920330551867222
9314,0.1,0.25,0.65,0.2,0.0,0.8,2.3515,1.19,2.1220000000000003,0.9550852009776628,1.5925425608988877
9315,0.1,0.25,0.65,0.2,0.05,0.75,2.3515,1.19,2.1100000000000003,0.9559869406859944,1.6415251554976151
9316,0.1,0.25,0.65,0.2,0.1,0.7,2.3515,1.19,2.098,0.9568952624359924,1.6562729185457923
9317,0.1,0.25,0.65,0.2,0.15,0.65,2.3515,1.19,2.0860000000000003,0.9578102385577852,1.6856596683155596
9318,0.1,0.25,0.65,0.2,0.2,0.6,2.3515,1.19,2.074,0.9587319424451792,1.6902967588904259
9330,0.1,0.25,0.65,0.25,0.0,0.75,2.3515,1.19,2.1025,0.956553865878476,1.6415251554976151
9331,0.1,0.25,0.65,0.25,0.05,0.7,2.3515,1.19,2.0905,0.957466338067564,1.6582125018791256
9332,0.1,0.25,0.65,0.25,0.1,0.65,2.3515,1.19,2.0785,0.9583855103736898,1.6850097873631789
9345,0.1,0.25,0.65,0.3,0.0,0.7,2.3515,1.19,2.083,0.9580400309110128,1.6582125018791256
9346,0.1,0.25,0.65,0.3,0.05,0.65,2.3515,1.19,2.071,0.9589634283341018,1.6850097873631789
9450,0.1,0.3,0.6,0.0,0.0,1.0,2.333,1.19,2.2,0.9455206605069671,1.5383365827112527
9451,0.1,0.3,0.6,0.0,0.05,0.95,2.333,1.19,2.188,0.9463676014637006,1.5391031736203433
9452,0.1,0.3,0.6,0.0,0.1,0.9,2.333,1.19,2.176,0.9472205812151344,1.5391031736203433
9453,0.1,0.3,0.6,0.0,0.15,0.85,2.333,1.19,2.164,0.9480796645783852,1.5397530545727245
9454,0.1,0.3,0.6,0.0,0.2,0.8,2.333,1.19,2.152,0.9489449173015156,1.5397530545727245
9455,0.1,0.3,0.6,0.0,0.25,0.75,2.333,1.19,2.14,0.9498164060803084,1.5802781268596373
9456,0.1,0.3,0.6,0.0,0.3,0.7,2.333,1.19,2.128,0.9506941985754034,1.6649008667919842
9470,0.1,0.3,0.6,0.05,0.0,0.95,2.333,1.19,2.1805,0.9469000020428668,1.5383365827112527
9471,0.1,0.3,0.6,0.05,0.05,0.9,2.333,1.19,2.1685000000000003,0.9477567888971992,1.5391031736203433
9472,0.1,0.3,0.6,0.05,0.1,0.85,2.333,1.19,2.1565000000000003,0.9486197203457356,1.5391031736203433
9473,0.1,0.3,0.6,0.05,0.15,0.8,2.333,1.19,2.1445000000000003,0.9494888627268754,1.541624721239391
9474,0.1,0.3,0.6,0.05,0.2,0.75,2.333,1.19,2.1325000000000003,0.950364283337405,1.595608604642909
9475,0.1,0.3,0.6,0.05,0.25,0.7,2.333,1.19,2.1205,0.9512460504498684,1.6465936105196914
9489,0.1,0.3,0.6,0.1,0.0,0.9,2.333,1.19,2.161,0.948295396792702,1.5383365827112527
9490,0.1,0.3,0.6,0.1,0.05,0.85,2.333,1.19,2.149,0.9491622022396244,1.5391031736203433
9491,0.1,0.3,0.6,0.1,0.1,0.8,2.333,1.19,2.1370000000000005,0.950035260566236,1.5580416143665783
9492,0.1,0.3,0.6,0.1,0.15,0.75,2.333,1.19,2.125,0.9509146396771128,1.619737550708365
9493,0.1,0.3,0.6,0.1,0.2,0.7,2.333,1.19,2.113,0.951800408463636,1.655045567355316
9494,0.1,0.3,0.6,0.1,0.25,0.65,2.333,1.19,2.101,0.9526926368219844,1.6854563812785224
9507,0.1,0.3,0.6,0.15,0.0,0.85,2.333,1.19,2.1415,0.949707126645417,1.5402082493779192
9508,0.1,0.3,0.6,0.15,0.05,0.8,2.333,1.19,2.1295,0.9505841274423764,1.5772668567283303
9509,0.1,0.3,0.6,0.15,0.1,0.75,2.333,1.19,2.1175,0.9514674919639392,1.634420575800352
9510,0.1,0.3,0.6,0.15,0.15,0.7,2.333,1.19,2.1055,0.9523572897273526,1.656922799498173
9511,0.1,0.3,0.6,0.15,0.2,0.65,2.333,1.19,2.0935,0.953253591266104,1.6846638349822263
9512,0.1,0.3,0.6,0.15,0.25,0.6,2.333,1.19,2.0815,0.95415646814856,1.6920330551867222
9524,0.1,0.3,0.6,0.2,0.0,0.8,2.333,1.19,2.1220000000000003,0.951135480128644,1.5925425608988877
9525,0.1,0.3,0.6,0.2,0.05,0.75,2.333,1.19,2.1100000000000003,0.952022857215706,1.6415251554976151
9526,0.1,0.3,0.6,0.2,0.1,0.7,2.333,1.19,2.098,0.9529167115077832,1.6562729185457923
9527,0.1,0.3,0.6,0.2,0.15,0.65,2.333,1.19,2.0860000000000003,0.9538171141829528,1.6856596683155596
9528,0.1,0.3,0.6,0.2,0.2,0.6,2.333,1.19,2.074,0.9547241374660278,1.6902967588904259
9540,0.1,0.3,0.6,0.25,0.0,0.75,2.333,1.19,2.1025,0.9525807526052942,1.6415251554976151
9541,0.1,0.3,0.6,0.25,0.05,0.7,2.333,1.19,2.0905,0.9534786912295968,1.6582125018791256
9542,0.1,0.3,0.6,0.25,0.1,0.65,2.333,1.19,2.0785,0.9543832232536192,1.6850097873631789
9555,0.1,0.3,0.6,0.3,0.0,0.7,2.333,1.19,2.083,0.954043246477175,1.6582125018791256
9556,0.1,0.3,0.6,0.3,0.05,0.65,2.333,1.19,2.071,0.9549519363218506,1.6850097873631789
9660,0.1,0.35,0.55,0.0,0.0,1.0,2.3145,1.19,2.2,0.9416618181907576,1.5383365827112527
9661,0.1,0.35,0.55,0.0,0.05,0.95,2.3145,1.19,2.188,0.9424950510042716,1.5391031736203433
9662,0.1,0.35,0.55,0.0,0.1,0.9,2.3145,1.19,2.176,0.9433342248717146,1.5391031736203433
9663,0.1,0.35,0.55,0.0,0.15,0.85,2.3145,1.19,2.164,0.944179403561107,1.5397530545727245
9664,0.1,0.35,0.55,0.0,0.2,0.8,2.3145,1.19,2.152,0.9450306517563476,1.5397530545727245
9665,0.1,0.35,0.55,0.0,0.25,0.75,2.3145,1.19,2.14,0.9458880350737164,1.5802781268596373
9666,0.1,0.35,0.55,0.0,0.3,0.7,2.3145,1.19,2.128,0.9467516200787334,1.6649008667919842
9680,0.1,0.35,0.55,0.05,0.0,0.95,2.3145,1.19,2.1805,0.9430188344262068,1.5383365827112527
9681,0.1,0.35,0.55,0.05,0.05,0.9,2.3145,1.19,2.1685000000000003,0.9438617537767732,1.5391031736203433
9682,0.1,0.35,0.55,0.05,0.1,0.85,2.3145,1.19,2.1565000000000003,0.944710718268356,1.5391031736203433
9683,0.1,0.35,0.55,0.05,0.15,0.8,2.3145,1.19,2.1445000000000003,0.9455657931656364,1.541624721239391
9684,0.1,0.35,0.55,0.05,0.2,0.75,2.3145,1.19,2.1325000000000003,0.9464270446761704,1.595608604642909
9685,0.1,0.35,0.55,0.05,0.25,0.7,2.3145,1.19,2.1205,0.9472945399674786,1.6465936105196914
9699,0.1,0.35,0.55,0.1,0.0,0.9,2.3145,1.19,2.161,0.9443916440466708,1.5383365827112527
9700,0.1,0.35,0.55,0.1,0.05,0.85,2.3145,1.19,2.149,0.9452444198341284,1.5391031736203433
9701,0.1,0.35,0.55,0.1,0.1,0.8,2.3145,1.19,2.1370000000000005,0.946103347295436,1.5580416143665783
9702,0.1,0.35,0.55,0.1,0.15,0.75,2.3145,1.19,2.125,0.9469684932361018,1.619737550708365
9703,0.1,0.35,0.55,0.1,0.2,0.7,2.3145,1.19,2.113,0.9478399254324672,1.655045567355316
9704,0.1,0.35,0.55,0.1,0.25,0.65,2.3145,1.19,2.101,0.9487177126494076,1.6854563812785224
9717,0.1,0.35,0.55,0.15,0.0,0.85,2.3145,1.19,2.1415,0.9457805243785848,1.5402082493779192
9718,0.1,0.35,0.55,0.15,0.05,0.8,2.3145,1.19,2.1295,0.946643330499478,1.5772668567283303
9719,0.1,0.35,0.55,0.15,0.1,0.75,2.3145,1.19,2.1175,0.9475123973450578,1.634420575800352
9720,0.1,0.35,0.55,0.15,0.15,0.7,2.3145,1.19,2.1055,0.9483877933074008,1.656922799498173
9721,0.1,0.35,0.55,0.15,0.2,0.65,2.3145,1.19,2.0935,0.949269587778377,1.6846638349822263
9722,0.1,0.35,0.55,0.15,0.25,0.6,2.3145,1.19,2.0815,0.9501578511679848,1.6920330551867222
9734,0.1,0.35,0.55,0.2,0.0,0.8,2.3145,1.19,2.1220000000000003,0.947185759279625,1.5925425608988877
9735,0.1,0.35,0.55,0.2,0.05,0.75,2.3145,1.19,2.1100000000000003,0.948058773745418,1.6415251554976151
9736,0.1,0.35,0.55,0.2,0.1,0.7,2.3145,1.19,2.098,0.9489381605795744,1.6562729185457923
9737,0.1,0.35,0.55,0.2,0.15,0.65,2.3145,1.19,2.0860000000000003,0.9498239898081202,1.6856596683155596
9738,0.1,0.35,0.55,0.2,0.2,0.6,2.3145,1.19,2.074,0.950716332486876,1.6902967588904259
9750,0.1,0.35,0.55,0.25,0.0,0.75,2.3145,1.19,2.1025,0.9486076393321125,1.6415251554976151
9751,0.1,0.35,0.55,0.25,0.05,0.7,2.3145,1.19,2.0905,0.9494910443916298,1.6582125018791256
9752,0.1,0.35,0.55,0.25,0.1,0.65,2.3145,1.19,2.0785,0.9503809361335483,1.6850097873631789
9765,0.1,0.35,0.55,0.3,0.0,0.7,2.3145,1.19,2.083,0.9500464620433372,1.6582125018791256
9766,0.1,0.35,0.55,0.3,0.05,0.65,2.3145,1.19,2.071,0.9509404443095996,1.6850097873631789
9870,0.1,0.4,0.5,0.0,0.0,1.0,2.2960000000000003,1.19,2.2,0.937802975874548,1.5383365827112527
9871,0.1,0.4,0.5,0.0,0.05,0.95,2.2960000000000003,1.19,2.188,0.938622500544843,1.5391031736203433
9872,0.1,0.4,0.5,0.0,0.1,0.9,2.2960000000000003,1.19,2.176,0.9394478685282948,1.5391031736203433
9873,0.1,0.4,0.5,0.0,0.15,0.85,2.2960000000000003,1.19,2.164,0.9402791425438288,1.5397530545727245
9874,0.1,0.4,0.5,0.0,0.2,0.8,2.2960000000000003,1.19,2.152,0.94111638621118,1.5397530545727245
9875,0.1,0.4,0.5,0.0,0.25,0.75,2.2960000000000003,1.19,2.14,0.9419596640671244,1.5802781268596373
9876,0.1,0.4,0.5,0.0,0.3,0.7,2.2960000000000003,1.19,2.128,0.9428090415820636,1.6649008667919842
9890,0.1,0.4,0.5,0.05,0.0,0.95,2.2960000000000003,1.19,2.1805,0.9391376668095476,1.5383365827112527
9891,0.1,0.4,0.5,0.05,0.05,0.9,2.2960000000000003,1.19,2.1685000000000003,0.9399667186563472,1.5391031736203433
9892,0.1,0.4,0.5,0.05,0.1,0.85,2.2960000000000003,1.19,2.1565000000000003,0.9408017161909764,1.5391031736203433
9893,0.1,0.4,0.5,0.05,0.15,0.8,2.2960000000000003,1.19,2.1445000000000003,0.9416427236043976,1.541624721239391
9894,0.1,0.4,0.5,0.05,0.2,0.75,2.2960000000000003,1.19,2.1325000000000003,0.942489806014936,1.595608604642909
9895,0.1,0.4,0.5,0.05,0.25,0.7,2.2960000000000003,1.19,2.1205,0.943343029485089,1.6465936105196914
9909,0.1,0.4,0.5,0.1,0.0,0.9,2.2960000000000003,1.19,2.161,0.9404878913006396,1.5383365827112527
9910,0.1,0.4,0.5,0.1,0.05,0.85,2.2960000000000003,1.19,2.149,0.9413266374286324,1.5391031736203433
9911,0.1,0.4,0.5,0.1,0.1,0.8,2.2960000000000003,1.19,2.1370000000000005,0.9421714340246364,1.5580416143665783
9912,0.1,0.4,0.5,0.1,0.15,0.75,2.2960000000000003,1.19,2.125,0.943022346795091,1.619737550708365
9913,0.1,0.4,0.5,0.1,0.2,0.7,2.2960000000000003,1.19,2.113,0.9438794424012984,1.655045567355316
9914,0.1,0.4,0.5,0.1,0.25,0.65,2.2960000000000003,1.19,2.101,0.9447427884768306,1.6854563812785224
9927,0.1,0.4,0.5,0.15,0.0,0.85,2.2960000000000003,1.19,2.1415,0.9418539221117528,1.5402082493779192
9928,0.1,0.4,0.5,0.15,0.05,0.8,2.2960000000000003,1.19,2.1295,0.9427025335565796,1.5772668567283303
9929,0.1,0.4,0.5,0.15,0.1,0.75,2.2960000000000003,1.19,2.1175,0.9435573027261762,1.634420575800352
9930,0.1,0.4,0.5,0.15,0.15,0.7,2.2960000000000003,1.19,2.1055,0.9444182968874492,1.656922799498173
9931,0.1,0.4,0.5,0.15,0.2,0.65,2.2960000000000003,1.19,2.0935,0.9452855842906502,1.6846638349822263
9932,0.1,0.4,0.5,0.15,0.25,0.6,2.2960000000000003,1.19,2.0815,0.94615923418741,1.6920330551867222
9944,0.1,0.4,0.5,0.2,0.0,0.8,2.2960000000000003,1.19,2.1220000000000003,0.943236038430606,1.5925425608988877
9945,0.1,0.4,0.5,0.2,0.05,0.75,2.2960000000000003,1.19,2.1100000000000003,0.9440946902751298,1.6415251554976151
9946,0.1,0.4,0.5,0.2,0.1,0.7,2.2960000000000003,1.19,2.098,0.9449596096513656,1.6562729185457923
9947,0.1,0.4,0.5,0.2,0.15,0.65,2.2960000000000003,1.19,2.0860000000000003,0.945830865433288,1.6856596683155596
9948,0.1,0.4,0.5,0.2,0.2,0.6,2.2960000000000003,1.19,2.074,0.9467085275077244,1.6902967588904259
9960,0.1,0.4,0.5,0.25,0.0,0.75,2.2960000000000003,1.19,2.1025,0.9446345260589308,1.6415251554976151
9961,0.1,0.4,0.5,0.25,0.05,0.7,2.2960000000000003,1.19,2.0905,0.9455033975536627,1.6582125018791256
9962,0.1,0.4,0.5,0.25,0.1,0.65,2.2960000000000003,1.19,2.0785,0.9463786490134778,1.6850097873631789
9975,0.1,0.4,0.5,0.3,0.0,0.7,2.2960000000000003,1.19,2.083,0.9460496776094994,1.6582125018791256
9976,0.1,0.4,0.5,0.3,0.05,0.65,2.2960000000000003,1.19,2.071,0.9469289522973484,1.6850097873631789
10080,0.1,0.45,0.45,0.0,0.0,1.0,2.2775,1.19,2.2,0.933944133558338,1.539178756624296
10081,0.1,0.45,0.45,0.0,0.05,0.95,2.2775,1.19,2.188,0.9347499500854136,1.539945347533387
10082,0.1,0.45,0.45,0.0,0.1,0.9,2.2775,1.19,2.176,0.935561512184875,1.539945347533387
10083,0.1,0.45,0.45,0.0,0.15,0.85,2.2775,1.19,2.164,0.9363788815265504,1.5405952284857676
10084,0.1,0.45,0.45,0.0,0.2,0.8,2.2775,1.19,2.152,0.937202120666012,1.5397530545727245
10085,0.1,0.45,0.45,0.0,0.25,0.75,2.2775,1.19,2.14,0.9380312930605326,1.5802781268596373
10086,0.1,0.45,0.45,0.0,0.3,0.7,2.2775,1.19,2.128,0.9388664630853932,1.6649008667919842
10100,0.1,0.45,0.45,0.05,0.0,0.95,2.2775,1.19,2.1805,0.935256499192888,1.539178756624296
10101,0.1,0.45,0.45,0.05,0.05,0.9,2.2775,1.19,2.1685000000000003,0.9360716835359206,1.539945347533387
10102,0.1,0.45,0.45,0.05,0.1,0.85,2.2775,1.19,2.1565000000000003,0.9368927141135968,1.5391031736203433
10103,0.1,0.45,0.45,0.05,0.15,0.8,2.2775,1.19,2.1445000000000003,0.9377196540431588,1.541624721239391
10104,0.1,0.45,0.45,0.05,0.2,0.75,2.2775,1.19,2.1325000000000003,0.9385525673537018,1.595608604642909
10105,0.1,0.45,0.45,0.05,0.25,0.7,2.2775,1.19,2.1205,0.9393915190026992,1.6465936105196914
10119,0.1,0.45,0.45,0.1,0.0,0.9,2.2775,1.19,2.161,0.9365841385546078,1.5383365827112527
10120,0.1,0.45,0.45,0.1,0.05,0.85,2.2775,1.19,2.149,0.9374088550231364,1.5391031736203433
10121,0.1,0.45,0.45,0.1,0.1,0.8,2.2775,1.19,2.1370000000000005,0.9382395207538364,1.5580416143665783
10122,0.1,0.45,0.45,0.1,0.15,0.75,2.2775,1.19,2.125,0.93907620035408,1.619737550708365
10123,0.1,0.45,0.45,0.1,0.2,0.7,2.2775,1.19,2.113,0.9399189593701291,1.655045567355316
10124,0.1,0.45,0.45,0.1,0.25,0.65,2.2775,1.19,2.101,0.9407678643042534,1.6854563812785224
10137,0.1,0.45,0.45,0.15,0.0,0.85,2.2775,1.19,2.1415,0.9379273198449208,1.5402082493779192
10138,0.1,0.45,0.45,0.15,0.05,0.8,2.2775,1.19,2.1295,0.9387617366136812,1.5772668567283303
10139,0.1,0.45,0.45,0.15,0.1,0.75,2.2775,1.19,2.1175,0.9396022081072942,1.634420575800352
10140,0.1,0.45,0.45,0.15,0.15,0.7,2.2775,1.19,2.1055,0.9404488004674972,1.656922799498173
10141,0.1,0.45,0.45,0.15,0.2,0.65,2.2775,1.19,2.0935,0.9413015808029236,1.6846638349822263
10142,0.1,0.45,0.45,0.15,0.25,0.6,2.2775,1.19,2.0815,0.9421606172068347,1.6920330551867222
10154,0.1,0.45,0.45,0.2,0.0,0.8,2.2775,1.19,2.1220000000000003,0.9392863175815866,1.5925425608988877
10155,0.1,0.45,0.45,0.2,0.05,0.75,2.2775,1.19,2.1100000000000003,0.9401306068048416,1.6415251554976151
10156,0.1,0.45,0.45,0.2,0.1,0.7,2.2775,1.19,2.098,0.9409810587231564,1.6562729185457923
10157,0.1,0.45,0.45,0.2,0.15,0.65,2.2775,1.19,2.0860000000000003,0.9418377410584554,1.6856596683155596
10158,0.1,0.45,0.45,0.2,0.2,0.6,2.2775,1.19,2.074,0.9427007225285728,1.6902967588904259
10170,0.1,0.45,0.45,0.25,0.0,0.75,2.2775,1.19,2.1025,0.9406614127857488,1.6415251554976151
10171,0.1,0.45,0.45,0.25,0.05,0.7,2.2775,1.19,2.0905,0.9415157507156956,1.6582125018791256
10172,0.1,0.45,0.45,0.25,0.1,0.65,2.2775,1.19,2.0785,0.942376361893407,1.6850097873631789
10185,0.1,0.45,0.45,0.3,0.0,0.7,2.2775,1.19,2.083,0.9420528931756614,1.6582125018791256
10186,0.1,0.45,0.45,0.3,0.05,0.65,2.2775,1.19,2.071,0.9429174602850968,1.6850097873631789
10290,0.1,0.5,0.4,0.0,0.0,1.0,2.2590000000000003,1.19,2.2,0.9300852912421284,1.539178756624296
10291,0.1,0.5,0.4,0.0,0.05,0.95,2.2590000000000003,1.19,2.188,0.9308773996259848,1.539945347533387
10292,0.1,0.5,0.4,0.0,0.1,0.9,2.2590000000000003,1.19,2.176,0.9316751558414552,1.539945347533387
10293,0.1,0.5,0.4,0.0,0.15,0.85,2.2590000000000003,1.19,2.164,0.9324786205092724,1.5405952284857676
10294,0.1,0.5,0.4,0.0,0.2,0.8,2.2590000000000003,1.19,2.152,0.933287855120844,1.5405952284857676
10295,0.1,0.5,0.4,0.0,0.25,0.75,2.2590000000000003,1.19,2.14,0.9341029220539409,1.5802781268596373
10296,0.1,0.5,0.4,0.0,0.3,0.7,2.2590000000000003,1.19,2.128,0.9349238845887232,1.6649008667919842
10310,0.1,0.5,0.4,0.05,0.0,0.95,2.2590000000000003,1.19,2.1805,0.9313753315762284,1.539178756624296
10311,0.1,0.5,0.4,0.05,0.05,0.9,2.2590000000000003,1.19,2.1685000000000003,0.9321766484154946,1.539945347533387
10312,0.1,0.5,0.4,0.05,0.1,0.85,2.2590000000000003,1.19,2.1565000000000003,0.9329837120362172,1.539945347533387
10313,0.1,0.5,0.4,0.05,0.15,0.8,2.2590000000000003,1.19,2.1445000000000003,0.93379658448192,1.5424668951524347
10314,0.1,0.5,0.4,0.05,0.2,0.75,2.2590000000000003,1.19,2.1325000000000003,0.9346153286924676,1.595608604642909
10315,0.1,0.5,0.4,0.05,0.25,0.7,2.2590000000000003,1.19,2.1205,0.9354400085203096,1.6465936105196914
10329,0.1,0.5,0.4,0.1,0.0,0.9,2.2590000000000003,1.19,2.161,0.9326803858085764,1.539178756624296
10330,0.1,0.5,0.4,0.1,0.05,0.85,2.2590000000000003,1.19,2.149,0.9334910726176404,1.539945347533387
10331,0.1,0.5,0.4,0.1,0.1,0.8,2.2590000000000003,1.19,2.1370000000000005,0.9343076074830368,1.5588837882796218
10332,0.1,0.5,0.4,0.1,0.15,0.75,2.2590000000000003,1.19,2.125,0.9351300539130692,1.619737550708365
10333,0.1,0.5,0.4,0.1,0.2,0.7,2.2590000000000003,1.19,2.113,0.9359584763389602,1.655045567355316
10334,0.1,0.5,0.4,0.1,0.25,0.65,2.2590000000000003,1.19,2.101,0.9367929401316764,1.6854563812785224
10347,0.1,0.5,0.4,0.15,0.0,0.85,2.2590000000000003,1.19,2.1415,0.9340007175780888,1.5410504232909625
10348,0.1,0.5,0.4,0.15,0.05,0.8,2.2590000000000003,1.19,2.1295,0.934820939670783,1.5781090306413739
10349,0.1,0.5,0.4,0.15,0.1,0.75,2.2590000000000003,1.19,2.1175,0.9356471134884128,1.634420575800352
10350,0.1,0.5,0.4,0.15,0.15,0.7,2.2590000000000003,1.19,2.1055,0.9364793040475456,1.656922799498173
10351,0.1,0.5,0.4,0.15,0.2,0.65,2.2590000000000003,1.19,2.0935,0.9373175773151968,1.6846638349822263
10352,0.1,0.5,0.4,0.15,0.25,0.6,2.2590000000000003,1.19,2.0815,0.93816200022626,1.6920330551867222
10364,0.1,0.5,0.4,0.2,0.0,0.8,2.2590000000000003,1.19,2.1220000000000003,0.9353365967325676,1.5933847348119312
10365,0.1,0.5,0.4,0.2,0.05,0.75,2.2590000000000003,1.19,2.1100000000000003,0.9361665233345534,1.6415251554976151
10366,0.1,0.5,0.4,0.2,0.1,0.7,2.2590000000000003,1.19,2.098,0.9370025077949476,1.6562729185457923
10367,0.1,0.5,0.4,0.2,0.15,0.65,2.2590000000000003,1.19,2.0860000000000003,0.9378446166836232,1.6856596683155596
10368,0.1,0.5,0.4,0.2,0.2,0.6,2.2590000000000003,1.19,2.074,0.9386929175494212,1.6902967588904259
10380,0.1,0.5,0.4,0.25,0.0,0.75,2.2590000000000003,1.19,2.1025,0.936688299512567,1.6415251554976151
10381,0.1,0.5,0.4,0.25,0.05,0.7,2.2590000000000003,1.19,2.0905,0.9375281038777288,1.6582125018791256
10382,0.1,0.5,0.4,0.25,0.1,0.65,2.2590000000000003,1.19,2.0785,0.9383740747733365,1.6850097873631789
10395,0.1,0.5,0.4,0.3,0.0,0.7,2.2590000000000003,1.19,2.083,0.9380561087418238,1.6582125018791256
10396,0.1,0.5,0.4,0.3,0.05,0.65,2.2590000000000003,1.19,2.071,0.938905968272846,1.6850097873631789
10500,0.1,0.55,0.35,0.0,0.0,1.0,2.2405,1.19,2.2,0.9262264489259184,1.539178756624296
10501,0.1,0.55,0.35,0.0,0.05,0.95,2.2405,1.19,2.188,0.9270048491665558,1.539945347533387
10502,0.1,0.55,0.35,0.0,0.1,0.9,2.2405,1.19,2.176,0.9277887994980352,1.539945347533387
10503,0.1,0.55,0.35,0.0,0.15,0.85,2.2405,1.19,2.164,0.9285783594919944,1.5405952284857676
10504,0.1,0.55,0.35,0.0,0.2,0.8,2.2405,1.19,2.152,0.9293735895756762,1.5405952284857676
10505,0.1,0.55,0.35,0.0,0.25,0.75,2.2405,1.19,2.14,0.9301745510473488,1.5802781268596373
10506,0.1,0.55,0.35,0.0,0.3,0.7,2.2405,1.19,2.128,0.9309813060920532,1.6649008667919842
10520,0.1,0.55,0.35,0.05,0.0,0.95,2.2405,1.19,2.1805,0.9274941639595689,1.539178756624296
10521,0.1,0.55,0.35,0.05,0.05,0.9,2.2405,1.19,2.1685000000000003,0.9282816132950686,1.539945347533387
10522,0.1,0.55,0.35,0.05,0.1,0.85,2.2405,1.19,2.1565000000000003,0.9290747099588372,1.539945347533387
10523,0.1,0.55,0.35,0.05,0.15,0.8,2.2405,1.19,2.1445000000000003,0.9298735149206808,1.5424668951524347
10524,0.1,0.55,0.35,0.05,0.2,0.75,2.2405,1.19,2.1325000000000003,0.9306780900312333,1.595608604642909
10525,0.1,0.55,0.35,0.05,0.25,0.7,2.2405,1.19,2.1205,0.93148849803792,1.6465936105196914
10539,0.1,0.55,0.35,0.1,0.0,0.9,2.2405,1.19,2.161,0.9287766330625452,1.539178756624296
10540,0.1,0.55,0.35,0.1,0.05,0.85,2.2405,1.19,2.149,0.9295732902121444,1.539945347533387
10541,0.1,0.55,0.35,0.1,0.1,0.8,2.2405,1.19,2.1370000000000005,0.9303756942122366,1.5588837882796218
10542,0.1,0.55,0.35,0.1,0.15,0.75,2.2405,1.19,2.125,0.931183907472058,1.619737550708365
10543,0.1,0.55,0.35,0.1,0.2,0.7,2.2405,1.19,2.113,0.9319979933077912,1.655045567355316
10544,0.1,0.55,0.35,0.1,0.25,0.65,2.2405,1.19,2.101,0.9328180159590992,1.6854563812785224
10557,0.1,0.55,0.35,0.15,0.0,0.85,2.2405,1.19,2.1415,0.9300741153112564,1.5410504232909625
10558,0.1,0.55,0.35,0.15,0.05,0.8,2.2405,1.19,2.1295,0.9308801427278844,1.5781090306413739
10559,0.1,0.55,0.35,0.15,0.1,0.75,2.2405,1.19,2.1175,0.9316920188695312,1.634420575800352
10560,0.1,0.55,0.35,0.15,0.15,0.7,2.2405,1.19,2.1055,0.9325098076275938,1.656922799498173
10561,0.1,0.55,0.35,0.15,0.2,0.65,2.2405,1.19,2.0935,0.9333335738274696,1.6846638349822263
10562,0.1,0.55,0.35,0.15,0.25,0.6,2.2405,1.19,2.0815,0.9341633832456848,1.6920330551867222
10574,0.1,0.55,0.35,0.2,0.0,0.8,2.2405,1.19,2.1220000000000003,0.9313868758835488,1.5933847348119312
10575,0.1,0.55,0.35,0.2,0.05,0.75,2.2405,1.19,2.1100000000000003,0.932202439864265,1.6415251554976151
10576,0.1,0.55,0.35,0.2,0.1,0.7,2.2405,1.19,2.098,0.9330239568667384,1.6562729185457923
10577,0.1,0.55,0.35,0.2,0.15,0.65,2.2405,1.19,2.0860000000000003,0.9338514923087904,1.6856596683155596
10578,0.1,0.55,0.35,0.2,0.2,0.6,2.2405,1.19,2.074,0.9346851125702694,1.6902967588904259
10590,0.1,0.55,0.35,0.25,0.0,0.75,2.2405,1.19,2.1025,0.9327151862393852,1.6415251554976151
10591,0.1,0.55,0.35,0.25,0.05,0.7,2.2405,1.19,2.0905,0.9335404570397612,1.6582125018791256
10592,0.1,0.55,0.35,0.25,0.1,0.65,2.2405,1.19,2.0785,0.9343717876532656,1.6850097873631789
10605,0.1,0.55,0.35,0.3,0.0,0.7,2.2405,1.19,2.083,0.934059324307986,1.6582125018791256
10606,0.1,0.55,0.35,0.3,0.05,0.65,2.2405,1.19,2.071,0.9348944762605949,1.6850097873631789
10710,0.1,0.6,0.3,0.0,0.0,1.0,2.222,1.19,2.2,0.922367606609709,1.539178756624296
10711,0.1,0.6,0.3,0.0,0.05,0.95,2.222,1.19,2.188,0.923132298707127,1.539945347533387
10712,0.1,0.6,0.3,0.0,0.1,0.9,2.222,1.19,2.176,0.9239024431546154,1.539945347533387
10713,0.1,0.6,0.3,0.0,0.15,0.85,2.222,1.19,2.164,0.924678098474716,1.5405952284857676
10714,0.1,0.6,0.3,0.0,0.2,0.8,2.222,1.19,2.152,0.9254593240305083,1.5405952284857676
10715,0.1,0.6,0.3,0.0,0.25,0.75,2.222,1.19,2.14,0.9262461800407568,1.5802781268596373
10716,0.1,0.6,0.3,0.0,0.3,0.7,2.222,1.19,2.128,0.9270387275953832,1.6649008667919842
10730,0.1,0.6,0.3,0.05,0.0,0.95,2.222,1.19,2.1805,0.9236129963429092,1.539178756624296
10731,0.1,0.6,0.3,0.05,0.05,0.9,2.222,1.19,2.1685000000000003,0.9243865781746424,1.539945347533387
10732,0.1,0.6,0.3,0.05,0.1,0.85,2.222,1.19,2.1565000000000003,0.9251657078814576,1.539945347533387
10733,0.1,0.6,0.3,0.05,0.15,0.8,2.222,1.19,2.1445000000000003,0.925950445359442,1.5424668951524347
10734,0.1,0.6,0.3,0.05,0.2,0.75,2.222,1.19,2.1325000000000003,0.9267408513699986,1.595608604642909
10735,0.1,0.6,0.3,0.05,0.25,0.7,2.222,1.19,2.1205,0.92753698755553,1.6465936105196914
10749,0.1,0.6,0.3,0.1,0.0,0.9,2.222,1.19,2.161,0.9248728803165138,1.539178756624296
10750,0.1,0.6,0.3,0.1,0.05,0.85,2.222,1.19,2.149,0.9256555078066484,1.539945347533387
10751,0.1,0.6,0.3,0.1,0.1,0.8,2.222,1.19,2.1370000000000005,0.9264437809414368,1.5588837882796218
10752,0.1,0.6,0.3,0.1,0.15,0.75,2.222,1.19,2.125,0.9272377610310472,1.619737550708365
10753,0.1,0.6,0.3,0.1,0.2,0.7,2.222,1.19,2.113,0.9280375102766222,1.655045567355316
10754,0.1,0.6,0.3,0.1,0.25,0.65,2.222,1.19,2.101,0.9288430917865224,1.6854563812785224
10767,0.1,0.6,0.3,0.15,0.0,0.85,2.222,1.19,2.1415,0.9261475130444244,1.5410504232909625
10768,0.1,0.6,0.3,0.15,0.05,0.8,2.222,1.19,2.1295,0.926939345784986,1.5781090306413739
10769,0.1,0.6,0.3,0.15,0.1,0.75,2.222,1.19,2.1175,0.9277369242506494,1.634420575800352
10770,0.1,0.6,0.3,0.15,0.15,0.7,2.222,1.19,2.1055,0.928540311207642,1.656922799498173
10771,0.1,0.6,0.3,0.15,0.2,0.65,2.222,1.19,2.0935,0.9293495703397427,1.6846638349822263
10772,0.1,0.6,0.3,0.15,0.25,0.6,2.222,1.19,2.0815,0.93016476626511,1.6920330551867222
10784,0.1,0.6,0.3,0.2,0.0,0.8,2.222,1.19,2.1220000000000003,0.9274371550345296,1.5933847348119312
10785,0.1,0.6,0.3,0.2,0.05,0.75,2.222,1.19,2.1100000000000003,0.9282383563939768,1.6415251554976151
10786,0.1,0.6,0.3,0.2,0.1,0.7,2.222,1.19,2.098,0.9290454059385296,1.6562729185457923
10787,0.1,0.6,0.3,0.2,0.15,0.65,2.222,1.19,2.0860000000000003,0.929858367933958,1.6856596683155596
10788,0.1,0.6,0.3,0.2,0.2,0.6,2.222,1.19,2.074,0.9306773075911176,1.6902967588904259
10800,0.1,0.6,0.3,0.25,0.0,0.75,2.222,1.19,2.1025,0.9287420729662036,1.6415251554976151
10801,0.1,0.6,0.3,0.25,0.05,0.7,2.222,1.19,2.0905,0.9295528102017944,1.6582125018791256
10802,0.1,0.6,0.3,0.25,0.1,0.65,2.222,1.19,2.0785,0.9303695005331948,1.6850097873631789
10815,0.1,0.6,0.3,0.3,0.0,0.7,2.222,1.19,2.083,0.930062539874148,1.6582125018791256
10816,0.1,0.6,0.3,0.3,0.05,0.65,2.222,1.19,2.071,0.9308829842483436,1.6850097873631789
10920,0.1,0.65,0.25,0.0,0.0,1.0,2.2035,1.19,2.2,0.9185087642934991,1.540122616273419
10921,0.1,0.65,0.25,0.0,0.05,0.95,2.2035,1.19,2.188,0.9192597482476978,1.54088920718251
10922,0.1,0.65,0.25,0.0,0.1,0.9,2.2035,1.19,2.176,0.9200160868111956,1.539945347533387
10923,0.1,0.65,0.25,0.0,0.15,0.85,2.2035,1.19,2.164,0.9207778374574376,1.5405952284857676
10924,0.1,0.65,0.25,0.0,0.2,0.8,2.2035,1.19,2.152,0.9215450584853404,1.5405952284857676
10925,0.1,0.65,0.25,0.0,0.25,0.75,2.2035,1.19,2.14,0.9223178090341648,1.5802781268596373
10926,0.1,0.65,0.25,0.0,0.3,0.7,2.2035,1.19,2.128,0.9230961490987132,1.6649008667919842
10940,0.1,0.65,0.25,0.05,0.0,0.95,2.2035,1.19,2.1805,0.9197318287262496,1.539178756624296
10941,0.1,0.65,0.25,0.05,0.05,0.9,2.2035,1.19,2.1685000000000003,0.9204915430542164,1.539945347533387
10942,0.1,0.65,0.25,0.05,0.1,0.85,2.2035,1.19,2.1565000000000003,0.921256705804078,1.539945347533387
10943,0.1,0.65,0.25,0.05,0.15,0.8,2.2035,1.19,2.1445000000000003,0.9220273757982032,1.5424668951524347
10944,0.1,0.65,0.25,0.05,0.2,0.75,2.2035,1.19,2.1325000000000003,0.9228036127087644,1.595608604642909
10945,0.1,0.65,0.25,0.05,0.25,0.7,2.2035,1.19,2.1205,0.9235854770731404,1.6465936105196914
10959,0.1,0.65,0.25,0.1,0.0,0.9,2.2035,1.19,2.161,0.9209691275704822,1.539178756624296
10960,0.1,0.65,0.25,0.1,0.05,0.85,2.2035,1.19,2.149,0.9217377254011524,1.539945347533387
10961,0.1,0.65,0.25,0.1,0.1,0.8,2.2035,1.19,2.1370000000000005,0.922511867670637,1.5588837882796218
10962,0.1,0.65,0.25,0.1,0.15,0.75,2.2035,1.19,2.125,0.9232916145900364,1.619737550708365
10963,0.1,0.65,0.25,0.1,0.2,0.7,2.2035,1.19,2.113,0.9240770272454532,1.655045567355316
10964,0.1,0.65,0.25,0.1,0.25,0.65,2.2035,1.19,2.101,0.9248681676139452,1.6854563812785224
10977,0.1,0.65,0.25,0.15,0.0,0.85,2.2035,1.19,2.1415,0.9222209107775924,1.5410504232909625
10978,0.1,0.65,0.25,0.15,0.05,0.8,2.2035,1.19,2.1295,0.9229985488420878,1.5781090306413739
10979,0.1,0.65,0.25,0.15,0.1,0.75,2.2035,1.19,2.1175,0.9237818296317676,1.634420575800352
10980,0.1,0.65,0.25,0.15,0.15,0.7,2.2035,1.19,2.1055,0.9245708147876902,1.656922799498173
10981,0.1,0.65,0.25,0.15,0.2,0.65,2.2035,1.19,2.0935,0.925365566852016,1.6846638349822263
10982,0.1,0.65,0.25,0.15,0.25,0.6,2.2035,1.19,2.0815,0.926166149284535,1.6920330551867222
10994,0.1,0.65,0.25,0.2,0.0,0.8,2.2035,1.19,2.1220000000000003,0.9234874341855104,1.5933847348119312
10995,0.1,0.65,0.25,0.2,0.05,0.75,2.2035,1.19,2.1100000000000003,0.9242742729236888,1.6415251554976151
10996,0.1,0.65,0.25,0.2,0.1,0.7,2.2035,1.19,2.098,0.9250668550103206,1.6562729185457923
10997,0.1,0.65,0.25,0.2,0.15,0.65,2.2035,1.19,2.0860000000000003,0.9258652435591256,1.6856596683155596
10998,0.1,0.65,0.25,0.2,0.2,0.6,2.2035,1.19,2.074,0.926669502611966,1.6902967588904259
11010,0.1,0.65,0.25,0.25,0.0,0.75,2.2035,1.19,2.1025,0.9247689596930216,1.6415251554976151
11011,0.1,0.65,0.25,0.25,0.05,0.7,2.2035,1.19,2.0905,0.9255651633638272,1.6582125018791256
11012,0.1,0.65,0.25,0.25,0.1,0.65,2.2035,1.19,2.0785,0.926367213413124,1.6850097873631789
11025,0.1,0.65,0.25,0.3,0.0,0.7,2.2035,1.19,2.083,0.9260657554403104,1.6582125018791256
11026,0.1,0.65,0.25,0.3,0.05,0.65,2.2035,1.19,2.071,0.9268714922360924,1.6850097873631789
11130,0.1,0.7,0.2,0.0,0.0,1.0,2.185,1.19,2.2,0.9146499219772892,1.552097841152298
11131,0.1,0.7,0.2,0.0,0.05,0.95,2.185,1.19,2.188,0.9153871977882688,1.552864432061389
11132,0.1,0.7,0.2,0.0,0.1,0.9,2.185,1.19,2.176,0.916129730467776,1.552864432061389
11133,0.1,0.7,0.2,0.0,0.15,0.85,2.185,1.19,2.164,0.9168775764401595,1.55351431301377
11134,0.1,0.7,0.2,0.0,0.2,0.8,2.185,1.19,2.152,0.9176307929401724,1.5525739190743761
11135,0.1,0.7,0.2,0.0,0.25,0.75,2.185,1.19,2.14,0.9183894380275728,1.5853659822306851
11136,0.1,0.7,0.2,0.0,0.3,0.7,2.185,1.19,2.128,0.9191535706020432,1.6659785334586508
11150,0.1,0.7,0.2,0.05,0.0,0.95,2.185,1.19,2.1805,0.91585066110959,1.552097841152298
11151,0.1,0.7,0.2,0.05,0.05,0.9,2.185,1.19,2.1685000000000003,0.9165965079337902,1.552864432061389
11152,0.1,0.7,0.2,0.05,0.1,0.85,2.185,1.19,2.1565000000000003,0.9173477037266984,1.552864432061389
11153,0.1,0.7,0.2,0.05,0.15,0.8,2.185,1.19,2.1445000000000003,0.9181043062369644,1.549538486787219
11154,0.1,0.7,0.2,0.05,0.2,0.75,2.185,1.19,2.1325000000000003,0.9188663740475302,1.5997526003648341
11155,0.1,0.7,0.2,0.05,0.25,0.7,2.185,1.19,2.1205,0.9196339665907508,1.6497846729082832
11169,0.1,0.7,0.2,0.1,0.0,0.9,2.185,1.19,2.161,0.917065374824451,1.552097841152298
11170,0.1,0.7,0.2,0.1,0.05,0.85,2.185,1.19,2.149,0.9178199429956564,1.551924038121995
11171,0.1,0.7,0.2,0.1,0.1,0.8,2.185,1.19,2.1370000000000005,0.9185799543998372,1.5650115202652832
11172,0.1,0.7,0.2,0.1,0.15,0.75,2.185,1.19,2.125,0.9193454681490256,1.62388154643029
11173,0.1,0.7,0.2,0.1,0.2,0.7,2.185,1.19,2.113,0.9201165442142843,1.657158963077241
11174,0.1,0.7,0.2,0.1,0.25,0.65,2.185,1.19,2.101,0.920893243441368,1.6875697770004476
11187,0.1,0.7,0.2,0.15,0.0,0.85,2.185,1.19,2.1415,0.9182943085107604,1.548122014925747
11188,0.1,0.7,0.2,0.15,0.05,0.8,2.185,1.19,2.1295,0.9190577518991896,1.5842367626270353
11189,0.1,0.7,0.2,0.15,0.1,0.75,2.185,1.19,2.1175,0.919826735012886,1.6374869048556104
11190,0.1,0.7,0.2,0.15,0.15,0.7,2.185,1.19,2.1055,0.9206013183677384,1.6590361952200983
11191,0.1,0.7,0.2,0.15,0.2,0.65,2.185,1.19,2.0935,0.9213815633642892,1.6867772307041513
11192,0.1,0.7,0.2,0.15,0.25,0.6,2.185,1.19,2.0815,0.92216753230396,1.6941464509086472
11204,0.1,0.7,0.2,0.2,0.0,0.8,2.185,1.19,2.1220000000000003,0.9195377133364916,1.5995124667975926
11205,0.1,0.7,0.2,0.2,0.05,0.75,2.185,1.19,2.1100000000000003,0.9203101894534004,1.6445914845528735
11206,0.1,0.7,0.2,0.2,0.1,0.7,2.185,1.19,2.098,0.9210883040821116,1.6583863142677173
11207,0.1,0.7,0.2,0.2,0.15,0.65,2.185,1.19,2.0860000000000003,0.9218721191842932,1.6877730640374846
11208,0.1,0.7,0.2,0.2,0.2,0.6,2.185,1.19,2.074,0.9226616976328144,1.692410154612351
11220,0.1,0.7,0.2,0.25,0.0,0.75,2.185,1.19,2.1025,0.9207958464198396,1.6445914845528735
11221,0.1,0.7,0.2,0.25,0.05,0.7,2.185,1.19,2.0905,0.92157751652586,1.6603258976010509
11222,0.1,0.7,0.2,0.25,0.1,0.65,2.185,1.19,2.0785,0.9223649262930536,1.687123183085104
11235,0.1,0.7,0.2,0.3,0.0,0.7,2.185,1.19,2.083,0.9220689710064728,1.6603258976010509
11236,0.1,0.7,0.2,0.3,0.05,0.65,2.185,1.19,2.071,0.9228600002238412,1.687123183085104
11340,0.1,0.75,0.15,0.0,0.0,1.0,2.1665,1.19,2.2,0.9107910796610796,1.5709970207663375
11341,0.1,0.75,0.15,0.0,0.05,0.95,2.1665,1.19,2.188,0.9115146473288398,1.5717636116754283
11342,0.1,0.75,0.15,0.0,0.1,0.9,2.1665,1.19,2.176,0.912243374124356,1.5717636116754283
11343,0.1,0.75,0.15,0.0,0.15,0.85,2.1665,1.19,2.164,0.9129773154228814,1.5724134926278095
11344,0.1,0.75,0.15,0.0,0.2,0.8,2.1665,1.19,2.152,0.9137165273950044,1.5716020732729705
11345,0.1,0.75,0.15,0.0,0.25,0.75,2.1665,1.19,2.14,0.914461067020981,1.5983290176554705
11346,0.1,0.75,0.15,0.0,0.3,0.7,2.1665,1.19,2.128,0.9152109921053732,1.6713965251722511
11360,0.1,0.75,0.15,0.05,0.0,0.95,2.1665,1.19,2.1805,0.9119694934929304,1.5709970207663375
11361,0.1,0.75,0.15,0.05,0.05,0.9,2.1665,1.19,2.1685000000000003,0.9127014728133642,1.5717636116754283
11362,0.1,0.75,0.15,0.05,0.1,0.85,2.1665,1.19,2.1565000000000003,0.9134387016493186,1.5709521923205898
11363,0.1,0.75,0.15,0.05,0.15,0.8,2.1665,1.19,2.1445000000000003,0.9141812366757252,1.572235168511066
11364,0.1,0.75,0.15,0.05,0.2,0.75,2.1665,1.19,2.1325000000000003,0.9149291353862956,1.6127156357896195
11365,0.1,0.75,0.15,0.05,0.25,0.7,2.1665,1.19,2.1205,0.915682456108361,1.6580066238494189
11379,0.1,0.75,0.15,0.1,0.0,0.9,2.1665,1.19,2.161,0.9131616220784198,1.5709970207663375
11380,0.1,0.75,0.15,0.1,0.05,0.85,2.1665,1.19,2.149,0.9139021605901604,1.5709521923205898
11381,0.1,0.75,0.15,0.1,0.1,0.8,2.1665,1.19,2.1370000000000005,0.9146480411290372,1.5797243973952046
11382,0.1,0.75,0.15,0.1,0.15,0.75,2.1665,1.19,2.125,0.9153993217080146,1.6340135184031714
11383,0.1,0.75,0.15,0.1,0.2,0.7,2.1665,1.19,2.113,0.9161560611831154,1.6645101065649606
11384,0.1,0.75,0.15,0.1,0.25,0.65,2.1665,1.19,2.101,0.9169183192687912,1.6939805265487733
11397,0.1,0.75,0.15,0.15,0.0,0.85,2.1665,1.19,2.1415,0.914367706243928,1.5628348920556687
11398,0.1,0.75,0.15,0.15,0.05,0.8,2.1665,1.19,2.1295,0.9151169549562912,1.596118576305053
11399,0.1,0.75,0.15,0.15,0.1,0.75,2.1665,1.19,2.1175,0.9158716403940044,1.6458163233433296
11400,0.1,0.75,0.15,0.15,0.15,0.7,2.1665,1.19,2.1055,0.9166318219477868,1.6663873387078179
11401,0.1,0.75,0.15,0.15,0.2,0.65,2.1665,1.19,2.0935,0.9173975598765622,1.693187980252477
11402,0.1,0.75,0.15,0.15,0.25,0.6,2.1665,1.19,2.0815,0.9181689153233848,1.699547594396367
11414,0.1,0.75,0.15,0.2,0.0,0.8,2.1665,1.19,2.1220000000000003,0.9155879924874726,1.6104625344438643
11415,0.1,0.75,0.15,0.2,0.05,0.75,2.1665,1.19,2.1100000000000003,0.9163461059831124,1.6529209030405931
11416,0.1,0.75,0.15,0.2,0.1,0.7,2.1665,1.19,2.098,0.9171097531539026,1.665737457755437
11417,0.1,0.75,0.15,0.2,0.15,0.65,2.1665,1.19,2.0860000000000003,0.9178789948094608,1.6941838135858103
11418,0.1,0.75,0.15,0.2,0.2,0.6,2.1665,1.19,2.074,0.9186538926536626,1.6978112981000706
11430,0.1,0.75,0.15,0.25,0.0,0.75,2.1665,1.19,2.1025,0.916822733146658,1.6529209030405931
11431,0.1,0.75,0.15,0.25,0.05,0.7,2.1665,1.19,2.0905,0.9175898696878928,1.6667366471493765
11432,0.1,0.75,0.15,0.25,0.1,0.65,2.1665,1.19,2.0785,0.9183626391729828,1.6925243265728234
11445,0.1,0.75,0.15,0.3,0.0,0.7,2.1665,1.19,2.083,0.9180721865726348,1.6667366471493765
11446,0.1,0.75,0.15,0.3,0.05,0.65,2.1665,1.19,2.071,0.91884850821159,1.6925243265728234
11550,0.1,0.8,0.1,0.0,0.0,1.0,2.148,1.19,2.2,0.90693223734487,1.5733006204473583
11551,0.1,0.8,0.1,0.0,0.05,0.95,2.148,1.19,2.188,0.907642096869411,1.5740672113564491
11552,0.1,0.8,0.1,0.0,0.1,0.9,2.148,1.19,2.176,0.908357017780936,1.5740672113564491
11553,0.1,0.8,0.1,0.0,0.15,0.85,2.148,1.19,2.164,0.9090770544056032,1.5747170923088298
11554,0.1,0.8,0.1,0.0,0.2,0.8,2.148,1.19,2.152,0.9098022618498368,1.5747170923088298
11555,0.1,0.8,0.1,0.0,0.25,0.75,2.148,1.19,2.14,0.9105326960143892,1.6054974033976084
11556,0.1,0.8,0.1,0.0,0.3,0.7,2.148,1.19,2.128,0.911268413608703,1.6742629289155664
11570,0.1,0.8,0.1,0.05,0.0,0.95,2.148,1.19,2.1805,0.9080883258762708,1.5733006204473583
11571,0.1,0.8,0.1,0.05,0.05,0.9,2.148,1.19,2.1685000000000003,0.908806437692938,1.5740672113564491
11572,0.1,0.8,0.1,0.05,0.1,0.85,2.148,1.19,2.1565000000000003,0.9095296995719392,1.5740672113564491
11573,0.1,0.8,0.1,0.05,0.15,0.8,2.148,1.19,2.1445000000000003,0.9102581671144864,1.5753501875469254
11574,0.1,0.8,0.1,0.05,0.2,0.75,2.148,1.19,2.1325000000000003,0.9109918967250612,1.6200278178280538
11575,0.1,0.8,0.1,0.05,0.25,0.7,2.148,1.19,2.1205,0.9117309456259712,1.6616424147981215
11589,0.1,0.8,0.1,0.1,0.0,0.9,2.148,1.19,2.161,0.9092578693323884,1.5733006204473583
11590,0.1,0.8,0.1,0.1,0.05,0.85,2.148,1.19,2.149,0.9099843781846646,1.5740672113564491
11591,0.1,0.8,0.1,0.1,0.1,0.8,2.148,1.19,2.1370000000000005,0.9107161278582374,1.5897898876916565
11592,0.1,0.8,0.1,0.1,0.15,0.75,2.148,1.19,2.125,0.9114531752670038,1.639599281086767
11593,0.1,0.8,0.1,0.1,0.2,0.7,2.148,1.19,2.113,0.9121955781519464,1.669323027143293
11594,0.1,0.8,0.1,0.1,0.25,0.65,2.148,1.19,2.101,0.912943395096214,1.6963790902247486
11607,0.1,0.8,0.1,0.15,0.0,0.85,2.148,1.19,2.1415,0.910441103977096,1.5739337156854534
11608,0.1,0.8,0.1,0.15,0.05,0.8,2.148,1.19,2.1295,0.9111761580133924,1.6053726472466658
11609,0.1,0.8,0.1,0.15,0.1,0.75,2.148,1.19,2.1175,0.9119165457751228,1.6514020860269252
11610,0.1,0.8,0.1,0.15,0.15,0.7,2.148,1.19,2.1055,0.912662325527835,1.6712002592861501
11611,0.1,0.8,0.1,0.15,0.2,0.65,2.148,1.19,2.0935,0.9134135563888356,1.696763673558082
11624,0.1,0.8,0.1,0.2,0.0,0.8,2.148,1.19,2.1220000000000003,0.9116382716384532,1.6188016053854772
11625,0.1,0.8,0.1,0.2,0.05,0.75,2.148,1.19,2.1100000000000003,0.912382022512824,1.6585066657241887
11626,0.1,0.8,0.1,0.2,0.1,0.7,2.148,1.19,2.098,0.9131312022256938,1.670550378333769
11627,0.1,0.8,0.1,0.2,0.15,0.65,2.148,1.19,2.0860000000000003,0.9138858704346282,1.6977595068914153
11628,0.1,0.8,0.1,0.2,0.2,0.6,2.148,1.19,2.074,0.9146460876745108,1.699436661736434
11640,0.1,0.8,0.1,0.25,0.0,0.75,2.148,1.19,2.1025,0.9128496198734762,1.6585066657241887
11641,0.1,0.8,0.1,0.25,0.05,0.7,2.148,1.19,2.0905,0.913602222849926,1.6724899616671025
11642,0.1,0.8,0.1,0.25,0.1,0.65,2.148,1.19,2.0785,0.914360352052912,1.694149690209187
11655,0.1,0.8,0.1,0.3,0.0,0.7,2.148,1.19,2.083,0.9140754021387968,1.6724899616671025
11656,0.1,0.8,0.1,0.3,0.05,0.65,2.148,1.19,2.071,0.9148370161993388,1.694149690209187
11760,0.1,0.85,0.05,0.0,0.0,1.0,2.1295,1.19,2.2,0.90307339502866,1.5863289587553595
11761,0.1,0.85,0.05,0.0,0.05,0.95,2.1295,1.19,2.188,0.903769546409982,1.5870955496644503
11762,0.1,0.85,0.05,0.0,0.1,0.9,2.1295,1.19,2.176,0.9044706614375164,1.5856798064212072
11763,0.1,0.85,0.05,0.0,0.15,0.85,2.1295,1.19,2.164,0.9051767933883248,1.586329687373588
11764,0.1,0.85,0.05,0.0,0.2,0.8,2.1295,1.19,2.152,0.9058879963046688,1.586329687373588
11765,0.1,0.85,0.05,0.0,0.25,0.75,2.1295,1.19,2.14,0.9066043250077972,1.615293430139385
11766,0.1,0.85,0.05,0.0,0.3,0.7,2.1295,1.19,2.128,0.9073258351120332,1.6763625955822332
11780,0.1,0.85,0.05,0.05,0.0,0.95,2.1295,1.19,2.1805,0.9042071582596112,1.5863289587553595
11781,0.1,0.85,0.05,0.05,0.05,0.9,2.1295,1.19,2.1685000000000003,0.9049114025725118,1.5856798064212072
11782,0.1,0.85,0.05,0.05,0.1,0.85,2.1295,1.19,2.1565000000000003,0.9056206974945592,1.5856798064212072
11783,0.1,0.85,0.05,0.05,0.15,0.8,2.1295,1.19,2.1445000000000003,0.9063350975532476,1.5869627826116834
11784,0.1,0.85,0.05,0.05,0.2,0.75,2.1295,1.19,2.1325000000000003,0.9070546580638272,1.6280057647330006
11785,0.1,0.85,0.05,0.05,0.25,0.7,2.1295,1.19,2.1205,0.9077794351435816,1.6663672438579504
11799,0.1,0.85,0.05,0.1,0.0,0.9,2.1295,1.19,2.161,0.9053541165863568,1.5849132155121162
11800,0.1,0.85,0.05,0.1,0.05,0.85,2.1295,1.19,2.149,0.9060665957791684,1.5856798064212072
11801,0.1,0.85,0.05,0.1,0.1,0.8,2.1295,1.19,2.1370000000000005,0.9067842145874376,1.599584402919585
11802,0.1,0.85,0.05,0.1,0.15,0.75,2.1295,1.19,2.125,0.9075070288259928,1.6455159990354846
11803,0.1,0.85,0.05,0.1,0.2,0.7,2.1295,1.19,2.113,0.9082350951207774,1.674047856203122
11817,0.1,0.85,0.05,0.15,0.0,0.85,2.1295,1.19,2.1415,0.906514501710264,1.5855463107502115
11818,0.1,0.85,0.05,0.15,0.05,0.8,2.1295,1.19,2.1295,0.9072353610704944,1.6140132735857051
11819,0.1,0.85,0.05,0.15,0.1,0.75,2.1295,1.19,2.1175,0.9079614511562408,1.6561269150867544
11820,0.1,0.85,0.05,0.15,0.15,0.7,2.1295,1.19,2.1055,0.9086928291078832,1.675925088345979
11834,0.1,0.85,0.05,0.2,0.0,0.8,2.1295,1.19,2.1220000000000003,0.9076885507894342,1.6253430027682876
11835,0.1,0.85,0.05,0.2,0.05,0.75,2.1295,1.19,2.1100000000000003,0.908417939042536,1.6632314947840174
11836,0.1,0.85,0.05,0.2,0.1,0.7,2.1295,1.19,2.098,0.9091526512974846,1.675275207393598
11850,0.1,0.85,0.05,0.25,0.0,0.75,2.1295,1.19,2.1025,0.9088765066002944,1.6632314947840174
11851,0.1,0.85,0.05,0.25,0.05,0.7,2.1295,1.19,2.0905,0.9096145760119588,1.6772147907269315
11865,0.1,0.85,0.05,0.3,0.0,0.7,2.1295,1.19,2.083,0.9100786177049592,1.6772147907269315
11970,0.15,0.0,0.85,0.0,0.0,1.0,2.401,1.19,2.2,0.9597045133449276,1.5383365827112527
11971,0.15,0.0,0.85,0.0,0.05,0.95,2.401,1.19,2.188,0.9606018409902504,1.5391031736203433
11972,0.15,0.0,0.85,0.0,0.1,0.9,2.401,1.19,2.176,0.9615055666936506,1.5391031736203433
11973,0.15,0.0,0.85,0.0,0.15,0.85,2.401,1.19,2.164,0.9624157591283808,1.5397530545727245
11974,0.15,0.0,0.85,0.0,0.2,0.8,2.401,1.19,2.152,0.9633324879540248,1.5397530545727245
11975,0.15,0.0,0.85,0.0,0.25,0.75,2.401,1.19,2.14,0.964255823834268,1.5802781268596373
11976,0.15,0.0,0.85,0.0,0.3,0.7,2.401,1.19,2.128,0.9651858384550552,1.6649008667919842
11990,0.15,0.0,0.85,0.05,0.0,0.95,2.401,1.19,2.1805,0.9611659154446424,1.5383365827112527
11991,0.15,0.0,0.85,0.05,0.05,0.9,2.401,1.19,2.1685000000000003,0.9620736747452516,1.5391031736203433
11992,0.15,0.0,0.85,0.05,0.1,0.85,2.401,1.19,2.1565000000000003,0.962987944197726,1.5391031736203433
11993,0.15,0.0,0.85,0.05,0.15,0.8,2.401,1.19,2.1445000000000003,0.963908794087105,1.541624721239391
11994,0.15,0.0,0.85,0.05,0.2,0.75,2.401,1.19,2.1325000000000003,0.9648362957138338,1.595608604642909
11995,0.15,0.0,0.85,0.05,0.25,0.7,2.401,1.19,2.1205,0.9657705214121656,1.6465936105196914
12009,0.15,0.0,0.85,0.1,0.0,0.9,2.401,1.19,2.161,0.9626443258051416,1.5383365827112527
12010,0.15,0.0,0.85,0.1,0.05,0.85,2.401,1.19,2.149,0.9635626997300962,1.5391031736203433
12011,0.15,0.0,0.85,0.1,0.1,0.8,2.401,1.19,2.1370000000000005,0.9644876985345814,1.5580416143665783
12012,0.15,0.0,0.85,0.1,0.15,0.75,2.401,1.19,2.125,0.9654193941629906,1.619737550708365
12013,0.15,0.0,0.85,0.1,0.2,0.7,2.401,1.19,2.113,0.96635785960523,1.655045567355316
12014,0.15,0.0,0.85,0.1,0.25,0.65,2.401,1.19,2.101,0.9673031689157814,1.6854563812785224
12027,0.15,0.0,0.85,0.15,0.0,0.85,2.401,1.19,2.1415,0.9641400430856648,1.5402082493779192
12028,0.15,0.0,0.85,0.15,0.05,0.8,2.401,1.19,2.1295,0.9650692189081648,1.5772668567283303
12029,0.15,0.0,0.85,0.15,0.1,0.75,2.401,1.19,2.1175,0.9660051370495584,1.634420575800352
12030,0.15,0.0,0.85,0.15,0.15,0.7,2.401,1.19,2.1055,0.9669478711628512,1.656922799498173
12031,0.15,0.0,0.85,0.15,0.2,0.65,2.401,1.19,2.0935,0.9678974959777488,1.6846638349822263
12032,0.15,0.0,0.85,0.15,0.25,0.6,2.401,1.19,2.0815,0.9688540873204032,1.6920330551867222
12044,0.15,0.0,0.85,0.2,0.0,0.8,2.401,1.19,2.1220000000000003,0.9656533729790924,1.5925425608988877
12045,0.15,0.0,0.85,0.2,0.05,0.75,2.401,1.19,2.1100000000000003,0.9665935424037926,1.6415251554976151
12046,0.15,0.0,0.85,0.2,0.1,0.7,2.401,1.19,2.098,0.967540574379038,1.6562729185457923
12047,0.15,0.0,0.85,0.2,0.15,0.65,2.401,1.19,2.0860000000000003,0.968494544317472,1.6856596683155596
12048,0.15,0.0,0.85,0.2,0.2,0.6,2.401,1.19,2.074,0.9694555287407476,1.6902967588904259
12060,0.15,0.0,0.85,0.25,0.0,0.75,2.401,1.19,2.1025,0.9671846284202328,1.6415251554976151
12061,0.15,0.0,0.85,0.25,0.05,0.7,2.401,1.19,2.0905,0.9681359877150978,1.6582125018791256
12062,0.15,0.0,0.85,0.25,0.1,0.65,2.401,1.19,2.0785,0.9690943326679332,1.6850097873631789
12075,0.15,0.0,0.85,0.3,0.0,0.7,2.401,1.19,2.083,0.9687341298015518,1.6582125018791256
12076,0.15,0.0,0.85,0.3,0.05,0.65,2.401,1.19,2.071,0.9696968799344494,1.6850097873631789
12180,0.15,0.05,0.8,0.0,0.0,1.0,2.3825000000000003,1.19,2.2,0.955845671028718,1.5383365827112527
12181,0.15,0.05,0.8,0.0,0.05,0.95,2.3825000000000003,1.19,2.188,0.9567292905308216,1.5391031736203433
12182,0.15,0.05,0.8,0.0,0.1,0.9,2.3825000000000003,1.19,2.176,0.9576192103502308,1.5391031736203433
12183,0.15,0.05,0.8,0.0,0.15,0.85,2.3825000000000003,1.19,2.164,0.9585154981111026,1.5397530545727245
12184,0.15,0.05,0.8,0.0,0.2,0.8,2.3825000000000003,1.19,2.152,0.9594182224088568,1.5397530545727245
12185,0.15,0.05,0.8,0.0,0.25,0.75,2.3825000000000003,1.19,2.14,0.960327452827676,1.5802781268596373
12186,0.15,0.05,0.8,0.0,0.3,0.7,2.3825000000000003,1.19,2.128,0.9612432599583852,1.6649008667919842
12200,0.15,0.05,0.8,0.05,0.0,0.95,2.3825000000000003,1.19,2.1805,0.9572847478279832,1.5383365827112527
12201,0.15,0.05,0.8,0.05,0.05,0.9,2.3825000000000003,1.19,2.1685000000000003,0.9581786396248256,1.5391031736203433
12202,0.15,0.05,0.8,0.05,0.1,0.85,2.3825000000000003,1.19,2.1565000000000003,0.9590789421203464,1.5391031736203433
12203,0.15,0.05,0.8,0.05,0.15,0.8,2.3825000000000003,1.19,2.1445000000000003,0.9599857245258662,1.541624721239391
12204,0.15,0.05,0.8,0.05,0.2,0.75,2.3825000000000003,1.19,2.1325000000000003,0.9608990570525996,1.595608604642909
12205,0.15,0.05,0.8,0.05,0.25,0.7,2.3825000000000003,1.19,2.1205,0.961819010929776,1.6465936105196914
12219,0.15,0.05,0.8,0.1,0.0,0.9,2.3825000000000003,1.19,2.161,0.9587405730591102,1.5383365827112527
12220,0.15,0.05,0.8,0.1,0.05,0.85,2.3825000000000003,1.19,2.149,0.9596449173246002,1.5391031736203433
12221,0.15,0.05,0.8,0.1,0.1,0.8,2.3825000000000003,1.19,2.1370000000000005,0.9605557852637816,1.5580416143665783
12222,0.15,0.05,0.8,0.1,0.15,0.75,2.3825000000000003,1.19,2.125,0.9614732477219798,1.619737550708365
12223,0.15,0.05,0.8,0.1,0.2,0.7,2.3825000000000003,1.19,2.113,0.9623973765740612,1.655045567355316
12224,0.15,0.05,0.8,0.1,0.25,0.65,2.3825000000000003,1.19,2.101,0.9633282447432044,1.6854563812785224
12237,0.15,0.05,0.8,0.15,0.0,0.85,2.3825000000000003,1.19,2.1415,0.9602134408188328,1.5402082493779192
12238,0.15,0.05,0.8,0.15,0.05,0.8,2.3825000000000003,1.19,2.1295,0.9611284219652666,1.5772668567283303
12239,0.15,0.05,0.8,0.15,0.1,0.75,2.3825000000000003,1.19,2.1175,0.9620500424306768,1.634420575800352
12240,0.15,0.05,0.8,0.15,0.15,0.7,2.3825000000000003,1.19,2.1055,0.9629783747428996,1.656922799498173
12241,0.15,0.05,0.8,0.15,0.2,0.65,2.3825000000000003,1.19,2.0935,0.963913492490022,1.6846638349822263
12242,0.15,0.05,0.8,0.15,0.25,0.6,2.3825000000000003,1.19,2.0815,0.9648554703398282,1.6920330551867222
12254,0.15,0.05,0.8,0.2,0.0,0.8,2.3825000000000003,1.19,2.1220000000000003,0.9617036521300732,1.5925425608988877
12255,0.15,0.05,0.8,0.2,0.05,0.75,2.3825000000000003,1.19,2.1100000000000003,0.9626294589335044,1.6415251554976151
12256,0.15,0.05,0.8,0.2,0.1,0.7,2.3825000000000003,1.19,2.098,0.9635620234508292,1.6562729185457923
12257,0.15,0.05,0.8,0.2,0.15,0.65,2.3825000000000003,1.19,2.0860000000000003,0.9645014199426396,1.6856596683155596
12258,0.15,0.05,0.8,0.2,0.2,0.6,2.3825000000000003,1.19,2.074,0.965447723761596,1.6902967588904259
12270,0.15,0.05,0.8,0.25,0.0,0.75,2.3825000000000003,1.19,2.1025,0.9632115151470512,1.6415251554976151
12271,0.15,0.05,0.8,0.25,0.05,0.7,2.3825000000000003,1.19,2.0905,0.9641483408771307,1.6582125018791256
12272,0.15,0.05,0.8,0.25,0.1,0.65,2.3825000000000003,1.19,2.0785,0.9650920455478624,1.6850097873631789
12285,0.15,0.05,0.8,0.3,0.0,0.7,2.3825000000000003,1.19,2.083,0.964737345367714,1.6582125018791256
12286,0.15,0.05,0.8,0.3,0.05,0.65,2.3825000000000003,1.19,2.071,0.9656853879221984,1.6850097873631789
12390,0.15,0.1,0.75,0.0,0.0,1.0,2.364,1.19,2.2,0.9519868287125082,1.5383365827112527
12391,0.15,0.1,0.75,0.0,0.05,0.95,2.364,1.19,2.188,0.9528567400713924,1.5391031736203433
12392,0.15,0.1,0.75,0.0,0.1,0.9,2.364,1.19,2.176,0.9537328540068108,1.5391031736203433
12393,0.15,0.1,0.75,0.0,0.15,0.85,2.364,1.19,2.164,0.9546152370938245,1.5397530545727245
12394,0.15,0.1,0.75,0.0,0.2,0.8,2.364,1.19,2.152,0.9555039568636888,1.5397530545727245
12395,0.15,0.1,0.75,0.0,0.25,0.75,2.364,1.19,2.14,0.956399081821084,1.5802781268596373
12396,0.15,0.1,0.75,0.0,0.3,0.7,2.364,1.19,2.128,0.9573006814617152,1.6649008667919842
12410,0.15,0.1,0.75,0.05,0.0,0.95,2.364,1.19,2.1805,0.9534035802113232,1.5383365827112527
12411,0.15,0.1,0.75,0.05,0.05,0.9,2.364,1.19,2.1685000000000003,0.9542836045044,1.5391031736203433
12412,0.15,0.1,0.75,0.05,0.1,0.85,2.364,1.19,2.1565000000000003,0.9551699400429666,1.5391031736203433
12413,0.15,0.1,0.75,0.05,0.15,0.8,2.364,1.19,2.1445000000000003,0.956062654964627,1.541624721239391
12414,0.15,0.1,0.75,0.05,0.2,0.75,2.364,1.19,2.1325000000000003,0.9569618183913652,1.595608604642909
12415,0.15,0.1,0.75,0.05,0.25,0.7,2.364,1.19,2.1205,0.9578675004473862,1.6465936105196914
12429,0.15,0.1,0.75,0.1,0.0,0.9,2.364,1.19,2.161,0.9548368203130788,1.5383365827112527
12430,0.15,0.1,0.75,0.1,0.05,0.85,2.364,1.19,2.149,0.955727134919104,1.5391031736203433
12431,0.15,0.1,0.75,0.1,0.1,0.8,2.364,1.19,2.1370000000000005,0.9566238719929816,1.5580416143665783
12432,0.15,0.1,0.75,0.1,0.15,0.75,2.364,1.19,2.125,0.9575271012809689,1.619737550708365
12433,0.15,0.1,0.75,0.1,0.2,0.7,2.364,1.19,2.113,0.9584368935428924,1.655045567355316
12434,0.15,0.1,0.75,0.1,0.25,0.65,2.364,1.19,2.101,0.9593533205706272,1.6854563812785224
12447,0.15,0.1,0.75,0.15,0.0,0.85,2.364,1.19,2.1415,0.9562868385520004,1.5402082493779192
12448,0.15,0.1,0.75,0.15,0.05,0.8,2.364,1.19,2.1295,0.957187625022368,1.5772668567283303
12449,0.15,0.1,0.75,0.15,0.1,0.75,2.364,1.19,2.1175,0.9580949478117952,1.634420575800352
12450,0.15,0.1,0.75,0.15,0.15,0.7,2.364,1.19,2.1055,0.9590088783229476,1.656922799498173
12451,0.15,0.1,0.75,0.15,0.2,0.65,2.364,1.19,2.0935,0.9599294890022948,1.6846638349822263
12452,0.15,0.1,0.75,0.15,0.25,0.6,2.364,1.19,2.0815,0.9608568533592532,1.6920330551867222
12464,0.15,0.1,0.75,0.2,0.0,0.8,2.364,1.19,2.1220000000000003,0.9577539312810543,1.5925425608988877
12465,0.15,0.1,0.75,0.2,0.05,0.75,2.364,1.19,2.1100000000000003,0.958665375463216,1.6415251554976151
12466,0.15,0.1,0.75,0.2,0.1,0.7,2.364,1.19,2.098,0.95958347252262,1.6562729185457923
12467,0.15,0.1,0.75,0.2,0.15,0.65,2.364,1.19,2.0860000000000003,0.9605082955678071,1.6856596683155596
12468,0.15,0.1,0.75,0.2,0.2,0.6,2.364,1.19,2.074,0.9614399187824442,1.6902967588904259
12480,0.15,0.1,0.75,0.25,0.0,0.75,2.364,1.19,2.1025,0.9592384018738692,1.6415251554976151
12481,0.15,0.1,0.75,0.25,0.05,0.7,2.364,1.19,2.0905,0.9601606940391634,1.6582125018791256
12482,0.15,0.1,0.75,0.25,0.1,0.65,2.364,1.19,2.0785,0.9610897584277918,1.6850097873631789
12495,0.15,0.1,0.75,0.3,0.0,0.7,2.364,1.19,2.083,0.960740560933876,1.6582125018791256
12496,0.15,0.1,0.75,0.3,0.05,0.65,2.364,1.19,2.071,0.9616738959099472,1.6850097873631789
12600,0.15,0.15,0.7,0.0,0.0,1.0,2.3454999999999995,1.19,2.2,0.9481279863962984,1.5383365827112527
12601,0.15,0.15,0.7,0.0,0.05,0.95,2.3454999999999995,1.19,2.188,0.9489841896119636,1.5391031736203433
12602,0.15,0.15,0.7,0.0,0.1,0.9,2.3454999999999995,1.19,2.176,0.949846497663391,1.5391031736203433
12603,0.15,0.15,0.7,0.0,0.15,0.85,2.3454999999999995,1.19,2.164,0.950714976076546,1.5397530545727245
12604,0.15,0.15,0.7,0.0,0.2,0.8,2.3454999999999995,1.19,2.152,0.9515896913185208,1.5397530545727245
12605,0.15,0.15,0.7,0.0,0.25,0.75,2.3454999999999995,1.19,2.14,0.952470710814492,1.5802781268596373
12606,0.15,0.15,0.7,0.0,0.3,0.7,2.3454999999999995,1.19,2.128,0.9533581029650452,1.6649008667919842
12620,0.15,0.15,0.7,0.05,0.0,0.95,2.3454999999999995,1.19,2.1805,0.9495224125946636,1.5383365827112527
12621,0.15,0.15,0.7,0.05,0.05,0.9,2.3454999999999995,1.19,2.1685000000000003,0.9503885693839734,1.5391031736203433
12622,0.15,0.15,0.7,0.05,0.1,0.85,2.3454999999999995,1.19,2.1565000000000003,0.9512609379655868,1.5391031736203433
12623,0.15,0.15,0.7,0.05,0.15,0.8,2.3454999999999995,1.19,2.1445000000000003,0.9521395854033884,1.541624721239391
12624,0.15,0.15,0.7,0.05,0.2,0.75,2.3454999999999995,1.19,2.1325000000000003,0.9530245797301308,1.595608604642909
12625,0.15,0.15,0.7,0.05,0.25,0.7,2.3454999999999995,1.19,2.1205,0.9539159899649964,1.6465936105196914
12639,0.15,0.15,0.7,0.1,0.0,0.9,2.3454999999999995,1.19,2.161,0.9509330675670474,1.5383365827112527
12640,0.15,0.15,0.7,0.1,0.05,0.85,2.3454999999999995,1.19,2.149,0.951809352513608,1.5391031736203433
12641,0.15,0.15,0.7,0.1,0.1,0.8,2.3454999999999995,1.19,2.1370000000000005,0.9526919587221816,1.5580416143665783
12642,0.15,0.15,0.7,0.1,0.15,0.75,2.3454999999999995,1.19,2.125,0.9535809548399578,1.619737550708365
12643,0.15,0.15,0.7,0.1,0.2,0.7,2.3454999999999995,1.19,2.113,0.954476410511723,1.655045567355316
12644,0.15,0.15,0.7,0.1,0.25,0.65,2.3454999999999995,1.19,2.101,0.9553783963980502,1.6854563812785224
12657,0.15,0.15,0.7,0.15,0.0,0.85,2.3454999999999995,1.19,2.1415,0.9523602362851684,1.5402082493779192
12658,0.15,0.15,0.7,0.15,0.05,0.8,2.3454999999999995,1.19,2.1295,0.9532468280794696,1.5772668567283303
12659,0.15,0.15,0.7,0.15,0.1,0.75,2.3454999999999995,1.19,2.1175,0.9541398531929132,1.634420575800352
12660,0.15,0.15,0.7,0.15,0.15,0.7,2.3454999999999995,1.19,2.1055,0.9550393819029956,1.656922799498173
12661,0.15,0.15,0.7,0.15,0.2,0.65,2.3454999999999995,1.19,2.0935,0.955945485514568,1.6846638349822263
12662,0.15,0.15,0.7,0.15,0.25,0.6,2.3454999999999995,1.19,2.0815,0.9568582363786782,1.6920330551867222
12674,0.15,0.15,0.7,0.2,0.0,0.8,2.3454999999999995,1.19,2.1220000000000003,0.9538042104320352,1.5925425608988877
12675,0.15,0.15,0.7,0.2,0.05,0.75,2.3454999999999995,1.19,2.1100000000000003,0.954701291992928,1.6415251554976151
12676,0.15,0.15,0.7,0.2,0.1,0.7,2.3454999999999995,1.19,2.098,0.955604921594411,1.6562729185457923
12677,0.15,0.15,0.7,0.2,0.15,0.65,2.3454999999999995,1.19,2.0860000000000003,0.9565151711929746,1.6856596683155596
12678,0.15,0.15,0.7,0.2,0.2,0.6,2.3454999999999995,1.19,2.074,0.9574321138032924,1.6902967588904259
12690,0.15,0.15,0.7,0.25,0.0,0.75,2.3454999999999995,1.19,2.1025,0.9552652886006872,1.6415251554976151
12691,0.15,0.15,0.7,0.25,0.05,0.7,2.3454999999999995,1.19,2.0905,0.9561730472011964,1.6582125018791256
12692,0.15,0.15,0.7,0.25,0.1,0.65,2.3454999999999995,1.19,2.0785,0.9570874713077208,1.6850097873631789
12705,0.15,0.15,0.7,0.3,0.0,0.7,2.3454999999999995,1.19,2.083,0.9567437765000384,1.6582125018791256
12706,0.15,0.15,0.7,0.3,0.05,0.65,2.3454999999999995,1.19,2.071,0.957662403897696,1.6850097873631789
12810,0.15,0.2,0.65,0.0,0.0,1.0,2.327,1.19,2.2,0.9442691440800888,1.5383365827112527
12811,0.15,0.2,0.65,0.0,0.05,0.95,2.327,1.19,2.188,0.9451116391525346,1.5391031736203433
12812,0.15,0.2,0.65,0.0,0.1,0.9,2.327,1.19,2.176,0.9459601413199712,1.5391031736203433
12813,0.15,0.2,0.65,0.0,0.15,0.85,2.327,1.19,2.164,0.9468147150592678,1.5397530545727245
12814,0.15,0.2,0.65,0.0,0.2,0.8,2.327,1.19,2.152,0.9476754257733532,1.5397530545727245
12815,0.15,0.2,0.65,0.0,0.25,0.75,2.327,1.19,2.14,0.9485423398079004,1.5802781268596373
12816,0.15,0.2,0.65,0.0,0.3,0.7,2.327,1.19,2.128,0.9494155244683752,1.6649008667919842
12830,0.15,0.2,0.65,0.05,0.0,0.95,2.327,1.19,2.1805,0.9456412449780042,1.5383365827112527
12831,0.15,0.2,0.65,0.05,0.05,0.9,2.327,1.19,2.1685000000000003,0.9464935342635474,1.5391031736203433
12832,0.15,0.2,0.65,0.05,0.1,0.85,2.327,1.19,2.1565000000000003,0.9473519358882072,1.5391031736203433
12833,0.15,0.2,0.65,0.05,0.15,0.8,2.327,1.19,2.1445000000000003,0.9482165158421496,1.541624721239391
12834,0.15,0.2,0.65,0.05,0.2,0.75,2.327,1.19,2.1325000000000003,0.9490873410688964,1.595608604642909
12835,0.15,0.2,0.65,0.05,0.25,0.7,2.327,1.19,2.1205,0.9499644794826068,1.6465936105196914
12849,0.15,0.2,0.65,0.1,0.0,0.9,2.327,1.19,2.161,0.947029314821016,1.5383365827112527
12850,0.15,0.2,0.65,0.1,0.05,0.85,2.327,1.19,2.149,0.9478915701081122,1.5391031736203433
12851,0.15,0.2,0.65,0.1,0.1,0.8,2.327,1.19,2.1370000000000005,0.948760045451382,1.5580416143665783
12852,0.15,0.2,0.65,0.1,0.15,0.75,2.327,1.19,2.125,0.949634808398947,1.619737550708365
12853,0.15,0.2,0.65,0.1,0.2,0.7,2.327,1.19,2.113,0.950515927480554,1.655045567355316
12854,0.15,0.2,0.65,0.1,0.25,0.65,2.327,1.19,2.101,0.9514034722254732,1.6854563812785224
12867,0.15,0.2,0.65,0.15,0.0,0.85,2.327,1.19,2.1415,0.9484336340183364,1.5402082493779192
12868,0.15,0.2,0.65,0.15,0.05,0.8,2.327,1.19,2.1295,0.9493060311365714,1.5772668567283303
12869,0.15,0.2,0.65,0.15,0.1,0.75,2.327,1.19,2.1175,0.9501847585740316,1.634420575800352
12870,0.15,0.2,0.65,0.15,0.15,0.7,2.327,1.19,2.1055,0.951069885483044,1.656922799498173
12871,0.15,0.2,0.65,0.15,0.2,0.65,2.327,1.19,2.0935,0.9519614820268412,1.6846638349822263
12872,0.15,0.2,0.65,0.15,0.25,0.6,2.327,1.19,2.0815,0.9528596193981032,1.6920330551867222
12884,0.15,0.2,0.65,0.2,0.0,0.8,2.327,1.19,2.1220000000000003,0.949854489583016,1.5925425608988877
12885,0.15,0.2,0.65,0.2,0.05,0.75,2.327,1.19,2.1100000000000003,0.9507372085226397,1.6415251554976151
12886,0.15,0.2,0.65,0.2,0.1,0.7,2.327,1.19,2.098,0.951626370666202,1.6562729185457923
12887,0.15,0.2,0.65,0.2,0.15,0.65,2.327,1.19,2.0860000000000003,0.9525220468181425,1.6856596683155596
12888,0.15,0.2,0.65,0.2,0.2,0.6,2.327,1.19,2.074,0.9534243088241408,1.6902967588904259
12900,0.15,0.2,0.65,0.25,0.0,0.75,2.327,1.19,2.1025,0.9512921753275057,1.6415251554976151
12901,0.15,0.2,0.65,0.25,0.05,0.7,2.327,1.19,2.0905,0.9521854003632292,1.6582125018791256
12902,0.15,0.2,0.65,0.25,0.1,0.65,2.327,1.19,2.0785,0.9530851841876502,1.6850097873631789
12915,0.15,0.2,0.65,0.3,0.0,0.7,2.327,1.19,2.083,0.9527469920662004,1.6582125018791256
12916,0.15,0.2,0.65,0.3,0.05,0.65,2.327,1.19,2.071,0.9536509118854448,1.6850097873631789
13020,0.15,0.25,0.6,0.0,0.0,1.0,2.3085,1.19,2.2,0.9404103017638789,1.5383365827112527
13021,0.15,0.25,0.6,0.0,0.05,0.95,2.3085,1.19,2.188,0.9412390886931056,1.5391031736203433
13022,0.15,0.25,0.6,0.0,0.1,0.9,2.3085,1.19,2.176,0.9420737849765514,1.5391031736203433
13023,0.15,0.25,0.6,0.0,0.15,0.85,2.3085,1.19,2.164,0.9429144540419896,1.5397530545727245
13024,0.15,0.25,0.6,0.0,0.2,0.8,2.3085,1.19,2.152,0.9437611602281852,1.5397530545727245
13025,0.15,0.25,0.6,0.0,0.25,0.75,2.3085,1.19,2.14,0.944613968801308,1.5802781268596373
13026,0.15,0.25,0.6,0.0,0.3,0.7,2.3085,1.19,2.128,0.9454729459717052,1.6649008667919842
13040,0.15,0.25,0.6,0.05,0.0,0.95,2.3085,1.19,2.1805,0.9417600773613444,1.5383365827112527
13041,0.15,0.25,0.6,0.05,0.05,0.9,2.3085,1.19,2.1685000000000003,0.9425984991431212,1.5391031736203433
13042,0.15,0.25,0.6,0.05,0.1,0.85,2.3085,1.19,2.1565000000000003,0.9434429338108274,1.5391031736203433
13043,0.15,0.25,0.6,0.05,0.15,0.8,2.3085,1.19,2.1445000000000003,0.9442934462809104,1.541624721239391
13044,0.15,0.25,0.6,0.05,0.2,0.75,2.3085,1.19,2.1325000000000003,0.945150102407662,1.595608604642909
13045,0.15,0.25,0.6,0.05,0.25,0.7,2.3085,1.19,2.1205,0.946012969000217,1.6465936105196914
13059,0.15,0.25,0.6,0.1,0.0,0.9,2.3085,1.19,2.161,0.9431255620749848,1.5383365827112527
13060,0.15,0.25,0.6,0.1,0.05,0.85,2.3085,1.19,2.149,0.943973787702616,1.5391031736203433
13061,0.15,0.25,0.6,0.1,0.1,0.8,2.3085,1.19,2.1370000000000005,0.944828132180582,1.5580416143665783
13062,0.15,0.25,0.6,0.1,0.15,0.75,2.3085,1.19,2.125,0.945688661957936,1.619737550708365
13063,0.15,0.25,0.6,0.1,0.2,0.7,2.3085,1.19,2.113,0.9465554444493852,1.655045567355316
13064,0.15,0.25,0.6,0.1,0.25,0.65,2.3085,1.19,2.101,0.947428548052896,1.6854563812785224
13077,0.15,0.25,0.6,0.15,0.0,0.85,2.3085,1.19,2.1415,0.944507031751504,1.5402082493779192
13078,0.15,0.25,0.6,0.15,0.05,0.8,2.3085,1.19,2.1295,0.945365234193673,1.5772668567283303
13079,0.15,0.25,0.6,0.15,0.1,0.75,2.3085,1.19,2.1175,0.9462296639551502,1.634420575800352
13080,0.15,0.25,0.6,0.15,0.15,0.7,2.3085,1.19,2.1055,0.947100389063092,1.656922799498173
13081,0.15,0.25,0.6,0.15,0.2,0.65,2.3085,1.19,2.0935,0.9479774785391142,1.6846638349822263
13082,0.15,0.25,0.6,0.15,0.25,0.6,2.3085,1.19,2.0815,0.948861002417528,1.6920330551867222
13094,0.15,0.25,0.6,0.2,0.0,0.8,2.3085,1.19,2.1220000000000003,0.9459047687339972,1.5925425608988877
13095,0.15,0.25,0.6,0.2,0.05,0.75,2.3085,1.19,2.1100000000000003,0.9467731250523514,1.6415251554976151
13096,0.15,0.25,0.6,0.2,0.1,0.7,2.3085,1.19,2.098,0.9476478197379932,1.6562729185457923
13097,0.15,0.25,0.6,0.2,0.15,0.65,2.3085,1.19,2.0860000000000003,0.9485289224433096,1.6856596683155596
13098,0.15,0.25,0.6,0.2,0.2,0.6,2.3085,1.19,2.074,0.949416503844989,1.6902967588904259
13110,0.15,0.25,0.6,0.25,0.0,0.75,2.3085,1.19,2.1025,0.9473190620543236,1.6415251554976151
13111,0.15,0.25,0.6,0.25,0.05,0.7,2.3085,1.19,2.0905,0.948197753525262,1.6582125018791256
13112,0.15,0.25,0.6,0.25,0.1,0.65,2.3085,1.19,2.0785,0.9490828970675796,1.6850097873631789
13125,0.15,0.25,0.6,0.3,0.0,0.7,2.3085,1.19,2.083,0.9487502076323628,1.6582125018791256
13126,0.15,0.25,0.6,0.3,0.05,0.65,2.3085,1.19,2.071,0.9496394198731936,1.6850097873631789
13230,0.15,0.3,0.55,0.0,0.0,1.0,2.29,1.19,2.2,0.9365514594476692,1.539178756624296
13231,0.15,0.3,0.55,0.0,0.05,0.95,2.29,1.19,2.188,0.9373665382336768,1.5391031736203433
13232,0.15,0.3,0.55,0.0,0.1,0.9,2.29,1.19,2.176,0.9381874286331316,1.5391031736203433
13233,0.15,0.3,0.55,0.0,0.15,0.85,2.29,1.19,2.164,0.9390141930247116,1.5397530545727245
13234,0.15,0.3,0.55,0.0,0.2,0.8,2.29,1.19,2.152,0.9398468946830172,1.5397530545727245
13235,0.15,0.3,0.55,0.0,0.25,0.75,2.29,1.19,2.14,0.9406855977947162,1.5802781268596373
13236,0.15,0.3,0.55,0.0,0.3,0.7,2.29,1.19,2.128,0.9415303674750352,1.6649008667919842
13250,0.15,0.3,0.55,0.05,0.0,0.95,2.29,1.19,2.1805,0.9378789097446848,1.5383365827112527
13251,0.15,0.3,0.55,0.05,0.05,0.9,2.29,1.19,2.1685000000000003,0.9387034640226952,1.5391031736203433
13252,0.15,0.3,0.55,0.05,0.1,0.85,2.29,1.19,2.1565000000000003,0.939533931733448,1.5391031736203433
13253,0.15,0.3,0.55,0.05,0.15,0.8,2.29,1.19,2.1445000000000003,0.9403703767196716,1.541624721239391
13254,0.15,0.3,0.55,0.05,0.2,0.75,2.29,1.19,2.1325000000000003,0.9412128637464278,1.595608604642909
13255,0.15,0.3,0.55,0.05,0.25,0.7,2.29,1.19,2.1205,0.9420614585178274,1.6465936105196914
13269,0.15,0.3,0.55,0.1,0.0,0.9,2.29,1.19,2.161,0.9392218093289536,1.5383365827112527
13270,0.15,0.3,0.55,0.1,0.05,0.85,2.29,1.19,2.149,0.9400560052971202,1.5391031736203433
13271,0.15,0.3,0.55,0.1,0.1,0.8,2.29,1.19,2.1370000000000005,0.9408962189097824,1.5580416143665783
13272,0.15,0.3,0.55,0.1,0.15,0.75,2.29,1.19,2.125,0.9417425155169252,1.619737550708365
13273,0.15,0.3,0.55,0.1,0.2,0.7,2.29,1.19,2.113,0.9425949614182164,1.655045567355316
13274,0.15,0.3,0.55,0.1,0.25,0.65,2.29,1.19,2.101,0.9434536238803192,1.6854563812785224
13287,0.15,0.3,0.55,0.15,0.0,0.85,2.29,1.19,2.1415,0.940580429484672,1.5402082493779192
13288,0.15,0.3,0.55,0.15,0.05,0.8,2.29,1.19,2.1295,0.9414244372507748,1.5772668567283303
13289,0.15,0.3,0.55,0.15,0.1,0.75,2.29,1.19,2.1175,0.9422745693362684,1.634420575800352
13290,0.15,0.3,0.55,0.15,0.15,0.7,2.29,1.19,2.1055,0.9431308926431404,1.656922799498173
13291,0.15,0.3,0.55,0.15,0.2,0.65,2.29,1.19,2.0935,0.9439934750513874,1.6846638349822263
13292,0.15,0.3,0.55,0.15,0.25,0.6,2.29,1.19,2.0815,0.9448623854369532,1.6920330551867222
13304,0.15,0.3,0.55,0.2,0.0,0.8,2.29,1.19,2.1220000000000003,0.9419550478849782,1.5925425608988877
13305,0.15,0.3,0.55,0.2,0.05,0.75,2.29,1.19,2.1100000000000003,0.9428090415820634,1.6415251554976151
13306,0.15,0.3,0.55,0.2,0.1,0.7,2.29,1.19,2.098,0.9436692688097842,1.6562729185457923
13307,0.15,0.3,0.55,0.2,0.15,0.65,2.29,1.19,2.0860000000000003,0.9445357980684772,1.6856596683155596
13308,0.15,0.3,0.55,0.2,0.2,0.6,2.29,1.19,2.074,0.9454086988658372,1.6902967588904259
13320,0.15,0.3,0.55,0.25,0.0,0.75,2.29,1.19,2.1025,0.943345948781142,1.6415251554976151
13321,0.15,0.3,0.55,0.25,0.05,0.7,2.29,1.19,2.0905,0.944210106687295,1.6582125018791256
13322,0.15,0.3,0.55,0.25,0.1,0.65,2.29,1.19,2.0785,0.9450806099475088,1.6850097873631789
13335,0.15,0.3,0.55,0.3,0.0,0.7,2.29,1.19,2.083,0.944753423198525,1.6582125018791256
13336,0.15,0.3,0.55,0.3,0.05,0.65,2.29,1.19,2.071,0.9456279278609426,1.6850097873631789
13440,0.15,0.35,0.5,0.0,0.0,1.0,2.2715,1.19,2.2,0.9326926171314592,1.539178756624296
13441,0.15,0.35,0.5,0.0,0.05,0.95,2.2715,1.19,2.188,0.9334939877742476,1.539945347533387
13442,0.15,0.35,0.5,0.0,0.1,0.9,2.2715,1.19,2.176,0.9343010722897118,1.539945347533387
13443,0.15,0.35,0.5,0.0,0.15,0.85,2.2715,1.19,2.164,0.9351139320074332,1.5405952284857676
13444,0.15,0.35,0.5,0.0,0.2,0.8,2.2715,1.19,2.152,0.9359326291378494,1.5405952284857676
13445,0.15,0.35,0.5,0.0,0.25,0.75,2.2715,1.19,2.14,0.9367572267881245,1.5802781268596373
13446,0.15,0.35,0.5,0.0,0.3,0.7,2.2715,1.19,2.128,0.937587788978365,1.6649008667919842
13460,0.15,0.35,0.5,0.05,0.0,0.95,2.2715,1.19,2.1805,0.9339977421280252,1.539178756624296
13461,0.15,0.35,0.5,0.05,0.05,0.9,2.2715,1.19,2.1685000000000003,0.9348084289022688,1.539945347533387
13462,0.15,0.35,0.5,0.05,0.1,0.85,2.2715,1.19,2.1565000000000003,0.935624929656068,1.539945347533387
13463,0.15,0.35,0.5,0.05,0.15,0.8,2.2715,1.19,2.1445000000000003,0.9364473071584326,1.5424668951524347
13464,0.15,0.35,0.5,0.05,0.2,0.75,2.2715,1.19,2.1325000000000003,0.9372756250851934,1.595608604642909
13465,0.15,0.35,0.5,0.05,0.25,0.7,2.2715,1.19,2.1205,0.9381099480354376,1.6465936105196914
13479,0.15,0.35,0.5,0.1,0.0,0.9,2.2715,1.19,2.161,0.935318056582922,1.539178756624296
13480,0.15,0.35,0.5,0.1,0.05,0.85,2.2715,1.19,2.149,0.936138222891624,1.539945347533387
13481,0.15,0.35,0.5,0.1,0.1,0.8,2.2715,1.19,2.1370000000000005,0.9369643056389824,1.5580416143665783
13482,0.15,0.35,0.5,0.1,0.15,0.75,2.2715,1.19,2.125,0.9377963690759143,1.619737550708365
13483,0.15,0.35,0.5,0.1,0.2,0.7,2.2715,1.19,2.113,0.9386344783870472,1.655045567355316
13484,0.15,0.35,0.5,0.1,0.25,0.65,2.2715,1.19,2.101,0.939478699707742,1.6854563812785224
13497,0.15,0.35,0.5,0.15,0.0,0.85,2.2715,1.19,2.1415,0.93665382721784,1.5402082493779192
13498,0.15,0.35,0.5,0.15,0.05,0.8,2.2715,1.19,2.1295,0.9374836403078762,1.5772668567283303
13499,0.15,0.35,0.5,0.15,0.1,0.75,2.2715,1.19,2.1175,0.9383194747173866,1.634420575800352
13500,0.15,0.35,0.5,0.15,0.15,0.7,2.2715,1.19,2.1055,0.9391613962231886,1.656922799498173
13501,0.15,0.35,0.5,0.15,0.2,0.65,2.2715,1.19,2.0935,0.9400094715636608,1.6846638349822263
13502,0.15,0.35,0.5,0.15,0.25,0.6,2.2715,1.19,2.0815,0.940863768456378,1.6920330551867222
13514,0.15,0.35,0.5,0.2,0.0,0.8,2.2715,1.19,2.1220000000000003,0.9380053270359588,1.5925425608988877
13515,0.15,0.35,0.5,0.2,0.05,0.75,2.2715,1.19,2.1100000000000003,0.938844958111775,1.6415251554976151
13516,0.15,0.35,0.5,0.2,0.1,0.7,2.2715,1.19,2.098,0.9396907178815752,1.6562729185457923
13517,0.15,0.35,0.5,0.2,0.15,0.65,2.2715,1.19,2.0860000000000003,0.9405426736936447,1.6856596683155596
13518,0.15,0.35,0.5,0.2,0.2,0.6,2.2715,1.19,2.074,0.9414008938866856,1.6902967588904259
13530,0.15,0.35,0.5,0.25,0.0,0.75,2.2715,1.19,2.1025,0.93937283550796,1.6415251554976151
13531,0.15,0.35,0.5,0.25,0.05,0.7,2.2715,1.19,2.0905,0.940222459849328,1.6582125018791256
13532,0.15,0.35,0.5,0.25,0.1,0.65,2.2715,1.19,2.0785,0.941078322827438,1.6850097873631789
13545,0.15,0.35,0.5,0.3,0.0,0.7,2.2715,1.19,2.083,0.940756638764687,1.6582125018791256
13546,0.15,0.35,0.5,0.3,0.05,0.65,2.2715,1.19,2.071,0.9416164358486911,1.6850097873631789
13650,0.15,0.4,0.45,0.0,0.0,1.0,2.253,1.19,2.2,0.9288337748152496,1.539178756624296
13651,0.15,0.4,0.45,0.0,0.05,0.95,2.253,1.19,2.188,0.9296214373148186,1.539945347533387
13652,0.15,0.4,0.45,0.0,0.1,0.9,2.253,1.19,2.176,0.930414715946292,1.539945347533387
13653,0.15,0.4,0.45,0.0,0.15,0.85,2.253,1.19,2.164,0.9312136709901552,1.5405952284857676
13654,0.15,0.4,0.45,0.0,0.2,0.8,2.253,1.19,2.152,0.9320183635926816,1.5405952284857676
13655,0.15,0.4,0.45,0.0,0.25,0.75,2.253,1.19,2.14,0.9328288557815324,1.5802781268596373
13656,0.15,0.4,0.45,0.0,0.3,0.7,2.253,1.19,2.128,0.9336452104816952,1.6649008667919842
13670,0.15,0.4,0.45,0.05,0.0,0.95,2.253,1.19,2.1805,0.930116574511366,1.539178756624296
13671,0.15,0.4,0.45,0.05,0.05,0.9,2.253,1.19,2.1685000000000003,0.9309133937818428,1.539945347533387
13672,0.15,0.4,0.45,0.05,0.1,0.85,2.253,1.19,2.1565000000000003,0.9317159275786886,1.539945347533387
13673,0.15,0.4,0.45,0.05,0.15,0.8,2.253,1.19,2.1445000000000003,0.9325242375971938,1.5424668951524347
13674,0.15,0.4,0.45,0.05,0.2,0.75,2.253,1.19,2.1325000000000003,0.933338386423959,1.595608604642909
13675,0.15,0.4,0.45,0.05,0.25,0.7,2.253,1.19,2.1205,0.934158437553048,1.6465936105196914
13689,0.15,0.4,0.45,0.1,0.0,0.9,2.253,1.19,2.161,0.9314143038368906,1.539178756624296
13690,0.15,0.4,0.45,0.1,0.05,0.85,2.253,1.19,2.149,0.9322204404861282,1.539945347533387
13691,0.15,0.4,0.45,0.1,0.1,0.8,2.253,1.19,2.1370000000000005,0.9330323923681826,1.5588837882796218
13692,0.15,0.4,0.45,0.1,0.15,0.75,2.253,1.19,2.125,0.9338502226349036,1.619737550708365
13693,0.15,0.4,0.45,0.1,0.2,0.7,2.253,1.19,2.113,0.9346739953558784,1.655045567355316
13694,0.15,0.4,0.45,0.1,0.25,0.65,2.253,1.19,2.101,0.935503775535165,1.6854563812785224
13707,0.15,0.4,0.45,0.15,0.0,0.85,2.253,1.19,2.1415,0.932727224951008,1.5410504232909625
13708,0.15,0.4,0.45,0.15,0.05,0.8,2.253,1.19,2.1295,0.933542843364978,1.5781090306413739
13709,0.15,0.4,0.45,0.15,0.1,0.75,2.253,1.19,2.1175,0.9343643800985052,1.634420575800352
13710,0.15,0.4,0.45,0.15,0.15,0.7,2.253,1.19,2.1055,0.9351918998032368,1.656922799498173
13711,0.15,0.4,0.45,0.15,0.2,0.65,2.253,1.19,2.0935,0.936025468075934,1.6846638349822263
13712,0.15,0.4,0.45,0.15,0.25,0.6,2.253,1.19,2.0815,0.9368651514758032,1.6920330551867222
13724,0.15,0.4,0.45,0.2,0.0,0.8,2.253,1.19,2.1220000000000003,0.9340556061869398,1.5933847348119312
13725,0.15,0.4,0.45,0.2,0.05,0.75,2.253,1.19,2.1100000000000003,0.934880874641487,1.6415251554976151
13726,0.15,0.4,0.45,0.2,0.1,0.7,2.253,1.19,2.098,0.9357121669533665,1.6562729185457923
13727,0.15,0.4,0.45,0.2,0.15,0.65,2.253,1.19,2.0860000000000003,0.9365495493188124,1.6856596683155596
13728,0.15,0.4,0.45,0.2,0.2,0.6,2.253,1.19,2.074,0.937393088907534,1.6902967588904259
13740,0.15,0.4,0.45,0.25,0.0,0.75,2.253,1.19,2.1025,0.9353997222347784,1.6415251554976151
13741,0.15,0.4,0.45,0.25,0.05,0.7,2.253,1.19,2.0905,0.9362348130113608,1.6582125018791256
13742,0.15,0.4,0.45,0.25,0.1,0.65,2.253,1.19,2.0785,0.9370760357073676,1.6850097873631789
13755,0.15,0.4,0.45,0.3,0.0,0.7,2.253,1.19,2.083,0.9367598543308492,1.6582125018791256
13756,0.15,0.4,0.45,0.3,0.05,0.65,2.253,1.19,2.071,0.93760494383644,1.6850097873631789
13860,0.15,0.45,0.4,0.0,0.0,1.0,2.2345,1.19,2.2,0.9249749324990396,1.539178756624296
13861,0.15,0.45,0.4,0.0,0.05,0.95,2.2345,1.19,2.188,0.9257488868553896,1.539945347533387
13862,0.15,0.45,0.4,0.0,0.1,0.9,2.2345,1.19,2.176,0.9265283596028724,1.539945347533387
13863,0.15,0.45,0.4,0.0,0.15,0.85,2.2345,1.19,2.164,0.9273134099728768,1.5405952284857676
13864,0.15,0.45,0.4,0.0,0.2,0.8,2.2345,1.19,2.152,0.9281040980475136,1.5405952284857676
13865,0.15,0.45,0.4,0.0,0.25,0.75,2.2345,1.19,2.14,0.9289004847749406,1.5802781268596373
13866,0.15,0.45,0.4,0.0,0.3,0.7,2.2345,1.19,2.128,0.9297026319850252,1.6649008667919842
13880,0.15,0.45,0.4,0.05,0.0,0.95,2.2345,1.19,2.1805,0.9262354068947062,1.539178756624296
13881,0.15,0.45,0.4,0.05,0.05,0.9,2.2345,1.19,2.1685000000000003,0.9270183586614168,1.539945347533387
13882,0.15,0.45,0.4,0.05,0.1,0.85,2.2345,1.19,2.1565000000000003,0.9278069255013088,1.539945347533387
13883,0.15,0.45,0.4,0.05,0.15,0.8,2.2345,1.19,2.1445000000000003,0.9286011680359548,1.5424668951524347
13884,0.15,0.45,0.4,0.05,0.2,0.75,2.2345,1.19,2.1325000000000003,0.9294011477627248,1.595608604642909
13885,0.15,0.45,0.4,0.05,0.25,0.7,2.2345,1.19,2.1205,0.9302069270706584,1.6465936105196914
13899,0.15,0.45,0.4,0.1,0.0,0.9,2.2345,1.19,2.161,0.9275105510908592,1.539178756624296
13900,0.15,0.45,0.4,0.1,0.05,0.85,2.2345,1.19,2.149,0.9283026580806322,1.539945347533387
13901,0.15,0.45,0.4,0.1,0.1,0.8,2.2345,1.19,2.1370000000000005,0.9291004790973828,1.5588837882796218
13902,0.15,0.45,0.4,0.1,0.15,0.75,2.2345,1.19,2.125,0.9299040761938928,1.619737550708365
13903,0.15,0.45,0.4,0.1,0.2,0.7,2.2345,1.19,2.113,0.9307135123247094,1.655045567355316
13904,0.15,0.45,0.4,0.1,0.25,0.65,2.2345,1.19,2.101,0.9315288513625878,1.6854563812785224
13917,0.15,0.45,0.4,0.15,0.0,0.85,2.2345,1.19,2.1415,0.9288006226841758,1.5410504232909625
13918,0.15,0.45,0.4,0.15,0.05,0.8,2.2345,1.19,2.1295,0.9296020464220798,1.5781090306413739
13919,0.15,0.45,0.4,0.15,0.1,0.75,2.2345,1.19,2.1175,0.9304092854796236,1.634420575800352
13920,0.15,0.45,0.4,0.15,0.15,0.7,2.2345,1.19,2.1055,0.9312224033832852,1.656922799498173
13921,0.15,0.45,0.4,0.15,0.2,0.65,2.2345,1.19,2.0935,0.932041464588207,1.6846638349822263
13922,0.15,0.45,0.4,0.15,0.25,0.6,2.2345,1.19,2.0815,0.9328665344952284,1.6920330551867222
13934,0.15,0.45,0.4,0.2,0.0,0.8,2.2345,1.19,2.1220000000000003,0.9301058853379208,1.5933847348119312
13935,0.15,0.45,0.4,0.2,0.05,0.75,2.2345,1.19,2.1100000000000003,0.9309167911711984,1.6415251554976151
13936,0.15,0.45,0.4,0.2,0.1,0.7,2.2345,1.19,2.098,0.9317336160251573,1.6562729185457923
13937,0.15,0.45,0.4,0.2,0.15,0.65,2.2345,1.19,2.0860000000000003,0.93255642494398,1.6856596683155596
13938,0.15,0.45,0.4,0.2,0.2,0.6,2.2345,1.19,2.074,0.9333852839283824,1.6902967588904259
13950,0.15,0.45,0.4,0.25,0.0,0.75,2.2345,1.19,2.1025,0.9314266089615963,1.6415251554976151
13951,0.15,0.45,0.4,0.25,0.05,0.7,2.2345,1.19,2.0905,0.9322471661733936,1.6582125018791256
13952,0.15,0.45,0.4,0.25,0.1,0.65,2.2345,1.19,2.0785,0.9330737485872967,1.6850097873631789
13965,0.15,0.45,0.4,0.3,0.0,0.7,2.2345,1.19,2.083,0.9327630698970116,1.6582125018791256
13966,0.15,0.45,0.4,0.3,0.05,0.65,2.2345,1.19,2.071,0.933593451824189,1.6850097873631789
14070,0.15,0.5,0.35,0.0,0.0,1.0,2.216,1.19,2.2,0.92111609018283,1.539178756624296
14071,0.15,0.5,0.35,0.0,0.05,0.95,2.216,1.19,2.188,0.9218763363959608,1.539945347533387
14072,0.15,0.5,0.35,0.0,0.1,0.9,2.216,1.19,2.176,0.9226420032594522,1.539945347533387
14073,0.15,0.5,0.35,0.0,0.15,0.85,2.216,1.19,2.164,0.9234131489555986,1.5405952284857676
14074,0.15,0.5,0.35,0.0,0.2,0.8,2.216,1.19,2.152,0.9241898325023458,1.5405952284857676
14075,0.15,0.5,0.35,0.0,0.25,0.75,2.216,1.19,2.14,0.9249721137683484,1.5802781268596373
14076,0.15,0.5,0.35,0.0,0.3,0.7,2.216,1.19,2.128,0.925760053488355,1.6649008667919842
14090,0.15,0.5,0.35,0.05,0.0,0.95,2.216,1.19,2.1805,0.9223542392780466,1.539178756624296
14091,0.15,0.5,0.35,0.05,0.05,0.9,2.216,1.19,2.1685000000000003,0.9231233235409908,1.539945347533387
14092,0.15,0.5,0.35,0.05,0.1,0.85,2.216,1.19,2.1565000000000003,0.9238979234239292,1.539945347533387
14093,0.15,0.5,0.35,0.05,0.15,0.8,2.216,1.19,2.1445000000000003,0.9246780984747158,1.5424668951524347
14094,0.15,0.5,0.35,0.05,0.2,0.75,2.216,1.19,2.1325000000000003,0.92546390910149,1.595608604642909
14095,0.15,0.5,0.35,0.05,0.25,0.7,2.216,1.19,2.1205,0.9262554165882684,1.6465936105196914
14109,0.15,0.5,0.35,0.1,0.0,0.9,2.216,1.19,2.161,0.9236067983448278,1.539178756624296
14110,0.15,0.5,0.35,0.1,0.05,0.85,2.216,1.19,2.149,0.9243848756751362,1.539945347533387
14111,0.15,0.5,0.35,0.1,0.1,0.8,2.216,1.19,2.1370000000000005,0.9251685658265828,1.5588837882796218
14112,0.15,0.5,0.35,0.1,0.15,0.75,2.216,1.19,2.125,0.9259579297528816,1.619737550708365
14113,0.15,0.5,0.35,0.1,0.2,0.7,2.216,1.19,2.113,0.9267530292935404,1.655045567355316
14114,0.15,0.5,0.35,0.1,0.25,0.65,2.216,1.19,2.101,0.9275539271900108,1.6854563812785224
14127,0.15,0.5,0.35,0.15,0.0,0.85,2.216,1.19,2.1415,0.9248740204173436,1.5410504232909625
14128,0.15,0.5,0.35,0.15,0.05,0.8,2.216,1.19,2.1295,0.925661249479181,1.5781090306413739
14129,0.15,0.5,0.35,0.15,0.1,0.75,2.216,1.19,2.1175,0.9264541908607418,1.634420575800352
14130,0.15,0.5,0.35,0.15,0.15,0.7,2.216,1.19,2.1055,0.9272529069633334,1.656922799498173
14131,0.15,0.5,0.35,0.15,0.2,0.65,2.216,1.19,2.0935,0.92805746110048,1.6846638349822263
14132,0.15,0.5,0.35,0.15,0.25,0.6,2.216,1.19,2.0815,0.928867917514653,1.6920330551867222
14144,0.15,0.5,0.35,0.2,0.0,0.8,2.216,1.19,2.1220000000000003,0.9261561644889018,1.5933847348119312
14145,0.15,0.5,0.35,0.2,0.05,0.75,2.216,1.19,2.1100000000000003,0.9269527077009104,1.6415251554976151
14146,0.15,0.5,0.35,0.2,0.1,0.7,2.216,1.19,2.098,0.9277550650969484,1.6562729185457923
14147,0.15,0.5,0.35,0.2,0.15,0.65,2.216,1.19,2.0860000000000003,0.9285633005691472,1.6856596683155596
14148,0.15,0.5,0.35,0.2,0.2,0.6,2.216,1.19,2.074,0.9293774789492304,1.6902967588904259
14160,0.15,0.5,0.35,0.25,0.0,0.75,2.216,1.19,2.1025,0.9274534956884148,1.6415251554976151
14161,0.15,0.5,0.35,0.25,0.05,0.7,2.216,1.19,2.0905,0.9282595193354264,1.6582125018791256
14162,0.15,0.5,0.35,0.25,0.1,0.65,2.216,1.19,2.0785,0.929071461467226,1.6850097873631789
14175,0.15,0.5,0.35,0.3,0.0,0.7,2.216,1.19,2.083,0.9287662854631736,1.6582125018791256
14176,0.15,0.5,0.35,0.3,0.05,0.65,2.216,1.19,2.071,0.9295819598119376,1.6850097873631789
14280,0.15,0.55,0.3,0.0,0.0,1.0,2.1975,1.19,2.2,0.9172572478666202,1.5459701091666367
14281,0.15,0.55,0.3,0.0,0.05,0.95,2.1975,1.19,2.188,0.9180037859365316,1.5457963061363336
14282,0.15,0.55,0.3,0.0,0.1,0.9,2.1975,1.19,2.176,0.9187556469160324,1.54088920718251
14283,0.15,0.55,0.3,0.0,0.15,0.85,2.1975,1.19,2.164,0.9195128879383204,1.5415390881348907
14284,0.15,0.55,0.3,0.0,0.2,0.8,2.1975,1.19,2.152,0.9202755669571776,1.5405952284857676
14285,0.15,0.55,0.3,0.0,0.25,0.75,2.1975,1.19,2.14,0.9210437427617568,1.5802781268596373
14286,0.15,0.55,0.3,0.0,0.3,0.7,2.1975,1.19,2.128,0.9218174749916852,1.6649008667919842
14300,0.15,0.55,0.3,0.05,0.0,0.95,2.1975,1.19,2.1805,0.9184730716613873,1.540122616273419
14301,0.15,0.55,0.3,0.05,0.05,0.9,2.1975,1.19,2.1685000000000003,0.9192282884205644,1.54088920718251
14302,0.15,0.55,0.3,0.05,0.1,0.85,2.1975,1.19,2.1565000000000003,0.9199889213465494,1.539945347533387
14303,0.15,0.55,0.3,0.05,0.15,0.8,2.1975,1.19,2.1445000000000003,0.920755028913477,1.5424668951524347
14304,0.15,0.55,0.3,0.05,0.2,0.75,2.1975,1.19,2.1325000000000003,0.921526670440256,1.595608604642909
14305,0.15,0.55,0.3,0.05,0.25,0.7,2.1975,1.19,2.1205,0.9223039061058788,1.6465936105196914
14319,0.15,0.55,0.3,0.1,0.0,0.9,2.1975,1.19,2.161,0.9197030455987965,1.539178756624296
14320,0.15,0.55,0.3,0.1,0.05,0.85,2.1975,1.19,2.149,0.9204670932696402,1.539945347533387
14321,0.15,0.55,0.3,0.1,0.1,0.8,2.1975,1.19,2.1370000000000005,0.9212366525557828,1.5588837882796218
14322,0.15,0.55,0.3,0.1,0.15,0.75,2.1975,1.19,2.125,0.9220117833118708,1.619737550708365
14323,0.15,0.55,0.3,0.1,0.2,0.7,2.1975,1.19,2.113,0.9227925462623712,1.655045567355316
14324,0.15,0.55,0.3,0.1,0.25,0.65,2.1975,1.19,2.101,0.9235790030174338,1.6854563812785224
14337,0.15,0.55,0.3,0.15,0.0,0.85,2.1975,1.19,2.1415,0.9209474181505116,1.5410504232909625
14338,0.15,0.55,0.3,0.15,0.05,0.8,2.1975,1.19,2.1295,0.9217204525362828,1.5781090306413739
14339,0.15,0.55,0.3,0.15,0.1,0.75,2.1975,1.19,2.1175,0.92249909624186,1.634420575800352
14340,0.15,0.55,0.3,0.15,0.15,0.7,2.1975,1.19,2.1055,0.9232834105433816,1.656922799498173
14341,0.15,0.55,0.3,0.15,0.2,0.65,2.1975,1.19,2.0935,0.9240734576127532,1.6846638349822263
14342,0.15,0.55,0.3,0.15,0.25,0.6,2.1975,1.19,2.0815,0.924869300534078,1.6920330551867222
14354,0.15,0.55,0.3,0.2,0.0,0.8,2.1975,1.19,2.1220000000000003,0.9222064436398828,1.5933847348119312
14355,0.15,0.55,0.3,0.2,0.05,0.75,2.1975,1.19,2.1100000000000003,0.922988624230622,1.6415251554976151
14356,0.15,0.55,0.3,0.2,0.1,0.7,2.1975,1.19,2.098,0.9237765141687392,1.6562729185457923
14357,0.15,0.55,0.3,0.2,0.15,0.65,2.1975,1.19,2.0860000000000003,0.9245701761943148,1.6856596683155596
14358,0.15,0.55,0.3,0.2,0.2,0.6,2.1975,1.19,2.074,0.9253696739700789,1.6902967588904259
14370,0.15,0.55,0.3,0.25,0.0,0.75,2.1975,1.19,2.1025,0.9234803824152328,1.6415251554976151
14371,0.15,0.55,0.3,0.25,0.05,0.7,2.1975,1.19,2.0905,0.9242718724974596,1.6582125018791256
14372,0.15,0.55,0.3,0.25,0.1,0.65,2.1975,1.19,2.0785,0.9250691743471552,1.6850097873631789
14385,0.15,0.55,0.3,0.3,0.0,0.7,2.1975,1.19,2.083,0.924769501029336,1.6582125018791256
14386,0.15,0.55,0.3,0.3,0.05,0.65,2.1975,1.19,2.071,0.9255704677996864,1.6850097873631789
14490,0.15,0.6,0.25,0.0,0.0,1.0,2.179,1.19,2.2,0.9133984055504104,1.5600816457462239
14491,0.15,0.6,0.25,0.0,0.05,0.95,2.179,1.19,2.188,0.9141312354771024,1.5608482366553147
14492,0.15,0.6,0.25,0.0,0.1,0.9,2.179,1.19,2.176,0.9148692905726128,1.552864432061389
14493,0.15,0.6,0.25,0.0,0.15,0.85,2.179,1.19,2.164,0.9156126269210422,1.55351431301377
14494,0.15,0.6,0.25,0.0,0.2,0.8,2.179,1.19,2.152,0.9163613014120098,1.55351431301377
14495,0.15,0.6,0.25,0.0,0.25,0.75,2.179,1.19,2.14,0.9171153717551648,1.5891806276010556
14496,0.15,0.6,0.25,0.0,0.3,0.7,2.179,1.19,2.128,0.9178748964950152,1.6659785334586508
14510,0.15,0.6,0.25,0.05,0.0,0.95,2.179,1.19,2.1805,0.9145919040447272,1.552097841152298
14511,0.15,0.6,0.25,0.05,0.05,0.9,2.179,1.19,2.1685000000000003,0.9153332533001384,1.552864432061389
14512,0.15,0.6,0.25,0.05,0.1,0.85,2.179,1.19,2.1565000000000003,0.9160799192691697,1.552864432061389
14513,0.15,0.6,0.25,0.05,0.15,0.8,2.179,1.19,2.1445000000000003,0.916831959352238,1.5541474082518654
14514,0.15,0.6,0.25,0.05,0.2,0.75,2.179,1.19,2.1325000000000003,0.9175894317790216,1.6026268517958104
14515,0.15,0.6,0.25,0.05,0.25,0.7,2.179,1.19,2.1205,0.9183523956234892,1.6497846729082832
14529,0.15,0.6,0.25,0.1,0.0,0.9,2.179,1.19,2.161,0.9157992928527652,1.552097841152298
14530,0.15,0.6,0.25,0.1,0.05,0.85,2.179,1.19,2.149,0.916549310864144,1.552864432061389
14531,0.15,0.6,0.25,0.1,0.1,0.8,2.179,1.19,2.1370000000000005,0.9173047392849832,1.56962044172993
14532,0.15,0.6,0.25,0.1,0.15,0.75,2.179,1.19,2.125,0.9180656368708598,1.6258694274908958
14533,0.15,0.6,0.25,0.1,0.2,0.7,2.179,1.19,2.113,0.9188320632312024,1.657158963077241
14534,0.15,0.6,0.25,0.1,0.25,0.65,2.179,1.19,2.101,0.9196040788448564,1.6875697770004476
14547,0.15,0.6,0.25,0.15,0.0,0.85,2.179,1.19,2.1415,0.9170208158836796,1.5527309363903936
14548,0.15,0.6,0.25,0.15,0.05,0.8,2.179,1.19,2.1295,0.9177796555933846,1.5870189197819176
14549,0.15,0.6,0.25,0.15,0.1,0.75,2.179,1.19,2.1175,0.9185440016229784,1.6374869048556104
14550,0.15,0.6,0.25,0.15,0.15,0.7,2.179,1.19,2.1055,0.9193139141234296,1.6590361952200983
14551,0.15,0.6,0.25,0.15,0.2,0.65,2.179,1.19,2.0935,0.9200894541250264,1.6867772307041513
14552,0.15,0.6,0.25,0.15,0.25,0.6,2.179,1.19,2.0815,0.9208706835535032,1.6941464509086472
14564,0.15,0.6,0.25,0.2,0.0,0.8,2.179,1.19,2.1220000000000003,0.9182567227908636,1.5995124667975926
14565,0.15,0.6,0.25,0.2,0.05,0.75,2.179,1.19,2.1100000000000003,0.919024540760334,1.6445914845528735
14566,0.15,0.6,0.25,0.2,0.1,0.7,2.179,1.19,2.098,0.9197979632405302,1.6583863142677173
14567,0.15,0.6,0.25,0.2,0.15,0.65,2.179,1.19,2.0860000000000003,0.9205770518194826,1.6877730640374846
14568,0.15,0.6,0.25,0.2,0.2,0.6,2.179,1.19,2.074,0.9213618689909272,1.692410154612351
14580,0.15,0.6,0.25,0.25,0.0,0.75,2.179,1.19,2.1025,0.9195072691420508,1.6445914845528735
14581,0.15,0.6,0.25,0.25,0.05,0.7,2.179,1.19,2.0905,0.9202842256594924,1.6603258976010509
14582,0.15,0.6,0.25,0.25,0.1,0.65,2.179,1.19,2.0785,0.9210668872270846,1.687123183085104
14595,0.15,0.6,0.25,0.3,0.0,0.7,2.179,1.19,2.083,0.9207727165954982,1.6603258976010509
14596,0.15,0.6,0.25,0.3,0.05,0.65,2.179,1.19,2.071,0.9215589757874354,1.687123183085104
14700,0.15,0.65,0.2,0.0,0.0,1.0,2.1605,1.19,2.2,0.9095395632342006,1.5709970207663375
14701,0.15,0.65,0.2,0.0,0.05,0.95,2.1605,1.19,2.188,0.9102586850176736,1.5717636116754283
14702,0.15,0.65,0.2,0.0,0.1,0.9,2.1605,1.19,2.176,0.9109829342291929,1.5717636116754283
14703,0.15,0.65,0.2,0.0,0.15,0.85,2.1605,1.19,2.164,0.911712365903764,1.5724134926278095
14704,0.15,0.65,0.2,0.0,0.2,0.8,2.1605,1.19,2.152,0.912447035866842,1.5724134926278095
14705,0.15,0.65,0.2,0.0,0.25,0.75,2.1605,1.19,2.14,0.9131870007485728,1.6031938037165878
14706,0.15,0.65,0.2,0.0,0.3,0.7,2.1605,1.19,2.128,0.913932317998345,1.6733479289155664
14720,0.15,0.65,0.2,0.05,0.0,0.95,2.1605,1.19,2.1805,0.9107107364280675,1.5709970207663375
14721,0.15,0.65,0.2,0.05,0.05,0.9,2.1605,1.19,2.1685000000000003,0.9114382181797124,1.5717636116754283
14722,0.15,0.65,0.2,0.05,0.1,0.85,2.1605,1.19,2.1565000000000003,0.91217091719179,1.5717636116754283
14723,0.15,0.65,0.2,0.05,0.15,0.8,2.1605,1.19,2.1445000000000003,0.9129088897909992,1.5730465878659046
14724,0.15,0.65,0.2,0.05,0.2,0.75,2.1605,1.19,2.1325000000000003,0.9136521931177872,1.6169127987921943
14725,0.15,0.65,0.2,0.05,0.25,0.7,2.1605,1.19,2.1205,0.9144008851410994,1.6580066238494189
14739,0.15,0.65,0.2,0.1,0.0,0.9,2.1605,1.19,2.161,0.911895540106734,1.5709970207663375
14740,0.15,0.65,0.2,0.1,0.05,0.85,2.1605,1.19,2.149,0.9126315284586484,1.5717636116754283
14741,0.15,0.65,0.2,0.1,0.1,0.8,2.1605,1.19,2.1370000000000005,0.9133728260141832,1.5866748686557972
14742,0.15,0.65,0.2,0.1,0.15,0.75,2.1605,1.19,2.125,0.914119490429849,1.6382106814057462
14743,0.15,0.65,0.2,0.1,0.2,0.7,2.1605,1.19,2.113,0.9148715802000336,1.6645101065649606
14744,0.15,0.65,0.2,0.1,0.25,0.65,2.1605,1.19,2.101,0.9156291546722796,1.6939805265487733
14757,0.15,0.65,0.2,0.15,0.0,0.85,2.1605,1.19,2.1415,0.9130942136168472,1.571630116004433
14758,0.15,0.65,0.2,0.15,0.05,0.8,2.1605,1.19,2.1295,0.913838858650486,1.6030690475656453
14759,0.15,0.65,0.2,0.15,0.1,0.75,2.1605,1.19,2.1175,0.9145889070040968,1.6458163233433296
14760,0.15,0.65,0.2,0.15,0.15,0.7,2.1605,1.19,2.1055,0.915344417703478,1.6663873387078179
14761,0.15,0.65,0.2,0.15,0.2,0.65,2.1605,1.19,2.0935,0.9161054506372994,1.693187980252477
14774,0.15,0.65,0.2,0.2,0.0,0.8,2.1605,1.19,2.1220000000000003,0.9143070019418448,1.6104625344438643
14775,0.15,0.65,0.2,0.2,0.05,0.75,2.1605,1.19,2.1100000000000003,0.9150604572900456,1.6529209030405931
14776,0.15,0.65,0.2,0.2,0.1,0.7,2.1605,1.19,2.098,0.9158194123123212,1.665737457755437
14777,0.15,0.65,0.2,0.2,0.15,0.65,2.1605,1.19,2.0860000000000003,0.91658392744465,1.6941838135858103
14778,0.15,0.65,0.2,0.2,0.2,0.6,2.1605,1.19,2.074,0.9173540640117755,1.6988209041606765
14790,0.15,0.65,0.2,0.25,0.0,0.75,2.1605,1.19,2.1025,0.9155341558688692,1.6529209030405931
14791,0.15,0.65,0.2,0.25,0.05,0.7,2.1605,1.19,2.0905,0.916296578821525,1.6676770410887705
14792,0.15,0.65,0.2,0.25,0.1,0.65,2.1605,1.19,2.0785,0.9170646001070138,1.6935339326334296
14805,0.15,0.65,0.2,0.3,0.0,0.7,2.1605,1.19,2.083,0.9167759321616604,1.6676770410887705
14806,0.15,0.65,0.2,0.3,0.05,0.65,2.1605,1.19,2.071,0.9175474837751842,1.6935339326334296
14910,0.15,0.7,0.15,0.0,0.0,1.0,2.142,1.19,2.2,0.9056807209179908,1.5709970207663375
14911,0.15,0.7,0.15,0.0,0.05,0.95,2.142,1.19,2.188,0.9063861345582448,1.5717636116754283
14912,0.15,0.7,0.15,0.0,0.1,0.9,2.142,1.19,2.176,0.9070965778857728,1.5717636116754283
14913,0.15,0.7,0.15,0.0,0.15,0.85,2.142,1.19,2.164,0.9078121048864858,1.5724134926278095
14914,0.15,0.7,0.15,0.0,0.2,0.8,2.142,1.19,2.152,0.908532770321674,1.5724134926278095
14915,0.15,0.7,0.15,0.0,0.25,0.75,2.142,1.19,2.14,0.9092586297419808,1.6031938037165878
14916,0.15,0.7,0.15,0.0,0.3,0.7,2.142,1.19,2.128,0.9099897395016748,1.6733479289155664
14930,0.15,0.7,0.15,0.05,0.0,0.95,2.142,1.19,2.1805,0.9068295688114082,1.5709970207663375
14931,0.15,0.7,0.15,0.05,0.05,0.9,2.142,1.19,2.1685000000000003,0.9075431830592864,1.5717636116754283
14932,0.15,0.7,0.15,0.05,0.1,0.85,2.142,1.19,2.1565000000000003,0.9082619151144103,1.5717636116754283
14933,0.15,0.7,0.15,0.05,0.15,0.8,2.142,1.19,2.1445000000000003,0.9089858202297604,1.5730465878659046
14934,0.15,0.7,0.15,0.05,0.2,0.75,2.142,1.19,2.1325000000000003,0.9097149544565528,1.617724218147033
14935,0.15,0.7,0.15,0.05,0.25,0.7,2.142,1.19,2.1205,0.9104493746587096,1.6610266572223642
14949,0.15,0.7,0.15,0.1,0.0,0.9,2.142,1.19,2.161,0.9079917873607024,1.5709970207663375
14950,0.15,0.7,0.15,0.1,0.05,0.85,2.142,1.19,2.149,0.9087137460531524,1.5717636116754283
14951,0.15,0.7,0.15,0.1,0.1,0.8,2.142,1.19,2.1370000000000005,0.9094409127433832,1.5874862880106357
14952,0.15,0.7,0.15,0.1,0.15,0.75,2.142,1.19,2.125,0.910173343988838,1.6382106814057462
14953,0.15,0.7,0.15,0.1,0.2,0.7,2.142,1.19,2.113,0.9109110971688644,1.6687072695675351
14954,0.15,0.7,0.15,0.1,0.25,0.65,2.142,1.19,2.101,0.9116542304997024,1.695763332648991
14967,0.15,0.7,0.15,0.15,0.0,0.85,2.142,1.19,2.1415,0.9091676113500152,1.571630116004433
14968,0.15,0.7,0.15,0.15,0.05,0.8,2.142,1.19,2.1295,0.9098980617075876,1.6030690475656453
14969,0.15,0.7,0.15,0.15,0.1,0.75,2.142,1.19,2.1175,0.9106338123852152,1.6500134863459044
14970,0.15,0.7,0.15,0.15,0.15,0.7,2.142,1.19,2.1055,0.9113749212835264,1.6705845017103922
14971,0.15,0.7,0.15,0.15,0.2,0.65,2.142,1.19,2.0935,0.9121214471495728,1.6961479159823245
14984,0.15,0.7,0.15,0.2,0.0,0.8,2.142,1.19,2.1220000000000003,0.9103572810928257,1.6174130057044565
14985,0.15,0.7,0.15,0.2,0.05,0.75,2.142,1.19,2.1100000000000003,0.9110963738197576,1.657118066043168
14986,0.15,0.7,0.15,0.2,0.1,0.7,2.142,1.19,2.098,0.9118408613841124,1.6699346207580115
14987,0.15,0.7,0.15,0.2,0.15,0.65,2.142,1.19,2.0860000000000003,0.9125908030698175,1.6971437493156578
15000,0.15,0.7,0.15,0.25,0.0,0.75,2.142,1.19,2.1025,0.9115610425956876,1.657118066043168
15001,0.15,0.7,0.15,0.25,0.05,0.7,2.142,1.19,2.0905,0.912308931983558,1.6718742040913448
15002,0.15,0.7,0.15,0.25,0.1,0.65,2.142,1.19,2.0785,0.913062312986943,1.6964938683632766
15015,0.15,0.7,0.15,0.3,0.0,0.7,2.142,1.19,2.083,0.9127791477278224,1.6718742040913448
15016,0.15,0.7,0.15,0.3,0.05,0.65,2.142,1.19,2.071,0.913535991762933,1.6964938683632766
15120,0.15,0.75,0.1,0.0,0.0,1.0,2.1235,1.19,2.2,0.9018218786017812,1.5788672987165364
15121,0.15,0.75,0.1,0.0,0.05,0.95,2.1235,1.19,2.188,0.9025135840988155,1.5796338896256272
15122,0.15,0.75,0.1,0.0,0.1,0.9,2.1235,1.19,2.176,0.9032102215423532,1.5773867424784802
15123,0.15,0.75,0.1,0.0,0.15,0.85,2.1235,1.19,2.164,0.9039118438692074,1.578036623430861
15124,0.15,0.75,0.1,0.0,0.2,0.8,2.1235,1.19,2.152,0.9046185047765062,1.5766208801876178
15125,0.15,0.75,0.1,0.0,0.25,0.75,2.1235,1.19,2.14,0.905330258735389,1.6074011912763961
15126,0.15,0.75,0.1,0.0,0.3,0.7,2.1235,1.19,2.128,0.9060471610050048,1.6751256561882937
15140,0.15,0.75,0.1,0.05,0.0,0.95,2.1235,1.19,2.1805,0.9029484011947488,1.5766201515693894
15141,0.15,0.75,0.1,0.05,0.05,0.9,2.1235,1.19,2.1685000000000003,0.90364814793886,1.5773867424784802
15142,0.15,0.75,0.1,0.05,0.1,0.85,2.1235,1.19,2.1565000000000003,0.9043529130370308,1.575970999235237
15143,0.15,0.75,0.1,0.05,0.15,0.8,2.1235,1.19,2.1445000000000003,0.9050627506685216,1.5772539754257133
15144,0.15,0.75,0.1,0.05,0.2,0.75,2.1235,1.19,2.1325000000000003,0.9057777157953186,1.620890545100781
15145,0.15,0.75,0.1,0.05,0.25,0.7,2.1235,1.19,2.1205,0.90649786417632,1.6625051420708488
15159,0.15,0.75,0.1,0.1,0.0,0.9,2.1235,1.19,2.161,0.9040880346146708,1.5766201515693894
15160,0.15,0.75,0.1,0.1,0.05,0.85,2.1235,1.19,2.149,0.904795963647656,1.575970999235237
15161,0.15,0.75,0.1,0.1,0.1,0.8,2.1235,1.19,2.1370000000000005,0.9055089994725836,1.5906526149643838
15162,0.15,0.75,0.1,0.1,0.15,0.75,2.1235,1.19,2.125,0.9062271975478272,1.640462008359494
15163,0.15,0.75,0.1,0.1,0.2,0.7,2.1235,1.19,2.113,0.9069506141376956,1.67018575441602
15164,0.15,0.75,0.1,0.1,0.25,0.65,2.1235,1.19,2.101,0.9076793063271256,1.6963790902247486
15177,0.15,0.75,0.1,0.15,0.0,0.85,2.1235,1.19,2.1415,0.9052410090831832,1.5758375035642413
15178,0.15,0.75,0.1,0.15,0.05,0.8,2.1235,1.19,2.1295,0.9059572647646892,1.6062353745193931
15179,0.15,0.75,0.1,0.15,0.1,0.75,2.1235,1.19,2.1175,0.9066787177663332,1.6522648132996525
15180,0.15,0.75,0.1,0.15,0.15,0.7,2.1235,1.19,2.1055,0.9074054248635745,1.672062986558877
15181,0.15,0.75,0.1,0.15,0.2,0.65,2.1235,1.19,2.0935,0.908137443661846,1.696763673558082
15194,0.15,0.75,0.1,0.2,0.0,0.8,2.1235,1.19,2.1220000000000003,0.9064075602438064,1.6196643326582045
15195,0.15,0.75,0.1,0.2,0.05,0.75,2.1235,1.19,2.1100000000000003,0.9071322903494692,1.659369392996916
15196,0.15,0.75,0.1,0.2,0.1,0.7,2.1235,1.19,2.098,0.9078623104559032,1.6714131056064963
15197,0.15,0.75,0.1,0.2,0.15,0.65,2.1235,1.19,2.0860000000000003,0.9085976786949852,1.6977595068914153
15210,0.15,0.75,0.1,0.25,0.0,0.75,2.1235,1.19,2.1025,0.9075879293225056,1.659369392996916
15211,0.15,0.75,0.1,0.25,0.05,0.7,2.1235,1.19,2.0905,0.9083212851455912,1.6733526889398298
15212,0.15,0.75,0.1,0.25,0.1,0.65,2.1235,1.19,2.0785,0.9090600258668724,1.6971096259390344
15225,0.15,0.75,0.1,0.3,0.0,0.7,2.1235,1.19,2.083,0.9087823632939848,1.6733526889398298
15226,0.15,0.75,0.1,0.3,0.05,0.65,2.1235,1.19,2.071,0.9095244997506816,1.6971096259390344
15333,0.15,0.8,0.05,0.0,0.15,0.85,2.105,1.19,2.164,0.9000115828519295,1.6020149218722883
15334,0.15,0.8,0.05,0.0,0.2,0.8,2.105,1.19,2.152,0.9007042392313381,1.5967563004134209
15335,0.15,0.8,0.05,0.0,0.25,0.75,2.105,1.19,2.14,0.901401887728797,1.6242459052481837
15336,0.15,0.8,0.05,0.0,0.3,0.7,2.105,1.19,2.128,0.902104582508335,1.680931317820514
15352,0.15,0.8,0.05,0.05,0.1,0.85,2.105,1.19,2.1565000000000003,0.9004439109596508,1.5961064194610401
15353,0.15,0.8,0.05,0.05,0.15,0.8,2.105,1.19,2.1445000000000003,0.9011396811072826,1.5973893956515164
15354,0.15,0.8,0.05,0.05,0.2,0.75,2.105,1.19,2.1325000000000003,0.9018404771340844,1.636958239841799
15355,0.15,0.8,0.05,0.05,0.25,0.7,2.105,1.19,2.1205,0.9025463536939304,1.672347436684467
15369,0.15,0.8,0.05,0.1,0.0,0.9,2.105,1.19,2.161,0.9001842818686396,1.6005984500108164
15370,0.15,0.8,0.05,0.1,0.05,0.85,2.105,1.19,2.149,0.90087818124216,1.5961064194610401
15371,0.15,0.8,0.05,0.1,0.1,0.8,2.105,1.19,2.1370000000000005,0.9015770862017838,1.6100110159594174
15372,0.15,0.8,0.05,0.1,0.15,0.75,2.105,1.19,2.125,0.9022810511068164,1.651496191862001
15373,0.15,0.8,0.05,0.1,0.2,0.7,2.105,1.19,2.113,0.9029901311065266,1.677737797307328
15387,0.15,0.8,0.05,0.15,0.0,0.85,2.105,1.19,2.1415,0.9013144068163512,1.5959729237900444
15388,0.15,0.8,0.05,0.15,0.05,0.8,2.105,1.19,2.1295,0.902016467821791,1.621467604343256
15389,0.15,0.8,0.05,0.15,0.1,0.75,2.105,1.19,2.1175,0.9027236231474516,1.6621071079132708
15390,0.15,0.8,0.05,0.15,0.15,0.7,2.105,1.19,2.1055,0.9034359284436224,1.679615029450185
15404,0.15,0.8,0.05,0.2,0.0,0.8,2.105,1.19,2.1220000000000003,0.9024578393947874,1.6327973335258386
15405,0.15,0.8,0.05,0.2,0.05,0.75,2.105,1.19,2.1100000000000003,0.903168206879181,1.6669214358882234
15406,0.15,0.8,0.05,0.2,0.1,0.7,2.105,1.19,2.098,0.9038837595276944,1.678965148497804
15420,0.15,0.8,0.05,0.25,0.0,0.75,2.105,1.19,2.1025,0.9036148160493236,1.6669214358882234
15421,0.15,0.8,0.05,0.25,0.05,0.7,2.105,1.19,2.0905,0.9043336383076238,1.6794889885878943
15435,0.15,0.8,0.05,0.3,0.0,0.7,2.105,1.19,2.083,0.904785578860147,1.6794889885878943
15540,0.2,0.0,0.8,0.0,0.0,1.0,2.358,1.19,2.2,0.9507353122856292,1.5383365827112527
15541,0.2,0.0,0.8,0.0,0.05,0.95,2.358,1.19,2.188,0.9516007777602264,1.5391031736203433
15542,0.2,0.0,0.8,0.0,0.1,0.9,2.358,1.19,2.176,0.9524724141116478,1.5391031736203433
15543,0.2,0.0,0.8,0.0,0.15,0.85,2.358,1.19,2.164,0.9533502875747072,1.5397530545727245
15544,0.2,0.0,0.8,0.0,0.2,0.8,2.358,1.19,2.152,0.9542344653355264,1.5397530545727245
15545,0.2,0.0,0.8,0.0,0.25,0.75,2.358,1.19,2.14,0.955125015548676,1.5802781268596373
15546,0.2,0.0,0.8,0.0,0.3,0.7,2.358,1.19,2.128,0.9560220073546872,1.6649008667919842
15560,0.2,0.0,0.8,0.05,0.0,0.95,2.358,1.19,2.1805,0.9521448231464608,1.5383365827112527
15561,0.2,0.0,0.8,0.05,0.05,0.9,2.358,1.19,2.1685000000000003,0.953020349870748,1.5391031736203433
15562,0.2,0.0,0.8,0.05,0.1,0.85,2.358,1.19,2.1565000000000003,0.953902155585438,1.5391031736203433
15563,0.2,0.0,0.8,0.05,0.15,0.8,2.358,1.19,2.1445000000000003,0.9547903080799012,1.541624721239391
15564,0.2,0.0,0.8,0.05,0.2,0.75,2.358,1.19,2.1325000000000003,0.9556848761228568,1.595608604642909
15565,0.2,0.0,0.8,0.05,0.25,0.7,2.358,1.19,2.1205,0.9565859294801248,1.6465936105196914
15579,0.2,0.0,0.8,0.1,0.0,0.9,2.358,1.19,2.161,0.953570738341393,1.5383365827112527
15580,0.2,0.0,0.8,0.1,0.05,0.85,2.358,1.19,2.149,0.954456502787592,1.5391031736203433
15581,0.2,0.0,0.8,0.1,0.1,0.8,2.358,1.19,2.1370000000000005,0.9553486568781278,1.5580416143665783
15582,0.2,0.0,0.8,0.1,0.15,0.75,2.358,1.19,2.125,0.9562472700028032,1.619737550708365
15583,0.2,0.0,0.8,0.1,0.2,0.7,2.358,1.19,2.113,0.9571524125598104,1.655045567355316
15584,0.2,0.0,0.8,0.1,0.25,0.65,2.358,1.19,2.101,0.9580641559741158,1.6854563812785224
15597,0.2,0.0,0.8,0.15,0.0,0.85,2.358,1.19,2.1415,0.9550133459249198,1.5402082493779192
15598,0.2,0.0,0.8,0.15,0.05,0.8,2.358,1.19,2.1295,0.9559095287165634,1.5772668567283303
15599,0.2,0.0,0.8,0.15,0.1,0.75,2.358,1.19,2.1175,0.9568122144218876,1.634420575800352
15600,0.2,0.0,0.8,0.15,0.15,0.7,2.358,1.19,2.1055,0.957721474078639,1.656922799498173
15601,0.2,0.0,0.8,0.15,0.2,0.65,2.358,1.19,2.0935,0.9586373797630322,1.6846638349822263
15602,0.2,0.0,0.8,0.15,0.25,0.6,2.358,1.19,2.0815,0.9595600046087964,1.6920330551867222
15614,0.2,0.0,0.8,0.2,0.0,0.8,2.358,1.19,2.1220000000000003,0.9564729407354264,1.5925425608988877
15615,0.2,0.0,0.8,0.2,0.05,0.75,2.358,1.19,2.1100000000000003,0.9573797267701496,1.6415251554976151
15616,0.2,0.0,0.8,0.2,0.1,0.7,2.358,1.19,2.098,0.9582931316810388,1.6562729185457923
15617,0.2,0.0,0.8,0.2,0.15,0.65,2.358,1.19,2.0860000000000003,0.9592132282029968,1.6856596683155596
15618,0.2,0.0,0.8,0.2,0.2,0.6,2.358,1.19,2.074,0.9601400901405572,1.6902967588904259
15630,0.2,0.0,0.8,0.25,0.0,0.75,2.358,1.19,2.1025,0.9579498245960804,1.6415251554976151
15631,0.2,0.0,0.8,0.25,0.05,0.7,2.358,1.19,2.0905,0.9588674031727958,1.6582125018791256
15632,0.2,0.0,0.8,0.25,0.1,0.65,2.358,1.19,2.0785,0.959791719361823,1.6850097873631789
15645,0.2,0.0,0.8,0.3,0.0,0.7,2.358,1.19,2.083,0.959444306522902,1.6582125018791256
15646,0.2,0.0,0.8,0.3,0.05,0.65,2.358,1.19,2.071,0.9603728714735416,1.6850097873631789
15750,0.2,0.05,0.75,0.0,0.0,1.0,2.3395,1.19,2.2,0.9468764699694197,1.5383365827112527
15751,0.2,0.05,0.75,0.0,0.05,0.95,2.3395,1.19,2.188,0.9477282273007974,1.5391031736203433
15752,0.2,0.05,0.75,0.0,0.1,0.9,2.3395,1.19,2.176,0.948586057768228,1.5391031736203433
15753,0.2,0.05,0.75,0.0,0.15,0.85,2.3395,1.19,2.164,0.949450026557429,1.5397530545727245
15754,0.2,0.05,0.75,0.0,0.2,0.8,2.3395,1.19,2.152,0.9503201997903584,1.5397530545727245
15755,0.2,0.05,0.75,0.0,0.25,0.75,2.3395,1.19,2.14,0.951196644542084,1.5802781268596373
15756,0.2,0.05,0.75,0.0,0.3,0.7,2.3395,1.19,2.128,0.9520794288580172,1.6649008667919842
15770,0.2,0.05,0.75,0.05,0.0,0.95,2.3395,1.19,2.1805,0.9482636555298012,1.5383365827112527
15771,0.2,0.05,0.75,0.05,0.05,0.9,2.3395,1.19,2.1685000000000003,0.949125314750322,1.5391031736203433
15772,0.2,0.05,0.75,0.05,0.1,0.85,2.3395,1.19,2.1565000000000003,0.9499931535080584,1.5391031736203433
15773,0.2,0.05,0.75,0.05,0.15,0.8,2.3395,1.19,2.1445000000000003,0.9508672385186622,1.541624721239391
15774,0.2,0.05,0.75,0.05,0.2,0.75,2.3395,1.19,2.1325000000000003,0.9517476374616224,1.595608604642909
15775,0.2,0.05,0.75,0.05,0.25,0.7,2.3395,1.19,2.1205,0.952634418997735,1.6465936105196914
15789,0.2,0.05,0.75,0.1,0.0,0.9,2.3395,1.19,2.161,0.9496669855953618,1.5383365827112527
15790,0.2,0.05,0.75,0.1,0.05,0.85,2.3395,1.19,2.149,0.950538720382096,1.5391031736203433
15791,0.2,0.05,0.75,0.1,0.1,0.8,2.3395,1.19,2.1370000000000005,0.951416743607328,1.5580416143665783
15792,0.2,0.05,0.75,0.1,0.15,0.75,2.3395,1.19,2.125,0.9523011235617924,1.619737550708365
15793,0.2,0.05,0.75,0.1,0.2,0.7,2.3395,1.19,2.113,0.9531919295286416,1.655045567355316
15794,0.2,0.05,0.75,0.1,0.25,0.65,2.3395,1.19,2.101,0.9540892318015388,1.6854563812785224
15807,0.2,0.05,0.75,0.15,0.0,0.85,2.3395,1.19,2.1415,0.9510867436580877,1.5402082493779192
15808,0.2,0.05,0.75,0.15,0.05,0.8,2.3395,1.19,2.1295,0.9519687317736648,1.5772668567283303
15809,0.2,0.05,0.75,0.15,0.1,0.75,2.3395,1.19,2.1175,0.952857119803006,1.634420575800352
15810,0.2,0.05,0.75,0.15,0.15,0.7,2.3395,1.19,2.1055,0.9537519776586872,1.656922799498173
15811,0.2,0.05,0.75,0.15,0.2,0.65,2.3395,1.19,2.0935,0.9546533762753052,1.6846638349822263
15812,0.2,0.05,0.75,0.15,0.25,0.6,2.3395,1.19,2.0815,0.9555613876282214,1.6920330551867222
15824,0.2,0.05,0.75,0.2,0.0,0.8,2.3395,1.19,2.1220000000000003,0.9525232198864076,1.5925425608988877
15825,0.2,0.05,0.75,0.2,0.05,0.75,2.3395,1.19,2.1100000000000003,0.9534156432998616,1.6415251554976151
15826,0.2,0.05,0.75,0.2,0.1,0.7,2.3395,1.19,2.098,0.9543145807528298,1.6562729185457923
15827,0.2,0.05,0.75,0.2,0.15,0.65,2.3395,1.19,2.0860000000000003,0.9552201038281642,1.6856596683155596
15828,0.2,0.05,0.75,0.2,0.2,0.6,2.3395,1.19,2.074,0.9561322851614056,1.6902967588904259
15840,0.2,0.05,0.75,0.25,0.0,0.75,2.3395,1.19,2.1025,0.9539767113228989,1.6415251554976151
15841,0.2,0.05,0.75,0.25,0.05,0.7,2.3395,1.19,2.0905,0.9548797563348286,1.6582125018791256
15842,0.2,0.05,0.75,0.25,0.1,0.65,2.3395,1.19,2.0785,0.9557894322417522,1.6850097873631789
15855,0.2,0.05,0.75,0.3,0.0,0.7,2.3395,1.19,2.083,0.955447522089064,1.6582125018791256
15856,0.2,0.05,0.75,0.3,0.05,0.65,2.3395,1.19,2.071,0.9563613794612904,1.6850097873631789
15960,0.2,0.1,0.7,0.0,0.0,1.0,2.321,1.19,2.2,0.9430176276532096,1.5383365827112527
15961,0.2,0.1,0.7,0.0,0.05,0.95,2.321,1.19,2.188,0.9438556768413684,1.5391031736203433
15962,0.2,0.1,0.7,0.0,0.1,0.9,2.321,1.19,2.176,0.944699701424808,1.5391031736203433
15963,0.2,0.1,0.7,0.0,0.15,0.85,2.321,1.19,2.164,0.9455497655401506,1.5397530545727245
15964,0.2,0.1,0.7,0.0,0.2,0.8,2.321,1.19,2.152,0.9464059342451904,1.5397530545727245
15965,0.2,0.1,0.7,0.0,0.25,0.75,2.321,1.19,2.14,0.947268273535492,1.5802781268596373
15966,0.2,0.1,0.7,0.0,0.3,0.7,2.321,1.19,2.128,0.9481368503613472,1.6649008667919842
15980,0.2,0.1,0.7,0.05,0.0,0.95,2.321,1.19,2.1805,0.9443824879131416,1.5383365827112527
15981,0.2,0.1,0.7,0.05,0.05,0.9,2.321,1.19,2.1685000000000003,0.9452302796298956,1.5391031736203433
15982,0.2,0.1,0.7,0.05,0.1,0.85,2.321,1.19,2.1565000000000003,0.9460841514306786,1.5391031736203433
15983,0.2,0.1,0.7,0.05,0.15,0.8,2.321,1.19,2.1445000000000003,0.9469441689574232,1.541624721239391
15984,0.2,0.1,0.7,0.05,0.2,0.75,2.321,1.19,2.1325000000000003,0.947810398800388,1.595608604642909
15985,0.2,0.1,0.7,0.05,0.25,0.7,2.321,1.19,2.1205,0.9486829085153452,1.6465936105196914
15999,0.2,0.1,0.7,0.1,0.0,0.9,2.321,1.19,2.161,0.9457632328493302,1.5383365827112527
16000,0.2,0.1,0.7,0.1,0.05,0.85,2.321,1.19,2.149,0.9466209379766,1.5391031736203433
16001,0.2,0.1,0.7,0.1,0.1,0.8,2.321,1.19,2.1370000000000005,0.947484830336528,1.5580416143665783
16002,0.2,0.1,0.7,0.1,0.15,0.75,2.321,1.19,2.125,0.9483549771207812,1.619737550708365
16003,0.2,0.1,0.7,0.1,0.2,0.7,2.321,1.19,2.113,0.9492314464974724,1.655045567355316
16004,0.2,0.1,0.7,0.1,0.25,0.65,2.321,1.19,2.101,0.9501143076289617,1.6854563812785224
16017,0.2,0.1,0.7,0.15,0.0,0.85,2.321,1.19,2.1415,0.9471601413912556,1.5402082493779192
16018,0.2,0.1,0.7,0.15,0.05,0.8,2.321,1.19,2.1295,0.9480279348307664,1.5772668567283303
16019,0.2,0.1,0.7,0.15,0.1,0.75,2.321,1.19,2.1175,0.948902025184124,1.634420575800352
16020,0.2,0.1,0.7,0.15,0.15,0.7,2.321,1.19,2.1055,0.9497824812387352,1.656922799498173
16021,0.2,0.1,0.7,0.15,0.2,0.65,2.321,1.19,2.0935,0.9506693727875786,1.6846638349822263
16022,0.2,0.1,0.7,0.15,0.25,0.6,2.321,1.19,2.0815,0.9515627706476464,1.6920330551867222
16034,0.2,0.1,0.7,0.2,0.0,0.8,2.321,1.19,2.1220000000000003,0.9485734990373884,1.5925425608988877
16035,0.2,0.1,0.7,0.2,0.05,0.75,2.321,1.19,2.1100000000000003,0.9494515598295732,1.6415251554976151
16036,0.2,0.1,0.7,0.2,0.1,0.7,2.321,1.19,2.098,0.9503360298246208,1.6562729185457923
16037,0.2,0.1,0.7,0.2,0.15,0.65,2.321,1.19,2.0860000000000003,0.9512269794533316,1.6856596683155596
16038,0.2,0.1,0.7,0.2,0.2,0.6,2.321,1.19,2.074,0.9521244801822536,1.6902967588904259
16050,0.2,0.1,0.7,0.25,0.0,0.75,2.321,1.19,2.1025,0.9500035980497168,1.6415251554976151
16051,0.2,0.1,0.7,0.25,0.05,0.7,2.321,1.19,2.0905,0.9508921094968616,1.6582125018791256
16052,0.2,0.1,0.7,0.25,0.1,0.65,2.321,1.19,2.0785,0.9517871451216812,1.6850097873631789
16065,0.2,0.1,0.7,0.3,0.0,0.7,2.321,1.19,2.083,0.951450737655226,1.6582125018791256
16066,0.2,0.1,0.7,0.3,0.05,0.65,2.321,1.19,2.071,0.9523498874490388,1.6850097873631789
16170,0.2,0.15,0.65,0.0,0.0,1.0,2.3025,1.19,2.2,0.9391587853369998,1.5383365827112527
16171,0.2,0.15,0.65,0.0,0.05,0.95,2.3025,1.19,2.188,0.9399831263819391,1.5391031736203433
16172,0.2,0.15,0.65,0.0,0.1,0.9,2.3025,1.19,2.176,0.9408133450813884,1.5391031736203433
16173,0.2,0.15,0.65,0.0,0.15,0.85,2.3025,1.19,2.164,0.9416495045228724,1.5397530545727245
16174,0.2,0.15,0.65,0.0,0.2,0.8,2.3025,1.19,2.152,0.9424916687000224,1.5397530545727245
16175,0.2,0.15,0.65,0.0,0.25,0.75,2.3025,1.19,2.14,0.9433399025289,1.5802781268596373
16176,0.2,0.15,0.65,0.0,0.3,0.7,2.3025,1.19,2.128,0.9441942718646772,1.6649008667919842
16190,0.2,0.15,0.65,0.05,0.0,0.95,2.3025,1.19,2.1805,0.940501320296482,1.5383365827112527
16191,0.2,0.15,0.65,0.05,0.05,0.9,2.3025,1.19,2.1685000000000003,0.9413352445094696,1.5391031736203433
16192,0.2,0.15,0.65,0.05,0.1,0.85,2.3025,1.19,2.1565000000000003,0.9421751493532988,1.5391031736203433
16193,0.2,0.15,0.65,0.05,0.15,0.8,2.3025,1.19,2.1445000000000003,0.9430210993961844,1.541624721239391
16194,0.2,0.15,0.65,0.05,0.2,0.75,2.3025,1.19,2.1325000000000003,0.9438731601391538,1.595608604642909
16195,0.2,0.15,0.65,0.05,0.25,0.7,2.3025,1.19,2.1205,0.9447313980329556,1.6465936105196914
16209,0.2,0.15,0.65,0.1,0.0,0.9,2.3025,1.19,2.161,0.9418594801032988,1.5383365827112527
16210,0.2,0.15,0.65,0.1,0.05,0.85,2.3025,1.19,2.149,0.9427031555711038,1.5391031736203433
16211,0.2,0.15,0.65,0.1,0.1,0.8,2.3025,1.19,2.1370000000000005,0.943552917065728,1.5580416143665783
16212,0.2,0.15,0.65,0.1,0.15,0.75,2.3025,1.19,2.125,0.9444088306797704,1.619737550708365
16213,0.2,0.15,0.65,0.1,0.2,0.7,2.3025,1.19,2.113,0.9452709634663032,1.655045567355316
16214,0.2,0.15,0.65,0.1,0.25,0.65,2.3025,1.19,2.101,0.9461393834563844,1.6854563812785224
16227,0.2,0.15,0.65,0.15,0.0,0.85,2.3025,1.19,2.1415,0.9432335391244236,1.5402082493779192
16228,0.2,0.15,0.65,0.15,0.05,0.8,2.3025,1.19,2.1295,0.9440871378878682,1.5772668567283303
16229,0.2,0.15,0.65,0.15,0.1,0.75,2.3025,1.19,2.1175,0.9449469305652424,1.634420575800352
16230,0.2,0.15,0.65,0.15,0.15,0.7,2.3025,1.19,2.1055,0.9458129848187834,1.656922799498173
16231,0.2,0.15,0.65,0.15,0.2,0.65,2.3025,1.19,2.0935,0.9466853692998516,1.6846638349822263
16232,0.2,0.15,0.65,0.15,0.25,0.6,2.3025,1.19,2.0815,0.9475641536670716,1.6920330551867222
16244,0.2,0.15,0.65,0.2,0.0,0.8,2.3025,1.19,2.1220000000000003,0.9446237781883692,1.5925425608988877
16245,0.2,0.15,0.65,0.2,0.05,0.75,2.3025,1.19,2.1100000000000003,0.945487476359285,1.6415251554976151
16246,0.2,0.15,0.65,0.2,0.1,0.7,2.3025,1.19,2.098,0.9463574788964118,1.6562729185457923
16247,0.2,0.15,0.65,0.2,0.15,0.65,2.3025,1.19,2.0860000000000003,0.9472338550784992,1.6856596683155596
16248,0.2,0.15,0.65,0.2,0.2,0.6,2.3025,1.19,2.074,0.9481166752031022,1.6902967588904259
16260,0.2,0.15,0.65,0.25,0.0,0.75,2.3025,1.19,2.1025,0.946030484776535,1.6415251554976151
16261,0.2,0.15,0.65,0.25,0.05,0.7,2.3025,1.19,2.0905,0.9469044626588944,1.6582125018791256
16262,0.2,0.15,0.65,0.25,0.1,0.65,2.3025,1.19,2.0785,0.9477848580016108,1.6850097873631789
16275,0.2,0.15,0.65,0.3,0.0,0.7,2.3025,1.19,2.083,0.9474539532213884,1.6582125018791256
16276,0.2,0.15,0.65,0.3,0.05,0.65,2.3025,1.19,2.071,0.948338395436788,1.6850097873631789
16380,0.2,0.2,0.6,0.0,0.0,1.0,2.284,1.19,2.2,0.9352999430207902,1.539178756624296
16381,0.2,0.2,0.6,0.0,0.05,0.95,2.284,1.19,2.188,0.9361105759225103,1.539945347533387
16382,0.2,0.2,0.6,0.0,0.1,0.9,2.284,1.19,2.176,0.9369269887379684,1.5391031736203433
16383,0.2,0.2,0.6,0.0,0.15,0.85,2.284,1.19,2.164,0.9377492435055944,1.5397530545727245
16384,0.2,0.2,0.6,0.0,0.2,0.8,2.284,1.19,2.152,0.9385774031548548,1.5397530545727245
16385,0.2,0.2,0.6,0.0,0.25,0.75,2.284,1.19,2.14,0.939411531522308,1.5802781268596373
16386,0.2,0.2,0.6,0.0,0.3,0.7,2.284,1.19,2.128,0.9402516933680072,1.6649008667919842
16400,0.2,0.2,0.6,0.05,0.0,0.95,2.284,1.19,2.1805,0.9366201526798222,1.5383365827112527
16401,0.2,0.2,0.6,0.05,0.05,0.9,2.284,1.19,2.1685000000000003,0.9374402093890436,1.5391031736203433
16402,0.2,0.2,0.6,0.05,0.1,0.85,2.284,1.19,2.1565000000000003,0.9382661472759192,1.5391031736203433
16403,0.2,0.2,0.6,0.05,0.15,0.8,2.284,1.19,2.1445000000000003,0.9390980298349452,1.541624721239391
16404,0.2,0.2,0.6,0.05,0.2,0.75,2.284,1.19,2.1325000000000003,0.9399359214779192,1.595608604642909
16405,0.2,0.2,0.6,0.05,0.25,0.7,2.284,1.19,2.1205,0.940779887550566,1.6465936105196914
16419,0.2,0.2,0.6,0.1,0.0,0.9,2.284,1.19,2.161,0.9379557273572676,1.5383365827112527
16420,0.2,0.2,0.6,0.1,0.05,0.85,2.284,1.19,2.149,0.938785373165608,1.5391031736203433
16421,0.2,0.2,0.6,0.1,0.1,0.8,2.284,1.19,2.1370000000000005,0.9396210037949282,1.5580416143665783
16422,0.2,0.2,0.6,0.1,0.15,0.75,2.284,1.19,2.125,0.9404626842387594,1.619737550708365
16423,0.2,0.2,0.6,0.1,0.2,0.7,2.284,1.19,2.113,0.9413104804351344,1.655045567355316
16424,0.2,0.2,0.6,0.1,0.25,0.65,2.284,1.19,2.101,0.9421644592838077,1.6854563812785224
16437,0.2,0.2,0.6,0.15,0.0,0.85,2.284,1.19,2.1415,0.9393069368575911,1.5402082493779192
16438,0.2,0.2,0.6,0.15,0.05,0.8,2.284,1.19,2.1295,0.9401463409449698,1.5772668567283303
16439,0.2,0.2,0.6,0.15,0.1,0.75,2.284,1.19,2.1175,0.9409918359463608,1.634420575800352
16440,0.2,0.2,0.6,0.15,0.15,0.7,2.284,1.19,2.1055,0.9418434883988316,1.656922799498173
16441,0.2,0.2,0.6,0.15,0.2,0.65,2.284,1.19,2.0935,0.9427013658121246,1.6846638349822263
16442,0.2,0.2,0.6,0.15,0.25,0.6,2.284,1.19,2.0815,0.9435655366864965,1.6920330551867222
16454,0.2,0.2,0.6,0.2,0.0,0.8,2.284,1.19,2.1220000000000003,0.9406740573393504,1.5925425608988877
16455,0.2,0.2,0.6,0.2,0.05,0.75,2.284,1.19,2.1100000000000003,0.9415233928889968,1.6415251554976151
16456,0.2,0.2,0.6,0.2,0.1,0.7,2.284,1.19,2.098,0.9423789279682028,1.6562729185457923
16457,0.2,0.2,0.6,0.2,0.15,0.65,2.284,1.19,2.0860000000000003,0.9432407307036668,1.6856596683155596
16458,0.2,0.2,0.6,0.2,0.2,0.6,2.284,1.19,2.074,0.9441088702239504,1.6902967588904259
16470,0.2,0.2,0.6,0.25,0.0,0.75,2.284,1.19,2.1025,0.9420573715033532,1.6415251554976151
16471,0.2,0.2,0.6,0.25,0.05,0.7,2.284,1.19,2.0905,0.9429168158209272,1.6582125018791256
16472,0.2,0.2,0.6,0.25,0.1,0.65,2.284,1.19,2.0785,0.94378257088154,1.6850097873631789
16485,0.2,0.2,0.6,0.3,0.0,0.7,2.284,1.19,2.083,0.9434571687875504,1.6582125018791256
16486,0.2,0.2,0.6,0.3,0.05,0.65,2.284,1.19,2.071,0.9443269034245368,1.6850097873631789
16590,0.2,0.25,0.55,0.0,0.0,1.0,2.2655000000000003,1.19,2.2,0.9314411007045804,1.539178756624296
16591,0.2,0.25,0.55,0.0,0.05,0.95,2.2655000000000003,1.19,2.188,0.9322380254630817,1.539945347533387
16592,0.2,0.25,0.55,0.0,0.1,0.9,2.2655000000000003,1.19,2.176,0.9330406323945488,1.539945347533387
16593,0.2,0.25,0.55,0.0,0.15,0.85,2.2655000000000003,1.19,2.164,0.9338489824883162,1.5405952284857676
16594,0.2,0.25,0.55,0.0,0.2,0.8,2.2655000000000003,1.19,2.152,0.9346631376096868,1.5405952284857676
16595,0.2,0.25,0.55,0.0,0.25,0.75,2.2655000000000003,1.19,2.14,0.935483160515716,1.5802781268596373
16596,0.2,0.25,0.55,0.0,0.3,0.7,2.2655000000000003,1.19,2.128,0.9363091148713372,1.6649008667919842
16610,0.2,0.25,0.55,0.05,0.0,0.95,2.2655000000000003,1.19,2.1805,0.9327389850631628,1.539178756624296
16611,0.2,0.25,0.55,0.05,0.05,0.9,2.2655000000000003,1.19,2.1685000000000003,0.9335451742686176,1.539945347533387
16612,0.2,0.25,0.55,0.05,0.1,0.85,2.2655000000000003,1.19,2.1565000000000003,0.9343571451985396,1.539945347533387
16613,0.2,0.25,0.55,0.05,0.15,0.8,2.2655000000000003,1.19,2.1445000000000003,0.9351749602737064,1.5424668951524347
16614,0.2,0.25,0.55,0.05,0.2,0.75,2.2655000000000003,1.19,2.1325000000000003,0.935998682816685,1.595608604642909
16615,0.2,0.25,0.55,0.05,0.25,0.7,2.2655000000000003,1.19,2.1205,0.9368283770681762,1.6465936105196914
16629,0.2,0.25,0.55,0.1,0.0,0.9,2.2655000000000003,1.19,2.161,0.9340519746112363,1.539178756624296
16630,0.2,0.25,0.55,0.1,0.05,0.85,2.2655000000000003,1.19,2.149,0.934867590760112,1.539945347533387
16631,0.2,0.25,0.55,0.1,0.1,0.8,2.2655000000000003,1.19,2.1370000000000005,0.9356890905241284,1.5588837882796218
16632,0.2,0.25,0.55,0.1,0.15,0.75,2.2655000000000003,1.19,2.125,0.9365165377977488,1.619737550708365
16633,0.2,0.25,0.55,0.1,0.2,0.7,2.2655000000000003,1.19,2.113,0.9373499974039656,1.655045567355316
16634,0.2,0.25,0.55,0.1,0.25,0.65,2.2655000000000003,1.19,2.101,0.9381895351112304,1.6854563812785224
16647,0.2,0.25,0.55,0.15,0.0,0.85,2.2655000000000003,1.19,2.1415,0.9353803345907592,1.5410504232909625
16648,0.2,0.25,0.55,0.15,0.05,0.8,2.2655000000000003,1.19,2.1295,0.9362055440020716,1.5781090306413739
16649,0.2,0.25,0.55,0.15,0.1,0.75,2.2655000000000003,1.19,2.1175,0.9370367413274794,1.634420575800352
16650,0.2,0.25,0.55,0.15,0.15,0.7,2.2655000000000003,1.19,2.1055,0.93787399197888,1.656922799498173
16651,0.2,0.25,0.55,0.15,0.2,0.65,2.2655000000000003,1.19,2.0935,0.9387173623243978,1.6846638349822263
16652,0.2,0.25,0.55,0.15,0.25,0.6,2.2655000000000003,1.19,2.0815,0.9395669197059217,1.6920330551867222
16664,0.2,0.25,0.55,0.2,0.0,0.8,2.2655000000000003,1.19,2.1220000000000003,0.9367243364903314,1.5925425608988877
16665,0.2,0.25,0.55,0.2,0.05,0.75,2.2655000000000003,1.19,2.1100000000000003,0.9375593094187088,1.6415251554976151
16666,0.2,0.25,0.55,0.2,0.1,0.7,2.2655000000000003,1.19,2.098,0.938400377039994,1.6562729185457923
16667,0.2,0.25,0.55,0.2,0.15,0.65,2.2655000000000003,1.19,2.0860000000000003,0.9392476063288344,1.6856596683155596
16668,0.2,0.25,0.55,0.2,0.2,0.6,2.2655000000000003,1.19,2.074,0.9401010652447988,1.6902967588904259
16680,0.2,0.25,0.55,0.25,0.0,0.75,2.2655000000000003,1.19,2.1025,0.9380842582301716,1.6415251554976151
16681,0.2,0.25,0.55,0.25,0.05,0.7,2.2655000000000003,1.19,2.0905,0.9389291689829602,1.6582125018791256
16682,0.2,0.25,0.55,0.25,0.1,0.65,2.2655000000000003,1.19,2.0785,0.9397802837614692,1.6850097873631789
16695,0.2,0.25,0.55,0.3,0.0,0.7,2.2655000000000003,1.19,2.083,0.9394603843537128,1.6582125018791256
16696,0.2,0.25,0.55,0.3,0.05,0.65,2.2655000000000003,1.19,2.071,0.9403154114122856,1.6850097873631789
16800,0.2,0.3,0.5,0.0,0.0,1.0,2.247,1.19,2.2,0.9275822583883706,1.539178756624296
16801,0.2,0.3,0.5,0.0,0.05,0.95,2.247,1.19,2.188,0.9283654750036524,1.539945347533387
16802,0.2,0.3,0.5,0.0,0.1,0.9,2.247,1.19,2.176,0.9291542760511288,1.539945347533387
16803,0.2,0.3,0.5,0.0,0.15,0.85,2.247,1.19,2.164,0.9299487214710378,1.5405952284857676
16804,0.2,0.3,0.5,0.0,0.2,0.8,2.247,1.19,2.152,0.930748872064519,1.5405952284857676
16805,0.2,0.3,0.5,0.0,0.25,0.75,2.247,1.19,2.14,0.9315547895091244,1.5802781268596373
16806,0.2,0.3,0.5,0.0,0.3,0.7,2.247,1.19,2.128,0.9323665363746668,1.6649008667919842
16820,0.2,0.3,0.5,0.05,0.0,0.95,2.247,1.19,2.1805,0.9288578174465032,1.539178756624296
16821,0.2,0.3,0.5,0.05,0.05,0.9,2.247,1.19,2.1685000000000003,0.9296501391481912,1.539945347533387
16822,0.2,0.3,0.5,0.05,0.1,0.85,2.247,1.19,2.1565000000000003,0.93044814312116,1.539945347533387
16823,0.2,0.3,0.5,0.05,0.15,0.8,2.247,1.19,2.1445000000000003,0.9312518907124676,1.5424668951524347
16824,0.2,0.3,0.5,0.05,0.2,0.75,2.247,1.19,2.1325000000000003,0.9320614441554506,1.595608604642909
16825,0.2,0.3,0.5,0.05,0.25,0.7,2.247,1.19,2.1205,0.9328768665857864,1.6465936105196914
16839,0.2,0.3,0.5,0.1,0.0,0.9,2.247,1.19,2.161,0.9301482218652048,1.539178756624296
16840,0.2,0.3,0.5,0.1,0.05,0.85,2.247,1.19,2.149,0.930949808354616,1.539945347533387
16841,0.2,0.3,0.5,0.1,0.1,0.8,2.247,1.19,2.1370000000000005,0.9317571772533284,1.5588837882796218
16842,0.2,0.3,0.5,0.1,0.15,0.75,2.247,1.19,2.125,0.9325703913567378,1.619737550708365
16843,0.2,0.3,0.5,0.1,0.2,0.7,2.247,1.19,2.113,0.9333895143727964,1.655045567355316
16844,0.2,0.3,0.5,0.1,0.25,0.65,2.247,1.19,2.101,0.9342146109386534,1.6854563812785224
16857,0.2,0.3,0.5,0.15,0.0,0.85,2.247,1.19,2.1415,0.9314537323239274,1.5410504232909625
16858,0.2,0.3,0.5,0.15,0.05,0.8,2.247,1.19,2.1295,0.9322647470591732,1.5781090306413739
16859,0.2,0.3,0.5,0.15,0.1,0.75,2.247,1.19,2.1175,0.9330816467085974,1.634420575800352
16860,0.2,0.3,0.5,0.15,0.15,0.7,2.247,1.19,2.1055,0.9339044955589282,1.656922799498173
16861,0.2,0.3,0.5,0.15,0.2,0.65,2.247,1.19,2.0935,0.9347333588366712,1.6846638349822263
16862,0.2,0.3,0.5,0.15,0.25,0.6,2.247,1.19,2.0815,0.9355683027253464,1.6920330551867222
16874,0.2,0.3,0.5,0.2,0.0,0.8,2.247,1.19,2.1220000000000003,0.932774615641312,1.5933847348119312
16875,0.2,0.3,0.5,0.2,0.05,0.75,2.247,1.19,2.1100000000000003,0.9335952259484204,1.6415251554976151
16876,0.2,0.3,0.5,0.2,0.1,0.7,2.247,1.19,2.098,0.9344218261117848,1.6562729185457923
16877,0.2,0.3,0.5,0.2,0.15,0.65,2.247,1.19,2.0860000000000003,0.9352544819540018,1.6856596683155596
16878,0.2,0.3,0.5,0.2,0.2,0.6,2.247,1.19,2.074,0.936093260265647,1.6902967588904259
16890,0.2,0.3,0.5,0.25,0.0,0.75,2.247,1.19,2.1025,0.9341111449569895,1.6415251554976151
16891,0.2,0.3,0.5,0.25,0.05,0.7,2.247,1.19,2.0905,0.9349415221449932,1.6582125018791256
16892,0.2,0.3,0.5,0.25,0.1,0.65,2.247,1.19,2.0785,0.9357779966413986,1.6850097873631789
16905,0.2,0.3,0.5,0.3,0.0,0.7,2.247,1.19,2.083,0.9354635999198748,1.6582125018791256
16906,0.2,0.3,0.5,0.3,0.05,0.65,2.247,1.19,2.071,0.9363039194000342,1.6850097873631789
17010,0.2,0.35,0.45,0.0,0.0,1.0,2.2285,1.19,2.2,0.9237234160721608,1.539178756624296
17011,0.2,0.35,0.45,0.0,0.05,0.95,2.2285,1.19,2.188,0.9244929245442234,1.539945347533387
17012,0.2,0.35,0.45,0.0,0.1,0.9,2.2285,1.19,2.176,0.925267919707709,1.539945347533387
17013,0.2,0.35,0.45,0.0,0.15,0.85,2.2285,1.19,2.164,0.9260484604537595,1.5405952284857676
17014,0.2,0.35,0.45,0.0,0.2,0.8,2.2285,1.19,2.152,0.926834606519351,1.5405952284857676
17015,0.2,0.35,0.45,0.0,0.25,0.75,2.2285,1.19,2.14,0.9276264185025324,1.5802781268596373
17016,0.2,0.35,0.45,0.0,0.3,0.7,2.2285,1.19,2.128,0.928423957877997,1.6649008667919842
17030,0.2,0.35,0.45,0.05,0.0,0.95,2.2285,1.19,2.1805,0.9249766498298436,1.539178756624296
17031,0.2,0.35,0.45,0.05,0.05,0.9,2.2285,1.19,2.1685000000000003,0.9257551040277652,1.539945347533387
17032,0.2,0.35,0.45,0.05,0.1,0.85,2.2285,1.19,2.1565000000000003,0.92653914104378,1.539945347533387
17033,0.2,0.35,0.45,0.05,0.15,0.8,2.2285,1.19,2.1445000000000003,0.9273288211512288,1.5424668951524347
17034,0.2,0.35,0.45,0.05,0.2,0.75,2.2285,1.19,2.1325000000000003,0.9281242054942164,1.595608604642909
17035,0.2,0.35,0.45,0.05,0.25,0.7,2.2285,1.19,2.1205,0.9289253561033968,1.6465936105196914
17049,0.2,0.35,0.45,0.1,0.0,0.9,2.2285,1.19,2.161,0.9262444691191734,1.539178756624296
17050,0.2,0.35,0.45,0.1,0.05,0.85,2.2285,1.19,2.149,0.9270320259491198,1.539945347533387
17051,0.2,0.35,0.45,0.1,0.1,0.8,2.2285,1.19,2.1370000000000005,0.9278252639825288,1.5588837882796218
17052,0.2,0.35,0.45,0.1,0.15,0.75,2.2285,1.19,2.125,0.9286242449157268,1.619737550708365
17053,0.2,0.35,0.45,0.1,0.2,0.7,2.2285,1.19,2.113,0.9294290313416276,1.655045567355316
17054,0.2,0.35,0.45,0.1,0.25,0.65,2.2285,1.19,2.101,0.9302396867660764,1.6854563812785224
17067,0.2,0.35,0.45,0.15,0.0,0.85,2.2285,1.19,2.1415,0.9275271300570952,1.5410504232909625
17068,0.2,0.35,0.45,0.15,0.05,0.8,2.2285,1.19,2.1295,0.9283239501162748,1.5781090306413739
17069,0.2,0.35,0.45,0.15,0.1,0.75,2.2285,1.19,2.1175,0.929126552089716,1.634420575800352
17070,0.2,0.35,0.45,0.15,0.15,0.7,2.2285,1.19,2.1055,0.9299349991389764,1.656922799498173
17071,0.2,0.35,0.45,0.15,0.2,0.65,2.2285,1.19,2.0935,0.9307493553489442,1.6846638349822263
17072,0.2,0.35,0.45,0.15,0.25,0.6,2.2285,1.19,2.0815,0.9315696857447714,1.6920330551867222
17084,0.2,0.35,0.45,0.2,0.0,0.8,2.2285,1.19,2.1220000000000003,0.928824894792293,1.5933847348119312
17085,0.2,0.35,0.45,0.2,0.05,0.75,2.2285,1.19,2.1100000000000003,0.929631142478132,1.6415251554976151
17086,0.2,0.35,0.45,0.2,0.1,0.7,2.2285,1.19,2.098,0.9304432751835758,1.6562729185457923
17087,0.2,0.35,0.45,0.2,0.15,0.65,2.2285,1.19,2.0860000000000003,0.9312613575791696,1.6856596683155596
17088,0.2,0.35,0.45,0.2,0.2,0.6,2.2285,1.19,2.074,0.9320854552864952,1.6902967588904259
17100,0.2,0.35,0.45,0.25,0.0,0.75,2.2285,1.19,2.1025,0.9301380316838076,1.6415251554976151
17101,0.2,0.35,0.45,0.25,0.05,0.7,2.2285,1.19,2.0905,0.930953875307026,1.6582125018791256
17102,0.2,0.35,0.45,0.25,0.1,0.65,2.2285,1.19,2.0785,0.931775709521328,1.6850097873631789
17115,0.2,0.35,0.45,0.3,0.0,0.7,2.2285,1.19,2.083,0.9314668154860372,1.6582125018791256
17116,0.2,0.35,0.45,0.3,0.05,0.65,2.2285,1.19,2.071,0.9322924273877832,1.6850097873631789
17220,0.2,0.4,0.4,0.0,0.0,1.0,2.21,1.19,2.2,0.9198645737559512,1.539178756624296
17221,0.2,0.4,0.4,0.0,0.05,0.95,2.21,1.19,2.188,0.9206203740847944,1.539945347533387
17222,0.2,0.4,0.4,0.0,0.1,0.9,2.21,1.19,2.176,0.9213815633642892,1.539945347533387
17223,0.2,0.4,0.4,0.0,0.15,0.85,2.21,1.19,2.164,0.9221481994364816,1.5405952284857676
17224,0.2,0.4,0.4,0.0,0.2,0.8,2.21,1.19,2.152,0.9229203409741832,1.5405952284857676
17225,0.2,0.4,0.4,0.0,0.25,0.75,2.21,1.19,2.14,0.9236980474959404,1.5802781268596373
17226,0.2,0.4,0.4,0.0,0.3,0.7,2.21,1.19,2.128,0.924481379381327,1.6649008667919842
17240,0.2,0.4,0.4,0.05,0.0,0.95,2.21,1.19,2.1805,0.921095482213184,1.539178756624296
17241,0.2,0.4,0.4,0.05,0.05,0.9,2.21,1.19,2.1685000000000003,0.9218600689073392,1.539945347533387
17242,0.2,0.4,0.4,0.05,0.1,0.85,2.21,1.19,2.1565000000000003,0.9226301389664006,1.539945347533387
17243,0.2,0.4,0.4,0.05,0.15,0.8,2.21,1.19,2.1445000000000003,0.9234057515899896,1.5424668951524347
17244,0.2,0.4,0.4,0.05,0.2,0.75,2.21,1.19,2.1325000000000003,0.924186966832982,1.595608604642909
17245,0.2,0.4,0.4,0.05,0.25,0.7,2.21,1.19,2.1205,0.9249738456210072,1.6465936105196914
17259,0.2,0.4,0.4,0.1,0.0,0.9,2.21,1.19,2.161,0.922340716373142,1.539178756624296
17260,0.2,0.4,0.4,0.1,0.05,0.85,2.21,1.19,2.149,0.923114243543624,1.539945347533387
17261,0.2,0.4,0.4,0.1,0.1,0.8,2.21,1.19,2.1370000000000005,0.9238933507117288,1.5588837882796218
17262,0.2,0.4,0.4,0.1,0.15,0.75,2.21,1.19,2.125,0.9246780984747158,1.619737550708365
17263,0.2,0.4,0.4,0.1,0.2,0.7,2.21,1.19,2.113,0.9254685483104588,1.655045567355316
17264,0.2,0.4,0.4,0.1,0.25,0.65,2.21,1.19,2.101,0.9262647625934992,1.6854563812785224
17277,0.2,0.4,0.4,0.15,0.0,0.85,2.21,1.19,2.1415,0.9236005277902628,1.5410504232909625
17278,0.2,0.4,0.4,0.15,0.05,0.8,2.21,1.19,2.1295,0.9243831531733764,1.5781090306413739
17279,0.2,0.4,0.4,0.15,0.1,0.75,2.21,1.19,2.1175,0.9251714574708344,1.634420575800352
17280,0.2,0.4,0.4,0.15,0.15,0.7,2.21,1.19,2.1055,0.9259655027190248,1.656922799498173
17281,0.2,0.4,0.4,0.15,0.2,0.65,2.21,1.19,2.0935,0.9267653518612172,1.6846638349822263
17282,0.2,0.4,0.4,0.15,0.25,0.6,2.21,1.19,2.0815,0.9275710687641964,1.6920330551867222
17294,0.2,0.4,0.4,0.2,0.0,0.8,2.21,1.19,2.1220000000000003,0.924875173943274,1.5933847348119312
17295,0.2,0.4,0.4,0.2,0.05,0.75,2.21,1.19,2.1100000000000003,0.925667059007844,1.6415251554976151
17296,0.2,0.4,0.4,0.2,0.1,0.7,2.21,1.19,2.098,0.926464724255367,1.6562729185457923
17297,0.2,0.4,0.4,0.2,0.15,0.65,2.21,1.19,2.0860000000000003,0.927268233204337,1.6856596683155596
17298,0.2,0.4,0.4,0.2,0.2,0.6,2.21,1.19,2.074,0.9280776503073436,1.6902967588904259
17310,0.2,0.4,0.4,0.25,0.0,0.75,2.21,1.19,2.1025,0.926164918410626,1.6415251554976151
17311,0.2,0.4,0.4,0.25,0.05,0.7,2.21,1.19,2.0905,0.9269662284690589,1.6582125018791256
17312,0.2,0.4,0.4,0.25,0.1,0.65,2.21,1.19,2.0785,0.927773422401257,1.6850097873631789
17325,0.2,0.4,0.4,0.3,0.0,0.7,2.21,1.19,2.083,0.9274700310521992,1.6582125018791256
17326,0.2,0.4,0.4,0.3,0.05,0.65,2.21,1.19,2.071,0.928280935375532,1.6850097873631789
17430,0.2,0.45,0.35,0.0,0.0,1.0,2.1915,1.19,2.2,0.9160057314397416,1.552097841152298
17431,0.2,0.45,0.35,0.0,0.05,0.95,2.1915,1.19,2.188,0.9167478236253656,1.552864432061389
17432,0.2,0.45,0.35,0.0,0.1,0.9,2.1915,1.19,2.176,0.9174952070208692,1.552864432061389
17433,0.2,0.45,0.35,0.0,0.15,0.85,2.1915,1.19,2.164,0.9182479384192032,1.5476668201205521
17434,0.2,0.45,0.35,0.0,0.2,0.8,2.1915,1.19,2.152,0.9190060754290154,1.5476668201205521
17435,0.2,0.45,0.35,0.0,0.25,0.75,2.1915,1.19,2.14,0.9197696764893484,1.5844221225815622
17436,0.2,0.45,0.35,0.0,0.3,0.7,2.1915,1.19,2.128,0.9205388008846568,1.6659785334586508
17450,0.2,0.45,0.35,0.05,0.0,0.95,2.1915,1.19,2.1805,0.9172143145965244,1.552097841152298
17451,0.2,0.45,0.35,0.05,0.05,0.9,2.1915,1.19,2.1685000000000003,0.9179650337869129,1.551924038121995
17452,0.2,0.45,0.35,0.05,0.1,0.85,2.1915,1.19,2.1565000000000003,0.918721136889021,1.5470169391681714
17453,0.2,0.45,0.35,0.05,0.15,0.8,2.1915,1.19,2.1445000000000003,0.9194826820287508,1.549538486787219
17454,0.2,0.45,0.35,0.05,0.2,0.75,2.1915,1.19,2.1325000000000003,0.9202497281717474,1.5997526003648341
17455,0.2,0.45,0.35,0.05,0.25,0.7,2.1915,1.19,2.1205,0.9210223351386172,1.6497846729082832
17469,0.2,0.45,0.35,0.1,0.0,0.9,2.1915,1.19,2.161,0.9184369636271108,1.5462503482590804
17470,0.2,0.45,0.35,0.1,0.05,0.85,2.1915,1.19,2.149,0.919196461138128,1.5470169391681714
17471,0.2,0.45,0.35,0.1,0.1,0.8,2.1915,1.19,2.1370000000000005,0.9199614374409288,1.5650115202652832
17472,0.2,0.45,0.35,0.1,0.15,0.75,2.1915,1.19,2.125,0.920731952033705,1.62388154643029
17473,0.2,0.45,0.35,0.1,0.2,0.7,2.1915,1.19,2.113,0.9215080652792896,1.657158963077241
17474,0.2,0.45,0.35,0.1,0.25,0.65,2.1915,1.19,2.101,0.9222898384209224,1.6875697770004476
17487,0.2,0.45,0.35,0.15,0.0,0.85,2.1915,1.19,2.1415,0.919673925523431,1.547178155276624
17488,0.2,0.45,0.35,0.15,0.05,0.8,2.1915,1.19,2.1295,0.920442356230478,1.5842367626270353
17489,0.2,0.45,0.35,0.15,0.1,0.75,2.1915,1.19,2.1175,0.9212163628519524,1.6374869048556104
17490,0.2,0.45,0.35,0.15,0.15,0.7,2.1915,1.19,2.1055,0.921996006299073,1.6590361952200983
17491,0.2,0.45,0.35,0.15,0.2,0.65,2.1915,1.19,2.0935,0.9227813483734906,1.6867772307041513
17492,0.2,0.45,0.35,0.15,0.25,0.6,2.1915,1.19,2.0815,0.9235724517836214,1.6941464509086472
17504,0.2,0.45,0.35,0.2,0.0,0.8,2.1915,1.19,2.1220000000000003,0.920925453094255,1.5995124667975926
17505,0.2,0.45,0.35,0.2,0.05,0.75,2.1915,1.19,2.1100000000000003,0.9217029755375558,1.6445914845528735
17506,0.2,0.45,0.35,0.2,0.1,0.7,2.1915,1.19,2.098,0.922486173327158,1.6583863142677173
17507,0.2,0.45,0.35,0.2,0.15,0.65,2.1915,1.19,2.0860000000000003,0.9232751088295044,1.6877730640374846
17508,0.2,0.45,0.35,0.2,0.2,0.6,2.1915,1.19,2.074,0.9240698453281918,1.692410154612351
17520,0.2,0.45,0.35,0.25,0.0,0.75,2.1915,1.19,2.1025,0.9221918051374444,1.6445914845528735
17521,0.2,0.45,0.35,0.25,0.05,0.7,2.1915,1.19,2.0905,0.9229785816310916,1.6603258976010509
17522,0.2,0.45,0.35,0.25,0.1,0.65,2.1915,1.19,2.0785,0.9237711352811864,1.687123183085104
17535,0.2,0.45,0.35,0.3,0.0,0.7,2.1915,1.19,2.083,0.9234732466183614,1.6603258976010509
17536,0.2,0.45,0.35,0.3,0.05,0.65,2.1915,1.19,2.071,0.9242694433632808,1.687123183085104
17640,0.2,0.5,0.3,0.0,0.0,1.0,2.173,1.19,2.2,0.9121468891235316,1.5709970207663375
17641,0.2,0.5,0.3,0.0,0.05,0.95,2.173,1.19,2.188,0.9128752731659366,1.5717636116754283
17642,0.2,0.5,0.3,0.0,0.1,0.9,2.173,1.19,2.176,0.9136088506774496,1.5709521923205898
17643,0.2,0.5,0.3,0.0,0.15,0.85,2.173,1.19,2.164,0.9143476774019248,1.5636182686790452
17644,0.2,0.5,0.3,0.0,0.2,0.8,2.173,1.19,2.152,0.9150918098838472,1.5636182686790452
17645,0.2,0.5,0.3,0.0,0.25,0.75,2.173,1.19,2.14,0.9158413054827568,1.5983290176554705
17646,0.2,0.5,0.3,0.0,0.3,0.7,2.173,1.19,2.128,0.916596222387987,1.6713965251722511
17660,0.2,0.5,0.3,0.05,0.0,0.95,2.173,1.19,2.1805,0.913333146979865,1.570185601411499
17661,0.2,0.5,0.3,0.05,0.05,0.9,2.173,1.19,2.1685000000000003,0.9140699986664867,1.5709521923205898
17662,0.2,0.5,0.3,0.05,0.1,0.85,2.173,1.19,2.1565000000000003,0.9148121348116413,1.562968387726664
17663,0.2,0.5,0.3,0.05,0.15,0.8,2.173,1.19,2.1445000000000003,0.9155596124675122,1.5642513639171403
17664,0.2,0.5,0.3,0.05,0.2,0.75,2.173,1.19,2.1325000000000003,0.9163124895105133,1.6127156357896195
17665,0.2,0.5,0.3,0.05,0.25,0.7,2.173,1.19,2.1205,0.9170708246562276,1.6580066238494189
17679,0.2,0.5,0.3,0.1,0.0,0.9,2.173,1.19,2.161,0.9145332108810792,1.5622017968175732
17680,0.2,0.5,0.3,0.1,0.05,0.85,2.173,1.19,2.149,0.915278678732632,1.562968387726664
17681,0.2,0.5,0.3,0.1,0.1,0.8,2.173,1.19,2.1370000000000005,0.9160295241701292,1.5797243973952046
17682,0.2,0.5,0.3,0.1,0.15,0.75,2.173,1.19,2.125,0.9167858055926942,1.6340135184031714
17683,0.2,0.5,0.3,0.1,0.2,0.7,2.173,1.19,2.113,0.9175475822481204,1.6645101065649606
17684,0.2,0.5,0.3,0.1,0.25,0.65,2.173,1.19,2.101,0.9183149142483452,1.6929709204881673
17697,0.2,0.5,0.3,0.15,0.0,0.85,2.173,1.19,2.1415,0.9157473232565988,1.5628348920556687
17698,0.2,0.5,0.3,0.15,0.05,0.8,2.173,1.19,2.1295,0.9165015592875796,1.596118576305053
17699,0.2,0.5,0.3,0.15,0.1,0.75,2.173,1.19,2.1175,0.9172612682330707,1.6458163233433296
17700,0.2,0.5,0.3,0.15,0.15,0.7,2.173,1.19,2.1055,0.918026509879121,1.6654469447684237
17701,0.2,0.5,0.3,0.15,0.2,0.65,2.173,1.19,2.0935,0.9187973448857638,1.692178374191871
17702,0.2,0.5,0.3,0.15,0.25,0.6,2.173,1.19,2.0815,0.9195738348030464,1.699547594396367
17714,0.2,0.5,0.3,0.2,0.0,0.8,2.173,1.19,2.1220000000000003,0.916975732245236,1.6104625344438643
17715,0.2,0.5,0.3,0.2,0.05,0.75,2.173,1.19,2.1100000000000003,0.9177388920672676,1.6519805091011992
17716,0.2,0.5,0.3,0.2,0.1,0.7,2.173,1.19,2.098,0.918507622398949,1.6637874577554368
17717,0.2,0.5,0.3,0.2,0.15,0.65,2.173,1.19,2.0860000000000003,0.919281984454672,1.6931742075252043
17718,0.2,0.5,0.3,0.2,0.2,0.6,2.173,1.19,2.074,0.9200620403490402,1.6978112981000706
17730,0.2,0.5,0.3,0.25,0.0,0.75,2.173,1.19,2.1025,0.9182186918642624,1.6499926280405932
17731,0.2,0.5,0.3,0.25,0.05,0.7,2.173,1.19,2.0905,0.9189909347931248,1.6657270410887701
17732,0.2,0.5,0.3,0.25,0.1,0.65,2.173,1.19,2.0785,0.9197688481611156,1.6925243265728234
17745,0.2,0.5,0.3,0.3,0.0,0.7,2.173,1.19,2.083,0.9194764621845236,1.6657270410887701
17746,0.2,0.5,0.3,0.3,0.05,0.65,2.173,1.19,2.071,0.9202579513510296,1.6925243265728234
17850,0.2,0.55,0.25,0.0,0.0,1.0,2.1545,1.19,2.2,0.9082880468073216,1.5709970207663375
17851,0.2,0.55,0.25,0.0,0.05,0.95,2.1545,1.19,2.188,0.9090027227065074,1.5717636116754283
17852,0.2,0.55,0.25,0.0,0.1,0.9,2.1545,1.19,2.176,0.9097224943340296,1.5717636116754283
17853,0.2,0.55,0.25,0.0,0.15,0.85,2.1545,1.19,2.164,0.9104474163846468,1.5724134926278095
17854,0.2,0.55,0.25,0.0,0.2,0.8,2.1545,1.19,2.152,0.9111775443386794,1.5724134926278095
17855,0.2,0.55,0.25,0.0,0.25,0.75,2.1545,1.19,2.14,0.9119129344761646,1.6031938037165878
17856,0.2,0.55,0.25,0.0,0.3,0.7,2.1545,1.19,2.128,0.9126536438913172,1.6733479289155664
17870,0.2,0.55,0.25,0.05,0.0,0.95,2.1545,1.19,2.1805,0.9094519793632052,1.5709970207663375
17871,0.2,0.55,0.25,0.05,0.05,0.9,2.1545,1.19,2.1685000000000003,0.9101749635460606,1.5717636116754283
17872,0.2,0.55,0.25,0.05,0.1,0.85,2.1545,1.19,2.1565000000000003,0.9109031327342616,1.5717636116754283
17873,0.2,0.55,0.25,0.05,0.15,0.8,2.1545,1.19,2.1445000000000003,0.911636542906273,1.5730465878659046
17874,0.2,0.55,0.25,0.05,0.2,0.75,2.1545,1.19,2.1325000000000003,0.9123752508492792,1.617724218147033
17875,0.2,0.55,0.25,0.05,0.25,0.7,2.1545,1.19,2.1205,0.9131193141738382,1.6610266572223642
17889,0.2,0.55,0.25,0.1,0.0,0.9,2.1545,1.19,2.161,0.910629458135048,1.5709970207663375
17890,0.2,0.55,0.25,0.1,0.05,0.85,2.1545,1.19,2.149,0.911360896327136,1.5717636116754283
17891,0.2,0.55,0.25,0.1,0.1,0.8,2.1545,1.19,2.1370000000000005,0.9120976108993292,1.5874862880106357
17892,0.2,0.55,0.25,0.1,0.15,0.75,2.1545,1.19,2.125,0.9128396591516832,1.6382106814057462
17893,0.2,0.55,0.25,0.1,0.2,0.7,2.1545,1.19,2.113,0.9135870992169516,1.6687072695675351
17894,0.2,0.55,0.25,0.1,0.25,0.65,2.1545,1.19,2.101,0.914339990075768,1.6939805265487733
17907,0.2,0.55,0.25,0.15,0.0,0.85,2.1545,1.19,2.1415,0.9118207209897669,1.571630116004433
17908,0.2,0.55,0.25,0.15,0.05,0.8,2.1545,1.19,2.1295,0.9125607623446812,1.6030690475656453
17909,0.2,0.55,0.25,0.15,0.1,0.75,2.1545,1.19,2.1175,0.9133061736141892,1.6500134863459044
17910,0.2,0.55,0.25,0.15,0.15,0.7,2.1545,1.19,2.1055,0.9140570134591692,1.6705845017103922
17911,0.2,0.55,0.25,0.15,0.2,0.65,2.1545,1.19,2.0935,0.9148133413980368,1.693187980252477
17924,0.2,0.55,0.25,0.2,0.0,0.8,2.1545,1.19,2.1220000000000003,0.9130260113962168,1.6174130057044565
17925,0.2,0.55,0.25,0.2,0.05,0.75,2.1545,1.19,2.1100000000000003,0.9137748085969792,1.657118066043168
17926,0.2,0.55,0.25,0.2,0.1,0.7,2.1545,1.19,2.098,0.91452907147074,1.665737457755437
17927,0.2,0.55,0.25,0.2,0.15,0.65,2.1545,1.19,2.0860000000000003,0.9152888600798396,1.6941838135858103
17928,0.2,0.55,0.25,0.2,0.2,0.6,2.1545,1.19,2.074,0.9160542353698886,1.6988209041606765
17940,0.2,0.55,0.25,0.25,0.0,0.75,2.1545,1.19,2.1025,0.9142455785910804,1.6529209030405931
17941,0.2,0.55,0.25,0.25,0.05,0.7,2.1545,1.19,2.0905,0.9150032879551576,1.6676770410887705
17942,0.2,0.55,0.25,0.25,0.1,0.65,2.1545,1.19,2.0785,0.915766561041045,1.6935339326334296
17955,0.2,0.55,0.25,0.3,0.0,0.7,2.1545,1.19,2.083,0.915479677750686,1.6676770410887705
17956,0.2,0.55,0.25,0.3,0.05,0.65,2.1545,1.19,2.071,0.9162464593387784,1.6935339326334296
18060,0.2,0.6,0.2,0.0,0.0,1.0,2.136,1.19,2.2,0.904429204491112,1.572038081372398
18061,0.2,0.6,0.2,0.0,0.05,0.95,2.136,1.19,2.188,0.9051301722470784,1.572804672281489
18062,0.2,0.6,0.2,0.0,0.1,0.9,2.136,1.19,2.176,0.90583613799061,1.572804672281489
18063,0.2,0.6,0.2,0.0,0.15,0.85,2.136,1.19,2.164,0.9065471553673686,1.57345455323387
18064,0.2,0.6,0.2,0.0,0.2,0.8,2.136,1.19,2.152,0.9072632787935117,1.57345455323387
18065,0.2,0.6,0.2,0.0,0.25,0.75,2.136,1.19,2.14,0.9079845634695726,1.6042348643226483
18066,0.2,0.6,0.2,0.0,0.3,0.7,2.136,1.19,2.128,0.9087110653946469,1.6733479289155664
18080,0.2,0.6,0.2,0.05,0.0,0.95,2.136,1.19,2.1805,0.9055708117465456,1.572038081372398
18081,0.2,0.6,0.2,0.05,0.05,0.9,2.136,1.19,2.1685000000000003,0.9062799284256348,1.572804672281489
18082,0.2,0.6,0.2,0.05,0.1,0.85,2.136,1.19,2.1565000000000003,0.9069941306568818,1.572804672281489
18083,0.2,0.6,0.2,0.05,0.15,0.8,2.136,1.19,2.1445000000000003,0.9077134733450342,1.5740876484719653
18084,0.2,0.6,0.2,0.05,0.2,0.75,2.136,1.19,2.1325000000000003,0.9084380121880444,1.617724218147033
18085,0.2,0.6,0.2,0.05,0.25,0.7,2.136,1.19,2.1205,0.9091678036914482,1.6610266572223642
18099,0.2,0.6,0.2,0.1,0.0,0.9,2.136,1.19,2.161,0.9067257053890168,1.572038081372398
18100,0.2,0.6,0.2,0.1,0.05,0.85,2.136,1.19,2.149,0.90744311392164,1.572804672281489
18101,0.2,0.6,0.2,0.1,0.1,0.8,2.136,1.19,2.1370000000000005,0.9081656976285294,1.5874862880106357
18102,0.2,0.6,0.2,0.1,0.15,0.75,2.136,1.19,2.125,0.9088935127106724,1.6382106814057462
18103,0.2,0.6,0.2,0.1,0.2,0.7,2.136,1.19,2.113,0.9096266161857828,1.6687072695675351
18104,0.2,0.6,0.2,0.1,0.25,0.65,2.136,1.19,2.101,0.910365065903191,1.695763332648991
18117,0.2,0.6,0.2,0.15,0.0,0.85,2.136,1.19,2.1415,0.9078941187229346,1.5726711766104935
18118,0.2,0.6,0.2,0.15,0.05,0.8,2.136,1.19,2.1295,0.9086199654017828,1.6030690475656453
18119,0.2,0.6,0.2,0.15,0.1,0.75,2.136,1.19,2.1175,0.9093510789953076,1.6500134863459044
18120,0.2,0.6,0.2,0.15,0.15,0.7,2.136,1.19,2.1055,0.9100875170392176,1.6705845017103922
18121,0.2,0.6,0.2,0.15,0.2,0.65,2.136,1.19,2.0935,0.9108293379103098,1.6961479159823245
18134,0.2,0.6,0.2,0.2,0.0,0.8,2.136,1.19,2.1220000000000003,0.909076290547198,1.6174130057044565
18135,0.2,0.6,0.2,0.2,0.05,0.75,2.136,1.19,2.1100000000000003,0.9098107251266913,1.657118066043168
18136,0.2,0.6,0.2,0.2,0.1,0.7,2.136,1.19,2.098,0.910550520542531,1.6699346207580115
18137,0.2,0.6,0.2,0.2,0.15,0.65,2.136,1.19,2.0860000000000003,0.9112957357050072,1.6971437493156578
18150,0.2,0.6,0.2,0.25,0.0,0.75,2.136,1.19,2.1025,0.9102724653178988,1.657118066043168
18151,0.2,0.6,0.2,0.25,0.05,0.7,2.136,1.19,2.0905,0.9110156411171904,1.6718742040913448
18152,0.2,0.6,0.2,0.25,0.1,0.65,2.136,1.19,2.0785,0.9117642739209744,1.6964938683632766
18165,0.2,0.6,0.2,0.3,0.0,0.7,2.136,1.19,2.083,0.9114828933168482,1.6718742040913448
18166,0.2,0.6,0.2,0.3,0.05,0.65,2.136,1.19,2.071,0.9122349673265272,1.6964938683632766
18270,0.2,0.65,0.15,0.0,0.0,1.0,2.1175,1.19,2.2,0.9005703621749025,1.5765636990355156
18271,0.2,0.65,0.15,0.0,0.05,0.95,2.1175,1.19,2.188,0.9012576217876496,1.5773302899446064
18272,0.2,0.65,0.15,0.0,0.1,0.9,2.1175,1.19,2.176,0.90194978164719,1.5773302899446064
18273,0.2,0.65,0.15,0.0,0.15,0.85,2.1175,1.19,2.164,0.9026468943500904,1.5779801708969876
18274,0.2,0.65,0.15,0.0,0.2,0.8,2.1175,1.19,2.152,0.9033490132483436,1.5757330237498406
18275,0.2,0.65,0.15,0.0,0.25,0.75,2.1175,1.19,2.14,0.9040561924629807,1.606513334838619
18276,0.2,0.65,0.15,0.0,0.3,0.7,2.1175,1.19,2.128,0.9047684868979768,1.6742106561882937
18290,0.2,0.65,0.15,0.05,0.0,0.95,2.1175,1.19,2.1805,0.901689644129886,1.5765636990355156
18291,0.2,0.65,0.15,0.05,0.05,0.9,2.1175,1.19,2.1685000000000003,0.9023848933052084,1.5773302899446064
18292,0.2,0.65,0.15,0.05,0.1,0.85,2.1175,1.19,2.1565000000000003,0.9030851285795024,1.5750831427974594
18293,0.2,0.65,0.15,0.05,0.15,0.8,2.1175,1.19,2.1445000000000003,0.9037904037837952,1.5763661189879357
18294,0.2,0.65,0.15,0.05,0.2,0.75,2.1175,1.19,2.1325000000000003,0.90450077352681,1.6185869454197603
18295,0.2,0.65,0.15,0.05,0.25,0.7,2.1175,1.19,2.1205,0.9052162932090584,1.6618893844950913
18309,0.2,0.65,0.15,0.1,0.0,0.9,2.1175,1.19,2.161,0.9028219526429851,1.5743165518883686
18310,0.2,0.65,0.15,0.1,0.05,0.85,2.1175,1.19,2.149,0.9035253315161442,1.5750831427974594
18311,0.2,0.65,0.15,0.1,0.1,0.8,2.1175,1.19,2.1370000000000005,0.9042337843577296,1.5897647585266064
18312,0.2,0.65,0.15,0.1,0.15,0.75,2.1175,1.19,2.125,0.9049473662696614,1.6390734086784735
18313,0.2,0.65,0.15,0.1,0.2,0.7,2.1175,1.19,2.113,0.9056661331546138,1.6695699968402624
18314,0.2,0.65,0.15,0.1,0.25,0.65,2.1175,1.19,2.101,0.906390141730614,1.695763332648991
18327,0.2,0.65,0.15,0.15,0.0,0.85,2.1175,1.19,2.1415,0.9039675164561024,1.5749496471264641
18328,0.2,0.65,0.15,0.15,0.05,0.8,2.1175,1.19,2.1295,0.9046791684588844,1.6039317748383723
18329,0.2,0.65,0.15,0.15,0.1,0.75,2.1175,1.19,2.1175,0.905395984376426,1.6508762136186317
18330,0.2,0.65,0.15,0.15,0.15,0.7,2.1175,1.19,2.1055,0.9061180206192658,1.6714472289831195
18331,0.2,0.65,0.15,0.15,0.2,0.65,2.1175,1.19,2.0935,0.9068453344225832,1.6961479159823245
18344,0.2,0.65,0.15,0.2,0.0,0.8,2.1175,1.19,2.1220000000000003,0.9051265696981788,1.6182757329771837
18345,0.2,0.65,0.15,0.2,0.05,0.75,2.1175,1.19,2.1100000000000003,0.905846641656403,1.6579807933158952
18346,0.2,0.65,0.15,0.2,0.1,0.7,2.1175,1.19,2.098,0.9065719696143222,1.6707973480307388
18347,0.2,0.65,0.15,0.2,0.15,0.65,2.1175,1.19,2.0860000000000003,0.9073026113301746,1.6971437493156578
18360,0.2,0.65,0.15,0.25,0.0,0.75,2.1175,1.19,2.1025,0.9062993520447172,1.6579807933158952
18361,0.2,0.65,0.15,0.25,0.05,0.7,2.1175,1.19,2.0905,0.9070279942792232,1.672736931364072
18362,0.2,0.65,0.15,0.25,0.1,0.65,2.1175,1.19,2.0785,0.9077619868009036,1.6964938683632766
18375,0.2,0.65,0.15,0.3,0.0,0.7,2.1175,1.19,2.083,0.9074861088830102,1.672736931364072
18376,0.2,0.65,0.15,0.3,0.05,0.65,2.1175,1.19,2.071,0.908223475314276,1.6964938683632766
18485,0.2,0.7,0.1,0.0,0.25,0.75,2.099,1.19,2.14,0.9001278214563889,1.619404207035982
18486,0.2,0.7,0.1,0.0,0.3,0.7,2.099,1.19,2.128,0.9008259084013068,1.6788316511538475
18504,0.2,0.7,0.1,0.05,0.2,0.75,2.099,1.19,2.1325000000000003,0.9005635348655758,1.6289802929368522
18505,0.2,0.7,0.1,0.05,0.25,0.7,2.099,1.19,2.1205,0.9012647827266688,1.6676226076246379
18521,0.2,0.7,0.1,0.1,0.1,0.8,2.099,1.19,2.1370000000000005,0.9003018710869297,1.6002165007314895
18522,0.2,0.7,0.1,0.1,0.15,0.75,2.099,1.19,2.125,0.9010012198286508,1.6455794739132832
18523,0.2,0.7,0.1,0.1,0.2,0.7,2.099,1.19,2.113,0.9017056501234448,1.6740456709502016
18537,0.2,0.7,0.1,0.15,0.0,0.85,2.099,1.19,2.1415,0.9000409141892706,1.5906600107902147
18538,0.2,0.7,0.1,0.15,0.05,0.8,2.099,1.19,2.1295,0.900738371515986,1.6128269780042168
18539,0.2,0.7,0.1,0.15,0.1,0.75,2.099,1.19,2.1175,0.901440889757544,1.6573822788534418
18540,0.2,0.7,0.1,0.15,0.15,0.7,2.099,1.19,2.1055,0.902148524199314,1.6759229030930587
18541,0.2,0.7,0.1,0.15,0.2,0.65,2.099,1.19,2.0935,0.9028613309348564,1.6995908873895607
18554,0.2,0.7,0.1,0.2,0.0,0.8,2.099,1.19,2.1220000000000003,0.9011768488491596,1.6262559361430282
18555,0.2,0.7,0.1,0.2,0.05,0.75,2.099,1.19,2.1100000000000003,0.9018825581861148,1.6632293095310973
18556,0.2,0.7,0.1,0.2,0.1,0.7,2.099,1.19,2.098,0.9025934186861132,1.6752730221406775
18570,0.2,0.7,0.1,0.25,0.0,0.75,2.099,1.19,2.1025,0.9023262387715352,1.6632293095310973
18571,0.2,0.7,0.1,0.25,0.05,0.7,2.099,1.19,2.0905,0.9030403474412564,1.6761799027713085
18572,0.2,0.7,0.1,0.25,0.1,0.65,2.099,1.19,2.0785,0.9037596996808328,1.6999368397705132
18585,0.2,0.7,0.1,0.3,0.0,0.7,2.099,1.19,2.083,0.9034893244491724,1.6761799027713085
18586,0.2,0.7,0.1,0.3,0.05,0.65,2.099,1.19,2.071,0.9042119833020248,1.6999368397705132
18900,0.25,0.0,0.75,0.0,0.0,1.0,2.315,1.19,2.2,0.941766111226331,1.5383365827112527
18901,0.25,0.0,0.75,0.0,0.05,0.95,2.315,1.19,2.188,0.9425997145302024,1.5391031736203433
18902,0.25,0.0,0.75,0.0,0.1,0.9,2.315,1.19,2.176,0.9434392615296447,1.5391031736203433
18903,0.25,0.0,0.75,0.0,0.15,0.85,2.315,1.19,2.164,0.9442848160210332,1.5397530545727245
18904,0.25,0.0,0.75,0.0,0.2,0.8,2.315,1.19,2.152,0.945136442717028,1.5397530545727245
18905,0.25,0.0,0.75,0.0,0.25,0.75,2.315,1.19,2.14,0.9459942072630838,1.5802781268596373
18906,0.25,0.0,0.75,0.0,0.3,0.7,2.315,1.19,2.128,0.9468581762543188,1.6649008667919842
18920,0.25,0.0,0.75,0.05,0.0,0.95,2.315,1.19,2.1805,0.9431237308482788,1.5383365827112527
18921,0.25,0.0,0.75,0.05,0.05,0.9,2.315,1.19,2.1685000000000003,0.943967024996244,1.5391031736203433
18922,0.25,0.0,0.75,0.05,0.1,0.85,2.315,1.19,2.1565000000000003,0.9448163669731504,1.5391031736203433
18923,0.25,0.0,0.75,0.05,0.15,0.8,2.315,1.19,2.1445000000000003,0.9456718220726972,1.541624721239391
18924,0.25,0.0,0.75,0.05,0.2,0.75,2.315,1.19,2.1325000000000003,0.9465334565318796,1.595608604642909
18925,0.25,0.0,0.75,0.05,0.25,0.7,2.315,1.19,2.1205,0.9474013375480838,1.6465936105196914
18939,0.25,0.0,0.75,0.1,0.0,0.9,2.315,1.19,2.161,0.9444971508776444,1.5383365827112527
18940,0.25,0.0,0.75,0.1,0.05,0.85,2.315,1.19,2.149,0.9453503058450878,1.5391031736203433
18941,0.25,0.0,0.75,0.1,0.1,0.8,2.315,1.19,2.1370000000000005,0.9462096152216738,1.5580416143665783
18942,0.25,0.0,0.75,0.1,0.15,0.75,2.315,1.19,2.125,0.9470751458426157,1.619737550708365
18943,0.25,0.0,0.75,0.1,0.2,0.7,2.315,1.19,2.113,0.9479469655143908,1.655045567355316
18944,0.25,0.0,0.75,0.1,0.25,0.65,2.315,1.19,2.101,0.9488251430324504,1.6854563812785224
18957,0.25,0.0,0.75,0.15,0.0,0.85,2.315,1.19,2.1415,0.9458866487641748,1.5402082493779192
18958,0.25,0.0,0.75,0.15,0.05,0.8,2.315,1.19,2.1295,0.9467498385249616,1.5772668567283303
18959,0.25,0.0,0.75,0.15,0.1,0.75,2.315,1.19,2.1175,0.9476192917942168,1.634420575800352
18960,0.25,0.0,0.75,0.15,0.15,0.7,2.315,1.19,2.1055,0.9484950769944268,1.656922799498173
18961,0.25,0.0,0.75,0.15,0.2,0.65,2.315,1.19,2.0935,0.9493772635483158,1.6846638349822263
18962,0.25,0.0,0.75,0.15,0.25,0.6,2.315,1.19,2.0815,0.9502659218971896,1.6920330551867222
18974,0.25,0.0,0.75,0.2,0.0,0.8,2.315,1.19,2.1220000000000003,0.9472925084917606,1.5925425608988877
18975,0.25,0.0,0.75,0.2,0.05,0.75,2.315,1.19,2.1100000000000003,0.948165911136507,1.6415251554976151
18976,0.25,0.0,0.75,0.2,0.1,0.7,2.315,1.19,2.098,0.9490456889830398,1.6562729185457923
18977,0.25,0.0,0.75,0.2,0.15,0.65,2.315,1.19,2.0860000000000003,0.949931912088521,1.6856596683155596
18978,0.25,0.0,0.75,0.2,0.2,0.6,2.315,1.19,2.074,0.9508246515403664,1.6902967588904259
18990,0.25,0.0,0.75,0.25,0.0,0.75,2.315,1.19,2.1025,0.9487150207719284,1.6415251554976151
18991,0.25,0.0,0.75,0.25,0.05,0.7,2.315,1.19,2.0905,0.9495988186304938,1.6582125018791256
18992,0.25,0.0,0.75,0.25,0.1,0.65,2.315,1.19,2.0785,0.9504891060557124,1.6850097873631789
19005,0.25,0.0,0.75,0.3,0.0,0.7,2.315,1.19,2.083,0.9501544832442516,1.6582125018791256
19006,0.25,0.0,0.75,0.3,0.05,0.65,2.315,1.19,2.071,0.9510488630126332,1.6850097873631789
19110,0.25,0.05,0.7,0.0,0.0,1.0,2.2964999999999995,1.19,2.2,0.9379072689101208,1.5383365827112527
19111,0.25,0.05,0.7,0.0,0.05,0.95,2.2964999999999995,1.19,2.188,0.9387271640707732,1.5391031736203433
19112,0.25,0.05,0.7,0.0,0.1,0.9,2.2964999999999995,1.19,2.176,0.939552905186225,1.5391031736203433
19113,0.25,0.05,0.7,0.0,0.15,0.85,2.2964999999999995,1.19,2.164,0.9403845550037552,1.5397530545727245
19114,0.25,0.05,0.7,0.0,0.2,0.8,2.2964999999999995,1.19,2.152,0.94122217717186,1.5397530545727245
19115,0.25,0.05,0.7,0.0,0.25,0.75,2.2964999999999995,1.19,2.14,0.9420658362564917,1.5802781268596373
19116,0.25,0.05,0.7,0.0,0.3,0.7,2.2964999999999995,1.19,2.128,0.942915597757649,1.6649008667919842
19130,0.25,0.05,0.7,0.05,0.0,0.95,2.2964999999999995,1.19,2.1805,0.9392425632316194,1.5383365827112527
19131,0.25,0.05,0.7,0.05,0.05,0.9,2.2964999999999995,1.19,2.1685000000000003,0.940071989875818,1.5391031736203433
19132,0.25,0.05,0.7,0.05,0.1,0.85,2.2964999999999995,1.19,2.1565000000000003,0.9409073648957704,1.5391031736203433
19133,0.25,0.05,0.7,0.05,0.15,0.8,2.2964999999999995,1.19,2.1445000000000003,0.941748752511458,1.541624721239391
19134,0.25,0.05,0.7,0.05,0.2,0.75,2.2964999999999995,1.19,2.1325000000000003,0.9425962178706452,1.595608604642909
19135,0.25,0.05,0.7,0.05,0.25,0.7,2.2964999999999995,1.19,2.1205,0.943449827065694,1.6465936105196914
19149,0.25,0.05,0.7,0.1,0.0,0.9,2.2964999999999995,1.19,2.161,0.940593398131613,1.5383365827112527
19150,0.25,0.05,0.7,0.1,0.05,0.85,2.2964999999999995,1.19,2.149,0.9414325234395916,1.5391031736203433
19151,0.25,0.05,0.7,0.1,0.1,0.8,2.2964999999999995,1.19,2.1370000000000005,0.942277701950874,1.5580416143665783
19152,0.25,0.05,0.7,0.1,0.15,0.75,2.2964999999999995,1.19,2.125,0.9431289994016048,1.619737550708365
19153,0.25,0.05,0.7,0.1,0.2,0.7,2.2964999999999995,1.19,2.113,0.9439864824832216,1.655045567355316
19154,0.25,0.05,0.7,0.1,0.25,0.65,2.2964999999999995,1.19,2.101,0.944850218859873,1.6854563812785224
19167,0.25,0.05,0.7,0.15,0.0,0.85,2.2964999999999995,1.19,2.1415,0.9419600464973428,1.5402082493779192
19168,0.25,0.05,0.7,0.15,0.05,0.8,2.2964999999999995,1.19,2.1295,0.9428090415820632,1.5772668567283303
19169,0.25,0.05,0.7,0.15,0.1,0.75,2.2964999999999995,1.19,2.1175,0.9436641971753348,1.634420575800352
19170,0.25,0.05,0.7,0.15,0.15,0.7,2.2964999999999995,1.19,2.1055,0.9445255805744748,1.656922799498173
19171,0.25,0.05,0.7,0.15,0.2,0.65,2.2964999999999995,1.19,2.0935,0.9453932600605888,1.6846638349822263
19172,0.25,0.05,0.7,0.15,0.25,0.6,2.2964999999999995,1.19,2.0815,0.9462673049166148,1.6920330551867222
19184,0.25,0.05,0.7,0.2,0.0,0.8,2.2964999999999995,1.19,2.1220000000000003,0.9433427876427416,1.5925425608988877
19185,0.25,0.05,0.7,0.2,0.05,0.75,2.2964999999999995,1.19,2.1100000000000003,0.9442018276662184,1.6415251554976151
19186,0.25,0.05,0.7,0.2,0.1,0.7,2.2964999999999995,1.19,2.098,0.9450671380548304,1.6562729185457923
19187,0.25,0.05,0.7,0.2,0.15,0.65,2.2964999999999995,1.19,2.0860000000000003,0.9459387877136888,1.6856596683155596
19188,0.25,0.05,0.7,0.2,0.2,0.6,2.2964999999999995,1.19,2.074,0.9468168465612152,1.6902967588904259
19200,0.25,0.05,0.7,0.25,0.0,0.75,2.2964999999999995,1.19,2.1025,0.9447419074987462,1.6415251554976151
19201,0.25,0.05,0.7,0.25,0.05,0.7,2.2964999999999995,1.19,2.0905,0.9456111717925266,1.6582125018791256
19202,0.25,0.05,0.7,0.25,0.1,0.65,2.2964999999999995,1.19,2.0785,0.9464868189356418,1.6850097873631789
19215,0.25,0.05,0.7,0.3,0.0,0.7,2.2964999999999995,1.19,2.083,0.946157698810414,1.6582125018791256
19216,0.25,0.05,0.7,0.3,0.05,0.65,2.2964999999999995,1.19,2.071,0.947037371000382,1.6850097873631789
19320,0.25,0.1,0.65,0.0,0.0,1.0,2.278,1.19,2.2,0.9340484265939114,1.539178756624296
19321,0.25,0.1,0.65,0.0,0.05,0.95,2.278,1.19,2.188,0.934854613611344,1.539945347533387
19322,0.25,0.1,0.65,0.0,0.1,0.9,2.278,1.19,2.176,0.9356665488428052,1.539945347533387
19323,0.25,0.1,0.65,0.0,0.15,0.85,2.278,1.19,2.164,0.936484293986477,1.5405952284857676
19324,0.25,0.1,0.65,0.0,0.2,0.8,2.278,1.19,2.152,0.937307911626692,1.5397530545727245
19325,0.25,0.1,0.65,0.0,0.25,0.75,2.278,1.19,2.14,0.9381374652498996,1.5802781268596373
19326,0.25,0.1,0.65,0.0,0.3,0.7,2.278,1.19,2.128,0.938973019260979,1.6649008667919842
19340,0.25,0.1,0.65,0.05,0.0,0.95,2.278,1.19,2.1805,0.9353613956149596,1.539178756624296
19341,0.25,0.1,0.65,0.05,0.05,0.9,2.278,1.19,2.1685000000000003,0.9361769547553918,1.539945347533387
19342,0.25,0.1,0.65,0.05,0.1,0.85,2.278,1.19,2.1565000000000003,0.9369983628183908,1.5391031736203433
19343,0.25,0.1,0.65,0.05,0.15,0.8,2.278,1.19,2.1445000000000003,0.9378256829502192,1.541624721239391
19344,0.25,0.1,0.65,0.05,0.2,0.75,2.278,1.19,2.1325000000000003,0.9386589792094108,1.595608604642909
19345,0.25,0.1,0.65,0.05,0.25,0.7,2.278,1.19,2.1205,0.9394983165833044,1.6465936105196914
19359,0.25,0.1,0.65,0.1,0.0,0.9,2.278,1.19,2.161,0.9366896453855816,1.5383365827112527
19360,0.25,0.1,0.65,0.1,0.05,0.85,2.278,1.19,2.149,0.9375147410340956,1.5391031736203433
19361,0.25,0.1,0.65,0.1,0.1,0.8,2.278,1.19,2.1370000000000005,0.938345788680074,1.5580416143665783
19362,0.25,0.1,0.65,0.1,0.15,0.75,2.278,1.19,2.125,0.9391828529605938,1.619737550708365
19363,0.25,0.1,0.65,0.1,0.2,0.7,2.278,1.19,2.113,0.9400259994520528,1.655045567355316
19364,0.25,0.1,0.65,0.1,0.25,0.65,2.278,1.19,2.101,0.940875294687296,1.6854563812785224
19377,0.25,0.1,0.65,0.15,0.0,0.85,2.278,1.19,2.1415,0.9380334442305104,1.5402082493779192
19378,0.25,0.1,0.65,0.15,0.05,0.8,2.278,1.19,2.1295,0.9388682446391649,1.5772668567283303
19379,0.25,0.1,0.65,0.15,0.1,0.75,2.278,1.19,2.1175,0.9397091025564532,1.634420575800352
19380,0.25,0.1,0.65,0.15,0.15,0.7,2.278,1.19,2.1055,0.940556084154523,1.656922799498173
19381,0.25,0.1,0.65,0.15,0.2,0.65,2.278,1.19,2.0935,0.9414092565728618,1.6846638349822263
19382,0.25,0.1,0.65,0.15,0.25,0.6,2.278,1.19,2.0815,0.9422686879360396,1.6920330551867222
19394,0.25,0.1,0.65,0.2,0.0,0.8,2.278,1.19,2.1220000000000003,0.9393930667937224,1.5925425608988877
19395,0.25,0.1,0.65,0.2,0.05,0.75,2.278,1.19,2.1100000000000003,0.9402377441959304,1.6415251554976151
19396,0.25,0.1,0.65,0.2,0.1,0.7,2.278,1.19,2.098,0.9410885871266216,1.6562729185457923
19397,0.25,0.1,0.65,0.2,0.15,0.65,2.278,1.19,2.0860000000000003,0.9419456633388562,1.6856596683155596
19398,0.25,0.1,0.65,0.2,0.2,0.6,2.278,1.19,2.074,0.9428090415820632,1.6902967588904259
19410,0.25,0.1,0.65,0.25,0.0,0.75,2.278,1.19,2.1025,0.9407687942255644,1.6415251554976151
19411,0.25,0.1,0.65,0.25,0.05,0.7,2.278,1.19,2.0905,0.9416235249545596,1.6582125018791256
19412,0.25,0.1,0.65,0.25,0.1,0.65,2.278,1.19,2.0785,0.942484531815571,1.6850097873631789
19425,0.25,0.1,0.65,0.3,0.0,0.7,2.278,1.19,2.083,0.942160914376576,1.6582125018791256
19426,0.25,0.1,0.65,0.3,0.05,0.65,2.278,1.19,2.071,0.943025878988131,1.6850097873631789
19530,0.25,0.15,0.6,0.0,0.0,1.0,2.2595,1.19,2.2,0.9301895842777016,1.539178756624296
19531,0.25,0.15,0.6,0.0,0.05,0.95,2.2595,1.19,2.188,0.9309820631519156,1.539945347533387
19532,0.25,0.15,0.6,0.0,0.1,0.9,2.2595,1.19,2.176,0.9317801924993856,1.539945347533387
19533,0.25,0.15,0.6,0.0,0.15,0.85,2.2595,1.19,2.164,0.9325840329691988,1.5405952284857676
19534,0.25,0.15,0.6,0.0,0.2,0.8,2.2595,1.19,2.152,0.9333936460815244,1.5405952284857676
19535,0.25,0.15,0.6,0.0,0.25,0.75,2.2595,1.19,2.14,0.934209094243308,1.5802781268596373
19536,0.25,0.15,0.6,0.0,0.3,0.7,2.2595,1.19,2.128,0.935030440764309,1.6649008667919842
19550,0.25,0.15,0.6,0.05,0.0,0.95,2.2595,1.19,2.1805,0.9314802279983,1.539178756624296
19551,0.25,0.15,0.6,0.05,0.05,0.9,2.2595,1.19,2.1685000000000003,0.9322819196349658,1.539945347533387
19552,0.25,0.15,0.6,0.05,0.1,0.85,2.2595,1.19,2.1565000000000003,0.9330893607410112,1.539945347533387
19553,0.25,0.15,0.6,0.05,0.15,0.8,2.2595,1.19,2.1445000000000003,0.9339026133889804,1.5424668951524347
19554,0.25,0.15,0.6,0.05,0.2,0.75,2.2595,1.19,2.1325000000000003,0.9347217405481764,1.595608604642909
19555,0.25,0.15,0.6,0.05,0.25,0.7,2.2595,1.19,2.1205,0.9355468061009148,1.6465936105196914
19569,0.25,0.15,0.6,0.1,0.0,0.9,2.2595,1.19,2.161,0.9327858926395504,1.539178756624296
19570,0.25,0.15,0.6,0.1,0.05,0.85,2.2595,1.19,2.149,0.9335969586285998,1.539945347533387
19571,0.25,0.15,0.6,0.1,0.1,0.8,2.2595,1.19,2.1370000000000005,0.9344138754092745,1.5588837882796218
19572,0.25,0.15,0.6,0.1,0.15,0.75,2.2595,1.19,2.125,0.9352367065195828,1.619737550708365
19573,0.25,0.15,0.6,0.1,0.2,0.7,2.2595,1.19,2.113,0.9360655164208838,1.655045567355316
19574,0.25,0.15,0.6,0.1,0.25,0.65,2.2595,1.19,2.101,0.936900370514719,1.6854563812785224
19587,0.25,0.15,0.6,0.15,0.0,0.85,2.2595,1.19,2.1415,0.9341068419636784,1.5410504232909625
19588,0.25,0.15,0.6,0.15,0.05,0.8,2.2595,1.19,2.1295,0.9349274476962666,1.5781090306413739
19589,0.25,0.15,0.6,0.15,0.1,0.75,2.2595,1.19,2.1175,0.9357540079375718,1.634420575800352
19590,0.25,0.15,0.6,0.15,0.15,0.7,2.2595,1.19,2.1055,0.9365865877345712,1.656922799498173
19591,0.25,0.15,0.6,0.15,0.2,0.65,2.2595,1.19,2.0935,0.937425253085135,1.6846638349822263
19592,0.25,0.15,0.6,0.15,0.25,0.6,2.2595,1.19,2.0815,0.9382700709554648,1.6920330551867222
19604,0.25,0.15,0.6,0.2,0.0,0.8,2.2595,1.19,2.1220000000000003,0.9354433459447036,1.5933847348119312
19605,0.25,0.15,0.6,0.2,0.05,0.75,2.2595,1.19,2.1100000000000003,0.9362736607256422,1.6415251554976151
19606,0.25,0.15,0.6,0.2,0.1,0.7,2.2595,1.19,2.098,0.9371100361984126,1.6562729185457923
19607,0.25,0.15,0.6,0.2,0.15,0.65,2.2595,1.19,2.0860000000000003,0.9379525389640238,1.6856596683155596
19608,0.25,0.15,0.6,0.2,0.2,0.6,2.2595,1.19,2.074,0.9388012366029116,1.6902967588904259
19620,0.25,0.15,0.6,0.25,0.0,0.75,2.2595,1.19,2.1025,0.9367956809523827,1.6415251554976151
19621,0.25,0.15,0.6,0.25,0.05,0.7,2.2595,1.19,2.0905,0.9376358781165924,1.6582125018791256
19622,0.25,0.15,0.6,0.25,0.1,0.65,2.2595,1.19,2.0785,0.9384822446955003,1.6850097873631789
19635,0.25,0.15,0.6,0.3,0.0,0.7,2.2595,1.19,2.083,0.9381641299427383,1.6582125018791256
19636,0.25,0.15,0.6,0.3,0.05,0.65,2.2595,1.19,2.071,0.9390143869758798,1.6850097873631789
19740,0.25,0.2,0.55,0.0,0.0,1.0,2.241,1.19,2.2,0.926330741961492,1.539178756624296
19741,0.25,0.2,0.55,0.0,0.05,0.95,2.241,1.19,2.188,0.9271095126924864,1.539945347533387
19742,0.25,0.2,0.55,0.0,0.1,0.9,2.241,1.19,2.176,0.9278938361559655,1.539945347533387
19743,0.25,0.2,0.55,0.0,0.15,0.85,2.241,1.19,2.164,0.9286837719519206,1.5405952284857676
19744,0.25,0.2,0.55,0.0,0.2,0.8,2.241,1.19,2.152,0.9294793805363564,1.5405952284857676
19745,0.25,0.2,0.55,0.0,0.25,0.75,2.241,1.19,2.14,0.930280723236716,1.5802781268596373
19746,0.25,0.2,0.55,0.0,0.3,0.7,2.241,1.19,2.128,0.9310878622676388,1.6649008667919842
19760,0.25,0.2,0.55,0.05,0.0,0.95,2.241,1.19,2.1805,0.9275990603816406,1.539178756624296
19761,0.25,0.2,0.55,0.05,0.05,0.9,2.241,1.19,2.1685000000000003,0.9283868845145395,1.539945347533387
19762,0.25,0.2,0.55,0.05,0.1,0.85,2.241,1.19,2.1565000000000003,0.9291803586636316,1.539945347533387
19763,0.25,0.2,0.55,0.05,0.15,0.8,2.241,1.19,2.1445000000000003,0.9299795438277416,1.5424668951524347
19764,0.25,0.2,0.55,0.05,0.2,0.75,2.241,1.19,2.1325000000000003,0.930784501886942,1.595608604642909
19765,0.25,0.2,0.55,0.05,0.25,0.7,2.241,1.19,2.1205,0.9315952956185248,1.6465936105196914
19779,0.25,0.2,0.55,0.1,0.0,0.9,2.241,1.19,2.161,0.928882139893519,1.539178756624296
19780,0.25,0.2,0.55,0.1,0.05,0.85,2.241,1.19,2.149,0.929679176223104,1.539945347533387
19781,0.25,0.2,0.55,0.1,0.1,0.8,2.241,1.19,2.1370000000000005,0.9304819621384744,1.5588837882796218
19782,0.25,0.2,0.55,0.1,0.15,0.75,2.241,1.19,2.125,0.931290560078572,1.619737550708365
19783,0.25,0.2,0.55,0.1,0.2,0.7,2.241,1.19,2.113,0.9321050333897148,1.655045567355316
19784,0.25,0.2,0.55,0.1,0.25,0.65,2.241,1.19,2.101,0.932925446342142,1.6854563812785224
19797,0.25,0.2,0.55,0.15,0.0,0.85,2.241,1.19,2.1415,0.9301802396968466,1.5410504232909625
19798,0.25,0.2,0.55,0.15,0.05,0.8,2.241,1.19,2.1295,0.9309866507533682,1.5781090306413739
19799,0.25,0.2,0.55,0.15,0.1,0.75,2.241,1.19,2.1175,0.93179891331869,1.634420575800352
19800,0.25,0.2,0.55,0.15,0.15,0.7,2.241,1.19,2.1055,0.9326170913146196,1.656922799498173
19801,0.25,0.2,0.55,0.15,0.2,0.65,2.241,1.19,2.0935,0.9334412495974084,1.6846638349822263
19802,0.25,0.2,0.55,0.15,0.25,0.6,2.241,1.19,2.0815,0.9342714539748896,1.6920330551867222
19814,0.25,0.2,0.55,0.2,0.0,0.8,2.241,1.19,2.1220000000000003,0.9314936250956845,1.5933847348119312
19815,0.25,0.2,0.55,0.2,0.05,0.75,2.241,1.19,2.1100000000000003,0.932309577255354,1.6415251554976151
19816,0.25,0.2,0.55,0.2,0.1,0.7,2.241,1.19,2.098,0.9331314852702036,1.6562729185457923
19817,0.25,0.2,0.55,0.2,0.15,0.65,2.241,1.19,2.0860000000000003,0.9339594145891912,1.6856596683155596
19818,0.25,0.2,0.55,0.2,0.2,0.6,2.241,1.19,2.074,0.9347934316237598,1.6902967588904259
19830,0.25,0.2,0.55,0.25,0.0,0.75,2.241,1.19,2.1025,0.932822567679201,1.6415251554976151
19831,0.25,0.2,0.55,0.25,0.05,0.7,2.241,1.19,2.0905,0.9336482312786254,1.6582125018791256
19832,0.25,0.2,0.55,0.25,0.1,0.65,2.241,1.19,2.0785,0.9344799575754296,1.6850097873631789
19845,0.25,0.2,0.55,0.3,0.0,0.7,2.241,1.19,2.083,0.9341673455089003,1.6582125018791256
19846,0.25,0.2,0.55,0.3,0.05,0.65,2.241,1.19,2.071,0.9350028949636288,1.6850097873631789
19950,0.25,0.25,0.5,0.0,0.0,1.0,2.2225,1.19,2.2,0.922471899645282,1.539178756624296
19951,0.25,0.25,0.5,0.0,0.05,0.95,2.2225,1.19,2.188,0.9232369622330574,1.539945347533387
19952,0.25,0.25,0.5,0.0,0.1,0.9,2.2225,1.19,2.176,0.9240074798125458,1.539945347533387
19953,0.25,0.25,0.5,0.0,0.15,0.85,2.2225,1.19,2.164,0.9247835109346424,1.5405952284857676
19954,0.25,0.25,0.5,0.0,0.2,0.8,2.2225,1.19,2.152,0.9255651149911884,1.5405952284857676
19955,0.25,0.25,0.5,0.0,0.25,0.75,2.2225,1.19,2.14,0.9263523522301242,1.5802781268596373
19956,0.25,0.25,0.5,0.0,0.3,0.7,2.2225,1.19,2.128,0.9271452837709688,1.6649008667919842
19970,0.25,0.25,0.5,0.05,0.0,0.95,2.2225,1.19,2.1805,0.9237178927649812,1.539178756624296
19971,0.25,0.25,0.5,0.05,0.05,0.9,2.2225,1.19,2.1685000000000003,0.9244918493941132,1.539945347533387
19972,0.25,0.25,0.5,0.05,0.1,0.85,2.2225,1.19,2.1565000000000003,0.9252713565862518,1.539945347533387
19973,0.25,0.25,0.5,0.05,0.15,0.8,2.2225,1.19,2.1445000000000003,0.9260564742665028,1.5424668951524347
19974,0.25,0.25,0.5,0.05,0.2,0.75,2.2225,1.19,2.1325000000000003,0.926847263225708,1.595608604642909
19975,0.25,0.25,0.5,0.05,0.25,0.7,2.2225,1.19,2.1205,0.9276437851361352,1.6465936105196914
19989,0.25,0.25,0.5,0.1,0.0,0.9,2.2225,1.19,2.161,0.9249783871474876,1.539178756624296
19990,0.25,0.25,0.5,0.1,0.05,0.85,2.2225,1.19,2.149,0.9257613938176076,1.539945347533387
19991,0.25,0.25,0.5,0.1,0.1,0.8,2.2225,1.19,2.1370000000000005,0.9265500488676748,1.5588837882796218
19992,0.25,0.25,0.5,0.1,0.15,0.75,2.2225,1.19,2.125,0.9273444136375611,1.619737550708365
19993,0.25,0.25,0.5,0.1,0.2,0.7,2.2225,1.19,2.113,0.9281445503585456,1.655045567355316
19994,0.25,0.25,0.5,0.1,0.25,0.65,2.2225,1.19,2.101,0.9289505221695648,1.6854563812785224
20007,0.25,0.25,0.5,0.15,0.0,0.85,2.2225,1.19,2.1415,0.9262536374300148,1.5410504232909625
20008,0.25,0.25,0.5,0.15,0.05,0.8,2.2225,1.19,2.1295,0.92704585381047,1.5781090306413739
20009,0.25,0.25,0.5,0.15,0.1,0.75,2.2225,1.19,2.1175,0.9278438186998084,1.634420575800352
20010,0.25,0.25,0.5,0.15,0.15,0.7,2.2225,1.19,2.1055,0.9286475948946676,1.656922799498173
20011,0.25,0.25,0.5,0.15,0.2,0.65,2.2225,1.19,2.0935,0.9294572461096816,1.6846638349822263
20012,0.25,0.25,0.5,0.15,0.25,0.6,2.2225,1.19,2.0815,0.9302728369943146,1.6920330551867222
20024,0.25,0.25,0.5,0.2,0.0,0.8,2.2225,1.19,2.1220000000000003,0.9275439042466652,1.5933847348119312
20025,0.25,0.25,0.5,0.2,0.05,0.75,2.2225,1.19,2.1100000000000003,0.9283454937850658,1.6415251554976151
20026,0.25,0.25,0.5,0.2,0.1,0.7,2.2225,1.19,2.098,0.9291529343419948,1.6562729185457923
20027,0.25,0.25,0.5,0.2,0.15,0.65,2.2225,1.19,2.0860000000000003,0.929966290214359,1.6856596683155596
20028,0.25,0.25,0.5,0.2,0.2,0.6,2.2225,1.19,2.074,0.9307856266446084,1.6902967588904259
20040,0.25,0.25,0.5,0.25,0.0,0.75,2.2225,1.19,2.1025,0.9288494544060192,1.6415251554976151
20041,0.25,0.25,0.5,0.25,0.05,0.7,2.2225,1.19,2.0905,0.9296605844406584,1.6582125018791256
20042,0.25,0.25,0.5,0.25,0.1,0.65,2.2225,1.19,2.0785,0.930477670455359,1.6850097873631789
20055,0.25,0.25,0.5,0.3,0.0,0.7,2.2225,1.19,2.083,0.9301705610750628,1.6582125018791256
20056,0.25,0.25,0.5,0.3,0.05,0.65,2.2225,1.19,2.071,0.9309914029513772,1.6850097873631789
20160,0.25,0.3,0.45,0.0,0.0,1.0,2.204,1.19,2.2,0.9186130573290724,1.540122616273419
20161,0.25,0.3,0.45,0.0,0.05,0.95,2.204,1.19,2.188,0.9193644117736284,1.54088920718251
20162,0.25,0.3,0.45,0.0,0.1,0.9,2.204,1.19,2.176,0.920121123469126,1.539945347533387
20163,0.25,0.3,0.45,0.0,0.15,0.85,2.204,1.19,2.164,0.9208832499173644,1.5405952284857676
20164,0.25,0.3,0.45,0.0,0.2,0.8,2.204,1.19,2.152,0.9216508494460206,1.5405952284857676
20165,0.25,0.3,0.45,0.0,0.25,0.75,2.204,1.19,2.14,0.922423981223532,1.5802781268596373
20166,0.25,0.3,0.45,0.0,0.3,0.7,2.204,1.19,2.128,0.9232027052742988,1.6649008667919842
20180,0.25,0.3,0.45,0.05,0.0,0.95,2.204,1.19,2.1805,0.9198367251483214,1.539178756624296
20181,0.25,0.3,0.45,0.05,0.05,0.9,2.204,1.19,2.1685000000000003,0.9205968142736872,1.539945347533387
20182,0.25,0.3,0.45,0.05,0.1,0.85,2.204,1.19,2.1565000000000003,0.921362354508872,1.539945347533387
20183,0.25,0.3,0.45,0.05,0.15,0.8,2.204,1.19,2.1445000000000003,0.9221334047052636,1.5424668951524347
20184,0.25,0.3,0.45,0.05,0.2,0.75,2.204,1.19,2.1325000000000003,0.9229100245644736,1.595608604642909
20185,0.25,0.3,0.45,0.05,0.25,0.7,2.204,1.19,2.1205,0.9236922746537456,1.6465936105196914
20199,0.25,0.3,0.45,0.1,0.0,0.9,2.204,1.19,2.161,0.9210746344014562,1.539178756624296
20200,0.25,0.3,0.45,0.1,0.05,0.85,2.204,1.19,2.149,0.9218436114121116,1.539945347533387
20201,0.25,0.3,0.45,0.1,0.1,0.8,2.204,1.19,2.1370000000000005,0.9226181355968748,1.5588837882796218
20202,0.25,0.3,0.45,0.1,0.15,0.75,2.204,1.19,2.125,0.9233982671965502,1.619737550708365
20203,0.25,0.3,0.45,0.1,0.2,0.7,2.204,1.19,2.113,0.9241840673273768,1.655045567355316
20204,0.25,0.3,0.45,0.1,0.25,0.65,2.204,1.19,2.101,0.9249755979969878,1.6854563812785224
20217,0.25,0.3,0.45,0.15,0.0,0.85,2.204,1.19,2.1415,0.9223270351631824,1.5410504232909625
20218,0.25,0.3,0.45,0.15,0.05,0.8,2.204,1.19,2.1295,0.9231050568675714,1.5781090306413739
20219,0.25,0.3,0.45,0.15,0.1,0.75,2.204,1.19,2.1175,0.9238887240809268,1.634420575800352
20220,0.25,0.3,0.45,0.15,0.15,0.7,2.204,1.19,2.1055,0.924678098474716,1.656922799498173
20221,0.25,0.3,0.45,0.15,0.2,0.65,2.204,1.19,2.0935,0.9254732426219544,1.6846638349822263
20222,0.25,0.3,0.45,0.15,0.25,0.6,2.204,1.19,2.0815,0.9262742200137396,1.6920330551867222
20234,0.25,0.3,0.45,0.2,0.0,0.8,2.204,1.19,2.1220000000000003,0.9235941833976462,1.5933847348119312
20235,0.25,0.3,0.45,0.2,0.05,0.75,2.204,1.19,2.1100000000000003,0.9243814103147774,1.6415251554976151
20236,0.25,0.3,0.45,0.2,0.1,0.7,2.204,1.19,2.098,0.9251743834137856,1.6562729185457923
20237,0.25,0.3,0.45,0.2,0.15,0.65,2.204,1.19,2.0860000000000003,0.9259731658395264,1.6856596683155596
20238,0.25,0.3,0.45,0.2,0.2,0.6,2.204,1.19,2.074,0.9267778216654564,1.6902967588904259
20250,0.25,0.3,0.45,0.25,0.0,0.75,2.204,1.19,2.1025,0.9248763411328372,1.6415251554976151
20251,0.25,0.3,0.45,0.25,0.05,0.7,2.204,1.19,2.0905,0.925672937602691,1.6582125018791256
20252,0.25,0.3,0.45,0.25,0.1,0.65,2.204,1.19,2.0785,0.926475383335288,1.6850097873631789
20265,0.25,0.3,0.45,0.3,0.0,0.7,2.204,1.19,2.083,0.9261737766412248,1.6582125018791256
20266,0.25,0.3,0.45,0.3,0.05,0.65,2.204,1.19,2.071,0.9269799109391262,1.6850097873631789
20370,0.25,0.35,0.4,0.0,0.0,1.0,2.1855,1.19,2.2,0.9147542150128626,1.552097841152298
20371,0.25,0.35,0.4,0.0,0.05,0.95,2.1855,1.19,2.188,0.9154918613141996,1.552864432061389
20372,0.25,0.35,0.4,0.0,0.1,0.9,2.1855,1.19,2.176,0.9162347671257062,1.552864432061389
20373,0.25,0.35,0.4,0.0,0.15,0.85,2.1855,1.19,2.164,0.916982988900086,1.55351431301377
20374,0.25,0.35,0.4,0.0,0.2,0.8,2.1855,1.19,2.152,0.9177365839008528,1.5525739190743761
20375,0.25,0.35,0.4,0.0,0.25,0.75,2.1855,1.19,2.14,0.9184956102169404,1.5853659822306851
20376,0.25,0.35,0.4,0.0,0.3,0.7,2.1855,1.19,2.128,0.9192601267776288,1.6659785334586508
20390,0.25,0.35,0.4,0.05,0.0,0.95,2.1855,1.19,2.1805,0.915955557531662,1.552097841152298
20391,0.25,0.35,0.4,0.05,0.05,0.9,2.1855,1.19,2.1685000000000003,0.9167017791532612,1.552864432061389
20392,0.25,0.35,0.4,0.05,0.1,0.85,2.1855,1.19,2.1565000000000003,0.9174533524314924,1.552864432061389
20393,0.25,0.35,0.4,0.05,0.15,0.8,2.1855,1.19,2.1445000000000003,0.9182103351440246,1.549538486787219
20394,0.25,0.35,0.4,0.05,0.2,0.75,2.1855,1.19,2.1325000000000003,0.9189727859032392,1.5997526003648341
20395,0.25,0.35,0.4,0.05,0.25,0.7,2.1855,1.19,2.1205,0.919740764171356,1.6497846729082832
20409,0.25,0.35,0.4,0.1,0.0,0.9,2.1855,1.19,2.161,0.9171708816554248,1.552097841152298
20410,0.25,0.35,0.4,0.1,0.05,0.85,2.1855,1.19,2.149,0.9179258290066158,1.551924038121995
20411,0.25,0.35,0.4,0.1,0.1,0.8,2.1855,1.19,2.1370000000000005,0.9186862223260752,1.5650115202652832
20412,0.25,0.35,0.4,0.1,0.15,0.75,2.1855,1.19,2.125,0.9194521207555396,1.62388154643029
20413,0.25,0.35,0.4,0.1,0.2,0.7,2.1855,1.19,2.113,0.920223584296208,1.657158963077241
20414,0.25,0.35,0.4,0.1,0.25,0.65,2.1855,1.19,2.101,0.9210006738244108,1.6875697770004476
20427,0.25,0.35,0.4,0.15,0.0,0.85,2.1855,1.19,2.1415,0.9184004328963502,1.548122014925747
20428,0.25,0.35,0.4,0.15,0.05,0.8,2.1855,1.19,2.1295,0.9191642599246732,1.5842367626270353
20429,0.25,0.35,0.4,0.15,0.1,0.75,2.1855,1.19,2.1175,0.9199336294620452,1.6374869048556104
20430,0.25,0.35,0.4,0.15,0.15,0.7,2.1855,1.19,2.1055,0.9207086020547642,1.6590361952200983
20431,0.25,0.35,0.4,0.15,0.2,0.65,2.1855,1.19,2.0935,0.9214892391342278,1.6867772307041513
20432,0.25,0.35,0.4,0.15,0.25,0.6,2.1855,1.19,2.0815,0.9222756030331648,1.6941464509086472
20444,0.25,0.35,0.4,0.2,0.0,0.8,2.1855,1.19,2.1220000000000003,0.9196444625486272,1.5995124667975926
20445,0.25,0.35,0.4,0.2,0.05,0.75,2.1855,1.19,2.1100000000000003,0.9204173268444892,1.6445914845528735
20446,0.25,0.35,0.4,0.2,0.1,0.7,2.1855,1.19,2.098,0.9211958324855768,1.6583863142677173
20447,0.25,0.35,0.4,0.2,0.15,0.65,2.1855,1.19,2.0860000000000003,0.921980041464694,1.6877730640374846
20448,0.25,0.35,0.4,0.2,0.2,0.6,2.1855,1.19,2.074,0.922770016686305,1.692410154612351
20460,0.25,0.35,0.4,0.25,0.0,0.75,2.1855,1.19,2.1025,0.9209032278596556,1.6445914845528735
20461,0.25,0.35,0.4,0.25,0.05,0.7,2.1855,1.19,2.0905,0.921685290764724,1.6603258976010509
20462,0.25,0.35,0.4,0.25,0.1,0.65,2.1855,1.19,2.0785,0.9224730962152176,1.687123183085104
20475,0.25,0.35,0.4,0.3,0.0,0.7,2.1855,1.19,2.083,0.9221769922073872,1.6603258976010509
20476,0.25,0.35,0.4,0.3,0.05,0.65,2.1855,1.19,2.071,0.9229684189268752,1.687123183085104
20580,0.25,0.4,0.35,0.0,0.0,1.0,2.167,1.19,2.2,0.9108953726966528,1.5709970207663375
20581,0.25,0.4,0.35,0.0,0.05,0.95,2.167,1.19,2.188,0.9116193108547704,1.5717636116754283
20582,0.25,0.4,0.35,0.0,0.1,0.9,2.167,1.19,2.176,0.9123484107822862,1.5717636116754283
20583,0.25,0.4,0.35,0.0,0.15,0.85,2.167,1.19,2.164,0.9130827278828076,1.5724134926278095
20584,0.25,0.4,0.35,0.0,0.2,0.8,2.167,1.19,2.152,0.9138223183556848,1.5716020732729705
20585,0.25,0.4,0.35,0.0,0.25,0.75,2.167,1.19,2.14,0.9145672392103484,1.5983290176554705
20586,0.25,0.4,0.35,0.0,0.3,0.7,2.167,1.19,2.128,0.9153175482809588,1.6713965251722511
20600,0.25,0.4,0.35,0.05,0.0,0.95,2.167,1.19,2.1805,0.9120743899150024,1.5709970207663375
20601,0.25,0.4,0.35,0.05,0.05,0.9,2.167,1.19,2.1685000000000003,0.912806744032835,1.5717636116754283
20602,0.25,0.4,0.35,0.05,0.1,0.85,2.167,1.19,2.1565000000000003,0.9135443503541126,1.5709521923205898
20603,0.25,0.4,0.35,0.05,0.15,0.8,2.167,1.19,2.1445000000000003,0.914287265582786,1.5642513639171403
20604,0.25,0.4,0.35,0.05,0.2,0.75,2.167,1.19,2.1325000000000003,0.9150355472420046,1.6127156357896195
20605,0.25,0.4,0.35,0.05,0.25,0.7,2.167,1.19,2.1205,0.915789253688966,1.6580066238494189
20619,0.25,0.4,0.35,0.1,0.0,0.9,2.167,1.19,2.161,0.9132671289093932,1.5709970207663375
20620,0.25,0.4,0.35,0.1,0.05,0.85,2.167,1.19,2.149,0.9140080466011198,1.5709521923205898
20621,0.25,0.4,0.35,0.1,0.1,0.8,2.167,1.19,2.1370000000000005,0.914754309055275,1.5797243973952046
20622,0.25,0.4,0.35,0.1,0.15,0.75,2.167,1.19,2.125,0.9155059743145284,1.6340135184031714
20623,0.25,0.4,0.35,0.1,0.2,0.7,2.167,1.19,2.113,0.9162631012650386,1.6645101065649606
20624,0.25,0.4,0.35,0.1,0.25,0.65,2.167,1.19,2.101,0.9170257496518336,1.6939805265487733
20637,0.25,0.4,0.35,0.15,0.0,0.85,2.167,1.19,2.1415,0.9144738306295184,1.5628348920556687
20638,0.25,0.4,0.35,0.15,0.05,0.8,2.167,1.19,2.1295,0.9152234629817748,1.596118576305053
20639,0.25,0.4,0.35,0.15,0.1,0.75,2.167,1.19,2.1175,0.9159785348431632,1.6458163233433296
20640,0.25,0.4,0.35,0.15,0.15,0.7,2.167,1.19,2.1055,0.9167391056348124,1.6663873387078179
20641,0.25,0.4,0.35,0.15,0.2,0.65,2.167,1.19,2.0935,0.917505235646501,1.693187980252477
20642,0.25,0.4,0.35,0.15,0.25,0.6,2.167,1.19,2.0815,0.9182769860525896,1.699547594396367
20654,0.25,0.4,0.35,0.2,0.0,0.8,2.167,1.19,2.1220000000000003,0.915694741699608,1.6104625344438643
20655,0.25,0.4,0.35,0.2,0.05,0.75,2.167,1.19,2.1100000000000003,0.916453243374201,1.6529209030405931
20656,0.25,0.4,0.35,0.2,0.1,0.7,2.167,1.19,2.098,0.9172172815573676,1.665737457755437
20657,0.25,0.4,0.35,0.2,0.15,0.65,2.167,1.19,2.0860000000000003,0.9179869170898616,1.6941838135858103
20658,0.25,0.4,0.35,0.2,0.2,0.6,2.167,1.19,2.074,0.9187622117071532,1.6978112981000706
20670,0.25,0.4,0.35,0.25,0.0,0.75,2.167,1.19,2.1025,0.9169301145864736,1.6529209030405931
20671,0.25,0.4,0.35,0.25,0.05,0.7,2.167,1.19,2.0905,0.9176976439267568,1.6667366471493765
20672,0.25,0.4,0.35,0.25,0.1,0.65,2.167,1.19,2.0785,0.9184708090951468,1.6925243265728234
20685,0.25,0.4,0.35,0.3,0.0,0.7,2.167,1.19,2.083,0.9181802077735493,1.6657270410887701
20686,0.25,0.4,0.35,0.3,0.05,0.65,2.167,1.19,2.071,0.9189569269146236,1.6925243265728234
20790,0.25,0.45,0.3,0.0,0.0,1.0,2.1485,1.19,2.2,0.9070365303804429,1.5709970207663375
20791,0.25,0.45,0.3,0.0,0.05,0.95,2.1485,1.19,2.188,0.9077467603953412,1.5717636116754283
20792,0.25,0.45,0.3,0.0,0.1,0.9,2.1485,1.19,2.176,0.9084620544388664,1.5717636116754283
20793,0.25,0.45,0.3,0.0,0.15,0.85,2.1485,1.19,2.164,0.9091824668655296,1.5724134926278095
20794,0.25,0.45,0.3,0.0,0.2,0.8,2.1485,1.19,2.152,0.9099080528105168,1.5724134926278095
20795,0.25,0.45,0.3,0.0,0.25,0.75,2.1485,1.19,2.14,0.9106388682037564,1.6031938037165878
20796,0.25,0.45,0.3,0.0,0.3,0.7,2.1485,1.19,2.128,0.9113749697842888,1.6733479289155664
20810,0.25,0.45,0.3,0.05,0.0,0.95,2.1485,1.19,2.1805,0.9081932222983428,1.5709970207663375
20811,0.25,0.45,0.3,0.05,0.05,0.9,2.1485,1.19,2.1685000000000003,0.9089117089124088,1.5717636116754283
20812,0.25,0.45,0.3,0.05,0.1,0.85,2.1485,1.19,2.1565000000000003,0.9096353482767328,1.5717636116754283
20813,0.25,0.45,0.3,0.05,0.15,0.8,2.1485,1.19,2.1445000000000003,0.910364196021547,1.5730465878659046
20814,0.25,0.45,0.3,0.05,0.2,0.75,2.1485,1.19,2.1325000000000003,0.9110983085807706,1.617724218147033
20815,0.25,0.45,0.3,0.05,0.25,0.7,2.1485,1.19,2.1205,0.9118377432065764,1.6610266572223642
20829,0.25,0.45,0.3,0.1,0.0,0.9,2.1485,1.19,2.161,0.9093633761633622,1.5709970207663375
20830,0.25,0.45,0.3,0.1,0.05,0.85,2.1485,1.19,2.149,0.9100902641956238,1.5717636116754283
20831,0.25,0.45,0.3,0.1,0.1,0.8,2.1485,1.19,2.1370000000000005,0.9108223957844752,1.5874862880106357
20832,0.25,0.45,0.3,0.1,0.15,0.75,2.1485,1.19,2.125,0.9115598278735176,1.6382106814057462
20833,0.25,0.45,0.3,0.1,0.2,0.7,2.1485,1.19,2.113,0.9123026182338698,1.6687072695675351
20834,0.25,0.45,0.3,0.1,0.25,0.65,2.1485,1.19,2.101,0.9130508254792564,1.695763332648991
20847,0.25,0.45,0.3,0.15,0.0,0.85,2.1485,1.19,2.1415,0.910547228362686,1.571630116004433
20848,0.25,0.45,0.3,0.15,0.05,0.8,2.1485,1.19,2.1295,0.9112826660388764,1.6030690475656453
20849,0.25,0.45,0.3,0.15,0.1,0.75,2.1485,1.19,2.1175,0.9120234402242816,1.6500134863459044
20850,0.25,0.45,0.3,0.15,0.15,0.7,2.1485,1.19,2.1055,0.9127696092148604,1.6705845017103922
20851,0.25,0.45,0.3,0.15,0.2,0.65,2.1485,1.19,2.0935,0.913521232158774,1.6961479159823245
20864,0.25,0.45,0.3,0.2,0.0,0.8,2.1485,1.19,2.1220000000000003,0.9117450208505892,1.6174130057044565
20865,0.25,0.45,0.3,0.2,0.05,0.75,2.1485,1.19,2.1100000000000003,0.9124891599039128,1.657118066043168
20866,0.25,0.45,0.3,0.2,0.1,0.7,2.1485,1.19,2.098,0.9132387306291586,1.6699346207580115
20867,0.25,0.45,0.3,0.2,0.15,0.65,2.1485,1.19,2.0860000000000003,0.9139937927150292,1.6971437493156578
20868,0.25,0.45,0.3,0.2,0.2,0.6,2.1485,1.19,2.074,0.9147544067280016,1.6988209041606765
20880,0.25,0.45,0.3,0.25,0.0,0.75,2.1485,1.19,2.1025,0.9129570013132916,1.657118066043168
20881,0.25,0.45,0.3,0.25,0.05,0.7,2.1485,1.19,2.0905,0.9137099970887896,1.6718742040913448
20882,0.25,0.45,0.3,0.25,0.1,0.65,2.1485,1.19,2.0785,0.914468521975076,1.6935339326334296
20895,0.25,0.45,0.3,0.3,0.0,0.7,2.1485,1.19,2.083,0.9141834233397116,1.6718742040913448
20896,0.25,0.45,0.3,0.3,0.05,0.65,2.1485,1.19,2.071,0.9149454349023726,1.6935339326334296
21000,0.25,0.5,0.25,0.0,0.0,1.0,2.13,1.19,2.2,0.9031776880642332,1.5734538246156413
21001,0.25,0.5,0.25,0.0,0.05,0.95,2.13,1.19,2.188,0.9038742099359124,1.5742204155247321
21002,0.25,0.5,0.25,0.0,0.1,0.9,2.13,1.19,2.176,0.9045756980954468,1.572804672281489
21003,0.25,0.5,0.25,0.0,0.15,0.85,2.13,1.19,2.164,0.9052822058482514,1.57345455323387
21004,0.25,0.5,0.25,0.0,0.2,0.8,2.13,1.19,2.152,0.905993787265349,1.57345455323387
21005,0.25,0.5,0.25,0.0,0.25,0.75,2.13,1.19,2.14,0.9067104971971643,1.6042348643226483
21006,0.25,0.5,0.25,0.0,0.3,0.7,2.13,1.19,2.128,0.9074323912876188,1.6733479289155664
21020,0.25,0.5,0.25,0.05,0.0,0.95,2.13,1.19,2.1805,0.904312054681683,1.5734538246156413
21021,0.25,0.5,0.25,0.05,0.05,0.9,2.13,1.19,2.1685000000000003,0.9050166737919828,1.572804672281489
21022,0.25,0.5,0.25,0.05,0.1,0.85,2.13,1.19,2.1565000000000003,0.9057263461993532,1.572804672281489
21023,0.25,0.5,0.25,0.05,0.15,0.8,2.13,1.19,2.1445000000000003,0.906441126460308,1.5740876484719653
21024,0.25,0.5,0.25,0.05,0.2,0.75,2.13,1.19,2.1325000000000003,0.907161069919536,1.617724218147033
21025,0.25,0.5,0.25,0.05,0.25,0.7,2.13,1.19,2.1205,0.9078862327241868,1.6610266572223642
21039,0.25,0.5,0.25,0.1,0.0,0.9,2.13,1.19,2.161,0.9054596234173308,1.572038081372398
21040,0.25,0.5,0.25,0.1,0.05,0.85,2.13,1.19,2.149,0.9061724817901278,1.572804672281489
21041,0.25,0.5,0.25,0.1,0.1,0.8,2.13,1.19,2.1370000000000005,0.9068904825136752,1.5874862880106357
21042,0.25,0.5,0.25,0.1,0.15,0.75,2.13,1.19,2.125,0.9076136814325066,1.6382106814057462
21043,0.25,0.5,0.25,0.1,0.2,0.7,2.13,1.19,2.113,0.9083421352027008,1.6687072695675351
21044,0.25,0.5,0.25,0.1,0.25,0.65,2.13,1.19,2.101,0.9090759013066796,1.695763332648991
21057,0.25,0.5,0.25,0.15,0.0,0.85,2.13,1.19,2.1415,0.9066206260958538,1.5726711766104935
21058,0.25,0.5,0.25,0.15,0.05,0.8,2.13,1.19,2.1295,0.907341869095978,1.6030690475656453
21059,0.25,0.5,0.25,0.15,0.1,0.75,2.13,1.19,2.1175,0.9080683456054,1.6500134863459044
21060,0.25,0.5,0.25,0.15,0.15,0.7,2.13,1.19,2.1055,0.9088001127949088,1.6705845017103922
21061,0.25,0.5,0.25,0.15,0.2,0.65,2.13,1.19,2.0935,0.909537228671047,1.6961479159823245
21074,0.25,0.5,0.25,0.2,0.0,0.8,2.13,1.19,2.1220000000000003,0.90779530000157,1.6174130057044565
21075,0.25,0.5,0.25,0.2,0.05,0.75,2.13,1.19,2.1100000000000003,0.9085250764336248,1.657118066043168
21076,0.25,0.5,0.25,0.2,0.1,0.7,2.13,1.19,2.098,0.9092601797009496,1.6699346207580115
21077,0.25,0.5,0.25,0.2,0.15,0.65,2.13,1.19,2.0860000000000003,0.9100006683401966,1.6971437493156578
21090,0.25,0.5,0.25,0.25,0.0,0.75,2.13,1.19,2.1025,0.90898388804011,1.657118066043168
21091,0.25,0.5,0.25,0.25,0.05,0.7,2.13,1.19,2.0905,0.9097223502508224,1.6718742040913448
21092,0.25,0.5,0.25,0.25,0.1,0.65,2.13,1.19,2.0785,0.9104662348550052,1.6964938683632766
21105,0.25,0.5,0.25,0.3,0.0,0.7,2.13,1.19,2.083,0.9101866389058736,1.6718742040913448
21106,0.25,0.5,0.25,0.3,0.05,0.65,2.13,1.19,2.071,0.9109339428901216,1.6964938683632766
21211,0.25,0.55,0.2,0.0,0.05,0.95,2.1115000000000004,1.19,2.188,0.9000016594764835,1.5840630493345085
21212,0.25,0.55,0.2,0.0,0.1,0.9,2.1115000000000004,1.19,2.176,0.900689341752027,1.578804427875641
21213,0.25,0.55,0.2,0.0,0.15,0.85,2.1115000000000004,1.19,2.164,0.9013819448309732,1.579454308828022
21214,0.25,0.55,0.2,0.0,0.2,0.8,2.1115000000000004,1.19,2.152,0.9020795217201812,1.579454308828022
21215,0.25,0.55,0.2,0.0,0.25,0.75,2.1115000000000004,1.19,2.14,0.9027821261905724,1.608760481985766
21216,0.25,0.55,0.2,0.0,0.3,0.7,2.1115000000000004,1.19,2.128,0.903489812790949,1.675626399431537
21230,0.25,0.55,0.2,0.05,0.0,0.95,2.1115000000000004,1.19,2.1805,0.9004308870650235,1.5780378369665502
21231,0.25,0.55,0.2,0.05,0.05,0.9,2.1115000000000004,1.19,2.1685000000000003,0.9011216386715568,1.578804427875641
21232,0.25,0.55,0.2,0.05,0.1,0.85,2.1115000000000004,1.19,2.1565000000000003,0.9018173441219736,1.578804427875641
21233,0.25,0.55,0.2,0.05,0.15,0.8,2.1115000000000004,1.19,2.1445000000000003,0.9025180568990692,1.5800874040661173
21234,0.25,0.55,0.2,0.05,0.2,0.75,2.1115000000000004,1.19,2.1325000000000003,0.9032238312583016,1.6200026886630037
21235,0.25,0.55,0.2,0.05,0.25,0.7,2.1115000000000004,1.19,2.1205,0.903934722241797,1.6633051277383344
21249,0.25,0.55,0.2,0.1,0.0,0.9,2.1115000000000004,1.19,2.161,0.9015558706712996,1.5780378369665502
21250,0.25,0.55,0.2,0.1,0.05,0.85,2.1115000000000004,1.19,2.149,0.902254699384632,1.578804427875641
21251,0.25,0.55,0.2,0.1,0.1,0.8,2.1115000000000004,1.19,2.1370000000000005,0.9029585692428757,1.5912388964576407
21252,0.25,0.55,0.2,0.1,0.15,0.75,2.1115000000000004,1.19,2.125,0.903667534991496,1.6404891519217168
21253,0.25,0.55,0.2,0.1,0.2,0.7,2.1115000000000004,1.19,2.113,0.904381652171532,1.6695699968402624
21254,0.25,0.55,0.2,0.1,0.25,0.65,2.1115000000000004,1.19,2.101,0.9051009771341024,1.695763332648991
21267,0.25,0.55,0.2,0.15,0.0,0.85,2.1115000000000004,1.19,2.1415,0.902694023829022,1.5786709322046455
21268,0.25,0.55,0.2,0.15,0.05,0.8,2.1115000000000004,1.19,2.1295,0.9034010721530796,1.60682165601265
21269,0.25,0.55,0.2,0.15,0.1,0.75,2.1115000000000004,1.19,2.1175,0.9041132509865184,1.652291956861875
21270,0.25,0.55,0.2,0.15,0.15,0.7,2.1115000000000004,1.19,2.1055,0.9048306163749572,1.6714472289831195
21271,0.25,0.55,0.2,0.15,0.2,0.65,2.1115000000000004,1.19,2.0935,0.9055532251833204,1.6961479159823245
21284,0.25,0.55,0.2,0.2,0.0,0.8,2.1115000000000004,1.19,2.1220000000000003,0.9038455791525511,1.6211656141514612
21285,0.25,0.55,0.2,0.2,0.05,0.75,2.1115000000000004,1.19,2.1100000000000003,0.9045609929633364,1.6579807933158952
21286,0.25,0.55,0.2,0.2,0.1,0.7,2.1115000000000004,1.19,2.098,0.9052816287727408,1.6707973480307388
21287,0.25,0.55,0.2,0.2,0.15,0.65,2.1115000000000004,1.19,2.0860000000000003,0.9060075439653642,1.6971437493156578
21300,0.25,0.55,0.2,0.25,0.0,0.75,2.1115000000000004,1.19,2.1025,0.9050107747669284,1.6579807933158952
21301,0.25,0.55,0.2,0.25,0.05,0.7,2.1115000000000004,1.19,2.0905,0.9057347034128556,1.672736931364072
21302,0.25,0.55,0.2,0.25,0.1,0.65,2.1115000000000004,1.19,2.0785,0.9064639477349348,1.6964938683632766
21315,0.25,0.55,0.2,0.3,0.0,0.7,2.1115000000000004,1.19,2.083,0.906189854472036,1.672736931364072
21316,0.25,0.55,0.2,0.3,0.05,0.65,2.1115000000000004,1.19,2.071,0.9069224508778704,1.6964938683632766
21463,0.25,0.6,0.15,0.1,0.2,0.7,2.093,1.19,2.113,0.9004211691403629,1.676124106922831
21464,0.25,0.6,0.15,0.1,0.25,0.65,2.093,1.19,2.101,0.9011260529615254,1.6996232491831724
21479,0.25,0.6,0.15,0.15,0.1,0.75,2.093,1.19,2.1175,0.9001581563676365,1.6625948858180672
21480,0.25,0.6,0.15,0.15,0.15,0.7,2.093,1.19,2.1055,0.9008611199550052,1.6780013390656883
21495,0.25,0.6,0.15,0.2,0.05,0.75,2.093,1.19,2.1100000000000003,0.9005969094930483,1.6645349033984636
21496,0.25,0.6,0.15,0.2,0.1,0.7,2.093,1.19,2.098,0.9013030778445316,1.6773514581133073
21510,0.25,0.6,0.15,0.25,0.0,0.75,2.093,1.19,2.1025,0.9010376614937464,1.6645349033984636
21511,0.25,0.6,0.15,0.25,0.05,0.7,2.093,1.19,2.0905,0.9017470565748884,1.6792910414466409
21525,0.25,0.6,0.15,0.3,0.0,0.7,2.093,1.19,2.083,0.902193070038198,1.6792910414466409
21526,0.25,0.6,0.15,0.3,0.05,0.65,2.093,1.19,2.071,0.9029109588656188,1.6993210821947553
22050,0.3,0.0,0.7,0.0,0.0,1.0,2.272,1.19,2.2,0.9327969101670324,1.539178756624296
22051,0.3,0.0,0.7,0.0,0.05,0.95,2.272,1.19,2.188,0.933598651300178,1.539945347533387
22052,0.3,0.0,0.7,0.0,0.1,0.9,2.272,1.19,2.176,0.934406108947642,1.539945347533387
22053,0.3,0.0,0.7,0.0,0.15,0.85,2.272,1.19,2.164,0.9352193444673595,1.5405952284857676
22054,0.3,0.0,0.7,0.0,0.2,0.8,2.272,1.19,2.152,0.9360384200985294,1.5405952284857676
22055,0.3,0.0,0.7,0.0,0.25,0.75,2.272,1.19,2.14,0.9368633989774916,1.5802781268596373
22056,0.3,0.0,0.7,0.0,0.3,0.7,2.272,1.19,2.128,0.9376943451539508,1.6649008667919842
22070,0.3,0.0,0.7,0.05,0.0,0.95,2.272,1.19,2.1805,0.9341026385500972,1.539178756624296
22071,0.3,0.0,0.7,0.05,0.05,0.9,2.272,1.19,2.1685000000000003,0.93491370012174,1.539945347533387
22072,0.3,0.0,0.7,0.05,0.1,0.85,2.272,1.19,2.1565000000000003,0.9357305783608622,1.539945347533387
22073,0.3,0.0,0.7,0.05,0.15,0.8,2.272,1.19,2.1445000000000003,0.9365533360654932,1.541624721239391
22074,0.3,0.0,0.7,0.05,0.2,0.75,2.272,1.19,2.1325000000000003,0.9373820369409024,1.595608604642909
22075,0.3,0.0,0.7,0.05,0.25,0.7,2.272,1.19,2.1205,0.938216745616043,1.6465936105196914
22089,0.3,0.0,0.7,0.1,0.0,0.9,2.272,1.19,2.161,0.935423563413896,1.539178756624296
22090,0.3,0.0,0.7,0.1,0.05,0.85,2.272,1.19,2.149,0.9362441089025836,1.539945347533387
22091,0.3,0.0,0.7,0.1,0.1,0.8,2.272,1.19,2.1370000000000005,0.9370705735652204,1.5580416143665783
22092,0.3,0.0,0.7,0.1,0.15,0.75,2.272,1.19,2.125,0.937903021682428,1.619737550708365
22093,0.3,0.0,0.7,0.1,0.2,0.7,2.272,1.19,2.113,0.9387415184689708,1.655045567355316
22094,0.3,0.0,0.7,0.1,0.25,0.65,2.272,1.19,2.101,0.9395861300907844,1.6854563812785224
22107,0.3,0.0,0.7,0.15,0.0,0.85,2.272,1.19,2.1415,0.93675995160343,1.5402082493779192
22108,0.3,0.0,0.7,0.15,0.05,0.8,2.272,1.19,2.1295,0.93759014833336,1.5772668567283303
22109,0.3,0.0,0.7,0.15,0.1,0.75,2.272,1.19,2.1175,0.9384263691665458,1.634420575800352
22110,0.3,0.0,0.7,0.15,0.15,0.7,2.272,1.19,2.1055,0.9392686799102142,1.656922799498173
22111,0.3,0.0,0.7,0.15,0.2,0.65,2.272,1.19,2.0935,0.9401171473335992,1.6846638349822263
22112,0.3,0.0,0.7,0.15,0.25,0.6,2.272,1.19,2.0815,0.940971839185583,1.6920330551867222
22124,0.3,0.0,0.7,0.2,0.0,0.8,2.272,1.19,2.1220000000000003,0.9381120762480948,1.5925425608988877
22125,0.3,0.0,0.7,0.2,0.05,0.75,2.272,1.19,2.1100000000000003,0.9389520955028638,1.6415251554976151
22126,0.3,0.0,0.7,0.2,0.1,0.7,2.272,1.19,2.098,0.9397982462850402,1.6562729185457923
22127,0.3,0.0,0.7,0.2,0.15,0.65,2.272,1.19,2.0860000000000003,0.940650595974046,1.6856596683155596
22128,0.3,0.0,0.7,0.2,0.2,0.6,2.272,1.19,2.074,0.9415092129401764,1.6902967588904259
22140,0.3,0.0,0.7,0.25,0.0,0.75,2.272,1.19,2.1025,0.9394802169477756,1.6415251554976151
22141,0.3,0.0,0.7,0.25,0.05,0.7,2.272,1.19,2.0905,0.9403302340881918,1.6582125018791256
22142,0.3,0.0,0.7,0.25,0.1,0.65,2.272,1.19,2.0785,0.9411864927496022,1.6850097873631789
22155,0.3,0.0,0.7,0.3,0.0,0.7,2.272,1.19,2.083,0.9408646599656018,1.6582125018791256
22156,0.3,0.0,0.7,0.3,0.05,0.65,2.272,1.19,2.071,0.941724854551725,1.6850097873631789
22260,0.3,0.05,0.65,0.0,0.0,1.0,2.2535,1.19,2.2,0.9289380678508228,1.539178756624296
22261,0.3,0.05,0.65,0.0,0.05,0.95,2.2535,1.19,2.188,0.9297261008407492,1.539945347533387
22262,0.3,0.05,0.65,0.0,0.1,0.9,2.2535,1.19,2.176,0.9305197526042224,1.539945347533387
22263,0.3,0.05,0.65,0.0,0.15,0.85,2.2535,1.19,2.164,0.9313190834500816,1.5405952284857676
22264,0.3,0.05,0.65,0.0,0.2,0.8,2.2535,1.19,2.152,0.9321241545533616,1.5405952284857676
22265,0.3,0.05,0.65,0.0,0.25,0.75,2.2535,1.19,2.14,0.9329350279708996,1.5802781268596373
22266,0.3,0.05,0.65,0.0,0.3,0.7,2.2535,1.19,2.128,0.9337517666572808,1.6649008667919842
22280,0.3,0.05,0.65,0.05,0.0,0.95,2.2535,1.19,2.1805,0.9302214709334374,1.539178756624296
22281,0.3,0.05,0.65,0.05,0.05,0.9,2.2535,1.19,2.1685000000000003,0.931018665001314,1.539945347533387
22282,0.3,0.05,0.65,0.05,0.1,0.85,2.2535,1.19,2.1565000000000003,0.9318215762834824,1.539945347533387
22283,0.3,0.05,0.65,0.05,0.15,0.8,2.2535,1.19,2.1445000000000003,0.932630266504254,1.5424668951524347
22284,0.3,0.05,0.65,0.05,0.2,0.75,2.2535,1.19,2.1325000000000003,0.933444798279668,1.595608604642909
22285,0.3,0.05,0.65,0.05,0.25,0.7,2.2535,1.19,2.1205,0.9342652351336532,1.6465936105196914
22299,0.3,0.05,0.65,0.1,0.0,0.9,2.2535,1.19,2.161,0.9315198106678646,1.539178756624296
22300,0.3,0.05,0.65,0.1,0.05,0.85,2.2535,1.19,2.149,0.9323263264970876,1.539945347533387
22301,0.3,0.05,0.65,0.1,0.1,0.8,2.2535,1.19,2.1370000000000005,0.9331386602944204,1.5588837882796218
22302,0.3,0.05,0.65,0.1,0.15,0.75,2.2535,1.19,2.125,0.9339568752414172,1.619737550708365
22303,0.3,0.05,0.65,0.1,0.2,0.7,2.2535,1.19,2.113,0.934781035437802,1.655045567355316
22304,0.3,0.05,0.65,0.1,0.25,0.65,2.2535,1.19,2.101,0.9356112059182076,1.6854563812785224
22317,0.3,0.05,0.65,0.15,0.0,0.85,2.2535,1.19,2.1415,0.9328333493365978,1.5410504232909625
22318,0.3,0.05,0.65,0.15,0.05,0.8,2.2535,1.19,2.1295,0.9336493513904616,1.5781090306413739
22319,0.3,0.05,0.65,0.15,0.1,0.75,2.2535,1.19,2.1175,0.934471274547664,1.634420575800352
22320,0.3,0.05,0.65,0.15,0.15,0.7,2.2535,1.19,2.1055,0.9352991834902624,1.656922799498173
22321,0.3,0.05,0.65,0.15,0.2,0.65,2.2535,1.19,2.0935,0.9361331438458722,1.6846638349822263
22322,0.3,0.05,0.65,0.15,0.25,0.6,2.2535,1.19,2.0815,0.9369732222050078,1.6920330551867222
22334,0.3,0.05,0.65,0.2,0.0,0.8,2.2535,1.19,2.1220000000000003,0.9341623553990756,1.5933847348119312
22335,0.3,0.05,0.65,0.2,0.05,0.75,2.2535,1.19,2.1100000000000003,0.9349880120325758,1.6415251554976151
22336,0.3,0.05,0.65,0.2,0.1,0.7,2.2535,1.19,2.098,0.9358196953568312,1.6562729185457923
22337,0.3,0.05,0.65,0.2,0.15,0.65,2.2535,1.19,2.0860000000000003,0.9366574715992132,1.6856596683155596
22338,0.3,0.05,0.65,0.2,0.2,0.6,2.2535,1.19,2.074,0.9375014079610244,1.6902967588904259
22350,0.3,0.05,0.65,0.25,0.0,0.75,2.2535,1.19,2.1025,0.935507103674594,1.6415251554976151
22351,0.3,0.05,0.65,0.25,0.05,0.7,2.2535,1.19,2.0905,0.9363425872502248,1.6582125018791256
22352,0.3,0.05,0.65,0.25,0.1,0.65,2.2535,1.19,2.0785,0.9371842056295314,1.6850097873631789
22365,0.3,0.05,0.65,0.3,0.0,0.7,2.2535,1.19,2.083,0.936867875531764,1.6582125018791256
22366,0.3,0.05,0.65,0.3,0.05,0.65,2.2535,1.19,2.071,0.937713362539474,1.6850097873631789
22470,0.3,0.1,0.6,0.0,0.0,1.0,2.235,1.19,2.2,0.9250792255346132,1.539178756624296
22471,0.3,0.1,0.6,0.0,0.05,0.95,2.235,1.19,2.188,0.9258535503813204,1.539945347533387
22472,0.3,0.1,0.6,0.0,0.1,0.9,2.235,1.19,2.176,0.9266333962608024,1.539945347533387
22473,0.3,0.1,0.6,0.0,0.15,0.85,2.235,1.19,2.164,0.9274188224328032,1.5405952284857676
22474,0.3,0.1,0.6,0.0,0.2,0.8,2.235,1.19,2.152,0.928209889008194,1.5405952284857676
22475,0.3,0.1,0.6,0.0,0.25,0.75,2.235,1.19,2.14,0.9290066569643078,1.5802781268596373
22476,0.3,0.1,0.6,0.0,0.3,0.7,2.235,1.19,2.128,0.9298091881606106,1.6649008667919842
22490,0.3,0.1,0.6,0.05,0.0,0.95,2.235,1.19,2.1805,0.926340303316778,1.539178756624296
22491,0.3,0.1,0.6,0.05,0.05,0.9,2.235,1.19,2.1685000000000003,0.9271236298808878,1.539945347533387
22492,0.3,0.1,0.6,0.05,0.1,0.85,2.235,1.19,2.1565000000000003,0.927912574206103,1.539945347533387
22493,0.3,0.1,0.6,0.05,0.15,0.8,2.235,1.19,2.1445000000000003,0.9287071969430152,1.5424668951524347
22494,0.3,0.1,0.6,0.05,0.2,0.75,2.235,1.19,2.1325000000000003,0.9295075596184336,1.595608604642909
22495,0.3,0.1,0.6,0.05,0.25,0.7,2.235,1.19,2.1205,0.9303137246512632,1.6465936105196914
22509,0.3,0.1,0.6,0.1,0.0,0.9,2.235,1.19,2.161,0.927616057921833,1.539178756624296
22510,0.3,0.1,0.6,0.1,0.05,0.85,2.235,1.19,2.149,0.9284085440915916,1.539945347533387
22511,0.3,0.1,0.6,0.1,0.1,0.8,2.235,1.19,2.1370000000000005,0.9292067470236204,1.5588837882796218
22512,0.3,0.1,0.6,0.1,0.15,0.75,2.235,1.19,2.125,0.9300107288004064,1.619737550708365
22513,0.3,0.1,0.6,0.1,0.2,0.7,2.235,1.19,2.113,0.9308205524066328,1.655045567355316
22514,0.3,0.1,0.6,0.1,0.25,0.65,2.235,1.19,2.101,0.9316362817456304,1.6854563812785224
22527,0.3,0.1,0.6,0.15,0.0,0.85,2.235,1.19,2.1415,0.928906747069766,1.5410504232909625
22528,0.3,0.1,0.6,0.15,0.05,0.8,2.235,1.19,2.1295,0.9297085544475632,1.5781090306413739
22529,0.3,0.1,0.6,0.15,0.1,0.75,2.235,1.19,2.1175,0.9305161799287824,1.634420575800352
22530,0.3,0.1,0.6,0.15,0.15,0.7,2.235,1.19,2.1055,0.9313296870703108,1.656922799498173
22531,0.3,0.1,0.6,0.15,0.2,0.65,2.235,1.19,2.0935,0.9321491403581454,1.6846638349822263
22532,0.3,0.1,0.6,0.15,0.25,0.6,2.235,1.19,2.0815,0.9329746052244328,1.6920330551867222
22544,0.3,0.1,0.6,0.2,0.0,0.8,2.235,1.19,2.1220000000000003,0.9302126345500564,1.5933847348119312
22545,0.3,0.1,0.6,0.2,0.05,0.75,2.235,1.19,2.1100000000000003,0.9310239285622876,1.6415251554976151
22546,0.3,0.1,0.6,0.2,0.1,0.7,2.235,1.19,2.098,0.9318411444286224,1.6562729185457923
22547,0.3,0.1,0.6,0.2,0.15,0.65,2.235,1.19,2.0860000000000003,0.9326643472243809,1.6856596683155596
22548,0.3,0.1,0.6,0.2,0.2,0.6,2.235,1.19,2.074,0.9334936029818728,1.6902967588904259
22560,0.3,0.1,0.6,0.25,0.0,0.75,2.235,1.19,2.1025,0.9315339904014124,1.6415251554976151
22561,0.3,0.1,0.6,0.25,0.05,0.7,2.235,1.19,2.0905,0.9323549404122576,1.6582125018791256
22562,0.3,0.1,0.6,0.25,0.1,0.65,2.235,1.19,2.0785,0.9331819185094608,1.6850097873631789
22575,0.3,0.1,0.6,0.3,0.0,0.7,2.235,1.19,2.083,0.932871091097926,1.6582125018791256
22576,0.3,0.1,0.6,0.3,0.05,0.65,2.235,1.19,2.071,0.9337018705272228,1.6850097873631789
22680,0.3,0.15,0.55,0.0,0.0,1.0,2.2165,1.19,2.2,0.9212203832184032,1.539178756624296
22681,0.3,0.15,0.55,0.0,0.05,0.95,2.2165,1.19,2.188,0.9219809999218912,1.539945347533387
22682,0.3,0.15,0.55,0.0,0.1,0.9,2.2165,1.19,2.176,0.9227470399173826,1.539945347533387
22683,0.3,0.15,0.55,0.0,0.15,0.85,2.2165,1.19,2.164,0.923518561415525,1.5405952284857676
22684,0.3,0.15,0.55,0.0,0.2,0.8,2.2165,1.19,2.152,0.924295623463026,1.5405952284857676
22685,0.3,0.15,0.55,0.0,0.25,0.75,2.2165,1.19,2.14,0.925078285957716,1.5802781268596373
22686,0.3,0.15,0.55,0.0,0.3,0.7,2.2165,1.19,2.128,0.9258666096639409,1.6649008667919842
22700,0.3,0.15,0.55,0.05,0.0,0.95,2.2165,1.19,2.1805,0.9224591357001184,1.539178756624296
22701,0.3,0.15,0.55,0.05,0.05,0.9,2.2165,1.19,2.1685000000000003,0.9232285947604616,1.539945347533387
22702,0.3,0.15,0.55,0.05,0.1,0.85,2.2165,1.19,2.1565000000000003,0.9240035721287232,1.539945347533387
22703,0.3,0.15,0.55,0.05,0.15,0.8,2.2165,1.19,2.1445000000000003,0.9247841273817764,1.5424668951524347
22704,0.3,0.15,0.55,0.05,0.2,0.75,2.2165,1.19,2.1325000000000003,0.9255703209571994,1.595608604642909
22705,0.3,0.15,0.55,0.05,0.25,0.7,2.2165,1.19,2.1205,0.9263622141688738,1.6465936105196914
22719,0.3,0.15,0.55,0.1,0.0,0.9,2.2165,1.19,2.161,0.9237123051758016,1.539178756624296
22720,0.3,0.15,0.55,0.1,0.05,0.85,2.2165,1.19,2.149,0.9244907616860956,1.539945347533387
22721,0.3,0.15,0.55,0.1,0.1,0.8,2.2165,1.19,2.1370000000000005,0.9252748337528208,1.5588837882796218
22722,0.3,0.15,0.55,0.1,0.15,0.75,2.2165,1.19,2.125,0.9260645823593956,1.619737550708365
22723,0.3,0.15,0.55,0.1,0.2,0.7,2.2165,1.19,2.113,0.9268600693754638,1.655045567355316
22724,0.3,0.15,0.55,0.1,0.25,0.65,2.2165,1.19,2.101,0.9276613575730532,1.6854563812785224
22737,0.3,0.15,0.55,0.15,0.0,0.85,2.2165,1.19,2.1415,0.924980144802934,1.5410504232909625
22738,0.3,0.15,0.55,0.15,0.05,0.8,2.2165,1.19,2.1295,0.925767757504665,1.5781090306413739
22739,0.3,0.15,0.55,0.15,0.1,0.75,2.2165,1.19,2.1175,0.9265610853099008,1.634420575800352
22740,0.3,0.15,0.55,0.15,0.15,0.7,2.2165,1.19,2.1055,0.927360190650359,1.656922799498173
22741,0.3,0.15,0.55,0.15,0.2,0.65,2.2165,1.19,2.0935,0.9281651368704188,1.6846638349822263
22742,0.3,0.15,0.55,0.15,0.25,0.6,2.2165,1.19,2.0815,0.928975988243858,1.6920330551867222
22754,0.3,0.15,0.55,0.2,0.0,0.8,2.2165,1.19,2.1220000000000003,0.9262629137010372,1.5933847348119312
22755,0.3,0.15,0.55,0.2,0.05,0.75,2.2165,1.19,2.1100000000000003,0.9270598450919992,1.6415251554976151
22756,0.3,0.15,0.55,0.2,0.1,0.7,2.2165,1.19,2.098,0.9278625935004134,1.6562729185457923
22757,0.3,0.15,0.55,0.2,0.15,0.65,2.2165,1.19,2.0860000000000003,0.9286712228495484,1.6856596683155596
22758,0.3,0.15,0.55,0.2,0.2,0.6,2.2165,1.19,2.074,0.9294857980027212,1.6902967588904259
22770,0.3,0.15,0.55,0.25,0.0,0.75,2.2165,1.19,2.1025,0.9275608771282304,1.6415251554976151
22771,0.3,0.15,0.55,0.25,0.05,0.7,2.2165,1.19,2.0905,0.9283672935742906,1.6582125018791256
22772,0.3,0.15,0.55,0.25,0.1,0.65,2.2165,1.19,2.0785,0.92917963138939,1.6850097873631789
22785,0.3,0.15,0.55,0.3,0.0,0.7,2.2165,1.19,2.083,0.9288743066640882,1.6582125018791256
22786,0.3,0.15,0.55,0.3,0.05,0.65,2.2165,1.19,2.071,0.9296903785149714,1.6850097873631789
22890,0.3,0.2,0.5,0.0,0.0,1.0,2.198,1.19,2.2,0.9173615409021934,1.5459701091666367
22891,0.3,0.2,0.5,0.0,0.05,0.95,2.198,1.19,2.188,0.918108449462462,1.54088920718251
22892,0.3,0.2,0.5,0.0,0.1,0.9,2.198,1.19,2.176,0.9188606835739628,1.54088920718251
22893,0.3,0.2,0.5,0.0,0.15,0.85,2.198,1.19,2.164,0.919618300398247,1.5415390881348907
22894,0.3,0.2,0.5,0.0,0.2,0.8,2.198,1.19,2.152,0.920381357917858,1.5405952284857676
22895,0.3,0.2,0.5,0.0,0.25,0.75,2.198,1.19,2.14,0.921149914951124,1.5802781268596373
22896,0.3,0.2,0.5,0.0,0.3,0.7,2.198,1.19,2.128,0.9219240311672708,1.6649008667919842
22910,0.3,0.2,0.5,0.05,0.0,0.95,2.198,1.19,2.1805,0.9185779680834588,1.540122616273419
22911,0.3,0.2,0.5,0.05,0.05,0.9,2.198,1.19,2.1685000000000003,0.9193335596400356,1.54088920718251
22912,0.3,0.2,0.5,0.05,0.1,0.85,2.198,1.19,2.1565000000000003,0.9200945700513432,1.539945347533387
22913,0.3,0.2,0.5,0.05,0.15,0.8,2.198,1.19,2.1445000000000003,0.9208610578205376,1.5424668951524347
22914,0.3,0.2,0.5,0.05,0.2,0.75,2.198,1.19,2.1325000000000003,0.9216330822959652,1.595608604642909
22915,0.3,0.2,0.5,0.05,0.25,0.7,2.198,1.19,2.1205,0.922410703686484,1.6465936105196914
22929,0.3,0.2,0.5,0.1,0.0,0.9,2.198,1.19,2.161,0.9198085524297704,1.539178756624296
22930,0.3,0.2,0.5,0.1,0.05,0.85,2.198,1.19,2.149,0.9205729792805994,1.539945347533387
22931,0.3,0.2,0.5,0.1,0.1,0.8,2.198,1.19,2.1370000000000005,0.9213429204820208,1.5588837882796218
22932,0.3,0.2,0.5,0.1,0.15,0.75,2.198,1.19,2.125,0.9221184359183846,1.619737550708365
22933,0.3,0.2,0.5,0.1,0.2,0.7,2.198,1.19,2.113,0.9228995863442948,1.655045567355316
22934,0.3,0.2,0.5,0.1,0.25,0.65,2.198,1.19,2.101,0.9236864334004764,1.6854563812785224
22947,0.3,0.2,0.5,0.15,0.0,0.85,2.198,1.19,2.1415,0.9210535425361016,1.5410504232909625
22948,0.3,0.2,0.5,0.15,0.05,0.8,2.198,1.19,2.1295,0.9218269605617668,1.5781090306413739
22949,0.3,0.2,0.5,0.15,0.1,0.75,2.198,1.19,2.1175,0.9226059906910192,1.634420575800352
22950,0.3,0.2,0.5,0.15,0.15,0.7,2.198,1.19,2.1055,0.9233906942304072,1.656922799498173
22951,0.3,0.2,0.5,0.15,0.2,0.65,2.198,1.19,2.0935,0.9241811333826918,1.6846638349822263
22952,0.3,0.2,0.5,0.15,0.25,0.6,2.198,1.19,2.0815,0.9249773712632828,1.6920330551867222
22964,0.3,0.2,0.5,0.2,0.0,0.8,2.198,1.19,2.1220000000000003,0.9223131928520184,1.5933847348119312
22965,0.3,0.2,0.5,0.2,0.05,0.75,2.198,1.19,2.1100000000000003,0.9230957616217108,1.6415251554976151
22966,0.3,0.2,0.5,0.2,0.1,0.7,2.198,1.19,2.098,0.9238840425722042,1.6562729185457923
22967,0.3,0.2,0.5,0.2,0.15,0.65,2.198,1.19,2.0860000000000003,0.924678098474716,1.6856596683155596
22968,0.3,0.2,0.5,0.2,0.2,0.6,2.198,1.19,2.074,0.9254779930235696,1.6902967588904259
22980,0.3,0.2,0.5,0.25,0.0,0.75,2.198,1.19,2.1025,0.9235877638550484,1.6415251554976151
22981,0.3,0.2,0.5,0.25,0.05,0.7,2.198,1.19,2.0905,0.9243796467363232,1.6582125018791256
22982,0.3,0.2,0.5,0.25,0.1,0.65,2.198,1.19,2.0785,0.9251773442693196,1.6850097873631789
22995,0.3,0.2,0.5,0.3,0.0,0.7,2.198,1.19,2.083,0.9248775222302508,1.6582125018791256
22996,0.3,0.2,0.5,0.3,0.05,0.65,2.198,1.19,2.071,0.9256788865027205,1.6850097873631789
23100,0.3,0.25,0.45,0.0,0.0,1.0,2.1795,1.19,2.2,0.9135026985859837,1.5600816457462239
23101,0.3,0.25,0.45,0.0,0.05,0.95,2.1795,1.19,2.188,0.9142358990030331,1.552864432061389
23102,0.3,0.25,0.45,0.0,0.1,0.9,2.1795,1.19,2.176,0.9149743272305428,1.552864432061389
23103,0.3,0.25,0.45,0.0,0.15,0.85,2.1795,1.19,2.164,0.9157180393809689,1.55351431301377
23104,0.3,0.25,0.45,0.0,0.2,0.8,2.1795,1.19,2.152,0.9164670923726902,1.55351431301377
23105,0.3,0.25,0.45,0.0,0.25,0.75,2.1795,1.19,2.14,0.917221543944532,1.5891806276010556
23106,0.3,0.25,0.45,0.0,0.3,0.7,2.1795,1.19,2.128,0.9179814526706008,1.6659785334586508
23120,0.3,0.25,0.45,0.05,0.0,0.95,2.1795,1.19,2.1805,0.9146968004667992,1.552097841152298
23121,0.3,0.25,0.45,0.05,0.05,0.9,2.1795,1.19,2.1685000000000003,0.9154385245196096,1.552864432061389
23122,0.3,0.25,0.45,0.05,0.1,0.85,2.1795,1.19,2.1565000000000003,0.9161855679739638,1.552864432061389
23123,0.3,0.25,0.45,0.05,0.15,0.8,2.1795,1.19,2.1445000000000003,0.9169379882592984,1.5541474082518654
23124,0.3,0.25,0.45,0.05,0.2,0.75,2.1795,1.19,2.1325000000000003,0.9176958436347308,1.6026268517958104
23125,0.3,0.25,0.45,0.05,0.25,0.7,2.1795,1.19,2.1205,0.9184591932040944,1.6497846729082832
23139,0.3,0.25,0.45,0.1,0.0,0.9,2.1795,1.19,2.161,0.9159047996837392,1.552097841152298
23140,0.3,0.25,0.45,0.1,0.05,0.85,2.1795,1.19,2.149,0.9166551968751036,1.552864432061389
23141,0.3,0.25,0.45,0.1,0.1,0.8,2.1795,1.19,2.1370000000000005,0.917411007211221,1.56962044172993
23142,0.3,0.25,0.45,0.1,0.15,0.75,2.1795,1.19,2.125,0.9181722894773736,1.62388154643029
23143,0.3,0.25,0.45,0.1,0.2,0.7,2.1795,1.19,2.113,0.918939103313126,1.657158963077241
23144,0.3,0.25,0.45,0.1,0.25,0.65,2.1795,1.19,2.101,0.9197115092278992,1.6875697770004476
23157,0.3,0.25,0.45,0.15,0.0,0.85,2.1795,1.19,2.1415,0.9171269402692696,1.5527309363903936
23158,0.3,0.25,0.45,0.15,0.05,0.8,2.1795,1.19,2.1295,0.9178861636188682,1.5870189197819176
23159,0.3,0.25,0.45,0.15,0.1,0.75,2.1795,1.19,2.1175,0.9186508960721376,1.6374869048556104
23160,0.3,0.25,0.45,0.15,0.15,0.7,2.1795,1.19,2.1055,0.9194211978104556,1.6590361952200983
23161,0.3,0.25,0.45,0.15,0.2,0.65,2.1795,1.19,2.0935,0.9201971298949648,1.6867772307041513
23162,0.3,0.25,0.45,0.15,0.25,0.6,2.1795,1.19,2.0815,0.920978754282708,1.6941464509086472
23174,0.3,0.25,0.45,0.2,0.0,0.8,2.1795,1.19,2.1220000000000003,0.9183634720029994,1.5995124667975926
23175,0.3,0.25,0.45,0.2,0.05,0.75,2.1795,1.19,2.1100000000000003,0.9191316781514228,1.6445914845528735
23176,0.3,0.25,0.45,0.2,0.1,0.7,2.1795,1.19,2.098,0.9199054916439954,1.6583863142677173
23177,0.3,0.25,0.45,0.2,0.15,0.65,2.1795,1.19,2.0860000000000003,0.9206849740998836,1.6877730640374846
23178,0.3,0.25,0.45,0.2,0.2,0.6,2.1795,1.19,2.074,0.9214701880444178,1.692410154612351
23190,0.3,0.25,0.45,0.25,0.0,0.75,2.1795,1.19,2.1025,0.9196146505818668,1.6445914845528735
23191,0.3,0.25,0.45,0.25,0.05,0.7,2.1795,1.19,2.0905,0.9203919998983562,1.6603258976010509
23192,0.3,0.25,0.45,0.25,0.1,0.65,2.1795,1.19,2.0785,0.9211750571492486,1.687123183085104
23205,0.3,0.25,0.45,0.3,0.0,0.7,2.1795,1.19,2.083,0.9208807377964128,1.6603258976010509
23206,0.3,0.25,0.45,0.3,0.05,0.65,2.1795,1.19,2.071,0.9216673944904692,1.687123183085104
23310,0.3,0.3,0.4,0.0,0.0,1.0,2.161,1.19,2.2,0.909643856269774,1.5709970207663375
23311,0.3,0.3,0.4,0.0,0.05,0.95,2.161,1.19,2.188,0.9103633485436043,1.5717636116754283
23312,0.3,0.3,0.4,0.0,0.1,0.9,2.161,1.19,2.176,0.911087970887123,1.5717636116754283
23313,0.3,0.3,0.4,0.0,0.15,0.85,2.161,1.19,2.164,0.9118177783636904,1.5724134926278095
23314,0.3,0.3,0.4,0.0,0.2,0.8,2.161,1.19,2.152,0.9125528268275224,1.5724134926278095
23315,0.3,0.3,0.4,0.0,0.25,0.75,2.161,1.19,2.14,0.9132931729379402,1.6031938037165878
23316,0.3,0.3,0.4,0.0,0.3,0.7,2.161,1.19,2.128,0.9140388741739308,1.6733479289155664
23330,0.3,0.3,0.4,0.05,0.0,0.95,2.161,1.19,2.1805,0.9108156328501398,1.5709970207663375
23331,0.3,0.3,0.4,0.05,0.05,0.9,2.161,1.19,2.1685000000000003,0.9115434893991832,1.5717636116754283
23332,0.3,0.3,0.4,0.05,0.1,0.85,2.161,1.19,2.1565000000000003,0.9122765658965842,1.5717636116754283
23333,0.3,0.3,0.4,0.05,0.15,0.8,2.161,1.19,2.1445000000000003,0.9130149186980596,1.5730465878659046
23334,0.3,0.3,0.4,0.05,0.2,0.75,2.161,1.19,2.1325000000000003,0.913758604973496,1.6169127987921943
23335,0.3,0.3,0.4,0.05,0.25,0.7,2.161,1.19,2.1205,0.9145076827217044,1.6580066238494189
23349,0.3,0.3,0.4,0.1,0.0,0.9,2.161,1.19,2.161,0.9120010469377076,1.5709970207663375
23350,0.3,0.3,0.4,0.1,0.05,0.85,2.161,1.19,2.149,0.9127374144696077,1.5717636116754283
23351,0.3,0.3,0.4,0.1,0.1,0.8,2.161,1.19,2.1370000000000005,0.913479093940421,1.5866748686557972
23352,0.3,0.3,0.4,0.1,0.15,0.75,2.161,1.19,2.125,0.9142261430363626,1.6382106814057462
23353,0.3,0.3,0.4,0.1,0.2,0.7,2.161,1.19,2.113,0.9149786202819572,1.6645101065649606
23354,0.3,0.3,0.4,0.1,0.25,0.65,2.161,1.19,2.101,0.9157365850553224,1.6939805265487733
23367,0.3,0.3,0.4,0.15,0.0,0.85,2.161,1.19,2.1415,0.9132003380024376,1.571630116004433
23368,0.3,0.3,0.4,0.15,0.05,0.8,2.161,1.19,2.1295,0.9139453666759698,1.6030690475656453
23369,0.3,0.3,0.4,0.15,0.1,0.75,2.161,1.19,2.1175,0.9146958014532556,1.6458163233433296
23370,0.3,0.3,0.4,0.15,0.15,0.7,2.161,1.19,2.1055,0.9154517013905038,1.6663873387078179
23371,0.3,0.3,0.4,0.15,0.2,0.65,2.161,1.19,2.0935,0.9162131264072382,1.693187980252477
23384,0.3,0.3,0.4,0.2,0.0,0.8,2.161,1.19,2.1220000000000003,0.9144137511539804,1.6104625344438643
23385,0.3,0.3,0.4,0.2,0.05,0.75,2.161,1.19,2.1100000000000003,0.9151675946811346,1.6529209030405931
23386,0.3,0.3,0.4,0.2,0.1,0.7,2.161,1.19,2.098,0.9159269407157864,1.665737457755437
23387,0.3,0.3,0.4,0.2,0.15,0.65,2.161,1.19,2.0860000000000003,0.9166918497250508,1.6941838135858103
23388,0.3,0.3,0.4,0.2,0.2,0.6,2.161,1.19,2.074,0.917462383065266,1.6988209041606765
23400,0.3,0.3,0.4,0.25,0.0,0.75,2.161,1.19,2.1025,0.915641537308685,1.6529209030405931
23401,0.3,0.3,0.4,0.25,0.05,0.7,2.161,1.19,2.0905,0.9164043530603893,1.6676770410887705
23402,0.3,0.3,0.4,0.25,0.1,0.65,2.161,1.19,2.0785,0.917172770029178,1.6935339326334296
23415,0.3,0.3,0.4,0.3,0.0,0.7,2.161,1.19,2.083,0.9168839533625748,1.6676770410887705
23416,0.3,0.3,0.4,0.3,0.05,0.65,2.161,1.19,2.071,0.917655902478218,1.6935339326334296
23520,0.3,0.35,0.35,0.0,0.0,1.0,2.1425,1.19,2.2,0.905785013953564,1.5709970207663375
23521,0.3,0.35,0.35,0.0,0.05,0.95,2.1425,1.19,2.188,0.9064907980841752,1.5717636116754283
23522,0.3,0.35,0.35,0.0,0.1,0.9,2.1425,1.19,2.176,0.9072016145437032,1.5717636116754283
23523,0.3,0.35,0.35,0.0,0.15,0.85,2.1425,1.19,2.164,0.907917517346412,1.5724134926278095
23524,0.3,0.35,0.35,0.0,0.2,0.8,2.1425,1.19,2.152,0.9086385612823544,1.5724134926278095
23525,0.3,0.35,0.35,0.0,0.25,0.75,2.1425,1.19,2.14,0.9093648019313484,1.6031938037165878
23526,0.3,0.35,0.35,0.0,0.3,0.7,2.1425,1.19,2.128,0.9100962956772608,1.6733479289155664
23540,0.3,0.35,0.35,0.05,0.0,0.95,2.1425,1.19,2.1805,0.9069344652334804,1.5709970207663375
23541,0.3,0.35,0.35,0.05,0.05,0.9,2.1425,1.19,2.1685000000000003,0.9076484542787572,1.5717636116754283
23542,0.3,0.35,0.35,0.05,0.1,0.85,2.1425,1.19,2.1565000000000003,0.9083675638192044,1.5717636116754283
23543,0.3,0.35,0.35,0.05,0.15,0.8,2.1425,1.19,2.1445000000000003,0.909091849136821,1.5730465878659046
23544,0.3,0.35,0.35,0.05,0.2,0.75,2.1425,1.19,2.1325000000000003,0.909821366312262,1.617724218147033
23545,0.3,0.35,0.35,0.05,0.25,0.7,2.1425,1.19,2.1205,0.9105561722393148,1.6610266572223642
23559,0.3,0.35,0.35,0.1,0.0,0.9,2.1425,1.19,2.161,0.9080972941916762,1.5709970207663375
23560,0.3,0.35,0.35,0.1,0.05,0.85,2.1425,1.19,2.149,0.9088196320641116,1.5717636116754283
23561,0.3,0.35,0.35,0.1,0.1,0.8,2.1425,1.19,2.1370000000000005,0.9095471806696211,1.5874862880106357
23562,0.3,0.35,0.35,0.1,0.15,0.75,2.1425,1.19,2.125,0.910279996595352,1.6382106814057462
23563,0.3,0.35,0.35,0.1,0.2,0.7,2.1425,1.19,2.113,0.911018137250788,1.6687072695675351
23564,0.3,0.35,0.35,0.1,0.25,0.65,2.1425,1.19,2.101,0.9117616608827452,1.695763332648991
23577,0.3,0.35,0.35,0.15,0.0,0.85,2.1425,1.19,2.1415,0.9092737357356055,1.571630116004433
23578,0.3,0.35,0.35,0.15,0.05,0.8,2.1425,1.19,2.1295,0.9100045697330716,1.6030690475656453
23579,0.3,0.35,0.35,0.15,0.1,0.75,2.1425,1.19,2.1175,0.910740706834374,1.6500134863459044
23580,0.3,0.35,0.35,0.15,0.15,0.7,2.1425,1.19,2.1055,0.911482204970552,1.6705845017103922
23581,0.3,0.35,0.35,0.15,0.2,0.65,2.1425,1.19,2.0935,0.9122291229195114,1.6961479159823245
23594,0.3,0.35,0.35,0.2,0.0,0.8,2.1425,1.19,2.1220000000000003,0.9104640303049611,1.6174130057044565
23595,0.3,0.35,0.35,0.2,0.05,0.75,2.1425,1.19,2.1100000000000003,0.9112035112108464,1.657118066043168
23596,0.3,0.35,0.35,0.2,0.1,0.7,2.1425,1.19,2.098,0.9119483897875774,1.6699346207580115
23597,0.3,0.35,0.35,0.2,0.15,0.65,2.1425,1.19,2.0860000000000003,0.9126987253502186,1.6971437493156578
23610,0.3,0.35,0.35,0.25,0.0,0.75,2.1425,1.19,2.1025,0.9116684240355032,1.657118066043168
23611,0.3,0.35,0.35,0.25,0.05,0.7,2.1425,1.19,2.0905,0.912416706222422,1.6718742040913448
23612,0.3,0.35,0.35,0.25,0.1,0.65,2.1425,1.19,2.0785,0.9131704829091072,1.6964938683632766
23625,0.3,0.35,0.35,0.3,0.0,0.7,2.1425,1.19,2.083,0.9128871689287372,1.6718742040913448
23626,0.3,0.35,0.35,0.3,0.05,0.65,2.1425,1.19,2.071,0.9136444104659668,1.6964938683632766
23730,0.3,0.4,0.3,0.0,0.0,1.0,2.124,1.19,2.2,0.9019261716373542,1.5765636990355156
23731,0.3,0.4,0.3,0.0,0.05,0.95,2.124,1.19,2.188,0.902618247624746,1.5773302899446064
23732,0.3,0.4,0.3,0.0,0.1,0.9,2.124,1.19,2.176,0.9033152582002836,1.5750831427974594
23733,0.3,0.4,0.3,0.0,0.15,0.85,2.124,1.19,2.164,0.904017256329134,1.5757330237498406
23734,0.3,0.4,0.3,0.0,0.2,0.8,2.124,1.19,2.152,0.9047242957371864,1.5743172805065972
23735,0.3,0.4,0.3,0.0,0.25,0.75,2.124,1.19,2.14,0.9054364309247562,1.6050975915953756
23736,0.3,0.4,0.3,0.0,0.3,0.7,2.124,1.19,2.128,0.9061537171805908,1.6742106561882937
23750,0.3,0.4,0.3,0.05,0.0,0.95,2.124,1.19,2.1805,0.9030532976168206,1.5743165518883686
23751,0.3,0.4,0.3,0.05,0.05,0.9,2.124,1.19,2.1685000000000003,0.9037534191583312,1.5750831427974594
23752,0.3,0.4,0.3,0.05,0.1,0.85,2.124,1.19,2.1565000000000003,0.9044585617418248,1.5736673995542163
23753,0.3,0.4,0.3,0.05,0.15,0.8,2.124,1.19,2.1445000000000003,0.905168779575582,1.5749503757446925
23754,0.3,0.4,0.3,0.05,0.2,0.75,2.124,1.19,2.1325000000000003,0.9058841276510278,1.6185869454197603
23755,0.3,0.4,0.3,0.05,0.25,0.7,2.124,1.19,2.1205,0.9066046617569252,1.6618893844950913
23769,0.3,0.4,0.3,0.1,0.0,0.9,2.124,1.19,2.161,0.9041935414456448,1.5743165518883686
23770,0.3,0.4,0.3,0.1,0.05,0.85,2.124,1.19,2.149,0.9049018496586156,1.5736673995542163
23771,0.3,0.4,0.3,0.1,0.1,0.8,2.124,1.19,2.1370000000000005,0.9056152673988216,1.588349015283363
23772,0.3,0.4,0.3,0.1,0.15,0.75,2.124,1.19,2.125,0.906333850154341,1.6390734086784735
23773,0.3,0.4,0.3,0.1,0.2,0.7,2.124,1.19,2.113,0.907057654219619,1.6695699968402624
23774,0.3,0.4,0.3,0.1,0.25,0.65,2.124,1.19,2.101,0.907786736710168,1.695763332648991
23787,0.3,0.4,0.3,0.15,0.0,0.85,2.124,1.19,2.1415,0.9053471334687734,1.5735339038832208
23788,0.3,0.4,0.3,0.15,0.05,0.8,2.124,1.19,2.1295,0.9060637727901732,1.6039317748383723
23789,0.3,0.4,0.3,0.15,0.1,0.75,2.124,1.19,2.1175,0.9067856122154924,1.6508762136186317
23790,0.3,0.4,0.3,0.15,0.15,0.7,2.124,1.19,2.1055,0.9075127085506,1.6714472289831195
23791,0.3,0.4,0.3,0.15,0.2,0.65,2.124,1.19,2.0935,0.9082451194317844,1.6961479159823245
23804,0.3,0.4,0.3,0.2,0.0,0.8,2.124,1.19,2.1220000000000003,0.9065143094559422,1.6182757329771837
23805,0.3,0.4,0.3,0.2,0.05,0.75,2.124,1.19,2.1100000000000003,0.907239427740558,1.6579807933158952
23806,0.3,0.4,0.3,0.2,0.1,0.7,2.124,1.19,2.098,0.9079698388593684,1.6707973480307388
23807,0.3,0.4,0.3,0.2,0.15,0.65,2.124,1.19,2.0860000000000003,0.9087056009753864,1.6971437493156578
23820,0.3,0.4,0.3,0.25,0.0,0.75,2.124,1.19,2.1025,0.9076953107623214,1.6579807933158952
23821,0.3,0.4,0.3,0.25,0.05,0.7,2.124,1.19,2.0905,0.908429059384455,1.672736931364072
23822,0.3,0.4,0.3,0.25,0.1,0.65,2.124,1.19,2.0785,0.9091681957890366,1.6964938683632766
23835,0.3,0.4,0.3,0.3,0.0,0.7,2.124,1.19,2.083,0.9088903844948992,1.672736931364072
23836,0.3,0.4,0.3,0.3,0.05,0.65,2.124,1.19,2.071,0.9096329184537156,1.6964938683632766
23943,0.3,0.45,0.25,0.0,0.15,0.85,2.1055,1.19,2.164,0.900116995311856,1.5891397877325708
23944,0.3,0.45,0.25,0.0,0.2,0.8,2.1055,1.19,2.152,0.9008100301920186,1.583881166273703
23945,0.3,0.45,0.25,0.0,0.25,0.75,2.1055,1.19,2.14,0.9015080599181644,1.613187339431447
23946,0.3,0.45,0.25,0.0,0.3,0.7,2.1055,1.19,2.128,0.9022111386839208,1.6779166511538475
23962,0.3,0.45,0.25,0.05,0.1,0.85,2.1055,1.19,2.1565000000000003,0.900549559664445,1.5832312853213222
23963,0.3,0.45,0.25,0.05,0.15,0.8,2.1055,1.19,2.1445000000000003,0.901245710014343,1.5845142615117984
23964,0.3,0.45,0.25,0.05,0.2,0.75,2.1055,1.19,2.1325000000000003,0.9019468889897932,1.6266766932558314
23965,0.3,0.45,0.25,0.05,0.25,0.7,2.1055,1.19,2.1205,0.9026531512745356,1.6670068500488804
23979,0.3,0.45,0.25,0.1,0.0,0.9,2.1055,1.19,2.161,0.9002897886996136,1.5824646944122314
23980,0.3,0.45,0.25,0.1,0.05,0.85,2.1055,1.19,2.149,0.9009840672531196,1.5832312853213222
23981,0.3,0.45,0.25,0.1,0.1,0.8,2.1055,1.19,2.1370000000000005,0.9016833541280216,1.5979129010504687
23982,0.3,0.45,0.25,0.1,0.15,0.75,2.1055,1.19,2.125,0.90238770371333,1.6441908742322624
23983,0.3,0.45,0.25,0.1,0.2,0.7,2.1055,1.19,2.113,0.90309717118845,1.672397210671741
23984,0.3,0.45,0.25,0.1,0.25,0.65,2.1055,1.19,2.101,0.903811812537591,1.6985905464804696
23997,0.3,0.45,0.25,0.15,0.0,0.85,2.1055,1.19,2.1415,0.9014205312019412,1.5830977896503264
23998,0.3,0.45,0.25,0.15,0.05,0.8,2.1055,1.19,2.1295,0.9021229758472749,1.610523378323196
23999,0.3,0.45,0.25,0.15,0.1,0.75,2.1055,1.19,2.1175,0.9028305175966108,1.6549609764697184
24000,0.3,0.45,0.25,0.15,0.15,0.7,2.1055,1.19,2.1055,0.9035432121306484,1.6742744428145984
24001,0.3,0.45,0.25,0.15,0.2,0.65,2.1055,1.19,2.0935,0.9042611159440574,1.6989751298138032
24014,0.3,0.45,0.25,0.2,0.0,0.8,2.1055,1.19,2.1220000000000003,0.9025645886069232,1.6248673364620074
24015,0.3,0.45,0.25,0.2,0.05,0.75,2.1055,1.19,2.1100000000000003,0.90327534427027,1.6608080071473739
24016,0.3,0.45,0.25,0.2,0.1,0.7,2.1055,1.19,2.098,0.9039912879311596,1.6736245618622174
24017,0.3,0.45,0.25,0.2,0.15,0.65,2.1055,1.19,2.0860000000000003,0.9047124766005537,1.6985552199038931
24030,0.3,0.45,0.25,0.25,0.0,0.75,2.1055,1.19,2.1025,0.9037221974891396,1.6608080071473739
24031,0.3,0.45,0.25,0.25,0.05,0.7,2.1055,1.19,2.0905,0.9044414125464878,1.6741484019523076
24032,0.3,0.45,0.25,0.25,0.1,0.65,2.1055,1.19,2.0785,0.9051659086689658,1.6979053389515122
24045,0.3,0.45,0.25,0.3,0.0,0.7,2.1055,1.19,2.083,0.9048936000610616,1.6741484019523076
24046,0.3,0.45,0.25,0.3,0.05,0.65,2.1055,1.19,2.071,0.9056214264414646,1.6979053389515122
24226,0.3,0.5,0.2,0.2,0.1,0.7,2.087,1.19,2.098,0.9000127370029504,1.6816766140677095
24241,0.3,0.5,0.2,0.25,0.05,0.7,2.087,1.19,2.0905,0.9004537657085208,1.6809620414466409
24255,0.3,0.5,0.2,0.3,0.0,0.7,2.087,1.19,2.083,0.9008968156272236,1.6809620414466409
24990,0.35,0.0,0.65,0.0,0.0,1.0,2.229,1.19,2.2,0.9238277091077344,1.539178756624296
24991,0.35,0.0,0.65,0.0,0.05,0.95,2.229,1.19,2.188,0.924597588070154,1.539945347533387
24992,0.35,0.0,0.65,0.0,0.1,0.9,2.229,1.19,2.176,0.9253729563656392,1.539945347533387
24993,0.35,0.0,0.65,0.0,0.15,0.85,2.229,1.19,2.164,0.926153872913686,1.5405952284857676
24994,0.35,0.0,0.65,0.0,0.2,0.8,2.229,1.19,2.152,0.9269403974800312,1.5405952284857676
24995,0.35,0.0,0.65,0.0,0.25,0.75,2.229,1.19,2.14,0.9277325906918996,1.5802781268596373
24996,0.35,0.0,0.65,0.0,0.3,0.7,2.229,1.19,2.128,0.9285305140535824,1.6649008667919842
25010,0.35,0.0,0.65,0.05,0.0,0.95,2.229,1.19,2.1805,0.9250815462519154,1.539178756624296
25011,0.35,0.0,0.65,0.05,0.05,0.9,2.229,1.19,2.1685000000000003,0.925860375247236,1.539945347533387
25012,0.35,0.0,0.65,0.05,0.1,0.85,2.229,1.19,2.1565000000000003,0.9266447897485744,1.539945347533387
25013,0.35,0.0,0.65,0.05,0.15,0.8,2.229,1.19,2.1445000000000003,0.9274348500582892,1.5424668951524347
25014,0.35,0.0,0.65,0.05,0.2,0.75,2.229,1.19,2.1325000000000003,0.9282306173499252,1.595608604642909
25015,0.35,0.0,0.65,0.05,0.25,0.7,2.229,1.19,2.1205,0.9290321536840016,1.6465936105196914
25029,0.35,0.0,0.65,0.1,0.0,0.9,2.229,1.19,2.161,0.9263499759501472,1.539178756624296
25030,0.35,0.0,0.65,0.1,0.05,0.85,2.229,1.19,2.149,0.9271379119600792,1.539945347533387
25031,0.35,0.0,0.65,0.1,0.1,0.8,2.229,1.19,2.1370000000000005,0.9279315319087664,1.5588837882796218
25032,0.35,0.0,0.65,0.1,0.15,0.75,2.229,1.19,2.125,0.9287308975222404,1.619737550708365
25033,0.35,0.0,0.65,0.1,0.2,0.7,2.229,1.19,2.113,0.929536071423551,1.655045567355316
25034,0.35,0.0,0.65,0.1,0.25,0.65,2.229,1.19,2.101,0.930347117149119,1.6854563812785224
25047,0.35,0.0,0.65,0.15,0.0,0.85,2.229,1.19,2.1415,0.9276332544426852,1.5410504232909625
25048,0.35,0.0,0.65,0.15,0.05,0.8,2.229,1.19,2.1295,0.9284304581417582,1.5781090306413739
25049,0.35,0.0,0.65,0.15,0.1,0.75,2.229,1.19,2.1175,0.9292334465388749,1.634420575800352
25050,0.35,0.0,0.65,0.15,0.15,0.7,2.229,1.19,2.1055,0.930042282826002,1.656922799498173
25051,0.35,0.0,0.65,0.15,0.2,0.65,2.229,1.19,2.0935,0.9308570311188826,1.6846638349822263
25052,0.35,0.0,0.65,0.15,0.25,0.6,2.229,1.19,2.0815,0.931677756473976,1.6920330551867222
25064,0.35,0.0,0.65,0.2,0.0,0.8,2.229,1.19,2.1220000000000003,0.9289316440044288,1.5933847348119312
25065,0.35,0.0,0.65,0.2,0.05,0.75,2.229,1.19,2.1100000000000003,0.9297382798692212,1.6415251554976151
25066,0.35,0.0,0.65,0.2,0.1,0.7,2.229,1.19,2.098,0.9305508035870412,1.6562729185457923
25067,0.35,0.0,0.65,0.2,0.15,0.65,2.229,1.19,2.0860000000000003,0.9313692798595702,1.6856596683155596
25068,0.35,0.0,0.65,0.2,0.2,0.6,2.229,1.19,2.074,0.9321937743399856,1.6902967588904259
25080,0.35,0.0,0.65,0.25,0.0,0.75,2.229,1.19,2.1025,0.9302454131236236,1.6415251554976151
25081,0.35,0.0,0.65,0.25,0.05,0.7,2.229,1.19,2.0905,0.93106164954589,1.6582125018791256
25082,0.35,0.0,0.65,0.25,0.1,0.65,2.229,1.19,2.0785,0.9318838794434918,1.6850097873631789
25095,0.35,0.0,0.65,0.3,0.0,0.7,2.229,1.19,2.083,0.9315748366869514,1.6582125018791256
25096,0.35,0.0,0.65,0.3,0.05,0.65,2.229,1.19,2.071,0.932400846090817,1.6850097873631789
25200,0.35,0.05,0.6,0.0,0.0,1.0,2.2105,1.19,2.2,0.9199688667915242,1.539178756624296
25201,0.35,0.05,0.6,0.0,0.05,0.95,2.2105,1.19,2.188,0.920725037610725,1.539945347533387
25202,0.35,0.05,0.6,0.0,0.1,0.9,2.2105,1.19,2.176,0.9214866000222194,1.539945347533387
25203,0.35,0.05,0.6,0.0,0.15,0.85,2.2105,1.19,2.164,0.9222536118964078,1.5405952284857676
25204,0.35,0.05,0.6,0.0,0.2,0.8,2.2105,1.19,2.152,0.9230261319348632,1.5405952284857676
25205,0.35,0.05,0.6,0.0,0.25,0.75,2.2105,1.19,2.14,0.9238042196853078,1.5802781268596373
25206,0.35,0.05,0.6,0.0,0.3,0.7,2.2105,1.19,2.128,0.9245879355569124,1.6649008667919842
25220,0.35,0.05,0.6,0.05,0.0,0.95,2.2105,1.19,2.1805,0.9212003786352558,1.539178756624296
25221,0.35,0.05,0.6,0.05,0.05,0.9,2.2105,1.19,2.1685000000000003,0.9219653401268098,1.539945347533387
25222,0.35,0.05,0.6,0.05,0.1,0.85,2.2105,1.19,2.1565000000000003,0.9227357876711946,1.539945347533387
25223,0.35,0.05,0.6,0.05,0.15,0.8,2.2105,1.19,2.1445000000000003,0.9235117804970504,1.5424668951524347
25224,0.35,0.05,0.6,0.05,0.2,0.75,2.2105,1.19,2.1325000000000003,0.9242933786886908,1.595608604642909
25225,0.35,0.05,0.6,0.05,0.25,0.7,2.2105,1.19,2.1205,0.925080643201612,1.6465936105196914
25239,0.35,0.05,0.6,0.1,0.0,0.9,2.2105,1.19,2.161,0.9224462232041156,1.539178756624296
25240,0.35,0.05,0.6,0.1,0.05,0.85,2.2105,1.19,2.149,0.9232201295545832,1.539945347533387
25241,0.35,0.05,0.6,0.1,0.1,0.8,2.2105,1.19,2.1370000000000005,0.9239996186379666,1.5588837882796218
25242,0.35,0.05,0.6,0.1,0.15,0.75,2.2105,1.19,2.125,0.9247847510812296,1.619737550708365
25243,0.35,0.05,0.6,0.1,0.2,0.7,2.2105,1.19,2.113,0.925575588392382,1.655045567355316
25244,0.35,0.05,0.6,0.1,0.25,0.65,2.2105,1.19,2.101,0.9263721929765418,1.6854563812785224
25257,0.35,0.05,0.6,0.15,0.0,0.85,2.2105,1.19,2.1415,0.9237066521758532,1.5410504232909625
25258,0.35,0.05,0.6,0.15,0.05,0.8,2.2105,1.19,2.1295,0.92448966119886,1.5781090306413739
25259,0.35,0.05,0.6,0.15,0.1,0.75,2.2105,1.19,2.1175,0.925278351919993,1.634420575800352
25260,0.35,0.05,0.6,0.15,0.15,0.7,2.2105,1.19,2.1055,0.9260727864060504,1.656922799498173
25261,0.35,0.05,0.6,0.15,0.2,0.65,2.2105,1.19,2.0935,0.926873027631156,1.6846638349822263
25262,0.35,0.05,0.6,0.15,0.25,0.6,2.2105,1.19,2.0815,0.9276791394934012,1.6920330551867222
25274,0.35,0.05,0.6,0.2,0.0,0.8,2.2105,1.19,2.1220000000000003,0.9249819231554096,1.5933847348119312
25275,0.35,0.05,0.6,0.2,0.05,0.75,2.2105,1.19,2.1100000000000003,0.9257741963989328,1.6415251554976151
25276,0.35,0.05,0.6,0.2,0.1,0.7,2.2105,1.19,2.098,0.926572252658832,1.6562729185457923
25277,0.35,0.05,0.6,0.2,0.15,0.65,2.2105,1.19,2.0860000000000003,0.9273761554847378,1.6856596683155596
25278,0.35,0.05,0.6,0.2,0.2,0.6,2.2105,1.19,2.074,0.928185969360834,1.6902967588904259
25290,0.35,0.05,0.6,0.25,0.0,0.75,2.2105,1.19,2.1025,0.9262722998504416,1.6415251554976151
25291,0.35,0.05,0.6,0.25,0.05,0.7,2.2105,1.19,2.0905,0.9270740027079228,1.6582125018791256
25292,0.35,0.05,0.6,0.25,0.1,0.65,2.2105,1.19,2.0785,0.9278815923234212,1.6850097873631789
25305,0.35,0.05,0.6,0.3,0.0,0.7,2.2105,1.19,2.083,0.9275780522531136,1.6582125018791256
25306,0.35,0.05,0.6,0.3,0.05,0.65,2.2105,1.19,2.071,0.9283893540785656,1.6850097873631789
25410,0.35,0.1,0.55,0.0,0.0,1.0,2.192,1.19,2.2,0.9161100244753146,1.552097841152298
25411,0.35,0.1,0.55,0.0,0.05,0.95,2.192,1.19,2.188,0.916852487151296,1.552864432061389
25412,0.35,0.1,0.55,0.0,0.1,0.9,2.192,1.19,2.176,0.9176002436787996,1.551924038121995
25413,0.35,0.1,0.55,0.0,0.15,0.85,2.192,1.19,2.164,0.9183533508791296,1.5476668201205521
25414,0.35,0.1,0.55,0.0,0.2,0.8,2.192,1.19,2.152,0.9191118663896956,1.5476668201205521
25415,0.35,0.1,0.55,0.0,0.25,0.75,2.192,1.19,2.14,0.919875848678716,1.5844221225815622
25416,0.35,0.1,0.55,0.0,0.3,0.7,2.192,1.19,2.128,0.9206453570602426,1.6659785334586508
25430,0.35,0.1,0.55,0.05,0.0,0.95,2.192,1.19,2.1805,0.9173192110185964,1.552097841152298
25431,0.35,0.1,0.55,0.05,0.05,0.9,2.192,1.19,2.1685000000000003,0.9180703050063838,1.551924038121995
25432,0.35,0.1,0.55,0.05,0.1,0.85,2.192,1.19,2.1565000000000003,0.918826785593815,1.5470169391681714
25433,0.35,0.1,0.55,0.05,0.15,0.8,2.192,1.19,2.1445000000000003,0.9195887109358116,1.549538486787219
25434,0.35,0.1,0.55,0.05,0.2,0.75,2.192,1.19,2.1325000000000003,0.9203561400274566,1.5997526003648341
25435,0.35,0.1,0.55,0.05,0.25,0.7,2.192,1.19,2.1205,0.9211291327192224,1.6497846729082832
25449,0.35,0.1,0.55,0.1,0.0,0.9,2.192,1.19,2.161,0.9185424704580843,1.5462503482590804
25450,0.35,0.1,0.55,0.1,0.05,0.85,2.192,1.19,2.149,0.9193023471490874,1.5470169391681714
25451,0.35,0.1,0.55,0.1,0.1,0.8,2.192,1.19,2.1370000000000005,0.9200677053671668,1.5650115202652832
25452,0.35,0.1,0.55,0.1,0.15,0.75,2.192,1.19,2.125,0.9208386046402188,1.62388154643029
25453,0.35,0.1,0.55,0.1,0.2,0.7,2.192,1.19,2.113,0.921615105361213,1.657158963077241
25454,0.35,0.1,0.55,0.1,0.25,0.65,2.192,1.19,2.101,0.9223972688039648,1.6875697770004476
25467,0.35,0.1,0.55,0.15,0.0,0.85,2.192,1.19,2.1415,0.9197800499090212,1.547178155276624
25468,0.35,0.1,0.55,0.15,0.05,0.8,2.192,1.19,2.1295,0.9205488642559618,1.5842367626270353
25469,0.35,0.1,0.55,0.15,0.1,0.75,2.192,1.19,2.1175,0.9213232573011116,1.6374869048556104
25470,0.35,0.1,0.55,0.15,0.15,0.7,2.192,1.19,2.1055,0.9221032899860986,1.6590361952200983
25471,0.35,0.1,0.55,0.15,0.2,0.65,2.192,1.19,2.0935,0.9228890241434292,1.6867772307041513
25472,0.35,0.1,0.55,0.15,0.25,0.6,2.192,1.19,2.0815,0.9236805225128262,1.6941464509086472
25484,0.35,0.1,0.55,0.2,0.0,0.8,2.192,1.19,2.1220000000000003,0.9210322023063904,1.5995124667975926
25485,0.35,0.1,0.55,0.2,0.05,0.75,2.192,1.19,2.1100000000000003,0.9218101129286448,1.6445914845528735
25486,0.35,0.1,0.55,0.2,0.1,0.7,2.192,1.19,2.098,0.9225937017306232,1.6583863142677173
25487,0.35,0.1,0.55,0.2,0.15,0.65,2.192,1.19,2.0860000000000003,0.9233830311099054,1.6877730640374846
25488,0.35,0.1,0.55,0.2,0.2,0.6,2.192,1.19,2.074,0.9241781643816824,1.692410154612351
25500,0.35,0.1,0.55,0.25,0.0,0.75,2.192,1.19,2.1025,0.9222991865772598,1.6445914845528735
25501,0.35,0.1,0.55,0.25,0.05,0.7,2.192,1.19,2.0905,0.9230863558699558,1.6603258976010509
25502,0.35,0.1,0.55,0.25,0.1,0.65,2.192,1.19,2.0785,0.9238793052033506,1.687123183085104
25515,0.35,0.1,0.55,0.3,0.0,0.7,2.192,1.19,2.083,0.9235812678192762,1.6603258976010509
25516,0.35,0.1,0.55,0.3,0.05,0.65,2.192,1.19,2.071,0.9243778620663144,1.687123183085104
25620,0.35,0.15,0.5,0.0,0.0,1.0,2.1735,1.19,2.2,0.9122511821591048,1.5709970207663375
25621,0.35,0.15,0.5,0.0,0.05,0.95,2.1735,1.19,2.188,0.9129799366918672,1.5717636116754283
25622,0.35,0.15,0.5,0.0,0.1,0.9,2.1735,1.19,2.176,0.9137138873353796,1.5709521923205898
25623,0.35,0.15,0.5,0.0,0.15,0.85,2.1735,1.19,2.164,0.9144530898618516,1.5636182686790452
25624,0.35,0.15,0.5,0.0,0.2,0.8,2.1735,1.19,2.152,0.9151976008445276,1.5636182686790452
25625,0.35,0.15,0.5,0.0,0.25,0.75,2.1735,1.19,2.14,0.9159474776721238,1.5983290176554705
25626,0.35,0.15,0.5,0.0,0.3,0.7,2.1735,1.19,2.128,0.9167027785635726,1.6713965251722511
25640,0.35,0.15,0.5,0.05,0.0,0.95,2.1735,1.19,2.1805,0.9134380434019368,1.570185601411499
25641,0.35,0.15,0.5,0.05,0.05,0.9,2.1735,1.19,2.1685000000000003,0.9141752698859578,1.5709521923205898
25642,0.35,0.15,0.5,0.05,0.1,0.85,2.1735,1.19,2.1565000000000003,0.9149177835164352,1.562968387726664
25643,0.35,0.15,0.5,0.05,0.15,0.8,2.1735,1.19,2.1445000000000003,0.9156656413745724,1.5642513639171403
25644,0.35,0.15,0.5,0.05,0.2,0.75,2.1735,1.19,2.1325000000000003,0.9164189013662224,1.6127156357896195
25645,0.35,0.15,0.5,0.05,0.25,0.7,2.1735,1.19,2.1205,0.9171776222368327,1.6580066238494189
25659,0.35,0.15,0.5,0.1,0.0,0.9,2.1735,1.19,2.161,0.9146387177120532,1.5622017968175732
25660,0.35,0.15,0.5,0.1,0.05,0.85,2.1735,1.19,2.149,0.9153845647435912,1.562968387726664
25661,0.35,0.15,0.5,0.1,0.1,0.8,2.1735,1.19,2.1370000000000005,0.916135792096367,1.5797243973952046
25662,0.35,0.15,0.5,0.1,0.15,0.75,2.1735,1.19,2.125,0.916892458199208,1.6340135184031714
25663,0.35,0.15,0.5,0.1,0.2,0.7,2.1735,1.19,2.113,0.9176546223300442,1.6635697126255666
25664,0.35,0.15,0.5,0.1,0.25,0.65,2.1735,1.19,2.101,0.9184223446313876,1.6929709204881673
25677,0.35,0.15,0.5,0.15,0.0,0.85,2.1735,1.19,2.1415,0.9158534476421888,1.5628348920556687
25678,0.35,0.15,0.5,0.15,0.05,0.8,2.1735,1.19,2.1295,0.9166080673130632,1.596118576305053
25679,0.35,0.15,0.5,0.15,0.1,0.75,2.1735,1.19,2.1175,0.91736816268223,1.6458163233433296
25680,0.35,0.15,0.5,0.15,0.15,0.7,2.1735,1.19,2.1055,0.9181337935661468,1.6644373387078177
25681,0.35,0.15,0.5,0.15,0.2,0.65,2.1735,1.19,2.0935,0.918905020655702,1.692178374191871
25682,0.35,0.15,0.5,0.15,0.25,0.6,2.1735,1.19,2.0815,0.919681905532251,1.699547594396367
25694,0.35,0.15,0.5,0.2,0.0,0.8,2.1735,1.19,2.1220000000000003,0.9170824814573716,1.6104625344438643
25695,0.35,0.15,0.5,0.2,0.05,0.75,2.1735,1.19,2.1100000000000003,0.9178460294583562,1.6519805091011992
25696,0.35,0.15,0.5,0.2,0.1,0.7,2.1735,1.19,2.098,0.918615150802414,1.6637874577554368
25697,0.35,0.15,0.5,0.2,0.15,0.65,2.1735,1.19,2.0860000000000003,0.9193899067350728,1.6931742075252043
25698,0.35,0.15,0.5,0.2,0.2,0.6,2.1735,1.19,2.074,0.9201703594025308,1.6978112981000706
25710,0.35,0.15,0.5,0.25,0.0,0.75,2.1735,1.19,2.1025,0.918326073304078,1.6499926280405932
25711,0.35,0.15,0.5,0.25,0.05,0.7,2.1735,1.19,2.0905,0.9190987090319884,1.6657270410887701
25712,0.35,0.15,0.5,0.25,0.1,0.65,2.1735,1.19,2.0785,0.9198770180832796,1.6925243265728234
25725,0.35,0.15,0.5,0.3,0.0,0.7,2.1735,1.19,2.083,0.9195844833854382,1.6657270410887701
25726,0.35,0.15,0.5,0.3,0.05,0.65,2.1735,1.19,2.071,0.9203663700540636,1.6925243265728234
25830,0.35,0.2,0.45,0.0,0.0,1.0,2.155,1.19,2.2,0.9083923398428952,1.5709970207663375
25831,0.35,0.2,0.45,0.0,0.05,0.95,2.155,1.19,2.188,0.909107386232438,1.5717636116754283
25832,0.35,0.2,0.45,0.0,0.1,0.9,2.155,1.19,2.176,0.9098275309919598,1.5717636116754283
25833,0.35,0.2,0.45,0.0,0.15,0.85,2.155,1.19,2.164,0.9105528288445732,1.5724134926278095
25834,0.35,0.2,0.45,0.0,0.2,0.8,2.155,1.19,2.152,0.9112833352993598,1.5724134926278095
25835,0.35,0.2,0.45,0.0,0.25,0.75,2.155,1.19,2.14,0.912019106665532,1.6031938037165878
25836,0.35,0.2,0.45,0.0,0.3,0.7,2.155,1.19,2.128,0.9127602000669024,1.6733479289155664
25850,0.35,0.2,0.45,0.05,0.0,0.95,2.155,1.19,2.1805,0.9095568757852772,1.5709970207663375
25851,0.35,0.2,0.45,0.05,0.05,0.9,2.155,1.19,2.1685000000000003,0.9102802347655315,1.5717636116754283
25852,0.35,0.2,0.45,0.05,0.1,0.85,2.155,1.19,2.1565000000000003,0.9110087814390556,1.5717636116754283
25853,0.35,0.2,0.45,0.05,0.15,0.8,2.155,1.19,2.1445000000000003,0.9117425718133336,1.5730465878659046
25854,0.35,0.2,0.45,0.05,0.2,0.75,2.155,1.19,2.1325000000000003,0.9124816627049877,1.617724218147033
25855,0.35,0.2,0.45,0.05,0.25,0.7,2.155,1.19,2.1205,0.9132261117544428,1.6610266572223642
25869,0.35,0.2,0.45,0.1,0.0,0.9,2.155,1.19,2.161,0.9107349649660218,1.5709970207663375
25870,0.35,0.2,0.45,0.1,0.05,0.85,2.155,1.19,2.149,0.9114667823380954,1.5717636116754283
25871,0.35,0.2,0.45,0.1,0.1,0.8,2.155,1.19,2.1370000000000005,0.912203878825567,1.5874862880106357
25872,0.35,0.2,0.45,0.1,0.15,0.75,2.155,1.19,2.125,0.9129463117581968,1.6382106814057462
25873,0.35,0.2,0.45,0.1,0.2,0.7,2.155,1.19,2.113,0.9136941392988752,1.6687072695675351
25874,0.35,0.2,0.45,0.1,0.25,0.65,2.155,1.19,2.101,0.9144474204588108,1.6939805265487733
25887,0.35,0.2,0.45,0.15,0.0,0.85,2.155,1.19,2.1415,0.9119268453753568,1.571630116004433
25888,0.35,0.2,0.45,0.15,0.05,0.8,2.155,1.19,2.1295,0.9126672703701648,1.6030690475656453
25889,0.35,0.2,0.45,0.15,0.1,0.75,2.155,1.19,2.1175,0.913413068063348,1.6500134863459044
25890,0.35,0.2,0.45,0.15,0.15,0.7,2.155,1.19,2.1055,0.9141642971461952,1.6705845017103922
25891,0.35,0.2,0.45,0.15,0.2,0.65,2.155,1.19,2.0935,0.9149210171679754,1.693187980252477
25904,0.35,0.2,0.45,0.2,0.0,0.8,2.155,1.19,2.1220000000000003,0.9131327606083524,1.6174130057044565
25905,0.35,0.2,0.45,0.2,0.05,0.75,2.155,1.19,2.1100000000000003,0.9138819459880682,1.657118066043168
25906,0.35,0.2,0.45,0.2,0.1,0.7,2.155,1.19,2.098,0.9146365998742052,1.665737457755437
25907,0.35,0.2,0.45,0.2,0.15,0.65,2.155,1.19,2.0860000000000003,0.9153967823602402,1.6941838135858103
25908,0.35,0.2,0.45,0.2,0.2,0.6,2.155,1.19,2.074,0.9161625544233788,1.6988209041606765
25920,0.35,0.2,0.45,0.25,0.0,0.75,2.155,1.19,2.1025,0.9143529600308964,1.6529209030405931
25921,0.35,0.2,0.45,0.25,0.05,0.7,2.155,1.19,2.0905,0.9151110621940214,1.6676770410887705
25922,0.35,0.2,0.45,0.25,0.1,0.65,2.155,1.19,2.0785,0.9158747309632088,1.6935339326334296
25935,0.35,0.2,0.45,0.3,0.0,0.7,2.155,1.19,2.083,0.9155876989516004,1.6676770410887705
25936,0.35,0.2,0.45,0.3,0.05,0.65,2.155,1.19,2.071,0.916354878041812,1.6935339326334296
26040,0.35,0.25,0.4,0.0,0.0,1.0,2.1365,1.19,2.2,0.9045334975266852,1.572038081372398
26041,0.35,0.25,0.4,0.0,0.05,0.95,2.1365,1.19,2.188,0.9052348357730092,1.572804672281489
26042,0.35,0.25,0.4,0.0,0.1,0.9,2.1365,1.19,2.176,0.90594117464854,1.572804672281489
26043,0.35,0.25,0.4,0.0,0.15,0.85,2.1365,1.19,2.164,0.9066525678272948,1.57345455323387
26044,0.35,0.25,0.4,0.0,0.2,0.8,2.1365,1.19,2.152,0.9073690697541916,1.57345455323387
26045,0.35,0.25,0.4,0.0,0.25,0.75,2.1365,1.19,2.14,0.9080907356589402,1.6042348643226483
26046,0.35,0.25,0.4,0.0,0.3,0.7,2.1365,1.19,2.128,0.9088176215702326,1.6733479289155664
26060,0.35,0.25,0.4,0.05,0.0,0.95,2.1365,1.19,2.1805,0.9056757081686176,1.572038081372398
26061,0.35,0.25,0.4,0.05,0.05,0.9,2.1365,1.19,2.1685000000000003,0.9063851996451054,1.572804672281489
26062,0.35,0.25,0.4,0.05,0.1,0.85,2.1365,1.19,2.1565000000000003,0.907099779361676,1.572804672281489
26063,0.35,0.25,0.4,0.05,0.15,0.8,2.1365,1.19,2.1445000000000003,0.9078195022520948,1.5740876484719653
26064,0.35,0.25,0.4,0.05,0.2,0.75,2.1365,1.19,2.1325000000000003,0.9085444240437536,1.617724218147033
26065,0.35,0.25,0.4,0.05,0.25,0.7,2.1365,1.19,2.1205,0.9092746012720532,1.6610266572223642
26079,0.35,0.25,0.4,0.1,0.0,0.9,2.1365,1.19,2.161,0.9068312122199904,1.572038081372398
26080,0.35,0.25,0.4,0.1,0.05,0.85,2.1365,1.19,2.149,0.9075489999325992,1.572804672281489
26081,0.35,0.25,0.4,0.1,0.1,0.8,2.1365,1.19,2.1370000000000005,0.9082719655547672,1.5874862880106357
26082,0.35,0.25,0.4,0.1,0.15,0.75,2.1365,1.19,2.125,0.909000165317186,1.6382106814057462
26083,0.35,0.25,0.4,0.1,0.2,0.7,2.1365,1.19,2.113,0.909733656267706,1.6687072695675351
26084,0.35,0.25,0.4,0.1,0.25,0.65,2.1365,1.19,2.101,0.9104724962862336,1.695763332648991
26097,0.35,0.25,0.4,0.15,0.0,0.85,2.1365,1.19,2.1415,0.9080002431085248,1.5726711766104935
26098,0.35,0.25,0.4,0.15,0.05,0.8,2.1365,1.19,2.1295,0.9087264734272664,1.6030690475656453
26099,0.35,0.25,0.4,0.15,0.1,0.75,2.1365,1.19,2.1175,0.9094579734444664,1.6500134863459044
26100,0.35,0.25,0.4,0.15,0.15,0.7,2.1365,1.19,2.1055,0.9101948007262431,1.6705845017103922
26101,0.35,0.25,0.4,0.15,0.2,0.65,2.1365,1.19,2.0935,0.9109370136802486,1.6961479159823245
26114,0.35,0.25,0.4,0.2,0.0,0.8,2.1365,1.19,2.1220000000000003,0.9091830397593332,1.6174130057044565
26115,0.35,0.25,0.4,0.2,0.05,0.75,2.1365,1.19,2.1100000000000003,0.90991786251778,1.657118066043168
26116,0.35,0.25,0.4,0.2,0.1,0.7,2.1365,1.19,2.098,0.910658048945996,1.6699346207580115
26117,0.35,0.25,0.4,0.2,0.15,0.65,2.1365,1.19,2.0860000000000003,0.911403657985408,1.6971437493156578
26130,0.35,0.25,0.4,0.25,0.0,0.75,2.1365,1.19,2.1025,0.9103798467577144,1.657118066043168
26131,0.35,0.25,0.4,0.25,0.05,0.7,2.1365,1.19,2.0905,0.9111234153560543,1.6718742040913448
26132,0.35,0.25,0.4,0.25,0.1,0.65,2.1365,1.19,2.0785,0.9118724438431384,1.6964938683632766
26145,0.35,0.25,0.4,0.3,0.0,0.7,2.1365,1.19,2.083,0.9115909145177626,1.6718742040913448
26146,0.35,0.25,0.4,0.3,0.05,0.65,2.1365,1.19,2.071,0.9123433860295608,1.6964938683632766
26250,0.35,0.3,0.35,0.0,0.0,1.0,2.118,1.19,2.2,0.9006746552104754,1.5765636990355156
26251,0.35,0.3,0.35,0.0,0.05,0.95,2.118,1.19,2.188,0.90136228531358,1.5773302899446064
26252,0.35,0.3,0.35,0.0,0.1,0.9,2.118,1.19,2.176,0.9020548183051204,1.5773302899446064
26253,0.35,0.3,0.35,0.0,0.15,0.85,2.118,1.19,2.164,0.9027523068100168,1.5779801708969876
26254,0.35,0.3,0.35,0.0,0.2,0.8,2.118,1.19,2.152,0.9034548042090236,1.5757330237498406
26255,0.35,0.3,0.35,0.0,0.25,0.75,2.118,1.19,2.14,0.904162364652348,1.606513334838619
26256,0.35,0.3,0.35,0.0,0.3,0.7,2.118,1.19,2.128,0.9048750430735628,1.6742106561882937
26270,0.35,0.3,0.35,0.05,0.0,0.95,2.118,1.19,2.1805,0.901794540551958,1.5765636990355156
26271,0.35,0.3,0.35,0.05,0.05,0.9,2.118,1.19,2.1685000000000003,0.9024901645246792,1.5773302899446064
26272,0.35,0.3,0.35,0.05,0.1,0.85,2.118,1.19,2.1565000000000003,0.903190777284296,1.5750831427974594
26273,0.35,0.3,0.35,0.05,0.15,0.8,2.118,1.19,2.1445000000000003,0.9038964326908556,1.5763661189879357
26274,0.35,0.3,0.35,0.05,0.2,0.75,2.118,1.19,2.1325000000000003,0.9046071853825192,1.6185869454197603
26275,0.35,0.3,0.35,0.05,0.25,0.7,2.118,1.19,2.1205,0.9053230907896638,1.6618893844950913
26289,0.35,0.3,0.35,0.1,0.0,0.9,2.118,1.19,2.161,0.902927459473959,1.5743165518883686
26290,0.35,0.3,0.35,0.1,0.05,0.85,2.118,1.19,2.149,0.9036312175271032,1.5750831427974594
26291,0.35,0.3,0.35,0.1,0.1,0.8,2.118,1.19,2.1370000000000005,0.9043400522839674,1.588349015283363
26292,0.35,0.3,0.35,0.1,0.15,0.75,2.118,1.19,2.125,0.9050540188761752,1.6390734086784735
26293,0.35,0.3,0.35,0.1,0.2,0.7,2.118,1.19,2.113,0.9057731732365372,1.6695699968402624
26294,0.35,0.3,0.35,0.1,0.25,0.65,2.118,1.19,2.101,0.9064975721136564,1.695763332648991
26307,0.35,0.3,0.35,0.15,0.0,0.85,2.118,1.19,2.1415,0.9040736408416926,1.5749496471264641
26308,0.35,0.3,0.35,0.15,0.05,0.8,2.118,1.19,2.1295,0.9047856764843684,1.6039317748383723
26309,0.35,0.3,0.35,0.15,0.1,0.75,2.118,1.19,2.1175,0.9055028788255848,1.6508762136186317
26310,0.35,0.3,0.35,0.15,0.15,0.7,2.118,1.19,2.1055,0.9062253043062912,1.6714472289831195
26311,0.35,0.3,0.35,0.15,0.2,0.65,2.118,1.19,2.0935,0.9069530101925216,1.6961479159823245
26324,0.35,0.3,0.35,0.2,0.0,0.8,2.118,1.19,2.1220000000000003,0.9052333189103144,1.6182757329771837
26325,0.35,0.3,0.35,0.2,0.05,0.75,2.118,1.19,2.1100000000000003,0.9059537790474916,1.6579807933158952
26326,0.35,0.3,0.35,0.2,0.1,0.7,2.118,1.19,2.098,0.9066794980177872,1.6707973480307388
26327,0.35,0.3,0.35,0.2,0.15,0.65,2.118,1.19,2.0860000000000003,0.9074105336105756,1.6971437493156578
26340,0.35,0.3,0.35,0.25,0.0,0.75,2.118,1.19,2.1025,0.9064067334845324,1.6579807933158952
26341,0.35,0.3,0.35,0.25,0.05,0.7,2.118,1.19,2.0905,0.9071357685180872,1.672736931364072
26342,0.35,0.3,0.35,0.25,0.1,0.65,2.118,1.19,2.0785,0.9078701567230676,1.6964938683632766
26355,0.35,0.3,0.35,0.3,0.0,0.7,2.118,1.19,2.083,0.9075941300839248,1.672736931364072
26356,0.35,0.3,0.35,0.3,0.05,0.65,2.118,1.19,2.071,0.9083318940173098,1.6964938683632766
26465,0.35,0.35,0.3,0.0,0.25,0.75,2.0995,1.19,2.14,0.9002339936457561,1.6171006073549612
26466,0.35,0.35,0.3,0.0,0.3,0.7,2.0995,1.19,2.128,0.9009324645768924,1.6779166511538475
26484,0.35,0.35,0.3,0.05,0.2,0.75,2.0995,1.19,2.1325000000000003,0.9006699467212848,1.6266766932558314
26485,0.35,0.35,0.3,0.05,0.25,0.7,2.0995,1.19,2.1205,0.901371580307274,1.6670068500488804
26501,0.35,0.35,0.3,0.1,0.1,0.8,2.0995,1.19,2.1370000000000005,0.9004081390131675,1.5979129010504687
26502,0.35,0.35,0.3,0.1,0.15,0.75,2.0995,1.19,2.125,0.9011078724351644,1.6441908742322624
26503,0.35,0.35,0.3,0.1,0.2,0.7,2.0995,1.19,2.113,0.9018126902053684,1.6734299133744441
26504,0.35,0.35,0.3,0.1,0.25,0.65,2.0995,1.19,2.101,0.9025226479410796,1.6996232491831724
26517,0.35,0.35,0.3,0.15,0.0,0.85,2.0995,1.19,2.1415,0.9001470385748603,1.5883564111091943
26518,0.35,0.35,0.3,0.15,0.05,0.8,2.0995,1.19,2.1295,0.90084487954147,1.610523378323196
26519,0.35,0.35,0.3,0.15,0.1,0.75,2.0995,1.19,2.1175,0.9015477842067032,1.655993679172421
26520,0.35,0.35,0.3,0.15,0.15,0.7,2.0995,1.19,2.1055,0.9022558078863396,1.6753071455173012
26521,0.35,0.35,0.3,0.15,0.2,0.65,2.0995,1.19,2.0935,0.9029690067047946,1.6989751298138032
26534,0.35,0.35,0.3,0.2,0.0,0.8,2.0995,1.19,2.1220000000000003,0.9012835980612954,1.6248673364620074
26535,0.35,0.35,0.3,0.2,0.05,0.75,2.0995,1.19,2.1100000000000003,0.9019896955772037,1.6618407098500765
26536,0.35,0.35,0.3,0.2,0.1,0.7,2.0995,1.19,2.098,0.9027009470895782,1.67465726456492
26537,0.35,0.35,0.3,0.2,0.15,0.65,2.0995,1.19,2.0860000000000003,0.9034174092357432,1.6999709631471365
26550,0.35,0.35,0.3,0.25,0.0,0.75,2.0995,1.19,2.1025,0.9024336202113508,1.6618407098500765
26551,0.35,0.35,0.3,0.25,0.05,0.7,2.0995,1.19,2.0905,0.90314812168012,1.675564145195551
26552,0.35,0.35,0.3,0.25,0.1,0.65,2.0995,1.19,2.0785,0.9038678696029968,1.6993210821947553
26565,0.35,0.35,0.3,0.3,0.0,0.7,2.0995,1.19,2.083,0.9035973456500872,1.675564145195551
26566,0.35,0.35,0.3,0.3,0.05,0.65,2.0995,1.19,2.071,0.9043204020050588,1.6993210821947553
27720,0.4,0.0,0.6,0.0,0.0,1.0,2.186,1.19,2.2,0.9148585080484356,1.5538336744856316
27721,0.4,0.0,0.6,0.0,0.05,0.95,2.186,1.19,2.188,0.91559652484013,1.5546002653947224
27722,0.4,0.0,0.6,0.0,0.1,0.9,2.186,1.19,2.176,0.9163398037836364,1.5546002653947224
27723,0.4,0.0,0.6,0.0,0.15,0.85,2.186,1.19,2.164,0.9170884013600124,1.5552501463471033
27724,0.4,0.0,0.6,0.0,0.2,0.8,2.186,1.19,2.152,0.9178423748615328,1.5543097524077094
27725,0.4,0.0,0.6,0.0,0.25,0.75,2.186,1.19,2.14,0.9186017824063076,1.5871018155640186
27726,0.4,0.0,0.6,0.0,0.3,0.7,2.186,1.19,2.128,0.9193666829532144,1.6677143667919843
27740,0.4,0.0,0.6,0.05,0.0,0.95,2.186,1.19,2.1805,0.9160604539537338,1.5538336744856316
27741,0.4,0.0,0.6,0.05,0.05,0.9,2.186,1.19,2.1685000000000003,0.916807050372732,1.5546002653947224
27742,0.4,0.0,0.6,0.05,0.1,0.85,2.186,1.19,2.1565000000000003,0.9175590011362864,1.5546002653947224
27743,0.4,0.0,0.6,0.05,0.15,0.8,2.186,1.19,2.1445000000000003,0.9183163640510852,1.551274320120552
27744,0.4,0.0,0.6,0.05,0.2,0.75,2.186,1.19,2.1325000000000003,0.919079197758948,1.6014884336981674
27745,0.4,0.0,0.6,0.05,0.25,0.7,2.186,1.19,2.1205,0.9198475617519608,1.6515205062416165
27759,0.4,0.0,0.6,0.1,0.0,0.9,2.186,1.19,2.161,0.9172763884863986,1.5538336744856316
27760,0.4,0.0,0.6,0.1,0.05,0.85,2.186,1.19,2.149,0.9180317150175752,1.5536598714553285
27761,0.4,0.0,0.6,0.1,0.1,0.8,2.186,1.19,2.1370000000000005,0.9187924902523128,1.5667473535986167
27762,0.4,0.0,0.6,0.1,0.15,0.75,2.186,1.19,2.125,0.9195587733620532,1.625617379763623
27763,0.4,0.0,0.6,0.1,0.2,0.7,2.186,1.19,2.113,0.9203306243781312,1.6588947964105745
27764,0.4,0.0,0.6,0.1,0.25,0.65,2.186,1.19,2.101,0.9211081042074534,1.689305610333781
27777,0.4,0.0,0.6,0.15,0.0,0.85,2.186,1.19,2.1415,0.9185065572819404,1.5498578482590804
27778,0.4,0.0,0.6,0.15,0.05,0.8,2.186,1.19,2.1295,0.9192707679501568,1.5859725959603688
27779,0.4,0.0,0.6,0.15,0.1,0.75,2.186,1.19,2.1175,0.920040523911204,1.639222738188944
27780,0.4,0.0,0.6,0.15,0.15,0.7,2.186,1.19,2.1055,0.92081588574179,1.6607720285534315
27781,0.4,0.0,0.6,0.15,0.2,0.65,2.186,1.19,2.0935,0.9215969149041664,1.6885130640374848
27782,0.4,0.0,0.6,0.15,0.25,0.6,2.186,1.19,2.0815,0.9223836737623692,1.6958822842419807
27794,0.4,0.0,0.6,0.2,0.0,0.8,2.186,1.19,2.1220000000000003,0.9197512117607628,1.6012483001309261
27795,0.4,0.0,0.6,0.2,0.05,0.75,2.186,1.19,2.1100000000000003,0.9205244642355782,1.646327317886207
27796,0.4,0.0,0.6,0.2,0.1,0.7,2.186,1.19,2.098,0.921303360889042,1.6601221476010508
27797,0.4,0.0,0.6,0.2,0.15,0.65,2.186,1.19,2.0860000000000003,0.9220879637450948,1.689508897370818
27798,0.4,0.0,0.6,0.2,0.2,0.6,2.186,1.19,2.074,0.9228783357397954,1.6941459879456844
27810,0.4,0.0,0.6,0.25,0.0,0.75,2.186,1.19,2.1025,0.9210106092994712,1.646327317886207
27811,0.4,0.0,0.6,0.25,0.05,0.7,2.186,1.19,2.0905,0.921793065003588,1.6620617309343841
27812,0.4,0.0,0.6,0.25,0.1,0.65,2.186,1.19,2.0785,0.9225812661373816,1.6888590164184374
27825,0.4,0.0,0.6,0.3,0.0,0.7,2.186,1.19,2.083,0.9222850134083016,1.6620617309343841
27826,0.4,0.0,0.6,0.3,0.05,0.65,2.186,1.19,2.071,0.9230768376299088,1.6888590164184374
27930,0.4,0.05,0.55,0.0,0.0,1.0,2.1675,1.19,2.2,0.910999665732226,1.5727328540996708
27931,0.4,0.05,0.55,0.0,0.05,0.95,2.1675,1.19,2.188,0.9117239743807009,1.5734994450087618
27932,0.4,0.05,0.55,0.0,0.1,0.9,2.1675,1.19,2.176,0.9124534474402168,1.5734994450087618
27933,0.4,0.05,0.55,0.0,0.15,0.85,2.1675,1.19,2.164,0.9131881403427342,1.5741493259611425
27934,0.4,0.05,0.55,0.0,0.2,0.8,2.1675,1.19,2.152,0.9139281093163648,1.573337906606304
27935,0.4,0.05,0.55,0.0,0.25,0.75,2.1675,1.19,2.14,0.9146734113997156,1.600064850988804
27936,0.4,0.05,0.55,0.0,0.3,0.7,2.1675,1.19,2.128,0.9154241044565444,1.6731323585055844
27950,0.4,0.05,0.55,0.05,0.0,0.95,2.1675,1.19,2.1805,0.912179286337074,1.5727328540996708
27951,0.4,0.05,0.55,0.05,0.05,0.9,2.1675,1.19,2.1685000000000003,0.912912015252306,1.5734994450087618
27952,0.4,0.05,0.55,0.05,0.1,0.85,2.1675,1.19,2.1565000000000003,0.9136499990589064,1.5726880256539228
27953,0.4,0.05,0.55,0.05,0.15,0.8,2.1675,1.19,2.1445000000000003,0.9143932944898464,1.5659871972504738
27954,0.4,0.05,0.55,0.05,0.2,0.75,2.1675,1.19,2.1325000000000003,0.915141959097714,1.6144514691229528
27955,0.4,0.05,0.55,0.05,0.25,0.7,2.1675,1.19,2.1205,0.9158960512695712,1.6597424571827524
27969,0.4,0.05,0.55,0.1,0.0,0.9,2.1675,1.19,2.161,0.9133726357403672,1.571921434744832
27970,0.4,0.05,0.55,0.1,0.05,0.85,2.1675,1.19,2.149,0.914113932612079,1.5726880256539228
27971,0.4,0.05,0.55,0.1,0.1,0.8,2.1675,1.19,2.1370000000000005,0.914860576981513,1.5814602307285381
27972,0.4,0.05,0.55,0.1,0.15,0.75,2.1675,1.19,2.125,0.9156126269210424,1.635749351736505
27973,0.4,0.05,0.55,0.1,0.2,0.7,2.1675,1.19,2.113,0.9163701413469624,1.666245939898294
27974,0.4,0.05,0.55,0.1,0.25,0.65,2.1675,1.19,2.101,0.9171331800348762,1.6957163598821066
27987,0.4,0.05,0.55,0.15,0.0,0.85,2.1675,1.19,2.1415,0.9145799550151082,1.5645707253890018
27988,0.4,0.05,0.55,0.15,0.05,0.8,2.1675,1.19,2.1295,0.9153299710072588,1.5978544096383862
27989,0.4,0.05,0.55,0.15,0.1,0.75,2.1675,1.19,2.1175,0.9160854292923224,1.647552156676663
27990,0.4,0.05,0.55,0.15,0.15,0.7,2.1675,1.19,2.1055,0.916846389321838,1.6681231720411511
27991,0.4,0.05,0.55,0.15,0.2,0.65,2.1675,1.19,2.0935,0.9176129114164394,1.6949238135858105
28004,0.4,0.05,0.55,0.2,0.0,0.8,2.1675,1.19,2.1220000000000003,0.9158014909117436,1.6121983677771974
28005,0.4,0.05,0.55,0.2,0.05,0.75,2.1675,1.19,2.1100000000000003,0.9165603807652898,1.6546567363739266
28006,0.4,0.05,0.55,0.2,0.1,0.7,2.1675,1.19,2.098,0.9173248099608328,1.6674732910887702
28007,0.4,0.05,0.55,0.2,0.15,0.65,2.1675,1.19,2.0860000000000003,0.9180948393702624,1.6949100408585378
28008,0.4,0.05,0.55,0.2,0.2,0.6,2.1675,1.19,2.074,0.9188705307606438,1.699547131433404
28020,0.4,0.05,0.55,0.25,0.0,0.75,2.1675,1.19,2.1025,0.9170374960262891,1.6546567363739266
28021,0.4,0.05,0.55,0.25,0.05,0.7,2.1675,1.19,2.0905,0.9178054181656208,1.6684724804827096
28022,0.4,0.05,0.55,0.25,0.1,0.65,2.1675,1.19,2.0785,0.918578979017311,1.6942601599061566
28035,0.4,0.05,0.55,0.3,0.0,0.7,2.1675,1.19,2.083,0.918288228974464,1.6674628744221036
28036,0.4,0.05,0.55,0.3,0.05,0.65,2.1675,1.19,2.071,0.9190653456176576,1.6942601599061566
28140,0.4,0.1,0.5,0.0,0.0,1.0,2.149,1.19,2.2,0.9071408234160162,1.5727328540996708
28141,0.4,0.1,0.5,0.0,0.05,0.95,2.149,1.19,2.188,0.907851423921272,1.5734994450087618
28142,0.4,0.1,0.5,0.0,0.1,0.9,2.149,1.19,2.176,0.9085670910967968,1.5734994450087618
28143,0.4,0.1,0.5,0.0,0.15,0.85,2.149,1.19,2.164,0.909287879325456,1.5741493259611425
28144,0.4,0.1,0.5,0.0,0.2,0.8,2.149,1.19,2.152,0.9100138437711972,1.5741493259611425
28145,0.4,0.1,0.5,0.0,0.25,0.75,2.149,1.19,2.14,0.9107450403931238,1.6049296370499209
28146,0.4,0.1,0.5,0.0,0.3,0.7,2.149,1.19,2.128,0.9114815259598744,1.6750837622488999
28160,0.4,0.1,0.5,0.05,0.0,0.95,2.149,1.19,2.1805,0.9082981187204144,1.5727328540996708
28161,0.4,0.1,0.5,0.05,0.05,0.9,2.149,1.19,2.1685000000000003,0.90901698013188,1.5734994450087618
28162,0.4,0.1,0.5,0.05,0.1,0.85,2.149,1.19,2.1565000000000003,0.909740996981527,1.5734994450087618
28163,0.4,0.1,0.5,0.05,0.15,0.8,2.149,1.19,2.1445000000000003,0.9104702249286072,1.574782421199238
28164,0.4,0.1,0.5,0.05,0.2,0.75,2.149,1.19,2.1325000000000003,0.9112047204364796,1.6194600514803665
28165,0.4,0.1,0.5,0.05,0.25,0.7,2.149,1.19,2.1205,0.9119445407871816,1.6627624905556972
28179,0.4,0.1,0.5,0.1,0.0,0.9,2.149,1.19,2.161,0.909468882994336,1.5727328540996708
28180,0.4,0.1,0.5,0.1,0.05,0.85,2.149,1.19,2.149,0.9101961502065832,1.5734994450087618
28181,0.4,0.1,0.5,0.1,0.1,0.8,2.149,1.19,2.1370000000000005,0.9109286637107132,1.5892221213439692
28182,0.4,0.1,0.5,0.1,0.15,0.75,2.149,1.19,2.125,0.9116664804800314,1.6399465147390797
28183,0.4,0.1,0.5,0.1,0.2,0.7,2.149,1.19,2.113,0.9124096583157936,1.6704431029008686
28184,0.4,0.1,0.5,0.1,0.25,0.65,2.149,1.19,2.101,0.9131582558622992,1.6974991659823244
28197,0.4,0.1,0.5,0.15,0.0,0.85,2.149,1.19,2.1415,0.910653352748276,1.573365949337766
28198,0.4,0.1,0.5,0.15,0.05,0.8,2.149,1.19,2.1295,0.91138917406436,1.6048048808989785
28199,0.4,0.1,0.5,0.15,0.1,0.75,2.149,1.19,2.1175,0.9121303346734408,1.6517493196792379
28200,0.4,0.1,0.5,0.15,0.15,0.7,2.149,1.19,2.1055,0.9128768929018864,1.6723203350437257
28201,0.4,0.1,0.5,0.15,0.2,0.65,2.149,1.19,2.0935,0.9136289079287124,1.6978837493156578
28214,0.4,0.1,0.5,0.2,0.0,0.8,2.149,1.19,2.1220000000000003,0.9118517700627248,1.61914883903779
28215,0.4,0.1,0.5,0.2,0.05,0.75,2.149,1.19,2.1100000000000003,0.9125962972950016,1.6588538993765014
28216,0.4,0.1,0.5,0.2,0.1,0.7,2.149,1.19,2.098,0.9133462590326238,1.671670454091345
28217,0.4,0.1,0.5,0.2,0.15,0.65,2.149,1.19,2.0860000000000003,0.91410171499543,1.698879582648991
28230,0.4,0.1,0.5,0.25,0.0,0.75,2.149,1.19,2.1025,0.9130643827531076,1.6588538993765014
28231,0.4,0.1,0.5,0.25,0.05,0.7,2.149,1.19,2.0905,0.9138177713276536,1.6736100374246783
28232,0.4,0.1,0.5,0.25,0.1,0.65,2.149,1.19,2.0785,0.91457669189724,1.6952697659667626
28245,0.4,0.1,0.5,0.3,0.0,0.7,2.149,1.19,2.083,0.914291444540626,1.6694128744221035
28246,0.4,0.1,0.5,0.3,0.05,0.65,2.149,1.19,2.071,0.9150538536054066,1.6952697659667626
28350,0.4,0.15,0.45,0.0,0.0,1.0,2.1305,1.19,2.2,0.9032819810998064,1.5751896579489746
28351,0.4,0.15,0.45,0.0,0.05,0.95,2.1305,1.19,2.188,0.9039788734618428,1.5759562488580656
28352,0.4,0.15,0.45,0.0,0.1,0.9,2.1305,1.19,2.176,0.9046807347533768,1.5745405056148223
28353,0.4,0.15,0.45,0.0,0.15,0.85,2.1305,1.19,2.164,0.9053876183081776,1.5751903865672032
28354,0.4,0.15,0.45,0.0,0.2,0.8,2.1305,1.19,2.152,0.906099578226029,1.5751903865672032
28355,0.4,0.15,0.45,0.0,0.25,0.75,2.1305,1.19,2.14,0.906816669386532,1.6059706976559815
28356,0.4,0.15,0.45,0.0,0.3,0.7,2.1305,1.19,2.128,0.9075389474632044,1.6750837622488999
28370,0.4,0.15,0.45,0.05,0.0,0.95,2.1305,1.19,2.1805,0.9044169511037552,1.5737739147057315
28371,0.4,0.15,0.45,0.05,0.05,0.9,2.1305,1.19,2.1685000000000003,0.9051219450114536,1.5745405056148223
28372,0.4,0.15,0.45,0.05,0.1,0.85,2.1305,1.19,2.1565000000000003,0.9058319949041472,1.5745405056148223
28373,0.4,0.15,0.45,0.05,0.15,0.8,2.1305,1.19,2.1445000000000003,0.9065471553673686,1.5758234818052985
28374,0.4,0.15,0.45,0.05,0.2,0.75,2.1305,1.19,2.1325000000000003,0.907267481775245,1.6194600514803665
28375,0.4,0.15,0.45,0.05,0.25,0.7,2.1305,1.19,2.1205,0.9079930303047916,1.6627624905556972
28389,0.4,0.15,0.45,0.1,0.0,0.9,2.1305,1.19,2.161,0.9055651302483044,1.5737739147057315
28390,0.4,0.15,0.45,0.1,0.05,0.85,2.1305,1.19,2.149,0.9062783678010872,1.5745405056148223
28391,0.4,0.15,0.45,0.1,0.1,0.8,2.1305,1.19,2.1370000000000005,0.9069967504399132,1.5892221213439692
28392,0.4,0.15,0.45,0.1,0.15,0.75,2.1305,1.19,2.125,0.9077203340390204,1.6399465147390797
28393,0.4,0.15,0.45,0.1,0.2,0.7,2.1305,1.19,2.113,0.9084491752846242,1.6704431029008686
28394,0.4,0.15,0.45,0.1,0.25,0.65,2.1305,1.19,2.101,0.9091833316897222,1.6974991659823244
28407,0.4,0.15,0.45,0.15,0.0,0.85,2.1305,1.19,2.1415,0.906726750481444,1.5744070099438268
28408,0.4,0.15,0.45,0.15,0.05,0.8,2.1305,1.19,2.1295,0.9074483771214616,1.6048048808989785
28409,0.4,0.15,0.45,0.15,0.1,0.75,2.1305,1.19,2.1175,0.9081752400545589,1.6517493196792379
28410,0.4,0.15,0.45,0.15,0.15,0.7,2.1305,1.19,2.1055,0.9089073964819344,1.6723203350437257
28411,0.4,0.15,0.45,0.15,0.2,0.65,2.1305,1.19,2.0935,0.9096449044409858,1.6978837493156578
28424,0.4,0.15,0.45,0.2,0.0,0.8,2.1305,1.19,2.1220000000000003,0.9079020492137057,1.61914883903779
28425,0.4,0.15,0.45,0.2,0.05,0.75,2.1305,1.19,2.1100000000000003,0.9086322138247134,1.6588538993765014
28426,0.4,0.15,0.45,0.2,0.1,0.7,2.1305,1.19,2.098,0.9093677081044148,1.671670454091345
28427,0.4,0.15,0.45,0.2,0.15,0.65,2.1305,1.19,2.0860000000000003,0.9101085906205972,1.698879582648991
28440,0.4,0.15,0.45,0.25,0.0,0.75,2.1305,1.19,2.1025,0.9090912694799256,1.6588538993765014
28441,0.4,0.15,0.45,0.25,0.05,0.7,2.1305,1.19,2.0905,0.9098301244896866,1.6736100374246783
28442,0.4,0.15,0.45,0.25,0.1,0.65,2.1305,1.19,2.0785,0.9105744047771692,1.6982297016966101
28455,0.4,0.15,0.45,0.3,0.0,0.7,2.1305,1.19,2.083,0.9102946601067882,1.6736100374246783
28456,0.4,0.15,0.45,0.3,0.05,0.65,2.1305,1.19,2.071,0.9110423615931552,1.6982297016966101
28561,0.4,0.2,0.4,0.0,0.05,0.95,2.112,1.19,2.188,0.900106323002414,1.5857988826678417
28562,0.4,0.2,0.4,0.0,0.1,0.9,2.112,1.19,2.176,0.9007943784099572,1.5805402612089743
28563,0.4,0.2,0.4,0.0,0.15,0.85,2.112,1.19,2.164,0.9014873572908996,1.5811901421613552
28564,0.4,0.2,0.4,0.0,0.2,0.8,2.112,1.19,2.152,0.9021853126808612,1.5811901421613552
28565,0.4,0.2,0.4,0.0,0.25,0.75,2.112,1.19,2.14,0.90288829837994,1.608249168171952
28566,0.4,0.2,0.4,0.0,0.3,0.7,2.112,1.19,2.128,0.9035963689665344,1.6773622327648703
28580,0.4,0.2,0.4,0.05,0.0,0.95,2.112,1.19,2.1805,0.9005357834870955,1.5797736702998832
28581,0.4,0.2,0.4,0.05,0.05,0.9,2.112,1.19,2.1685000000000003,0.9012269098910276,1.5805402612089743
28582,0.4,0.2,0.4,0.05,0.1,0.85,2.112,1.19,2.1565000000000003,0.9019229928267676,1.5805402612089743
28583,0.4,0.2,0.4,0.05,0.15,0.8,2.112,1.19,2.1445000000000003,0.9026240858061298,1.5818232373994505
28584,0.4,0.2,0.4,0.05,0.2,0.75,2.112,1.19,2.1325000000000003,0.9033302431140108,1.6217385219963367
28585,0.4,0.2,0.4,0.05,0.25,0.7,2.112,1.19,2.1205,0.9040415198224022,1.6650409610716679
28599,0.4,0.2,0.4,0.1,0.0,0.9,2.112,1.19,2.161,0.9016613775022732,1.5797736702998832
28600,0.4,0.2,0.4,0.1,0.05,0.85,2.112,1.19,2.149,0.9023605853955912,1.5805402612089743
28601,0.4,0.2,0.4,0.1,0.1,0.8,2.112,1.19,2.1370000000000005,0.9030648371691132,1.592974729790974
28602,0.4,0.2,0.4,0.1,0.15,0.75,2.112,1.19,2.125,0.9037741875980096,1.64222498525505
28603,0.4,0.2,0.4,0.1,0.2,0.7,2.112,1.19,2.113,0.9044886922534552,1.671305830173596
28604,0.4,0.2,0.4,0.1,0.25,0.65,2.112,1.19,2.101,0.9052084075171452,1.6974991659823244
28617,0.4,0.2,0.4,0.15,0.0,0.85,2.112,1.19,2.1415,0.902800148214612,1.5781596183908317
28618,0.4,0.2,0.4,0.15,0.05,0.8,2.112,1.19,2.1295,0.9035075801785634,1.6085574893459833
28619,0.4,0.2,0.4,0.15,0.1,0.75,2.112,1.19,2.1175,0.9042201454356772,1.6540277901952083
28620,0.4,0.2,0.4,0.15,0.15,0.7,2.112,1.19,2.1055,0.9049379000619828,1.673183062316453
28621,0.4,0.2,0.4,0.15,0.2,0.65,2.112,1.19,2.0935,0.905660900953259,1.6978837493156578
28634,0.4,0.2,0.4,0.2,0.0,0.8,2.112,1.19,2.1220000000000003,0.9039523283646864,1.6229014474847947
28635,0.4,0.2,0.4,0.2,0.05,0.75,2.112,1.19,2.1100000000000003,0.9046681303544252,1.6597166266492287
28636,0.4,0.2,0.4,0.2,0.1,0.7,2.112,1.19,2.098,0.905389157176206,1.6725331813640718
28637,0.4,0.2,0.4,0.2,0.15,0.65,2.112,1.19,2.0860000000000003,0.906115466245765,1.698879582648991
28650,0.4,0.2,0.4,0.25,0.0,0.75,2.112,1.19,2.1025,0.905118156206744,1.6597166266492287
28651,0.4,0.2,0.4,0.25,0.05,0.7,2.112,1.19,2.0905,0.9058424776517195,1.6744727646974054
28652,0.4,0.2,0.4,0.25,0.1,0.65,2.112,1.19,2.0785,0.9065721176570988,1.6982297016966101
28665,0.4,0.2,0.4,0.3,0.0,0.7,2.112,1.19,2.083,0.9062978756729504,1.6744727646974054
28666,0.4,0.2,0.4,0.3,0.05,0.65,2.112,1.19,2.071,0.907030869580904,1.6982297016966101
28795,0.4,0.25,0.35,0.05,0.25,0.7,2.0935,1.19,2.1205,0.9000900093400126,1.67534389002786
28813,0.4,0.25,0.35,0.1,0.2,0.7,2.0935,1.19,2.113,0.9005282092222864,1.6778599402561645
28829,0.4,0.25,0.35,0.15,0.1,0.75,2.0935,1.19,2.1175,0.9002650508167956,1.6616765631969985
28830,0.4,0.25,0.35,0.15,0.15,0.7,2.0935,1.19,2.1055,0.9009684036420308,1.6797371723990215
28844,0.4,0.25,0.35,0.2,0.0,0.8,2.0935,1.19,2.1220000000000003,0.9000026075156676,1.6345497299763403
28845,0.4,0.25,0.35,0.2,0.05,0.75,2.0935,1.19,2.1100000000000003,0.900704046884137,1.666270736731797
28846,0.4,0.25,0.35,0.2,0.1,0.7,2.0935,1.19,2.098,0.9014106062479968,1.6790872914466406
28860,0.4,0.25,0.35,0.25,0.0,0.75,2.0935,1.19,2.1025,0.901145042933562,1.666270736731797
28861,0.4,0.25,0.35,0.25,0.05,0.7,2.0935,1.19,2.0905,0.9018548308137524,1.681026874779974
28875,0.4,0.25,0.35,0.3,0.0,0.7,2.0935,1.19,2.083,0.9023010912391128,1.681026874779974
30240,0.45,0.0,0.55,0.0,0.0,1.0,2.143,1.19,2.2,0.9058893069891372,1.5727328540996708
30241,0.45,0.0,0.55,0.0,0.05,0.95,2.143,1.19,2.188,0.9065954616101056,1.5734994450087618
30242,0.45,0.0,0.55,0.0,0.1,0.9,2.143,1.19,2.176,0.9073066512016336,1.5734994450087618
30243,0.45,0.0,0.55,0.0,0.15,0.85,2.143,1.19,2.164,0.9080229298063388,1.5741493259611425
30244,0.45,0.0,0.55,0.0,0.2,0.8,2.143,1.19,2.152,0.9087443522430344,1.5741493259611425
30245,0.45,0.0,0.55,0.0,0.25,0.75,2.143,1.19,2.14,0.9094709741207154,1.6049296370499209
30246,0.45,0.0,0.55,0.0,0.3,0.7,2.143,1.19,2.128,0.9102028518528464,1.6750837622488999
30260,0.45,0.0,0.55,0.05,0.0,0.95,2.143,1.19,2.1805,0.907039361655552,1.5727328540996708
30261,0.45,0.0,0.55,0.05,0.05,0.9,2.143,1.19,2.1685000000000003,0.9077537254982284,1.5734994450087618
30262,0.45,0.0,0.55,0.05,0.1,0.85,2.143,1.19,2.1565000000000003,0.9084732125239984,1.5734994450087618
30263,0.45,0.0,0.55,0.05,0.15,0.8,2.143,1.19,2.1445000000000003,0.9091978780438812,1.574782421199238
30264,0.45,0.0,0.55,0.05,0.2,0.75,2.143,1.19,2.1325000000000003,0.909927778167971,1.6194600514803665
30265,0.45,0.0,0.55,0.05,0.25,0.7,2.143,1.19,2.1205,0.91066296981992,1.6627624905556972
30279,0.45,0.0,0.55,0.1,0.0,0.9,2.143,1.19,2.161,0.90820280102265,1.5727328540996708
30280,0.45,0.0,0.55,0.1,0.05,0.85,2.143,1.19,2.149,0.9089255180750708,1.5734994450087618
30281,0.45,0.0,0.55,0.1,0.1,0.8,2.143,1.19,2.1370000000000005,0.9096534485958592,1.5892221213439692
30282,0.45,0.0,0.55,0.1,0.15,0.75,2.143,1.19,2.125,0.9103866492018656,1.6399465147390797
30283,0.45,0.0,0.55,0.1,0.2,0.7,2.143,1.19,2.113,0.9111251773327116,1.6704431029008686
30284,0.45,0.0,0.55,0.1,0.25,0.65,2.143,1.19,2.101,0.9118690912657876,1.6974991659823244
30297,0.45,0.0,0.55,0.15,0.0,0.85,2.143,1.19,2.1415,0.9093798601211952,1.573365949337766
30298,0.45,0.0,0.55,0.15,0.05,0.8,2.143,1.19,2.1295,0.9101110777585552,1.6048048808989785
30299,0.45,0.0,0.55,0.15,0.1,0.75,2.143,1.19,2.1175,0.9108476012835331,1.6517493196792379
30300,0.45,0.0,0.55,0.15,0.15,0.7,2.143,1.19,2.1055,0.9115894886575776,1.6723203350437257
30301,0.45,0.0,0.55,0.15,0.2,0.65,2.143,1.19,2.0935,0.9123367986894496,1.6978837493156578
30314,0.45,0.0,0.55,0.2,0.0,0.8,2.143,1.19,2.1220000000000003,0.9105707795170968,1.61914883903779
30315,0.45,0.0,0.55,0.2,0.05,0.75,2.143,1.19,2.1100000000000003,0.9113106486019352,1.6588538993765014
30316,0.45,0.0,0.55,0.2,0.1,0.7,2.143,1.19,2.098,0.9120559181910424,1.671670454091345
30317,0.45,0.0,0.55,0.2,0.15,0.65,2.143,1.19,2.0860000000000003,0.9128066476306196,1.698879582648991
30330,0.45,0.0,0.55,0.25,0.0,0.75,2.143,1.19,2.1025,0.9117758054753188,1.6588538993765014
30331,0.45,0.0,0.55,0.25,0.05,0.7,2.143,1.19,2.0905,0.912524480461286,1.6736100374246783
30332,0.45,0.0,0.55,0.25,0.1,0.65,2.143,1.19,2.0785,0.9132786528312712,1.6982297016966101
30345,0.45,0.0,0.55,0.3,0.0,0.7,2.143,1.19,2.083,0.9129951901296516,1.6736100374246783
30346,0.45,0.0,0.55,0.3,0.05,0.65,2.143,1.19,2.071,0.9137528291690008,1.6982297016966101
30450,0.45,0.05,0.5,0.0,0.0,1.0,2.1245,1.19,2.2,0.9020304646729276,1.5782995323688491
30451,0.45,0.05,0.5,0.0,0.05,0.95,2.1245,1.19,2.188,0.9027229111506768,1.57906612327794
30452,0.45,0.05,0.5,0.0,0.1,0.9,2.1245,1.19,2.176,0.9034202948582136,1.576818976130793
30453,0.45,0.05,0.5,0.0,0.15,0.85,2.1245,1.19,2.164,0.9041226687890604,1.5774688570831736
30454,0.45,0.05,0.5,0.0,0.2,0.8,2.1245,1.19,2.152,0.9048300866978668,1.5760531138399303
30455,0.45,0.05,0.5,0.0,0.25,0.75,2.1245,1.19,2.14,0.9055426031141236,1.6068334249287088
30456,0.45,0.05,0.5,0.0,0.3,0.7,2.1245,1.19,2.128,0.9062602733561764,1.6759464895216272
30470,0.45,0.05,0.5,0.05,0.0,0.95,2.1245,1.19,2.1805,0.9031581940388924,1.5760523852217019
30471,0.45,0.05,0.5,0.05,0.05,0.9,2.1245,1.19,2.1685000000000003,0.903858690377802,1.576818976130793
30472,0.45,0.05,0.5,0.05,0.1,0.85,2.1245,1.19,2.1565000000000003,0.9045642104466188,1.5754032328875496
30473,0.45,0.05,0.5,0.05,0.15,0.8,2.1245,1.19,2.1445000000000003,0.9052748084826424,1.5766862090780258
30474,0.45,0.05,0.5,0.05,0.2,0.75,2.1245,1.19,2.1325000000000003,0.9059905395067364,1.6203227787530934
30475,0.45,0.05,0.5,0.05,0.25,0.7,2.1245,1.19,2.1205,0.9067114593375302,1.6636252178284245
30489,0.45,0.05,0.5,0.1,0.0,0.9,2.1245,1.19,2.161,0.9042990482766188,1.5760523852217019
30490,0.45,0.05,0.5,0.1,0.05,0.85,2.1245,1.19,2.149,0.9050077356695748,1.5754032328875496
30491,0.45,0.05,0.5,0.1,0.1,0.8,2.1245,1.19,2.1370000000000005,0.9057215353250592,1.5900848486166965
30492,0.45,0.05,0.5,0.1,0.15,0.75,2.1245,1.19,2.125,0.9064405027608546,1.6408092420118066
30493,0.45,0.05,0.5,0.1,0.2,0.7,2.1245,1.19,2.113,0.9071646943015426,1.671305830173596
30494,0.45,0.05,0.5,0.1,0.25,0.65,2.1245,1.19,2.101,0.9078941670932108,1.6974991659823244
30507,0.45,0.05,0.5,0.15,0.0,0.85,2.1245,1.19,2.1415,0.9054532578543634,1.575269737216554
30508,0.45,0.05,0.5,0.15,0.05,0.8,2.1245,1.19,2.1295,0.9061702808156568,1.6056676081717058
30509,0.45,0.05,0.5,0.15,0.1,0.75,2.1245,1.19,2.1175,0.9068925066646512,1.6526120469519652
30510,0.45,0.05,0.5,0.15,0.15,0.7,2.1245,1.19,2.1055,0.907619992237626,1.673183062316453
30511,0.45,0.05,0.5,0.15,0.2,0.65,2.1245,1.19,2.0935,0.908352795201723,1.6978837493156578
30524,0.45,0.05,0.5,0.2,0.0,0.8,2.1245,1.19,2.1220000000000003,0.906621058668078,1.6200115663105172
30525,0.45,0.05,0.5,0.2,0.05,0.75,2.1245,1.19,2.1100000000000003,0.907346565131647,1.6597166266492287
30526,0.45,0.05,0.5,0.2,0.1,0.7,2.1245,1.19,2.098,0.9080773672628336,1.6725331813640718
30527,0.45,0.05,0.5,0.2,0.15,0.65,2.1245,1.19,2.0860000000000003,0.9088135232557868,1.698879582648991
30540,0.45,0.05,0.5,0.25,0.0,0.75,2.1245,1.19,2.1025,0.907802692202137,1.6597166266492287
30541,0.45,0.05,0.5,0.25,0.05,0.7,2.1245,1.19,2.0905,0.9085368336233188,1.6744727646974054
30542,0.45,0.05,0.5,0.25,0.1,0.65,2.1245,1.19,2.0785,0.9092763657112004,1.6982297016966101
30555,0.45,0.05,0.5,0.3,0.0,0.7,2.1245,1.19,2.083,0.9089984056958136,1.6744727646974054
30556,0.45,0.05,0.5,0.3,0.05,0.65,2.1245,1.19,2.071,0.9097413371567494,1.6982297016966101
30663,0.45,0.1,0.45,0.0,0.15,0.85,2.106,1.19,2.164,0.9002224077717822,1.5908756210659039
30664,0.45,0.1,0.45,0.0,0.2,0.8,2.106,1.19,2.152,0.9009158211526986,1.5856169996070364
30665,0.45,0.1,0.45,0.0,0.25,0.75,2.106,1.19,2.14,0.9016142321075318,1.6149231727647801
30666,0.45,0.1,0.45,0.0,0.3,0.7,2.106,1.19,2.128,0.9023176948595064,1.679652484487181
30682,0.45,0.1,0.45,0.05,0.1,0.85,2.106,1.19,2.1565000000000003,0.9006552083692391,1.5849671186546552
30683,0.45,0.1,0.45,0.05,0.15,0.8,2.106,1.19,2.1445000000000003,0.9013517389214036,1.5862500948451315
30684,0.45,0.1,0.45,0.05,0.2,0.75,2.106,1.19,2.1325000000000003,0.9020533008455024,1.628412526589165
30685,0.45,0.1,0.45,0.05,0.25,0.7,2.106,1.19,2.1205,0.9027599488551408,1.6687426833822139
30699,0.45,0.1,0.45,0.1,0.0,0.9,2.106,1.19,2.161,0.9003952955305873,1.5842005277455644
30700,0.45,0.1,0.45,0.1,0.05,0.85,2.106,1.19,2.149,0.9010899532640788,1.5849671186546552
30701,0.45,0.1,0.45,0.1,0.1,0.8,2.106,1.19,2.1370000000000005,0.9017896220542592,1.5996487343838022
30702,0.45,0.1,0.45,0.1,0.15,0.75,2.106,1.19,2.125,0.9024943563198438,1.645926707565596
30703,0.45,0.1,0.45,0.1,0.2,0.7,2.106,1.19,2.113,0.9032042112703734,1.6741330440050746
30717,0.45,0.1,0.45,0.15,0.0,0.85,2.106,1.19,2.1415,0.9015266555875312,1.58483362298366
30718,0.45,0.1,0.45,0.15,0.05,0.8,2.106,1.19,2.1295,0.9022294838727584,1.6122592116565295
30719,0.45,0.1,0.45,0.15,0.1,0.75,2.106,1.19,2.1175,0.9029374120457696,1.6566968098030517
30720,0.45,0.1,0.45,0.15,0.15,0.7,2.106,1.19,2.1055,0.903650495817674,1.6760102761479316
30721,0.45,0.1,0.45,0.15,0.2,0.65,2.106,1.19,2.0935,0.9043687917139962,1.6992952199038933
30734,0.45,0.1,0.45,0.2,0.0,0.8,2.106,1.19,2.1220000000000003,0.9026713378190588,1.6266031697953407
30735,0.45,0.1,0.45,0.2,0.05,0.75,2.106,1.19,2.1100000000000003,0.9033824816613588,1.6625438404807074
30736,0.45,0.1,0.45,0.2,0.1,0.7,2.106,1.19,2.098,0.9040988163346244,1.6753603951955507
30750,0.45,0.1,0.45,0.25,0.0,0.75,2.106,1.19,2.1025,0.9038295789289552,1.6625438404807074
30751,0.45,0.1,0.45,0.25,0.05,0.7,2.106,1.19,2.0905,0.9045491867853518,1.6758842352856407
30752,0.45,0.1,0.45,0.25,0.1,0.65,2.106,1.19,2.0785,0.9052740785911298,1.6996411722848455
30765,0.45,0.1,0.45,0.3,0.0,0.7,2.106,1.19,2.083,0.905001621261976,1.6758842352856407
30766,0.45,0.1,0.45,0.3,0.05,0.65,2.106,1.19,2.071,0.9057298451444982,1.6996411722848455
30946,0.45,0.15,0.4,0.2,0.1,0.7,2.0875,1.19,2.098,0.9001202654064155,1.6834124474010428
30961,0.45,0.15,0.4,0.25,0.05,0.7,2.0875,1.19,2.0905,0.9005615399473846,1.682697874779974
30975,0.45,0.15,0.4,0.3,0.0,0.7,2.0875,1.19,2.083,0.9010048368281384,1.682697874779974
32555,0.5,0.0,0.5,0.0,0.25,0.75,2.1,1.19,2.14,0.9003401658351236,1.616464561653669
32556,0.5,0.0,0.5,0.0,0.3,0.7,2.1,1.19,2.128,0.9010390207524782,1.6811938733760698
32573,0.5,0.0,0.5,0.05,0.15,0.8,2.1,1.19,2.1445000000000003,0.9000793920366774,1.593050105192888
32574,0.5,0.0,0.5,0.05,0.2,0.75,2.1,1.19,2.1325000000000003,0.900776358576994,1.6299539154780538
32575,0.5,0.0,0.5,0.05,0.25,0.7,2.1,1.19,2.1205,0.901478377887879,1.6687426833822139
32591,0.5,0.0,0.5,0.1,0.1,0.8,2.1,1.19,2.1370000000000005,0.9005144069394052,1.601190123272691
32592,0.5,0.0,0.5,0.1,0.15,0.75,2.1,1.19,2.125,0.901214525041678,1.6474680964544848
32593,0.5,0.0,0.5,0.1,0.2,0.7,2.1,1.19,2.113,0.9019197302872916,1.6751657467077772
32607,0.5,0.0,0.5,0.15,0.0,0.85,2.1,1.19,2.1415,0.9002531629604505,1.5863750118725488
32608,0.5,0.0,0.5,0.15,0.05,0.8,2.1,1.19,2.1295,0.9009513875669536,1.6138006005454184
32609,0.5,0.0,0.5,0.15,0.1,0.75,2.1,1.19,2.1175,0.901654678655862,1.6577295125057543
32610,0.5,0.0,0.5,0.15,0.15,0.7,2.1,1.19,2.1055,0.9023630915733653,1.6770429788506342
32624,0.5,0.0,0.5,0.2,0.0,0.8,2.1,1.19,2.1220000000000003,0.9013903472734308,1.6266031697953407
32625,0.5,0.0,0.5,0.2,0.05,0.75,2.1,1.19,2.1100000000000003,0.9020968329682922,1.66357654318341
32626,0.5,0.0,0.5,0.2,0.1,0.7,2.1,1.19,2.098,0.9028084754930432,1.6753603951955507
32640,0.5,0.0,0.5,0.25,0.0,0.75,2.1,1.19,2.1025,0.9025410016511664,1.66357654318341
32641,0.5,0.0,0.5,0.25,0.05,0.7,2.1,1.19,2.0905,0.903255895918984,1.677299978528884
32655,0.5,0.0,0.5,0.3,0.0,0.7,2.1,1.19,2.083,0.9037053668510014,1.677299978528884
32656,0.5,0.0,0.5,0.3,0.05,0.65,2.1,1.19,2.071,0.9044288207080924,1.6996411722848455
